ISO-10303-21;
HEADER;
FILE_DESCRIPTION (( 'STEP AP214' ),
    '1' );
FILE_NAME ('SM02B-ZESS.STEP',
    '2023-06-19T01:28:46',
    ( '' ),
    ( '' ),
    'SwSTEP 2.0',
    'SolidWorks 2017',
    '' );
FILE_SCHEMA (( 'AUTOMOTIVE_DESIGN' ));
ENDSEC;

DATA;
#1 = ADVANCED_FACE ( 'NONE', ( #187 ), #1592, .F. ) ;
#2 = DIRECTION ( 'NONE',  ( -1.000000000000000000, -3.491483361109382100E-015, -6.982966722218776000E-015 ) ) ;
#3 = DIRECTION ( 'NONE',  ( -3.491483361109406500E-015, 1.000000000000000000, 3.491483361109357600E-015 ) ) ;
#4 = ORIENTED_EDGE ( 'NONE', *, *, #2925, .F. ) ;
#5 =( NAMED_UNIT ( * ) SI_UNIT ( $, .STERADIAN. ) SOLID_ANGLE_UNIT ( ) );
#6 = DIRECTION ( 'NONE',  ( -3.491483361109405700E-015, 1.000000000000000000, 3.369022725727119900E-015 ) ) ;
#7 = EDGE_CURVE ( 'NONE', #770, #782, #2089, .T. ) ;
#8 = LINE ( 'NONE', #1598, #1327 ) ;
#9 = CARTESIAN_POINT ( 'NONE',  ( 1.900000000000024800, 4.130000000000025700, -1.849999999999973200 ) ) ;
#10 = VECTOR ( 'NONE', #1957, 1000.000000000000000 ) ;
#11 = ORIENTED_EDGE ( 'NONE', *, *, #626, .F. ) ;
#12 = VERTEX_POINT ( 'NONE', #1128 ) ;
#13 = EDGE_LOOP ( 'NONE', ( #578, #1989, #2064, #242, #2253, #1025, #1761, #3098, #463, #2421, #2501, #608 ) ) ;
#14 = CARTESIAN_POINT ( 'NONE',  ( 2.900000000000041200, 3.250000000000036400, -3.849999999999969900 ) ) ;
#15 = VECTOR ( 'NONE', #1012, 1000.000000000000000 ) ;
#16 = EDGE_LOOP ( 'NONE', ( #2069, #1457, #1530, #1526, #3105, #2131, #1917, #218 ) ) ;
#17 = EDGE_CURVE ( 'NONE', #714, #2435, #2650, .T. ) ;
#18 = DIRECTION ( 'NONE',  ( 3.491483361109406500E-015, -1.000000000000000000, -3.491483361109357600E-015 ) ) ;
#19 = VERTEX_POINT ( 'NONE', #1161 ) ;
#20 = LINE ( 'NONE', #244, #1184 ) ;
#21 = AXIS2_PLACEMENT_3D ( 'NONE', #2378, #2620, #1149 ) ;
#22 = PRESENTATION_STYLE_ASSIGNMENT (( #2422 ) ) ;
#23 = PLANE ( 'NONE',  #841 ) ;
#24 = VECTOR ( 'NONE', #903, 1000.000000000000000 ) ;
#25 = VERTEX_POINT ( 'NONE', #657 ) ;
#26 = VECTOR ( 'NONE', #2146, 1000.000000000000000 ) ;
#27 = FILL_AREA_STYLE ('',( #977 ) ) ;
#28 = VECTOR ( 'NONE', #2258, 1000.000000000000000 ) ;
#29 = LINE ( 'NONE', #9, #1271 ) ;
#30 = DIRECTION ( 'NONE',  ( 1.000000000000000000, 3.608694406783490500E-015, 6.982966722218776800E-015 ) ) ;
#31 = VECTOR ( 'NONE', #3075, 1000.000000000000000 ) ;
#32 = CARTESIAN_POINT ( 'NONE',  ( 0.6000000000000502700, -0.09999999999997315200, -3.349999999999996100 ) ) ;
#33 = ORIENTED_EDGE ( 'NONE', *, *, #2769, .T. ) ;
#34 = ORIENTED_EDGE ( 'NONE', *, *, #3114, .F. ) ;
#35 = ORIENTED_EDGE ( 'NONE', *, *, #1406, .F. ) ;
#36 = CARTESIAN_POINT ( 'NONE',  ( -1.049999999999975400, 5.300000000000018500, -2.449999999999989500 ) ) ;
#37 = AXIS2_PLACEMENT_3D ( 'NONE', #407, #845, #565 ) ;
#38 = ADVANCED_FACE ( 'NONE', ( #1350 ), #534, .F. ) ;
#39 = DIRECTION ( 'NONE',  ( 6.982966722218764900E-015, 3.337968009253027300E-015, -1.000000000000000000 ) ) ;
#40 = AXIS2_PLACEMENT_3D ( 'NONE', #1464, #1232, #1224 ) ;
#41 = CARTESIAN_POINT ( 'NONE',  ( 2.349999999999999600, 8.376430788142179100E-015, 3.750000000000016400 ) ) ;
#42 = CARTESIAN_POINT ( 'NONE',  ( 1.349999999999994300, 3.700000000000008600, 2.750000000000021300 ) ) ;
#43 = ORIENTED_EDGE ( 'NONE', *, *, #1451, .T. ) ;
#44 = AXIS2_PLACEMENT_3D ( 'NONE', #177, #927, #2167 ) ;
#45 = ORIENTED_EDGE ( 'NONE', *, *, #1622, .F. ) ;
#46 = CARTESIAN_POINT ( 'NONE',  ( 2.900000000000030600, 5.600000000000035200, -3.449999999999961100 ) ) ;
#47 = LINE ( 'NONE', #3126, #2512 ) ;
#48 = EDGE_LOOP ( 'NONE', ( #2299, #130, #1329, #2437 ) ) ;
#49 = ORIENTED_EDGE ( 'NONE', *, *, #7, .T. ) ;
#50 = LINE ( 'NONE', #418, #1458 ) ;
#51 = EDGE_CURVE ( 'NONE', #2282, #19, #108, .T. ) ;
#52 = PRESENTATION_STYLE_ASSIGNMENT (( #755 ) ) ;
#53 = ORIENTED_EDGE ( 'NONE', *, *, #1699, .T. ) ;
#54 = ORIENTED_EDGE ( 'NONE', *, *, #1992, .F. ) ;
#55 = LINE ( 'NONE', #689, #1378 ) ;
#56 = CARTESIAN_POINT ( 'NONE',  ( 3.300000000000032200, 0.3500000000000275700, -0.9999999999999756900 ) ) ;
#57 = DIRECTION ( 'NONE',  ( 1.000000000000000000, 3.491483361109382100E-015, 6.982966722218776000E-015 ) ) ;
#58 = EDGE_CURVE ( 'NONE', #110, #370, #690, .T. ) ;
#59 = VERTEX_POINT ( 'NONE', #2520 ) ;
#60 = VECTOR ( 'NONE', #1449, 1000.000000000000000 ) ;
#61 = AXIS2_PLACEMENT_3D ( 'NONE', #2096, #1095, #2311 ) ;
#62 = LINE ( 'NONE', #2638, #1968 ) ;
#63 = SURFACE_STYLE_USAGE ( .BOTH. , #1557 ) ;
#64 = VECTOR ( 'NONE', #2954, 1000.000000000000000 ) ;
#65 = VECTOR ( 'NONE', #1718, 1000.000000000000000 ) ;
#66 = SURFACE_STYLE_FILL_AREA ( #853 ) ;
#67 = CARTESIAN_POINT ( 'NONE',  ( 1.350000000000006300, 3.330000000000014700, 1.250000000000020700 ) ) ;
#68 = LINE ( 'NONE', #826, #2609 ) ;
#69 = UNCERTAINTY_MEASURE_WITH_UNIT (LENGTH_MEASURE( 1.000000000000000100E-005 ), #397, 'distance_accuracy_value', 'NONE');
#70 = PRESENTATION_STYLE_ASSIGNMENT (( #617 ) ) ;
#71 = ORIENTED_EDGE ( 'NONE', *, *, #1798, .F. ) ;
#72 = DIRECTION ( 'NONE',  ( 1.000000000000000000, 3.491483361109382100E-015, 6.982966722218776000E-015 ) ) ;
#73 = EDGE_LOOP ( 'NONE', ( #255, #1881, #1299, #1272 ) ) ;
#74 = EDGE_CURVE ( 'NONE', #2794, #1452, #1274, .T. ) ;
#75 = ORIENTED_EDGE ( 'NONE', *, *, #2847, .F. ) ;
#76 = CARTESIAN_POINT ( 'NONE',  ( 0.9000000000000595300, 0.4000000000000334400, -4.949999999999991300 ) ) ;
#77 = STYLED_ITEM ( 'NONE', ( #1879 ), #1105 ) ;
#78 = CARTESIAN_POINT ( 'NONE',  ( -3.299999999999969200, 5.600000000000013900, -3.450000000000004200 ) ) ;
#79 = CARTESIAN_POINT ( 'NONE',  ( 1.350000000000022500, 4.780000000000023300, -1.849999999999975000 ) ) ;
#80 = EDGE_CURVE ( 'NONE', #2665, #1292, #1937, .T. ) ;
#81 =( GEOMETRIC_REPRESENTATION_CONTEXT ( 3 ) GLOBAL_UNCERTAINTY_ASSIGNED_CONTEXT ( ( #2193 ) ) GLOBAL_UNIT_ASSIGNED_CONTEXT ( ( #1803, #788, #1554 ) ) REPRESENTATION_CONTEXT ( 'NONE', 'WORKASPACE' ) );
#82 =( NAMED_UNIT ( * ) SI_UNIT ( $, .STERADIAN. ) SOLID_ANGLE_UNIT ( ) );
#83 = ORIENTED_EDGE ( 'NONE', *, *, #1969, .F. ) ;
#84 = VERTEX_POINT ( 'NONE', #1348 ) ;
#85 = SURFACE_SIDE_STYLE ('',( #2229 ) ) ;
#86 = VECTOR ( 'NONE', #1604, 1000.000000000000000 ) ;
#87 = ORIENTED_EDGE ( 'NONE', *, *, #2973, .T. ) ;
#88 = ORIENTED_EDGE ( 'NONE', *, *, #1666, .T. ) ;
#89 = LINE ( 'NONE', #2944, #254 ) ;
#90 = CARTESIAN_POINT ( 'NONE',  ( 1.849999999999999600, 2.150000000000010600, 2.750000000000020400 ) ) ;
#91 = EDGE_LOOP ( 'NONE', ( #771, #124, #1723, #1643 ) ) ;
#92 = CARTESIAN_POINT ( 'NONE',  ( -1.899999999999975300, 4.130000000000012300, -1.849999999999999200 ) ) ;
#93 = STYLED_ITEM ( 'NONE', ( #2718 ), #117 ) ;
#94 = CARTESIAN_POINT ( 'NONE',  ( 2.350000000000031600, 5.800000000000032700, -3.749999999999964500 ) ) ;
#95 = LINE ( 'NONE', #974, #2640 ) ;
#96 = VECTOR ( 'NONE', #2597, 1000.000000000000000 ) ;
#97 = CARTESIAN_POINT ( 'NONE',  ( -3.299999999999986100, -0.1000000000000052200, 1.799999999999976500 ) ) ;
#98 = VECTOR ( 'NONE', #1381, 1000.000000000000000 ) ;
#99 =( NAMED_UNIT ( * ) SI_UNIT ( $, .STERADIAN. ) SOLID_ANGLE_UNIT ( ) );
#100 = STYLED_ITEM ( 'NONE', ( #338 ), #1588 ) ;
#101 = LINE ( 'NONE', #2373, #686 ) ;
#102 = ADVANCED_FACE ( 'NONE', ( #2499 ), #831, .F. ) ;
#103 = CARTESIAN_POINT ( 'NONE',  ( -0.8999999999999474000, 2.212533541795514000E-014, -3.750000000000005800 ) ) ;
#104 = VECTOR ( 'NONE', #1867, 1000.000000000000000 ) ;
#105 = CARTESIAN_POINT ( 'NONE',  ( 3.749999999999998700, 0.3500000000000131300, 3.750000000000027100 ) ) ;
#106 = UNCERTAINTY_MEASURE_WITH_UNIT (LENGTH_MEASURE( 1.000000000000000100E-005 ), #2170, 'distance_accuracy_value', 'NONE');
#107 = VECTOR ( 'NONE', #2010, 1000.000000000000000 ) ;
#108 = LINE ( 'NONE', #821, #1439 ) ;
#109 = DIRECTION ( 'NONE',  ( -1.000000000000000000, -3.491483361109382100E-015, -6.982966722218776000E-015 ) ) ;
#110 = VERTEX_POINT ( 'NONE', #1087 ) ;
#111 = DIRECTION ( 'NONE',  ( -1.000000000000000000, -3.491483361109382100E-015, -6.982966722218776000E-015 ) ) ;
#112 = EDGE_CURVE ( 'NONE', #770, #3140, #1856, .T. ) ;
#113 =( LENGTH_UNIT ( ) NAMED_UNIT ( * ) SI_UNIT ( .MILLI., .METRE. ) );
#114 = ORIENTED_EDGE ( 'NONE', *, *, #7, .F. ) ;
#115 = CARTESIAN_POINT ( 'NONE',  ( 3.300000000000041600, 3.250000000000038200, -3.849999999999966300 ) ) ;
#116 = CARTESIAN_POINT ( 'NONE',  ( 2.900000000000033200, -0.09999999999997377700, -0.9999999999999800200 ) ) ;
#117 = ADVANCED_FACE ( 'NONE', ( #1196 ), #2760, .F. ) ;
#118 = EDGE_CURVE ( 'NONE', #2981, #2841, #2833, .T. ) ;
#119 = DIRECTION ( 'NONE',  ( -1.000000000000000000, -3.491483361109382100E-015, -6.982966722218776000E-015 ) ) ;
#120 = EDGE_CURVE ( 'NONE', #1493, #1796, #1625, .T. ) ;
#121 = ORIENTED_EDGE ( 'NONE', *, *, #1216, .F. ) ;
#122 = DIRECTION ( 'NONE',  ( -6.982966722218764900E-015, -3.369022725727144300E-015, 1.000000000000000000 ) ) ;
#123 = DIRECTION ( 'NONE',  ( 6.982966722218764900E-015, 3.355958089548694000E-015, -1.000000000000000000 ) ) ;
#124 = ORIENTED_EDGE ( 'NONE', *, *, #344, .F. ) ;
#125 = VECTOR ( 'NONE', #128, 1000.000000000000000 ) ;
#126 = ORIENTED_EDGE ( 'NONE', *, *, #1216, .T. ) ;
#127 = ORIENTED_EDGE ( 'NONE', *, *, #1613, .T. ) ;
#128 = DIRECTION ( 'NONE',  ( -6.982966722218764900E-015, -3.369022725727144300E-015, 1.000000000000000000 ) ) ;
#129 = VECTOR ( 'NONE', #435, 1000.000000000000000 ) ;
#130 = ORIENTED_EDGE ( 'NONE', *, *, #820, .T. ) ;
#131 = CARTESIAN_POINT ( 'NONE',  ( -0.5999999999999405800, 0.4000000000000282200, -4.950000000000001100 ) ) ;
#132 = ORIENTED_EDGE ( 'NONE', *, *, #2906, .T. ) ;
#133 = EDGE_CURVE ( 'NONE', #696, #2661, #305, .T. ) ;
#134 = EDGE_LOOP ( 'NONE', ( #1602, #1022, #434, #2466 ) ) ;
#135 =( NAMED_UNIT ( * ) PLANE_ANGLE_UNIT ( ) SI_UNIT ( $, .RADIAN. ) );
#136 = LINE ( 'NONE', #1193, #1302 ) ;
#137 = MECHANICAL_DESIGN_GEOMETRIC_PRESENTATION_REPRESENTATION (  '', ( #2829 ), #307 ) ;
#138 = DIRECTION ( 'NONE',  ( -6.982966722218764900E-015, -3.369022725727144300E-015, 1.000000000000000000 ) ) ;
#139 = LINE ( 'NONE', #1444, #719 ) ;
#140 = ORIENTED_EDGE ( 'NONE', *, *, #1678, .T. ) ;
#141 = CARTESIAN_POINT ( 'NONE',  ( 1.050000000000024900, 5.300000000000025600, -2.449999999999975800 ) ) ;
#142 = LINE ( 'NONE', #774, #2122 ) ;
#143 = FACE_OUTER_BOUND ( 'NONE', #2321, .T. ) ;
#144 = CARTESIAN_POINT ( 'NONE',  ( 2.350000000000029400, 5.800000000000031800, -3.449999999999964200 ) ) ;
#145 = LINE ( 'NONE', #2966, #2679 ) ;
#146 = AXIS2_PLACEMENT_3D ( 'NONE', #2767, #2738, #2727 ) ;
#147 = VECTOR ( 'NONE', #6, 1000.000000000000000 ) ;
#148 = DIRECTION ( 'NONE',  ( 1.000000000000000000, 3.375318842628792200E-015, 6.982966722218776000E-015 ) ) ;
#149 = CARTESIAN_POINT ( 'NONE',  ( -3.300000000000006000, 5.599999999999996100, 1.799999999999995800 ) ) ;
#150 = VECTOR ( 'NONE', #2337, 1000.000000000000000 ) ;
#151 = CARTESIAN_POINT ( 'NONE',  ( 2.900000000000041200, 2.500000000000033800, -3.449999999999972200 ) ) ;
#152 = CARTESIAN_POINT ( 'NONE',  ( 2.499999999999999100, 2.150000000000012800, 2.750000000000024900 ) ) ;
#153 = COLOUR_RGB ( '',0.7529411764705882200, 0.7529411764705882200, 0.7529411764705882200 ) ;
#154 = DIRECTION ( 'NONE',  ( 3.375318842628815900E-015, -1.000000000000000000, -3.369022725727120700E-015 ) ) ;
#155 = ORIENTED_EDGE ( 'NONE', *, *, #1279, .F. ) ;
#156 = CARTESIAN_POINT ( 'NONE',  ( -2.500000000000012900, 5.799999999999994500, 2.750000000000001800 ) ) ;
#157 = VERTEX_POINT ( 'NONE', #1140 ) ;
#158 = PRESENTATION_STYLE_ASSIGNMENT (( #63 ) ) ;
#159 = DIRECTION ( 'NONE',  ( -1.000000000000000000, -3.375318842628792200E-015, -6.982966722218776000E-015 ) ) ;
#160 = EDGE_CURVE ( 'NONE', #2928, #3084, #2129, .T. ) ;
#161 =( NAMED_UNIT ( * ) SI_UNIT ( $, .STERADIAN. ) SOLID_ANGLE_UNIT ( ) );
#162 = EDGE_CURVE ( 'NONE', #2091, #1096, #899, .T. ) ;
#163 = CARTESIAN_POINT ( 'NONE',  ( 0.6000000000000493800, 2.601495136932834600E-014, -3.349999999999994300 ) ) ;
#164 = ORIENTED_EDGE ( 'NONE', *, *, #1117, .F. ) ;
#165 = AXIS2_PLACEMENT_3D ( 'NONE', #540, #498, #2317 ) ;
#166 = DIRECTION ( 'NONE',  ( -6.982966722218764900E-015, -3.491483361109382500E-015, 1.000000000000000000 ) ) ;
#167 = CARTESIAN_POINT ( 'NONE',  ( -0.8999999999999404000, 0.4000000000000271700, -4.950000000000004600 ) ) ;
#168 = UNCERTAINTY_MEASURE_WITH_UNIT (LENGTH_MEASURE( 1.000000000000000100E-005 ), #296, 'distance_accuracy_value', 'NONE');
#169 = ORIENTED_EDGE ( 'NONE', *, *, #981, .T. ) ;
#170 = ADVANCED_FACE ( 'NONE', ( #816 ), #880, .F. ) ;
#171 = DIRECTION ( 'NONE',  ( -3.491483361109405700E-015, 1.000000000000000000, 3.375835129377570300E-015 ) ) ;
#172 = EDGE_LOOP ( 'NONE', ( #1354, #43, #1773, #1939 ) ) ;
#173 = LINE ( 'NONE', #1483, #2706 ) ;
#174 = CARTESIAN_POINT ( 'NONE',  ( -2.349999999999961000, 1.066453511871373800E-014, -1.800000000000016900 ) ) ;
#175 = ORIENTED_EDGE ( 'NONE', *, *, #1747, .F. ) ;
#176 = PRESENTATION_STYLE_ASSIGNMENT (( #1401 ) ) ;
#177 = CARTESIAN_POINT ( 'NONE',  ( -1.049999999999975400, 5.300000000000018500, -2.449999999999989500 ) ) ;
#178 = CARTESIAN_POINT ( 'NONE',  ( -2.899999999999986100, -0.1000000000000038200, 1.799999999999979400 ) ) ;
#179 = EDGE_CURVE ( 'NONE', #891, #157, #3081, .T. ) ;
#180 = ORIENTED_EDGE ( 'NONE', *, *, #1782, .T. ) ;
#181 = FACE_OUTER_BOUND ( 'NONE', #1943, .T. ) ;
#182 = SURFACE_STYLE_FILL_AREA ( #2152 ) ;
#183 = LINE ( 'NONE', #1119, #2712 ) ;
#184 = VECTOR ( 'NONE', #3041, 1000.000000000000000 ) ;
#185 = ADVANCED_FACE ( 'NONE', ( #2456 ), #929, .T. ) ;
#186 = EDGE_CURVE ( 'NONE', #2911, #424, #936, .T. ) ;
#187 = FACE_OUTER_BOUND ( 'NONE', #247, .T. ) ;
#188 =( LENGTH_UNIT ( ) NAMED_UNIT ( * ) SI_UNIT ( .MILLI., .METRE. ) );
#189 =( NAMED_UNIT ( * ) SI_UNIT ( $, .STERADIAN. ) SOLID_ANGLE_UNIT ( ) );
#190 = CARTESIAN_POINT ( 'NONE',  ( 3.300000000000033600, 5.600000000000037800, -3.849999999999957500 ) ) ;
#191 =( NAMED_UNIT ( * ) PLANE_ANGLE_UNIT ( ) SI_UNIT ( $, .RADIAN. ) );
#192 = ORIENTED_EDGE ( 'NONE', *, *, #544, .T. ) ;
#193 = VERTEX_POINT ( 'NONE', #3050 ) ;
#194 = DIRECTION ( 'NONE',  ( -3.491483361109405700E-015, 1.000000000000000000, 3.377356816637199500E-015 ) ) ;
#195 = FILL_AREA_STYLE_COLOUR ( '', #2958 ) ;
#196 = DIRECTION ( 'NONE',  ( 6.982966722218764900E-015, 3.369022725727144300E-015, -1.000000000000000000 ) ) ;
#197 = DIRECTION ( 'NONE',  ( -3.491483361109406100E-015, 1.000000000000000000, 3.377356816637199900E-015 ) ) ;
#198 = DIRECTION ( 'NONE',  ( 3.491483361109405700E-015, -1.000000000000000000, -3.369022725727119900E-015 ) ) ;
#199 = STYLED_ITEM ( 'NONE', ( #1107 ), #819 ) ;
#200 = VERTEX_POINT ( 'NONE', #376 ) ;
#201 = DIRECTION ( 'NONE',  ( -6.982966722218764900E-015, -3.375835129377594800E-015, 1.000000000000000000 ) ) ;
#202 = ORIENTED_EDGE ( 'NONE', *, *, #2161, .F. ) ;
#203 = VECTOR ( 'NONE', #1213, 1000.000000000000000 ) ;
#204 = STYLED_ITEM ( 'NONE', ( #1781 ), #349 ) ;
#205 = ORIENTED_EDGE ( 'NONE', *, *, #1948, .T. ) ;
#206 = DIRECTION ( 'NONE',  ( 6.982966722218764900E-015, 3.337968009253027300E-015, -1.000000000000000000 ) ) ;
#207 = ORIENTED_EDGE ( 'NONE', *, *, #1747, .T. ) ;
#208 = UNCERTAINTY_MEASURE_WITH_UNIT (LENGTH_MEASURE( 1.000000000000000100E-005 ), #2032, 'distance_accuracy_value', 'NONE');
#209 = CARTESIAN_POINT ( 'NONE',  ( 3.300000000000041600, 2.500000000000035500, -3.449999999999968600 ) ) ;
#210 = FILL_AREA_STYLE_COLOUR ( '', #2514 ) ;
#211 = VECTOR ( 'NONE', #1182, 1000.000000000000000 ) ;
#212 = STYLED_ITEM ( 'NONE', ( #2527 ), #1864 ) ;
#213 = VERTEX_POINT ( 'NONE', #314 ) ;
#214 = SURFACE_STYLE_USAGE ( .BOTH. , #3032 ) ;
#215 = ORIENTED_EDGE ( 'NONE', *, *, #2526, .T. ) ;
#216 = PRESENTATION_LAYER_ASSIGNMENT (  '', '', ( #517 ) ) ;
#217 = CARTESIAN_POINT ( 'NONE',  ( 2.450000000000027300, 3.400000000000027400, -1.849999999999970600 ) ) ;
#218 = ORIENTED_EDGE ( 'NONE', *, *, #2871, .T. ) ;
#219 = CARTESIAN_POINT ( 'NONE',  ( -2.899999999999986100, -0.1000000000000038200, 1.799999999999979400 ) ) ;
#220 = FILL_AREA_STYLE_COLOUR ( '', #681 ) ;
#221 = LINE ( 'NONE', #1965, #2674 ) ;
#222 = VECTOR ( 'NONE', #1431, 1000.000000000000000 ) ;
#223 =( NAMED_UNIT ( * ) PLANE_ANGLE_UNIT ( ) SI_UNIT ( $, .RADIAN. ) );
#224 = EDGE_CURVE ( 'NONE', #19, #1191, #1586, .T. ) ;
#225 = VECTOR ( 'NONE', #1306, 1000.000000000000000 ) ;
#226 = LINE ( 'NONE', #2924, #2123 ) ;
#227 = LINE ( 'NONE', #1760, #1474 ) ;
#228 = LINE ( 'NONE', #42, #727 ) ;
#229 = SURFACE_SIDE_STYLE ('',( #2444 ) ) ;
#230 = VECTOR ( 'NONE', #1567, 1000.000000000000000 ) ;
#231 = EDGE_CURVE ( 'NONE', #698, #2859, #264, .T. ) ;
#232 = EDGE_LOOP ( 'NONE', ( #1652, #2372, #1801, #2191 ) ) ;
#233 = PRESENTATION_LAYER_ASSIGNMENT (  '', '', ( #3061 ) ) ;
#234 = CARTESIAN_POINT ( 'NONE',  ( 0.9000000000000497600, 2.701341212350826700E-014, -3.349999999999992500 ) ) ;
#235 = ORIENTED_EDGE ( 'NONE', *, *, #2618, .F. ) ;
#236 =( NAMED_UNIT ( * ) SI_UNIT ( $, .STERADIAN. ) SOLID_ANGLE_UNIT ( ) );
#237 = DIRECTION ( 'NONE',  ( 1.000000000000000000, 3.491483361109382100E-015, 6.982966722218776000E-015 ) ) ;
#238 = CARTESIAN_POINT ( 'NONE',  ( -2.899999999999968800, 5.600000000000015600, -3.450000000000000600 ) ) ;
#239 = DIRECTION ( 'NONE',  ( -6.982966722218765700E-015, -3.369022725727144700E-015, 1.000000000000000000 ) ) ;
#240 = CARTESIAN_POINT ( 'NONE',  ( 1.049999999999997600, 5.800000000000011400, 1.250000000000026600 ) ) ;
#241 = EDGE_CURVE ( 'NONE', #536, #2669, #2872, .T. ) ;
#242 = ORIENTED_EDGE ( 'NONE', *, *, #304, .F. ) ;
#243 = AXIS2_PLACEMENT_3D ( 'NONE', #2692, #2476, #2698 ) ;
#244 = CARTESIAN_POINT ( 'NONE',  ( -0.8999999999999386300, -0.09999999999997304100, -4.950000000000006400 ) ) ;
#245 = VERTEX_POINT ( 'NONE', #2469 ) ;
#246 = COLOUR_RGB ( '',0.7529411764705882200, 0.7529411764705882200, 0.7529411764705882200 ) ;
#247 = EDGE_LOOP ( 'NONE', ( #1410, #1566, #1251, #3066 ) ) ;
#248 = EDGE_CURVE ( 'NONE', #1395, #25, #2084, .T. ) ;
#249 = FILL_AREA_STYLE_COLOUR ( '', #2186 ) ;
#250 = LINE ( 'NONE', #2505, #2893 ) ;
#251 = ORIENTED_EDGE ( 'NONE', *, *, #468, .F. ) ;
#252 =( LENGTH_UNIT ( ) NAMED_UNIT ( * ) SI_UNIT ( .MILLI., .METRE. ) );
#253 = ORIENTED_EDGE ( 'NONE', *, *, #1338, .T. ) ;
#254 = VECTOR ( 'NONE', #2, 1000.000000000000000 ) ;
#255 = ORIENTED_EDGE ( 'NONE', *, *, #2968, .F. ) ;
#256 = COLOUR_RGB ( '',0.7529411764705882200, 0.7529411764705882200, 0.7529411764705882200 ) ;
#257 = CARTESIAN_POINT ( 'NONE',  ( 0.6000000000000613700, -0.09999999999996779500, -4.949999999999995700 ) ) ;
#258 = VECTOR ( 'NONE', #907, 1000.000000000000000 ) ;
#259 = AXIS2_PLACEMENT_3D ( 'NONE', #501, #753, #2464 ) ;
#260 = LINE ( 'NONE', #829, #2232 ) ;
#261 = VECTOR ( 'NONE', #119, 1000.000000000000000 ) ;
#262 = SURFACE_STYLE_USAGE ( .BOTH. , #461 ) ;
#263 = CARTESIAN_POINT ( 'NONE',  ( 3.300000000000033600, -0.09999999999997238900, -0.9999999999999765700 ) ) ;
#264 = LINE ( 'NONE', #2994, #1512 ) ;
#265 = DIRECTION ( 'NONE',  ( -3.491483361109527600E-015, 1.000000000000000000, 2.083871812087757900E-014 ) ) ;
#266 =( NAMED_UNIT ( * ) PLANE_ANGLE_UNIT ( ) SI_UNIT ( $, .RADIAN. ) );
#267 = AXIS2_PLACEMENT_3D ( 'NONE', #2989, #2823, #2770 ) ;
#268 = ORIENTED_EDGE ( 'NONE', *, *, #2593, .T. ) ;
#269 = CARTESIAN_POINT ( 'NONE',  ( -3.749999999999967600, 0.3500000000000028600, -1.000000000000025100 ) ) ;
#270 = AXIS2_PLACEMENT_3D ( 'NONE', #3055, #607, #431 ) ;
#271 = ORIENTED_EDGE ( 'NONE', *, *, #1820, .T. ) ;
#272 = DIRECTION ( 'NONE',  ( -6.982966722218764900E-015, -3.369022725727144300E-015, 1.000000000000000000 ) ) ;
#273 = CARTESIAN_POINT ( 'NONE',  ( 2.499999999999999100, 2.150000000000012800, 2.750000000000024900 ) ) ;
#274 = DIRECTION ( 'NONE',  ( 6.982966722218703400E-015, 2.083871812087760100E-014, -1.000000000000000000 ) ) ;
#275 = CARTESIAN_POINT ( 'NONE',  ( 3.749999999999979600, 5.800000000000012300, 3.750000000000045300 ) ) ;
#276 = CARTESIAN_POINT ( 'NONE',  ( -1.349999999999972600, 3.330000000000014700, -1.849999999999998300 ) ) ;
#277 = ORIENTED_EDGE ( 'NONE', *, *, #1558, .F. ) ;
#278 = EDGE_CURVE ( 'NONE', #1176, #2406, #2716, .T. ) ;
#279 = DIRECTION ( 'NONE',  ( 3.491483361109405700E-015, -1.000000000000000000, -3.369022725727119900E-015 ) ) ;
#280 = VECTOR ( 'NONE', #1926, 1000.000000000000000 ) ;
#281 = ORIENTED_EDGE ( 'NONE', *, *, #1121, .F. ) ;
#282 = CARTESIAN_POINT ( 'NONE',  ( -1.850000000000007200, 2.149999999999994100, 3.749999999999994200 ) ) ;
#283 = ORIENTED_EDGE ( 'NONE', *, *, #2429, .F. ) ;
#284 = CARTESIAN_POINT ( 'NONE',  ( -0.8999999999999404000, 0.4000000000000271700, -4.950000000000004600 ) ) ;
#285 = VERTEX_POINT ( 'NONE', #1560 ) ;
#286 = DIRECTION ( 'NONE',  ( 3.341938233870025700E-015, -1.000000000000000000, -3.369022725727121100E-015 ) ) ;
#287 = PLANE ( 'NONE',  #573 ) ;
#288 = EDGE_CURVE ( 'NONE', #495, #1810, #2645, .T. ) ;
#289 = UNCERTAINTY_MEASURE_WITH_UNIT (LENGTH_MEASURE( 1.000000000000000100E-005 ), #896, 'distance_accuracy_value', 'NONE');
#290 = FACE_OUTER_BOUND ( 'NONE', #2178, .T. ) ;
#291 = EDGE_CURVE ( 'NONE', #1496, #193, #858, .T. ) ;
#292 = ORIENTED_EDGE ( 'NONE', *, *, #288, .T. ) ;
#293 = COLOUR_RGB ( '',0.7529411764705882200, 0.7529411764705882200, 0.7529411764705882200 ) ;
#294 = VECTOR ( 'NONE', #405, 1000.000000000000000 ) ;
#295 = CARTESIAN_POINT ( 'NONE',  ( 0.6000000000000498300, 2.596596711517545500E-014, -3.349999999999994300 ) ) ;
#296 =( LENGTH_UNIT ( ) NAMED_UNIT ( * ) SI_UNIT ( .MILLI., .METRE. ) );
#297 = LINE ( 'NONE', #1288, #2826 ) ;
#298 = LINE ( 'NONE', #234, #2974 ) ;
#299 = CARTESIAN_POINT ( 'NONE',  ( -1.849999999999985700, 1.150000000000002100, 1.149999999999990800 ) ) ;
#300 = DIRECTION ( 'NONE',  ( 3.491483361109406500E-015, -1.000000000000000000, -3.496323549379382400E-015 ) ) ;
#301 = VECTOR ( 'NONE', #1791, 1000.000000000000000 ) ;
#302 = VECTOR ( 'NONE', #1776, 1000.000000000000000 ) ;
#303 = FILL_AREA_STYLE_COLOUR ( '', #1487 ) ;
#304 = EDGE_CURVE ( 'NONE', #1245, #1796, #765, .T. ) ;
#305 = LINE ( 'NONE', #2741, #230 ) ;
#306 = ORIENTED_EDGE ( 'NONE', *, *, #2074, .F. ) ;
#307 =( GEOMETRIC_REPRESENTATION_CONTEXT ( 3 ) GLOBAL_UNCERTAINTY_ASSIGNED_CONTEXT ( ( #1523 ) ) GLOBAL_UNIT_ASSIGNED_CONTEXT ( ( #1862, #1852, #1836 ) ) REPRESENTATION_CONTEXT ( 'NONE', 'WORKASPACE' ) );
#308 = UNCERTAINTY_MEASURE_WITH_UNIT (LENGTH_MEASURE( 1.000000000000000100E-005 ), #2396, 'distance_accuracy_value', 'NONE');
#309 = ORIENTED_EDGE ( 'NONE', *, *, #1850, .F. ) ;
#310 = DIRECTION ( 'NONE',  ( 6.982966722218764100E-015, 3.491483361109382100E-015, -1.000000000000000000 ) ) ;
#311 = PRESENTATION_LAYER_ASSIGNMENT (  '', '', ( #3138 ) ) ;
#312 =( NAMED_UNIT ( * ) PLANE_ANGLE_UNIT ( ) SI_UNIT ( $, .RADIAN. ) );
#313 = STYLED_ITEM ( 'NONE', ( #885 ), #2045 ) ;
#314 = CARTESIAN_POINT ( 'NONE',  ( -3.299999999999967800, 0.3500000000000046400, -1.000000000000022600 ) ) ;
#315 = STYLED_ITEM ( 'NONE', ( #961 ), #2803 ) ;
#316 = CARTESIAN_POINT ( 'NONE',  ( 0.9000000000000493200, 2.706239637766116100E-014, -3.349999999999992500 ) ) ;
#317 = PLANE ( 'NONE',  #930 ) ;
#318 = ADVANCED_FACE ( 'NONE', ( #2569 ), #514, .F. ) ;
#319 = ORIENTED_EDGE ( 'NONE', *, *, #1020, .T. ) ;
#320 = PRESENTATION_STYLE_ASSIGNMENT (( #1990 ) ) ;
#321 = EDGE_CURVE ( 'NONE', #2859, #2587, #1933, .T. ) ;
#322 = FACE_OUTER_BOUND ( 'NONE', #2030, .T. ) ;
#323 = VERTEX_POINT ( 'NONE', #1772 ) ;
#324 = VERTEX_POINT ( 'NONE', #105 ) ;
#325 = VERTEX_POINT ( 'NONE', #67 ) ;
#326 = ORIENTED_EDGE ( 'NONE', *, *, #1720, .T. ) ;
#327 = EDGE_CURVE ( 'NONE', #2908, #547, #687, .T. ) ;
#328 = DIRECTION ( 'NONE',  ( 3.491483361109527600E-015, -1.000000000000000000, -2.083871812087757600E-014 ) ) ;
#329 = DIRECTION ( 'NONE',  ( -3.491483361109405700E-015, 1.000000000000000000, 3.369022725727119900E-015 ) ) ;
#330 = CARTESIAN_POINT ( 'NONE',  ( -0.5999999999999499100, -0.09999999999997735700, -3.350000000000005000 ) ) ;
#332 = EDGE_LOOP ( 'NONE', ( #2188, #2915, #1203, #2016, #1230, #1819 ) ) ;
#331 = PRESENTATION_STYLE_ASSIGNMENT (( #1883 ) ) ;
#333 = LINE ( 'NONE', #533, #1576 ) ;
#334 = VERTEX_POINT ( 'NONE', #76 ) ;
#335 = LINE ( 'NONE', #2243, #850 ) ;
#336 = VECTOR ( 'NONE', #1849, 1000.000000000000000 ) ;
#337 = CARTESIAN_POINT ( 'NONE',  ( -1.349999999999977900, 4.780000000000014500, -1.849999999999994100 ) ) ;
#338 = PRESENTATION_STYLE_ASSIGNMENT (( #3052 ) ) ;
#339 = DIRECTION ( 'NONE',  ( -1.000000000000000000, -3.491483361109382100E-015, -6.982966722218776000E-015 ) ) ;
#340 = DIRECTION ( 'NONE',  ( 6.982966722218764900E-015, 3.369022725727144300E-015, -1.000000000000000000 ) ) ;
#341 = FILL_AREA_STYLE_COLOUR ( '', #256 ) ;
#342 = SURFACE_STYLE_FILL_AREA ( #2870 ) ;
#343 = DIRECTION ( 'NONE',  ( 1.000000000000000000, 3.491483361109382100E-015, 6.982966722218776000E-015 ) ) ;
#344 = EDGE_CURVE ( 'NONE', #2530, #157, #2495, .T. ) ;
#345 = PLANE ( 'NONE',  #1482 ) ;
#346 = EDGE_CURVE ( 'NONE', #59, #2985, #1854, .T. ) ;
#347 = VERTEX_POINT ( 'NONE', #90 ) ;
#348 = CARTESIAN_POINT ( 'NONE',  ( -2.500000000000000000, 2.149999999999995000, 2.749999999999989300 ) ) ;
#349 = ADVANCED_FACE ( 'NONE', ( #2420 ), #859, .F. ) ;
#350 = DIRECTION ( 'NONE',  ( 6.982966722218764900E-015, 3.377356816637223900E-015, -1.000000000000000000 ) ) ;
#351 = CARTESIAN_POINT ( 'NONE',  ( 1.349999999999995400, 3.330000000000009000, 2.750000000000020000 ) ) ;
#352 = EDGE_CURVE ( 'NONE', #2616, #3158, #2201, .T. ) ;
#353 = DIRECTION ( 'NONE',  ( -6.982966722218764900E-015, -3.369022725727144300E-015, 1.000000000000000000 ) ) ;
#354 = AXIS2_PLACEMENT_3D ( 'NONE', #2387, #1413, #3093 ) ;
#355 = EDGE_LOOP ( 'NONE', ( #292, #2052, #2222, #2138 ) ) ;
#356 = CARTESIAN_POINT ( 'NONE',  ( -2.349999999999967700, 5.800000000000016700, -3.749999999999997300 ) ) ;
#357 = LINE ( 'NONE', #190, #280 ) ;
#358 = ORIENTED_EDGE ( 'NONE', *, *, #3058, .F. ) ;
#359 = CARTESIAN_POINT ( 'NONE',  ( -1.049999999999970100, 3.800000000000018000, -2.449999999999994800 ) ) ;
#360 = ORIENTED_EDGE ( 'NONE', *, *, #3022, .F. ) ;
#361 = ORIENTED_EDGE ( 'NONE', *, *, #2704, .T. ) ;
#362 = ADVANCED_FACE ( 'NONE', ( #1549 ), #2547, .T. ) ;
#363 = ORIENTED_EDGE ( 'NONE', *, *, #807, .T. ) ;
#364 = AXIS2_PLACEMENT_3D ( 'NONE', #1462, #1202, #194 ) ;
#365 = DIRECTION ( 'NONE',  ( -1.000000000000000000, -3.491483361109382100E-015, -6.982966722218776000E-015 ) ) ;
#366 = ORIENTED_EDGE ( 'NONE', *, *, #1639, .T. ) ;
#367 = ORIENTED_EDGE ( 'NONE', *, *, #1451, .F. ) ;
#368 = VECTOR ( 'NONE', #1052, 1000.000000000000000 ) ;
#369 = DIRECTION ( 'NONE',  ( -6.982966722218764900E-015, -3.369022725727144300E-015, 1.000000000000000000 ) ) ;
#370 = VERTEX_POINT ( 'NONE', #2765 ) ;
#371 = AXIS2_PLACEMENT_3D ( 'NONE', #348, #279, #272 ) ;
#372 = DIRECTION ( 'NONE',  ( 3.491483361109405700E-015, -1.000000000000000000, -3.377356816637199500E-015 ) ) ;
#373 = LINE ( 'NONE', #1167, #2900 ) ;
#374 = PRESENTATION_STYLE_ASSIGNMENT (( #1676 ) ) ;
#375 = CARTESIAN_POINT ( 'NONE',  ( -2.349999999999961000, 1.066453511871373800E-014, -1.800000000000016900 ) ) ;
#376 = CARTESIAN_POINT ( 'NONE',  ( 1.350000000000027600, 3.330000000000024500, -1.849999999999979200 ) ) ;
#377 = AXIS2_PLACEMENT_3D ( 'NONE', #1478, #745, #736 ) ;
#378 = CARTESIAN_POINT ( 'NONE',  ( 2.900000000000039000, 3.250000000000035100, -3.449999999999969500 ) ) ;
#379 = VECTOR ( 'NONE', #1328, 1000.000000000000000 ) ;
#380 = FACE_OUTER_BOUND ( 'NONE', #2027, .T. ) ;
#381 = ADVANCED_FACE ( 'NONE', ( #892 ), #391, .F. ) ;
#382 = MECHANICAL_DESIGN_GEOMETRIC_PRESENTATION_REPRESENTATION (  '', ( #517 ), #541 ) ;
#383 = DIRECTION ( 'NONE',  ( -6.982966722218764900E-015, -3.369022725727144300E-015, 1.000000000000000000 ) ) ;
#384 = ORIENTED_EDGE ( 'NONE', *, *, #2484, .T. ) ;
#385 = CARTESIAN_POINT ( 'NONE',  ( 2.349999999999998300, 0.3500000000000083600, 3.750000000000017800 ) ) ;
#386 = EDGE_CURVE ( 'NONE', #843, #883, #2828, .T. ) ;
#387 = CARTESIAN_POINT ( 'NONE',  ( 2.350000000000037400, 0.3500000000000270100, -1.799999999999982900 ) ) ;
#388 = CARTESIAN_POINT ( 'NONE',  ( 1.900000000000022100, 4.780000000000025100, -1.849999999999971400 ) ) ;
#389 = ORIENTED_EDGE ( 'NONE', *, *, #2497, .F. ) ;
#390 = LINE ( 'NONE', #2979, #2913 ) ;
#391 = PLANE ( 'NONE',  #2034 ) ;
#392 = CARTESIAN_POINT ( 'NONE',  ( 2.450000000000027300, 3.400000000000027400, -1.849999999999970600 ) ) ;
#393 = EDGE_CURVE ( 'NONE', #1395, #2148, #227, .T. ) ;
#394 = MECHANICAL_DESIGN_GEOMETRIC_PRESENTATION_REPRESENTATION (  '', ( #3061 ), #551 ) ;
#395 = ORIENTED_EDGE ( 'NONE', *, *, #742, .F. ) ;
#396 = SURFACE_STYLE_USAGE ( .BOTH. , #616 ) ;
#397 =( LENGTH_UNIT ( ) NAMED_UNIT ( * ) SI_UNIT ( .MILLI., .METRE. ) );
#398 = ORIENTED_EDGE ( 'NONE', *, *, #2806, .T. ) ;
#399 = DIRECTION ( 'NONE',  ( 3.491483361109406500E-015, -1.000000000000000000, -3.491483361109357600E-015 ) ) ;
#400 = CARTESIAN_POINT ( 'NONE',  ( 3.300000000000033600, 5.600000000000037800, -3.849999999999957500 ) ) ;
#401 = ORIENTED_EDGE ( 'NONE', *, *, #112, .F. ) ;
#402 = FACE_OUTER_BOUND ( 'NONE', #516, .T. ) ;
#403 = AXIS2_PLACEMENT_3D ( 'NONE', #2950, #1513, #18 ) ;
#404 = VECTOR ( 'NONE', #2482, 1000.000000000000000 ) ;
#405 = DIRECTION ( 'NONE',  ( -1.000000000000000000, -3.491483361109382100E-015, -6.982966722218776000E-015 ) ) ;
#406 = UNCERTAINTY_MEASURE_WITH_UNIT (LENGTH_MEASURE( 1.000000000000000100E-005 ), #1417, 'distance_accuracy_value', 'NONE');
#407 = CARTESIAN_POINT ( 'NONE',  ( -2.900000000000005700, 5.599999999999995200, 1.799999999999998700 ) ) ;
#408 = EDGE_CURVE ( 'NONE', #2352, #2426, #2125, .T. ) ;
#409 = ORIENTED_EDGE ( 'NONE', *, *, #2801, .T. ) ;
#411 = ORIENTED_EDGE ( 'NONE', *, *, #2161, .T. ) ;
#410 = LINE ( 'NONE', #1131, #2075 ) ;
#412 = PRESENTATION_LAYER_ASSIGNMENT (  '', '', ( #77 ) ) ;
#413 = LINE ( 'NONE', #2509, #2938 ) ;
#414 = PRESENTATION_STYLE_ASSIGNMENT (( #1383 ) ) ;
#415 = ADVANCED_FACE ( 'NONE', ( #2680 ), #2239, .F. ) ;
#416 = LINE ( 'NONE', #3034, #1662 ) ;
#417 = EDGE_CURVE ( 'NONE', #2111, #2616, #1390, .T. ) ;
#418 = CARTESIAN_POINT ( 'NONE',  ( -2.899999999999962200, 0.3500000000000086400, -1.800000000000019400 ) ) ;
#419 =( LENGTH_UNIT ( ) NAMED_UNIT ( * ) SI_UNIT ( .MILLI., .METRE. ) );
#420 = LINE ( 'NONE', #1653, #1006 ) ;
#421 = CARTESIAN_POINT ( 'NONE',  ( 0.9000000000000502000, -0.09999999999997211100, -3.349999999999994300 ) ) ;
#422 = PLANE ( 'NONE',  #1491 ) ;
#423 = STYLED_ITEM ( 'NONE', ( #1840 ), #3030 ) ;
#424 = VERTEX_POINT ( 'NONE', #1057 ) ;
#425 = ORIENTED_EDGE ( 'NONE', *, *, #673, .F. ) ;
#426 = PLANE ( 'NONE',  #243 ) ;
#427 = PLANE ( 'NONE',  #44 ) ;
#428 =( NAMED_UNIT ( * ) PLANE_ANGLE_UNIT ( ) SI_UNIT ( $, .RADIAN. ) );
#429 = CARTESIAN_POINT ( 'NONE',  ( -3.749999999999967600, 5.800000000000011400, -3.750000000000006700 ) ) ;
#430 = CARTESIAN_POINT ( 'NONE',  ( 0.6000000000000613700, -0.09999999999996779500, -4.949999999999995700 ) ) ;
#431 = DIRECTION ( 'NONE',  ( 6.982966722218764900E-015, 3.369022725727144300E-015, -1.000000000000000000 ) ) ;
#432 = CARTESIAN_POINT ( 'NONE',  ( 0.6000000000000596000, 0.4000000000000324400, -4.949999999999994000 ) ) ;
#433 = PRESENTATION_LAYER_ASSIGNMENT (  '', '', ( #93 ) ) ;
#434 = ORIENTED_EDGE ( 'NONE', *, *, #2449, .F. ) ;
#435 = DIRECTION ( 'NONE',  ( 3.491483361109405700E-015, -1.000000000000000000, -3.369022725727119900E-015 ) ) ;
#436 = PRESENTATION_LAYER_ASSIGNMENT (  '', '', ( #100 ) ) ;
#437 =( NAMED_UNIT ( * ) SI_UNIT ( $, .STERADIAN. ) SOLID_ANGLE_UNIT ( ) );
#438 = CARTESIAN_POINT ( 'NONE',  ( -2.449999999999975300, 4.130000000000010600, -1.850000000000003600 ) ) ;
#439 = SURFACE_SIDE_STYLE ('',( #342 ) ) ;
#440 = ORIENTED_EDGE ( 'NONE', *, *, #1906, .T. ) ;
#441 = ORIENTED_EDGE ( 'NONE', *, *, #1020, .F. ) ;
#442 = VECTOR ( 'NONE', #2648, 1000.000000000000000 ) ;
#443 = DIRECTION ( 'NONE',  ( -1.000000000000000000, -3.491483361109382100E-015, -6.982966722218776000E-015 ) ) ;
#444 = ORIENTED_EDGE ( 'NONE', *, *, #2115, .F. ) ;
#445 = ORIENTED_EDGE ( 'NONE', *, *, #450, .F. ) ;
#446 = DIRECTION ( 'NONE',  ( -1.000000000000000000, -3.491483361109382100E-015, -6.982966722218776000E-015 ) ) ;
#447 = VERTEX_POINT ( 'NONE', #2283 ) ;
#448 = DIRECTION ( 'NONE',  ( 6.982966722218764900E-015, 3.369022725727144300E-015, -1.000000000000000000 ) ) ;
#449 = EDGE_LOOP ( 'NONE', ( #919, #797, #1912, #1533 ) ) ;
#450 = EDGE_CURVE ( 'NONE', #834, #1176, #68, .T. ) ;
#451 = VECTOR ( 'NONE', #775, 1000.000000000000000 ) ;
#452 = DIRECTION ( 'NONE',  ( -3.491483361109405700E-015, 1.000000000000000000, 3.369022725727119900E-015 ) ) ;
#453 = SURFACE_STYLE_FILL_AREA ( #3111 ) ;
#454 = VECTOR ( 'NONE', #1671, 1000.000000000000000 ) ;
#455 = SURFACE_STYLE_FILL_AREA ( #1166 ) ;
#456 = DIRECTION ( 'NONE',  ( -3.608694406783514200E-015, 1.000000000000000000, 3.369022725727119500E-015 ) ) ;
#457 = VECTOR ( 'NONE', #383, 1000.000000000000000 ) ;
#458 = EDGE_CURVE ( 'NONE', #347, #1837, #2047, .T. ) ;
#459 = ORIENTED_EDGE ( 'NONE', *, *, #458, .T. ) ;
#460 = EDGE_CURVE ( 'NONE', #1609, #2981, #725, .T. ) ;
#461 = SURFACE_SIDE_STYLE ('',( #645 ) ) ;
#462 = DIRECTION ( 'NONE',  ( -3.491483361109406500E-015, 1.000000000000000000, 3.491483361109357600E-015 ) ) ;
#463 = ORIENTED_EDGE ( 'NONE', *, *, #458, .F. ) ;
#464 = DIRECTION ( 'NONE',  ( -1.000000000000000000, -3.491483361109382100E-015, -6.982966722218776000E-015 ) ) ;
#465 = CARTESIAN_POINT ( 'NONE',  ( -2.899999999999958200, 3.250000000000016400, -3.850000000000009900 ) ) ;
#466 = ORIENTED_EDGE ( 'NONE', *, *, #2271, .F. ) ;
#467 = FILL_AREA_STYLE ('',( #701 ) ) ;
#468 = EDGE_CURVE ( 'NONE', #1332, #1955, #1973, .T. ) ;
#469 = CARTESIAN_POINT ( 'NONE',  ( -1.899999999999977500, 4.780000000000011800, -1.849999999999997400 ) ) ;
#470 = PLANE ( 'NONE',  #1727 ) ;
#471 = ORIENTED_EDGE ( 'NONE', *, *, #1169, .T. ) ;
#472 =( LENGTH_UNIT ( ) NAMED_UNIT ( * ) SI_UNIT ( .MILLI., .METRE. ) );
#473 = FACE_OUTER_BOUND ( 'NONE', #1765, .T. ) ;
#474 = MECHANICAL_DESIGN_GEOMETRIC_PRESENTATION_REPRESENTATION (  '', ( #3138 ), #634 ) ;
#475 = VERTEX_POINT ( 'NONE', #3011 ) ;
#476 = FILL_AREA_STYLE_COLOUR ( '', #2970 ) ;
#477 = PLANE ( 'NONE',  #1374 ) ;
#478 = AXIS2_PLACEMENT_3D ( 'NONE', #1869, #1687, #1677 ) ;
#479 = ORIENTED_EDGE ( 'NONE', *, *, #2290, .F. ) ;
#480 = VECTOR ( 'NONE', #1757, 1000.000000000000000 ) ;
#481 = SURFACE_STYLE_USAGE ( .BOTH. , #499 ) ;
#482 = AXIS2_PLACEMENT_3D ( 'NONE', #1425, #3095, #1674 ) ;
#483 = ORIENTED_EDGE ( 'NONE', *, *, #550, .T. ) ;
#484 = DIRECTION ( 'NONE',  ( -1.000000000000000000, -3.369022725727144300E-015, -6.982966722218775200E-015 ) ) ;
#485 = COLOUR_RGB ( '',0.7529411764705882200, 0.7529411764705882200, 0.7529411764705882200 ) ;
#486 = ORIENTED_EDGE ( 'NONE', *, *, #2424, .F. ) ;
#487 = SURFACE_STYLE_FILL_AREA ( #27 ) ;
#488 = FILL_AREA_STYLE_COLOUR ( '', #2746 ) ;
#489 = EDGE_CURVE ( 'NONE', #2148, #1145, #3150, .T. ) ;
#490 = VECTOR ( 'NONE', #2519, 1000.000000000000000 ) ;
#491 = CARTESIAN_POINT ( 'NONE',  ( 0.6000000000000521600, 2.736256045961921000E-014, -3.749999999999995600 ) ) ;
#492 = EDGE_CURVE ( 'NONE', #1099, #2312, #1890, .T. ) ;
#493 = CARTESIAN_POINT ( 'NONE',  ( 3.300000000000012700, 0.3500000000000181300, 1.800000000000024200 ) ) ;
#494 = PLANE ( 'NONE',  #2608 ) ;
#495 = VERTEX_POINT ( 'NONE', #1562 ) ;
#496 = AXIS2_PLACEMENT_3D ( 'NONE', #1519, #1497, #1244 ) ;
#497 = ORIENTED_EDGE ( 'NONE', *, *, #2442, .F. ) ;
#498 = DIRECTION ( 'NONE',  ( 6.982966722218764900E-015, 3.369022725727144300E-015, -1.000000000000000000 ) ) ;
#499 = SURFACE_SIDE_STYLE ('',( #627 ) ) ;
#500 = CARTESIAN_POINT ( 'NONE',  ( -3.749999999999947600, 1.217460783879340000E-014, -3.750000000000025800 ) ) ;
#501 = CARTESIAN_POINT ( 'NONE',  ( -3.749999999999958300, 2.500000000000011100, -3.450000000000017900 ) ) ;
#502 = FILL_AREA_STYLE ('',( #1737 ) ) ;
#503 = EDGE_CURVE ( 'NONE', #547, #1628, #916, .T. ) ;
#504 = EDGE_CURVE ( 'NONE', #1529, #1245, #1041, .T. ) ;
#505 = CARTESIAN_POINT ( 'NONE',  ( 1.350000000000022500, 4.780000000000023300, -1.849999999999975000 ) ) ;
#506 = VERTEX_POINT ( 'NONE', #1301 ) ;
#507 = FILL_AREA_STYLE ('',( #210 ) ) ;
#508 = DIRECTION ( 'NONE',  ( -3.825084029566484100E-015, 1.000000000000000000, 3.369022725727117500E-015 ) ) ;
#509 = ORIENTED_EDGE ( 'NONE', *, *, #346, .T. ) ;
#510 = DIRECTION ( 'NONE',  ( -1.000000000000000000, -3.491483361109382100E-015, -6.982966722218776000E-015 ) ) ;
#511 = ORIENTED_EDGE ( 'NONE', *, *, #58, .F. ) ;
#512 = EDGE_CURVE ( 'NONE', #200, #325, #2451, .T. ) ;
#513 = VECTOR ( 'NONE', #3113, 1000.000000000000000 ) ;
#514 = PLANE ( 'NONE',  #371 ) ;
#515 = ORIENTED_EDGE ( 'NONE', *, *, #789, .T. ) ;
#516 = EDGE_LOOP ( 'NONE', ( #1400, #2752, #3161, #2162 ) ) ;
#517 = STYLED_ITEM ( 'NONE', ( #374 ), #2591 ) ;
#518 = COLOUR_RGB ( '',0.7529411764705882200, 0.7529411764705882200, 0.7529411764705882200 ) ;
#519 = CARTESIAN_POINT ( 'NONE',  ( -1.050000000000002700, 5.800000000000006000, 1.250000000000012000 ) ) ;
#520 = ORIENTED_EDGE ( 'NONE', *, *, #2657, .T. ) ;
#521 = LINE ( 'NONE', #1060, #368 ) ;
#522 = CARTESIAN_POINT ( 'NONE',  ( 1.900000000000022100, 4.780000000000025100, -1.849999999999971400 ) ) ;
#523 = DIRECTION ( 'NONE',  ( 3.491483361109406500E-015, -1.000000000000000000, -3.491483361109357600E-015 ) ) ;
#524 = LINE ( 'NONE', #1659, #454 ) ;
#525 = FACE_OUTER_BOUND ( 'NONE', #172, .T. ) ;
#526 = DIRECTION ( 'NONE',  ( -3.491483361109405700E-015, 1.000000000000000000, 3.369022725727119900E-015 ) ) ;
#527 = VECTOR ( 'NONE', #1621, 1000.000000000000000 ) ;
#528 = EDGE_LOOP ( 'NONE', ( #2799, #271, #459, #1115, #283, #1500, #2628, #2853 ) ) ;
#529 = SURFACE_STYLE_FILL_AREA ( #1515 ) ;
#530 = PRESENTATION_LAYER_ASSIGNMENT (  '', '', ( #199 ) ) ;
#531 = CARTESIAN_POINT ( 'NONE',  ( 1.050000000000004500, 3.800000000000013100, 1.250000000000020200 ) ) ;
#532 = VECTOR ( 'NONE', #2379, 1000.000000000000000 ) ;
#533 = CARTESIAN_POINT ( 'NONE',  ( -2.349999999999999600, -8.033541009071914400E-015, 3.749999999999983600 ) ) ;
#534 = PLANE ( 'NONE',  #3097 ) ;
#535 = PRESENTATION_LAYER_ASSIGNMENT (  '', '', ( #204 ) ) ;
#536 = VERTEX_POINT ( 'NONE', #1102 ) ;
#537 = CARTESIAN_POINT ( 'NONE',  ( 2.350000000000043600, 2.500000000000032900, -3.749999999999975600 ) ) ;
#538 = PRESENTATION_LAYER_ASSIGNMENT (  '', '', ( #212 ) ) ;
#539 = ORIENTED_EDGE ( 'NONE', *, *, #863, .T. ) ;
#540 = CARTESIAN_POINT ( 'NONE',  ( 1.050000000000024900, 5.300000000000025600, -2.449999999999975800 ) ) ;
#541 =( GEOMETRIC_REPRESENTATION_CONTEXT ( 3 ) GLOBAL_UNCERTAINTY_ASSIGNED_CONTEXT ( ( #2722 ) ) GLOBAL_UNIT_ASSIGNED_CONTEXT ( ( #188, #1924, #437 ) ) REPRESENTATION_CONTEXT ( 'NONE', 'WORKASPACE' ) );
#542 = DIRECTION ( 'NONE',  ( -1.000000000000000000, -3.491483361109382100E-015, -6.982966722218776000E-015 ) ) ;
#543 = ORIENTED_EDGE ( 'NONE', *, *, #1360, .F. ) ;
#544 = EDGE_CURVE ( 'NONE', #2091, #1837, #2272, .T. ) ;
#545 = CARTESIAN_POINT ( 'NONE',  ( 2.499999999999986200, 5.800000000000011400, 2.750000000000037300 ) ) ;
#546 = LINE ( 'NONE', #1967, #1795 ) ;
#547 = VERTEX_POINT ( 'NONE', #1524 ) ;
#548 = ORIENTED_EDGE ( 'NONE', *, *, #2931, .F. ) ;
#549 = DIRECTION ( 'NONE',  ( -3.491483361109405700E-015, 1.000000000000000000, 3.369022725727119900E-015 ) ) ;
#550 = EDGE_CURVE ( 'NONE', #1489, #3018, #297, .T. ) ;
#551 =( GEOMETRIC_REPRESENTATION_CONTEXT ( 3 ) GLOBAL_UNCERTAINTY_ASSIGNED_CONTEXT ( ( #308 ) ) GLOBAL_UNIT_ASSIGNED_CONTEXT ( ( #2396, #1689, #2172 ) ) REPRESENTATION_CONTEXT ( 'NONE', 'WORKASPACE' ) );
#552 = ORIENTED_EDGE ( 'NONE', *, *, #2968, .T. ) ;
#553 = VECTOR ( 'NONE', #456, 1000.000000000000000 ) ;
#554 = CARTESIAN_POINT ( 'NONE',  ( -0.5999999999999502400, 2.177618708184419700E-014, -3.350000000000003200 ) ) ;
#555 = EDGE_LOOP ( 'NONE', ( #2563, #1637, #2361, #4 ) ) ;
#556 = FACE_OUTER_BOUND ( 'NONE', #2228, .T. ) ;
#557 = PRESENTATION_STYLE_ASSIGNMENT (( #2559 ) ) ;
#558 = DIRECTION ( 'NONE',  ( 1.000000000000000000, 3.491483361109382100E-015, 6.982966722218776000E-015 ) ) ;
#559 = DIRECTION ( 'NONE',  ( -6.982966722218764900E-015, -3.369022725727144300E-015, 1.000000000000000000 ) ) ;
#560 = CARTESIAN_POINT ( 'NONE',  ( -2.500000000000012900, 5.799999999999994500, 2.750000000000001800 ) ) ;
#561 =( GEOMETRIC_REPRESENTATION_CONTEXT ( 3 ) GLOBAL_UNCERTAINTY_ASSIGNED_CONTEXT ( ( #1359 ) ) GLOBAL_UNIT_ASSIGNED_CONTEXT ( ( #1047, #2281, #806 ) ) REPRESENTATION_CONTEXT ( 'NONE', 'WORKASPACE' ) );
#562 = FACE_OUTER_BOUND ( 'NONE', #16, .T. ) ;
#563 = EDGE_CURVE ( 'NONE', #1831, #1894, #967, .T. ) ;
#564 = SURFACE_STYLE_FILL_AREA ( #1295 ) ;
#565 = DIRECTION ( 'NONE',  ( -3.491483361109406500E-015, 1.000000000000000000, 3.491483361109357600E-015 ) ) ;
#566 = VERTEX_POINT ( 'NONE', #609 ) ;
#567 = MECHANICAL_DESIGN_GEOMETRIC_PRESENTATION_REPRESENTATION (  '', ( #77 ), #739 ) ;
#568 = ORIENTED_EDGE ( 'NONE', *, *, #2346, .F. ) ;
#569 = CARTESIAN_POINT ( 'NONE',  ( -3.749999999999947600, 1.217460783879340000E-014, -3.750000000000025800 ) ) ;
#570 = CARTESIAN_POINT ( 'NONE',  ( 3.300000000000030900, 5.600000000000036100, -3.449999999999957500 ) ) ;
#571 = EDGE_CURVE ( 'NONE', #2169, #2587, #888, .T. ) ;
#572 = DIRECTION ( 'NONE',  ( 3.491483361109405700E-015, -1.000000000000000000, -3.369022725727119900E-015 ) ) ;
#573 = AXIS2_PLACEMENT_3D ( 'NONE', #1276, #274, #2463 ) ;
#574 = CARTESIAN_POINT ( 'NONE',  ( -0.8999999999999474000, 2.212533541795514000E-014, -3.750000000000005800 ) ) ;
#575 = AXIS2_PLACEMENT_3D ( 'NONE', #2002, #510, #2244 ) ;
#576 = PLANE ( 'NONE',  #2240 ) ;
#577 =( NAMED_UNIT ( * ) SI_UNIT ( $, .STERADIAN. ) SOLID_ANGLE_UNIT ( ) );
#578 = ORIENTED_EDGE ( 'NONE', *, *, #2546, .F. ) ;
#579 = DIRECTION ( 'NONE',  ( -6.982966722218765700E-015, -3.355958089548694400E-015, 1.000000000000000000 ) ) ;
#580 = ADVANCED_FACE ( 'NONE', ( #1701 ), #1261, .F. ) ;
#581 = SURFACE_STYLE_FILL_AREA ( #2103 ) ;
#582 = ORIENTED_EDGE ( 'NONE', *, *, #1117, .T. ) ;
#583 = FACE_OUTER_BOUND ( 'NONE', #1170, .T. ) ;
#584 = ORIENTED_EDGE ( 'NONE', *, *, #2065, .F. ) ;
#585 = VERTEX_POINT ( 'NONE', #2492 ) ;
#586 = MECHANICAL_DESIGN_GEOMETRIC_PRESENTATION_REPRESENTATION (  '', ( #93 ), #763 ) ;
#587 = CARTESIAN_POINT ( 'NONE',  ( -3.299999999999986100, -0.1000000000000052200, 1.799999999999976500 ) ) ;
#588 = LINE ( 'NONE', #1019, #1918 ) ;
#589 = CARTESIAN_POINT ( 'NONE',  ( -1.349999999999977900, 4.780000000000014500, -1.849999999999994100 ) ) ;
#590 = DIRECTION ( 'NONE',  ( 6.982966722218764100E-015, 3.491483361109382100E-015, -1.000000000000000000 ) ) ;
#591 = ORIENTED_EDGE ( 'NONE', *, *, #489, .F. ) ;
#592 = VECTOR ( 'NONE', #286, 1000.000000000000000 ) ;
#593 = MECHANICAL_DESIGN_GEOMETRIC_PRESENTATION_REPRESENTATION (  '', ( #100 ), #768 ) ;
#594 = LINE ( 'NONE', #3088, #2486 ) ;
#595 = DIRECTION ( 'NONE',  ( -1.000000000000000000, -3.491483361109382100E-015, -6.982966722218776000E-015 ) ) ;
#596 = VECTOR ( 'NONE', #159, 1000.000000000000000 ) ;
#597 = ORIENTED_EDGE ( 'NONE', *, *, #118, .T. ) ;
#598 = FACE_OUTER_BOUND ( 'NONE', #901, .T. ) ;
#599 = VECTOR ( 'NONE', #2731, 1000.000000000000000 ) ;
#600 = PLANE ( 'NONE',  #61 ) ;
#601 = PLANE ( 'NONE',  #2880 ) ;
#602 = VECTOR ( 'NONE', #2502, 1000.000000000000000 ) ;
#603 =( NAMED_UNIT ( * ) PLANE_ANGLE_UNIT ( ) SI_UNIT ( $, .RADIAN. ) );
#604 = EDGE_CURVE ( 'NONE', #2154, #323, #2198, .T. ) ;
#605 = DIRECTION ( 'NONE',  ( -6.982966722218764900E-015, -3.369022725727144300E-015, 1.000000000000000000 ) ) ;
#606 = VECTOR ( 'NONE', #3009, 1000.000000000000000 ) ;
#607 = DIRECTION ( 'NONE',  ( -3.491483361109405700E-015, 1.000000000000000000, 3.369022725727119900E-015 ) ) ;
#608 = ORIENTED_EDGE ( 'NONE', *, *, #2007, .T. ) ;
#609 = CARTESIAN_POINT ( 'NONE',  ( 2.900000000000013700, -0.09999999999998357400, 1.800000000000019600 ) ) ;
#610 = ORIENTED_EDGE ( 'NONE', *, *, #737, .T. ) ;
#611 = ADVANCED_FACE ( 'NONE', ( #1471 ), #1813, .F. ) ;
#612 = EDGE_CURVE ( 'NONE', #3132, #12, #142, .T. ) ;
#613 = CARTESIAN_POINT ( 'NONE',  ( 3.750000000000037700, 0.3500000000000317900, -1.799999999999973400 ) ) ;
#614 = EDGE_CURVE ( 'NONE', #3154, #495, #1546, .T. ) ;
#615 =( NAMED_UNIT ( * ) SI_UNIT ( $, .STERADIAN. ) SOLID_ANGLE_UNIT ( ) );
#616 = SURFACE_SIDE_STYLE ('',( #2602 ) ) ;
#617 = SURFACE_STYLE_USAGE ( .BOTH. , #629 ) ;
#618 =( NAMED_UNIT ( * ) PLANE_ANGLE_UNIT ( ) SI_UNIT ( $, .RADIAN. ) );
#619 = ORIENTED_EDGE ( 'NONE', *, *, #1411, .T. ) ;
#620 = CARTESIAN_POINT ( 'NONE',  ( 1.050000000000024900, 5.300000000000025600, -2.449999999999975800 ) ) ;
#621 = FACE_OUTER_BOUND ( 'NONE', #1419, .T. ) ;
#622 = VERTEX_POINT ( 'NONE', #78 ) ;
#623 = CARTESIAN_POINT ( 'NONE',  ( 3.750000000000043500, 2.500000000000037700, -3.749999999999966200 ) ) ;
#624 = CARTESIAN_POINT ( 'NONE',  ( -2.500000000000012900, 5.799999999999994500, 2.750000000000001800 ) ) ;
#625 =( NAMED_UNIT ( * ) PLANE_ANGLE_UNIT ( ) SI_UNIT ( $, .RADIAN. ) );
#626 = EDGE_CURVE ( 'NONE', #2536, #324, #722, .T. ) ;
#627 = SURFACE_STYLE_FILL_AREA ( #507 ) ;
#628 = DIRECTION ( 'NONE',  ( -3.491483361109406500E-015, 1.000000000000000000, 3.491483361109357600E-015 ) ) ;
#629 = SURFACE_SIDE_STYLE ('',( #1976 ) ) ;
#630 = ADVANCED_FACE ( 'NONE', ( #1387 ), #2757, .T. ) ;
#631 = CARTESIAN_POINT ( 'NONE',  ( 2.900000000000021700, 3.250000000000026200, -0.9999999999999688000 ) ) ;
#632 = ORIENTED_EDGE ( 'NONE', *, *, #2801, .F. ) ;
#633 = PRESENTATION_STYLE_ASSIGNMENT (( #1963 ) ) ;
#634 =( GEOMETRIC_REPRESENTATION_CONTEXT ( 3 ) GLOBAL_UNCERTAINTY_ASSIGNED_CONTEXT ( ( #2269 ) ) GLOBAL_UNIT_ASSIGNED_CONTEXT ( ( #2059, #2042, #2033 ) ) REPRESENTATION_CONTEXT ( 'NONE', 'WORKASPACE' ) );
#636 = ORIENTED_EDGE ( 'NONE', *, *, #2141, .T. ) ;
#635 = FACE_BOUND ( 'NONE', #73, .T. ) ;
#637 = VECTOR ( 'NONE', #2768, 1000.000000000000000 ) ;
#638 = PRODUCT_DEFINITION_SHAPE ( 'NONE', 'NONE',  #2226 ) ;
#639 = VECTOR ( 'NONE', #1453, 1000.000000000000000 ) ;
#640 = DIRECTION ( 'NONE',  ( -3.491483361109406100E-015, 1.000000000000000000, 3.377356816637199900E-015 ) ) ;
#641 = UNCERTAINTY_MEASURE_WITH_UNIT (LENGTH_MEASURE( 1.000000000000000100E-005 ), #3043, 'distance_accuracy_value', 'NONE');
#642 = PRESENTATION_LAYER_ASSIGNMENT (  '', '', ( #313 ) ) ;
#643 = DIRECTION ( 'NONE',  ( 1.000000000000000000, 3.491483361109382100E-015, 6.982966722218776000E-015 ) ) ;
#644 = DIRECTION ( 'NONE',  ( -6.982966722218764900E-015, -3.369022725727144300E-015, 1.000000000000000000 ) ) ;
#645 = SURFACE_STYLE_FILL_AREA ( #467 ) ;
#646 = COLOUR_RGB ( '',0.7529411764705882200, 0.7529411764705882200, 0.7529411764705882200 ) ;
#647 = ORIENTED_EDGE ( 'NONE', *, *, #1514, .F. ) ;
#648 = VECTOR ( 'NONE', #2057, 1000.000000000000000 ) ;
#649 = FILL_AREA_STYLE ('',( #2433 ) ) ;
#650 = VECTOR ( 'NONE', #3065, 1000.000000000000000 ) ;
#651 = PRESENTATION_LAYER_ASSIGNMENT (  '', '', ( #315 ) ) ;
#652 = FILL_AREA_STYLE ('',( #2617 ) ) ;
#653 = ADVANCED_FACE ( 'NONE', ( #1970 ), #2533, .F. ) ;
#654 = ORIENTED_EDGE ( 'NONE', *, *, #3153, .T. ) ;
#655 = DIRECTION ( 'NONE',  ( 1.000000000000000000, 3.375318842628792200E-015, 6.982966722218776000E-015 ) ) ;
#656 = CARTESIAN_POINT ( 'NONE',  ( -1.050000000000002700, 5.800000000000006000, 1.250000000000012000 ) ) ;
#657 = CARTESIAN_POINT ( 'NONE',  ( -1.349999999999994300, 3.330000000000005000, 1.250000000000001600 ) ) ;
#658 = EDGE_CURVE ( 'NONE', #1153, #1316, #2380, .T. ) ;
#659 = VERTEX_POINT ( 'NONE', #36 ) ;
#660 = ORIENTED_EDGE ( 'NONE', *, *, #186, .F. ) ;
#661 = CARTESIAN_POINT ( 'NONE',  ( 3.299999999999994000, 5.600000000000017400, 1.800000000000041800 ) ) ;
#662 = EDGE_CURVE ( 'NONE', #2835, #1713, #413, .T. ) ;
#663 = DIRECTION ( 'NONE',  ( -6.982966722218764900E-015, -3.369022725727144300E-015, 1.000000000000000000 ) ) ;
#664 = STYLED_ITEM ( 'NONE', ( #1194 ), #1422 ) ;
#665 = DIRECTION ( 'NONE',  ( -3.491483361109405700E-015, 1.000000000000000000, 3.369022725727119900E-015 ) ) ;
#666 = ADVANCED_FACE ( 'NONE', ( #3005 ), #2249, .F. ) ;
#667 = ORIENTED_EDGE ( 'NONE', *, *, #278, .T. ) ;
#668 = SURFACE_SIDE_STYLE ('',( #2783 ) ) ;
#669 = FACE_OUTER_BOUND ( 'NONE', #1013, .T. ) ;
#670 = CARTESIAN_POINT ( 'NONE',  ( -2.899999999999967500, 0.3500000000000059700, -1.000000000000019100 ) ) ;
#671 = ADVANCED_FACE ( 'NONE', ( #2305 ), #836, .T. ) ;
#672 = VECTOR ( 'NONE', #579, 1000.000000000000000 ) ;
#673 = EDGE_CURVE ( 'NONE', #782, #1101, #1002, .T. ) ;
#674 = EDGE_LOOP ( 'NONE', ( #1371, #778, #1575, #2845, #366, #515, #1297, #1731, #1655, #802, #584, #825, #2513, #2721, #1816, #1231 ) ) ;
#675 = EDGE_CURVE ( 'NONE', #860, #3132, #1735, .T. ) ;
#676 = VERTEX_POINT ( 'NONE', #316 ) ;
#677 = VECTOR ( 'NONE', #1745, 1000.000000000000000 ) ;
#678 = ORIENTED_EDGE ( 'NONE', *, *, #2666, .F. ) ;
#679 = LINE ( 'NONE', #2541, #1259 ) ;
#680 = DIRECTION ( 'NONE',  ( -1.000000000000000000, -3.078453962067285200E-015, -6.982966722218774400E-015 ) ) ;
#681 = COLOUR_RGB ( '',0.7529411764705882200, 0.7529411764705882200, 0.7529411764705882200 ) ;
#682 = VECTOR ( 'NONE', #665, 1000.000000000000000 ) ;
#683 = EDGE_CURVE ( 'NONE', #3158, #1377, #1578, .T. ) ;
#684 = DIRECTION ( 'NONE',  ( 3.608694406783514200E-015, -1.000000000000000000, -3.369022725727119100E-015 ) ) ;
#685 = CARTESIAN_POINT ( 'NONE',  ( -3.750000000000000000, -1.309306260416018300E-014, 3.749999999999973800 ) ) ;
#686 = VECTOR ( 'NONE', #2353, 1000.000000000000000 ) ;
#687 = LINE ( 'NONE', #2816, #1269 ) ;
#688 = LINE ( 'NONE', #849, #2572 ) ;
#689 = CARTESIAN_POINT ( 'NONE',  ( -3.750000000000001300, 0.3499999999999868800, 3.749999999999974700 ) ) ;
#690 = LINE ( 'NONE', #560, #2573 ) ;
#691 = DIRECTION ( 'NONE',  ( 3.341938233870025700E-015, -1.000000000000000000, -3.369022725727121100E-015 ) ) ;
#692 = ORIENTED_EDGE ( 'NONE', *, *, #1678, .F. ) ;
#693 = ORIENTED_EDGE ( 'NONE', *, *, #1978, .F. ) ;
#694 = DIRECTION ( 'NONE',  ( -3.491483361109527600E-015, 1.000000000000000000, 2.083871812087757900E-014 ) ) ;
#695 = CARTESIAN_POINT ( 'NONE',  ( 2.350000000000031600, 5.800000000000032700, -3.749999999999964500 ) ) ;
#696 = VERTEX_POINT ( 'NONE', #46 ) ;
#697 = MECHANICAL_DESIGN_GEOMETRIC_PRESENTATION_REPRESENTATION (  '', ( #199 ), #871 ) ;
#698 = VERTEX_POINT ( 'NONE', #56 ) ;
#699 = CARTESIAN_POINT ( 'NONE',  ( -1.899999999999977500, 4.780000000000011800, -1.849999999999997400 ) ) ;
#700 = MECHANICAL_DESIGN_GEOMETRIC_PRESENTATION_REPRESENTATION (  '', ( #204 ), #877 ) ;
#701 = FILL_AREA_STYLE_COLOUR ( '', #3148 ) ;
#702 = ORIENTED_EDGE ( 'NONE', *, *, #2713, .F. ) ;
#703 = MECHANICAL_DESIGN_GEOMETRIC_PRESENTATION_REPRESENTATION (  '', ( #212 ), #882 ) ;
#704 = CARTESIAN_POINT ( 'NONE',  ( 3.300000000000033600, 5.600000000000037800, -3.849999999999957500 ) ) ;
#705 = VECTOR ( 'NONE', #138, 1000.000000000000000 ) ;
#706 = ORIENTED_EDGE ( 'NONE', *, *, #492, .F. ) ;
#707 = ORIENTED_EDGE ( 'NONE', *, *, #460, .T. ) ;
#708 = STYLED_ITEM ( 'NONE', ( #557 ), #2744 ) ;
#709 = FACE_OUTER_BOUND ( 'NONE', #2813, .T. ) ;
#710 = DIRECTION ( 'NONE',  ( 3.491483361109406500E-015, -1.000000000000000000, -3.491483361109357600E-015 ) ) ;
#711 = FACE_OUTER_BOUND ( 'NONE', #332, .T. ) ;
#712 = PLANE ( 'NONE',  #1363 ) ;
#713 = CARTESIAN_POINT ( 'NONE',  ( -2.349999999999961900, 0.3500000000000106400, -1.800000000000016000 ) ) ;
#714 = VERTEX_POINT ( 'NONE', #299 ) ;
#715 = EDGE_CURVE ( 'NONE', #834, #2019, #1661, .T. ) ;
#716 = LINE ( 'NONE', #432, #1300 ) ;
#717 = DIRECTION ( 'NONE',  ( -6.982966722218764900E-015, -3.369022725727144300E-015, 1.000000000000000000 ) ) ;
#718 = FACE_OUTER_BOUND ( 'NONE', #998, .T. ) ;
#719 = VECTOR ( 'NONE', #196, 1000.000000000000000 ) ;
#720 = EDGE_LOOP ( 'NONE', ( #1754, #1928, #2221, #2739, #749, #2147, #2066, #2473 ) ) ;
#721 =( NAMED_UNIT ( * ) SI_UNIT ( $, .STERADIAN. ) SOLID_ANGLE_UNIT ( ) );
#722 = LINE ( 'NONE', #1275, #64 ) ;
#723 = LINE ( 'NONE', #1709, #65 ) ;
#724 = LINE ( 'NONE', #1322, #1307 ) ;
#725 = LINE ( 'NONE', #2093, #648 ) ;
#726 = CARTESIAN_POINT ( 'NONE',  ( 1.350000000000004500, 3.700000000000013500, 1.250000000000022000 ) ) ;
#727 = VECTOR ( 'NONE', #2358, 1000.000000000000000 ) ;
#728 = ORIENTED_EDGE ( 'NONE', *, *, #2322, .F. ) ;
#729 = CARTESIAN_POINT ( 'NONE',  ( 3.300000000000014000, -0.09999999999998218600, 1.800000000000022500 ) ) ;
#730 = DIRECTION ( 'NONE',  ( -6.982966722218765700E-015, -3.369022725727144700E-015, 1.000000000000000000 ) ) ;
#731 = ORIENTED_EDGE ( 'NONE', *, *, #1130, .F. ) ;
#732 = AXIS2_PLACEMENT_3D ( 'NONE', #276, #526, #2255 ) ;
#733 = SURFACE_STYLE_USAGE ( .BOTH. , #3164 ) ;
#734 = DIRECTION ( 'NONE',  ( 3.491483361109405700E-015, -1.000000000000000000, -3.369022725727119900E-015 ) ) ;
#735 = ORIENTED_EDGE ( 'NONE', *, *, #954, .F. ) ;
#736 = DIRECTION ( 'NONE',  ( -3.641028488348786500E-015, 1.000000000000000000, 3.491483361109356400E-015 ) ) ;
#737 = EDGE_CURVE ( 'NONE', #3140, #1529, #260, .T. ) ;
#738 = CARTESIAN_POINT ( 'NONE',  ( -2.450000000000004600, 3.399999999999994600, 2.749999999999993800 ) ) ;
#739 =( GEOMETRIC_REPRESENTATION_CONTEXT ( 3 ) GLOBAL_UNCERTAINTY_ASSIGNED_CONTEXT ( ( #168 ) ) GLOBAL_UNIT_ASSIGNED_CONTEXT ( ( #296, #266, #236 ) ) REPRESENTATION_CONTEXT ( 'NONE', 'WORKASPACE' ) );
#740 = CARTESIAN_POINT ( 'NONE',  ( -1.849999999999986800, 1.550000000000002000, 1.149999999999992100 ) ) ;
#741 = CARTESIAN_POINT ( 'NONE',  ( 0.6000000000000502700, -0.09999999999997315200, -3.349999999999996100 ) ) ;
#742 = EDGE_CURVE ( 'NONE', #1332, #1447, #335, .T. ) ;
#743 = SURFACE_SIDE_STYLE ('',( #2815 ) ) ;
#744 = ORIENTED_EDGE ( 'NONE', *, *, #1948, .F. ) ;
#745 = DIRECTION ( 'NONE',  ( 1.000000000000000000, 3.641028488348762100E-015, 6.982966722218776800E-015 ) ) ;
#746 = VECTOR ( 'NONE', #122, 1000.000000000000000 ) ;
#747 = CARTESIAN_POINT ( 'NONE',  ( 2.450000000000027300, 3.400000000000027400, -1.849999999999970600 ) ) ;
#748 = PRESENTATION_LAYER_ASSIGNMENT (  '', '', ( #423 ) ) ;
#749 = ORIENTED_EDGE ( 'NONE', *, *, #1461, .F. ) ;
#750 = CARTESIAN_POINT ( 'NONE',  ( 1.850000000000012500, 1.550000000000015100, 1.150000000000018100 ) ) ;
#751 = EDGE_LOOP ( 'NONE', ( #943, #1320, #2058, #1148, #2200, #2121 ) ) ;
#752 = ADVANCED_FACE ( 'NONE', ( #181 ), #1553, .F. ) ;
#753 = DIRECTION ( 'NONE',  ( -3.491483361109406500E-015, 1.000000000000000000, 3.491483361109357600E-015 ) ) ;
#754 = VECTOR ( 'NONE', #2224, 1000.000000000000000 ) ;
#755 = SURFACE_STYLE_USAGE ( .BOTH. , #2238 ) ;
#757 = ORIENTED_EDGE ( 'NONE', *, *, #2769, .F. ) ;
#756 = VECTOR ( 'NONE', #691, 1000.000000000000000 ) ;
#758 = DIRECTION ( 'NONE',  ( -6.982966722218764900E-015, -3.369022725727144300E-015, 1.000000000000000000 ) ) ;
#759 = FACE_OUTER_BOUND ( 'NONE', #1953, .T. ) ;
#760 = LINE ( 'NONE', #2857, #96 ) ;
#761 = DIRECTION ( 'NONE',  ( 3.491483361109405700E-015, -1.000000000000000000, -3.369022725727119900E-015 ) ) ;
#762 = VECTOR ( 'NONE', #1880, 1000.000000000000000 ) ;
#763 =( GEOMETRIC_REPRESENTATION_CONTEXT ( 3 ) GLOBAL_UNCERTAINTY_ASSIGNED_CONTEXT ( ( #2613 ) ) GLOBAL_UNIT_ASSIGNED_CONTEXT ( ( #1805, #1672, #1660 ) ) REPRESENTATION_CONTEXT ( 'NONE', 'WORKASPACE' ) );
#764 = CARTESIAN_POINT ( 'NONE',  ( -3.749999999999956000, 2.500000000000011500, -3.750000000000018200 ) ) ;
#765 = LINE ( 'NONE', #2487, #28 ) ;
#766 = FACE_OUTER_BOUND ( 'NONE', #2754, .T. ) ;
#767 = CARTESIAN_POINT ( 'NONE',  ( 1.050000000000004700, 3.700000000000012200, 1.250000000000019800 ) ) ;
#768 =( GEOMETRIC_REPRESENTATION_CONTEXT ( 3 ) GLOBAL_UNCERTAINTY_ASSIGNED_CONTEXT ( ( #641 ) ) GLOBAL_UNIT_ASSIGNED_CONTEXT ( ( #3043, #2864, #2846 ) ) REPRESENTATION_CONTEXT ( 'NONE', 'WORKASPACE' ) );
#769 = VECTOR ( 'NONE', #2046, 1000.000000000000000 ) ;
#770 = VERTEX_POINT ( 'NONE', #944 ) ;
#771 = ORIENTED_EDGE ( 'NONE', *, *, #179, .T. ) ;
#772 = VERTEX_POINT ( 'NONE', #1163 ) ;
#773 = DIRECTION ( 'NONE',  ( 1.000000000000000000, 3.491483361109382100E-015, 6.982966722218776000E-015 ) ) ;
#774 = CARTESIAN_POINT ( 'NONE',  ( 3.750000000000043500, 2.500000000000037700, -3.749999999999966200 ) ) ;
#775 = DIRECTION ( 'NONE',  ( 3.491483361109406100E-015, -1.000000000000000000, -3.369022725727120300E-015 ) ) ;
#776 = DIRECTION ( 'NONE',  ( 3.491483361109405700E-015, -1.000000000000000000, -3.369022725727119900E-015 ) ) ;
#777 = FILL_AREA_STYLE_COLOUR ( '', #518 ) ;
#778 = ORIENTED_EDGE ( 'NONE', *, *, #835, .F. ) ;
#779 = CARTESIAN_POINT ( 'NONE',  ( -3.750000000000000000, -1.309306260416018300E-014, 3.749999999999973800 ) ) ;
#780 = EDGE_CURVE ( 'NONE', #1721, #2625, #2163, .T. ) ;
#781 = DIRECTION ( 'NONE',  ( 3.688611028834042700E-015, -1.000000000000000000, -3.369022725727118700E-015 ) ) ;
#782 = VERTEX_POINT ( 'NONE', #2646 ) ;
#783 = CARTESIAN_POINT ( 'NONE',  ( -1.049999999999993800, 3.330000000000006300, 1.250000000000003800 ) ) ;
#784 = UNCERTAINTY_MEASURE_WITH_UNIT (LENGTH_MEASURE( 1.000000000000000100E-005 ), #252, 'distance_accuracy_value', 'NONE');
#785 = VERTEX_POINT ( 'NONE', #1954 ) ;
#786 = CARTESIAN_POINT ( 'NONE',  ( 1.900000000000022100, 4.780000000000025100, -1.849999999999971400 ) ) ;
#787 = DIRECTION ( 'NONE',  ( -3.491483361109406500E-015, 1.000000000000000000, 3.491483361109357600E-015 ) ) ;
#788 =( NAMED_UNIT ( * ) PLANE_ANGLE_UNIT ( ) SI_UNIT ( $, .RADIAN. ) );
#789 = EDGE_CURVE ( 'NONE', #1201, #1657, #95, .T. ) ;
#790 =( LENGTH_UNIT ( ) NAMED_UNIT ( * ) SI_UNIT ( .MILLI., .METRE. ) );
#791 = VECTOR ( 'NONE', #940, 1000.000000000000000 ) ;
#792 = ORIENTED_EDGE ( 'NONE', *, *, #2174, .F. ) ;
#793 = ORIENTED_EDGE ( 'NONE', *, *, #489, .T. ) ;
#794 = EDGE_CURVE ( 'NONE', #659, #3018, #1508, .T. ) ;
#795 = CARTESIAN_POINT ( 'NONE',  ( -1.849999999999972600, 3.400000000000012300, -1.850000000000001000 ) ) ;
#796 = VECTOR ( 'NONE', #2867, 1000.000000000000000 ) ;
#797 = ORIENTED_EDGE ( 'NONE', *, *, #2018, .F. ) ;
#798 = ORIENTED_EDGE ( 'NONE', *, *, #1463, .T. ) ;
#799 = ORIENTED_EDGE ( 'NONE', *, *, #2442, .T. ) ;
#800 = DIRECTION ( 'NONE',  ( 3.157882692652328100E-015, -1.000000000000000000, -3.491483361109360000E-015 ) ) ;
#801 = CARTESIAN_POINT ( 'NONE',  ( -2.899999999999958200, 3.250000000000016400, -3.850000000000009900 ) ) ;
#802 = ORIENTED_EDGE ( 'NONE', *, *, #1684, .F. ) ;
#803 = SURFACE_STYLE_USAGE ( .BOTH. , #840 ) ;
#804 = FACE_OUTER_BOUND ( 'NONE', #2182, .T. ) ;
#805 = VECTOR ( 'NONE', #945, 1000.000000000000000 ) ;
#806 =( NAMED_UNIT ( * ) SI_UNIT ( $, .STERADIAN. ) SOLID_ANGLE_UNIT ( ) );
#807 = EDGE_CURVE ( 'NONE', #2892, #1806, #2003, .T. ) ;
#808 = COLOUR_RGB ( '',0.7529411764705882200, 0.7529411764705882200, 0.7529411764705882200 ) ;
#809 = LINE ( 'NONE', #2204, #1472 ) ;
#810 = LINE ( 'NONE', #2542, #2043 ) ;
#811 = ORIENTED_EDGE ( 'NONE', *, *, #3053, .F. ) ;
#812 = ADVANCED_FACE ( 'NONE', ( #759 ), #963, .T. ) ;
#813 = VECTOR ( 'NONE', #1574, 1000.000000000000000 ) ;
#814 = AXIS2_PLACEMENT_3D ( 'NONE', #1614, #1399, #898 ) ;
#815 = LINE ( 'NONE', #738, #150 ) ;
#816 = FACE_OUTER_BOUND ( 'NONE', #1792, .T. ) ;
#817 = CARTESIAN_POINT ( 'NONE',  ( 2.350000000000043600, 2.500000000000032900, -3.749999999999975600 ) ) ;
#818 = DIRECTION ( 'NONE',  ( 1.000000000000000000, 3.491483361109382100E-015, 6.982966722218776000E-015 ) ) ;
#819 = ADVANCED_FACE ( 'NONE', ( #1774 ), #712, .T. ) ;
#820 = EDGE_CURVE ( 'NONE', #696, #2153, #2745, .T. ) ;
#821 = CARTESIAN_POINT ( 'NONE',  ( -2.500000000000007100, 2.149999999999991900, 3.749999999999989300 ) ) ;
#822 = EDGE_LOOP ( 'NONE', ( #798, #2194, #1570, #3104 ) ) ;
#823 = DIRECTION ( 'NONE',  ( 0.0000000000000000000, 0.0000000000000000000, 1.000000000000000000 ) ) ;
#824 = MECHANICAL_DESIGN_GEOMETRIC_PRESENTATION_REPRESENTATION (  '', ( #313 ), #985 ) ;
#825 = ORIENTED_EDGE ( 'NONE', *, *, #2871, .F. ) ;
#826 = CARTESIAN_POINT ( 'NONE',  ( -0.8999999999999488400, 0.4000000000000230000, -3.750000000000004000 ) ) ;
#827 = SURFACE_STYLE_FILL_AREA ( #2991 ) ;
#828 = MECHANICAL_DESIGN_GEOMETRIC_PRESENTATION_REPRESENTATION (  '', ( #315 ), #988 ) ;
#829 = CARTESIAN_POINT ( 'NONE',  ( 1.899999999999992600, 4.130000000000010600, 2.750000000000026600 ) ) ;
#830 = DIRECTION ( 'NONE',  ( -3.491483361109406500E-015, 1.000000000000000000, 3.491483361109357600E-015 ) ) ;
#831 = PLANE ( 'NONE',  #267 ) ;
#832 = EDGE_CURVE ( 'NONE', #622, #2892, #1542, .T. ) ;
#833 = CARTESIAN_POINT ( 'NONE',  ( -2.500000000000000000, 2.149999999999995000, 2.749999999999989300 ) ) ;
#834 = VERTEX_POINT ( 'NONE', #1475 ) ;
#835 = EDGE_CURVE ( 'NONE', #1712, #1377, #221, .T. ) ;
#836 = PLANE ( 'NONE',  #2246 ) ;
#837 = VERTEX_POINT ( 'NONE', #1934 ) ;
#838 = CARTESIAN_POINT ( 'NONE',  ( -1.849999999999972600, 3.400000000000012300, -1.850000000000001000 ) ) ;
#839 = DIRECTION ( 'NONE',  ( -3.491483361109406500E-015, 1.000000000000000000, 3.491483361109357600E-015 ) ) ;
#840 = SURFACE_SIDE_STYLE ('',( #2206 ) ) ;
#841 = AXIS2_PLACEMENT_3D ( 'NONE', #2717, #2565, #2549 ) ;
#842 = ORIENTED_EDGE ( 'NONE', *, *, #2618, .T. ) ;
#843 = VERTEX_POINT ( 'NONE', #2211 ) ;
#844 = LINE ( 'NONE', #1227, #2778 ) ;
#845 = DIRECTION ( 'NONE',  ( 1.000000000000000000, 3.491483361109382100E-015, 6.982966722218776000E-015 ) ) ;
#846 = ORIENTED_EDGE ( 'NONE', *, *, #2231, .T. ) ;
#847 = SURFACE_STYLE_FILL_AREA ( #649 ) ;
#848 = ADVANCED_FACE ( 'NONE', ( #804 ), #1945, .F. ) ;
#849 = CARTESIAN_POINT ( 'NONE',  ( 0.9000000000000525400, 2.841000546795202500E-014, -3.749999999999993800 ) ) ;
#850 = VECTOR ( 'NONE', #1726, 1000.000000000000000 ) ;
#851 = VECTOR ( 'NONE', #1925, 1000.000000000000000 ) ;
#852 = LINE ( 'NONE', #623, #1510 ) ;
#853 = FILL_AREA_STYLE ('',( #1822 ) ) ;
#854 = FILL_AREA_STYLE ('',( #1079 ) ) ;
#855 = EDGE_CURVE ( 'NONE', #506, #245, #1379, .T. ) ;
#856 = EDGE_CURVE ( 'NONE', #1377, #2984, #2116, .T. ) ;
#857 = SURFACE_SIDE_STYLE ('',( #487 ) ) ;
#858 = LINE ( 'NONE', #545, #104 ) ;
#859 = PLANE ( 'NONE',  #1369 ) ;
#860 = VERTEX_POINT ( 'NONE', #982 ) ;
#861 = CARTESIAN_POINT ( 'NONE',  ( -2.500000000000012900, 5.799999999999994500, 2.750000000000001800 ) ) ;
#862 = ORIENTED_EDGE ( 'NONE', *, *, #2212, .F. ) ;
#863 = EDGE_CURVE ( 'NONE', #785, #334, #136, .T. ) ;
#864 = CARTESIAN_POINT ( 'NONE',  ( 1.899999999999989900, 4.780000000000010000, 2.750000000000028900 ) ) ;
#865 = DIRECTION ( 'NONE',  ( -6.982966722218764900E-015, -3.369022725727144300E-015, 1.000000000000000000 ) ) ;
#866 = DIRECTION ( 'NONE',  ( -6.982966722218764900E-015, -3.369022725727144300E-015, 1.000000000000000000 ) ) ;
#867 = ORIENTED_EDGE ( 'NONE', *, *, #1951, .T. ) ;
#868 = ADVANCED_FACE ( 'NONE', ( #718, #635 ), #1583, .T. ) ;
#869 = VECTOR ( 'NONE', #2407, 1000.000000000000000 ) ;
#870 = ORIENTED_EDGE ( 'NONE', *, *, #1532, .T. ) ;
#871 =( GEOMETRIC_REPRESENTATION_CONTEXT ( 3 ) GLOBAL_UNCERTAINTY_ASSIGNED_CONTEXT ( ( #1100 ) ) GLOBAL_UNIT_ASSIGNED_CONTEXT ( ( #2903, #2882, #2876 ) ) REPRESENTATION_CONTEXT ( 'NONE', 'WORKASPACE' ) );
#872 = EDGE_LOOP ( 'NONE', ( #2808, #384, #1746, #2459 ) ) ;
#873 = DIRECTION ( 'NONE',  ( 1.000000000000000000, 3.491483361109382100E-015, 6.982966722218776000E-015 ) ) ;
#874 = LINE ( 'NONE', #1685, #796 ) ;
#875 = PLANE ( 'NONE',  #1266 ) ;
#876 = ORIENTED_EDGE ( 'NONE', *, *, #2237, .F. ) ;
#877 =( GEOMETRIC_REPRESENTATION_CONTEXT ( 3 ) GLOBAL_UNCERTAINTY_ASSIGNED_CONTEXT ( ( #1120 ) ) GLOBAL_UNIT_ASSIGNED_CONTEXT ( ( #2274, #618, #82 ) ) REPRESENTATION_CONTEXT ( 'NONE', 'WORKASPACE' ) );
#878 = DIRECTION ( 'NONE',  ( -3.491483361109406500E-015, 1.000000000000000000, 3.491483361109357600E-015 ) ) ;
#879 = ORIENTED_EDGE ( 'NONE', *, *, #1502, .F. ) ;
#880 = PLANE ( 'NONE',  #2252 ) ;
#881 = ORIENTED_EDGE ( 'NONE', *, *, #2366, .F. ) ;
#882 =( GEOMETRIC_REPRESENTATION_CONTEXT ( 3 ) GLOBAL_UNCERTAINTY_ASSIGNED_CONTEXT ( ( #784 ) ) GLOBAL_UNIT_ASSIGNED_CONTEXT ( ( #252, #223, #5 ) ) REPRESENTATION_CONTEXT ( 'NONE', 'WORKASPACE' ) );
#883 = VERTEX_POINT ( 'NONE', #2336 ) ;
#884 = VECTOR ( 'NONE', #2175, 1000.000000000000000 ) ;
#885 = PRESENTATION_STYLE_ASSIGNMENT (( #2510 ) ) ;
#886 = SURFACE_SIDE_STYLE ('',( #529 ) ) ;
#887 = PRESENTATION_LAYER_ASSIGNMENT (  '', '', ( #708 ) ) ;
#888 = LINE ( 'NONE', #631, #225 ) ;
#889 = VECTOR ( 'NONE', #2696, 1000.000000000000000 ) ;
#890 = ADVANCED_FACE ( 'NONE', ( #3143 ), #2107, .F. ) ;
#891 = VERTEX_POINT ( 'NONE', #3054 ) ;
#892 = FACE_OUTER_BOUND ( 'NONE', #2664, .T. ) ;
#893 = DIRECTION ( 'NONE',  ( -6.982966722218764100E-015, -3.491483361109382100E-015, 1.000000000000000000 ) ) ;
#894 = CARTESIAN_POINT ( 'NONE',  ( 2.900000000000013700, -0.09999999999998357400, 1.800000000000019600 ) ) ;
#895 = VECTOR ( 'NONE', #761, 1000.000000000000000 ) ;
#896 =( LENGTH_UNIT ( ) NAMED_UNIT ( * ) SI_UNIT ( .MILLI., .METRE. ) );
#897 = EDGE_CURVE ( 'NONE', #1832, #1066, #2934, .T. ) ;
#898 = DIRECTION ( 'NONE',  ( 1.000000000000000000, 3.491483361109382100E-015, 6.982966722218776000E-015 ) ) ;
#899 = LINE ( 'NONE', #1111, #2753 ) ;
#900 =( NAMED_UNIT ( * ) PLANE_ANGLE_UNIT ( ) SI_UNIT ( $, .RADIAN. ) );
#901 = EDGE_LOOP ( 'NONE', ( #1911, #2577, #2017, #568 ) ) ;
#902 = VERTEX_POINT ( 'NONE', #2782 ) ;
#903 = DIRECTION ( 'NONE',  ( 3.491483361109405700E-015, -1.000000000000000000, -3.369022725727119900E-015 ) ) ;
#904 = DIRECTION ( 'NONE',  ( -6.982966722218764900E-015, -3.369022725727144300E-015, 1.000000000000000000 ) ) ;
#905 = ADVANCED_FACE ( 'NONE', ( #2521 ), #2586, .T. ) ;
#906 = ORIENTED_EDGE ( 'NONE', *, *, #1633, .F. ) ;
#907 = DIRECTION ( 'NONE',  ( 6.982966722218764900E-015, 3.375835129377594800E-015, -1.000000000000000000 ) ) ;
#908 = DIRECTION ( 'NONE',  ( -6.982966722218764100E-015, -3.496323549379406800E-015, 1.000000000000000000 ) ) ;
#909 = DIRECTION ( 'NONE',  ( -3.491483361109406100E-015, 1.000000000000000000, 3.377356816637199900E-015 ) ) ;
#910 = ORIENTED_EDGE ( 'NONE', *, *, #1016, .T. ) ;
#911 = CARTESIAN_POINT ( 'NONE',  ( -1.849999999999966100, 1.550000000000012000, -1.850000000000007900 ) ) ;
#912 = PLANE ( 'NONE',  #21 ) ;
#913 = DIRECTION ( 'NONE',  ( 1.000000000000000000, 3.491483361109382100E-015, 6.982966722218776000E-015 ) ) ;
#914 = EDGE_CURVE ( 'NONE', #2908, #3084, #410, .T. ) ;
#915 = VECTOR ( 'NONE', #2708, 1000.000000000000000 ) ;
#916 = LINE ( 'NONE', #1618, #2342 ) ;
#917 = VECTOR ( 'NONE', #1278, 1000.000000000000000 ) ;
#918 = DIRECTION ( 'NONE',  ( -3.491483361109406500E-015, 1.000000000000000000, 3.491483361109357600E-015 ) ) ;
#919 = ORIENTED_EDGE ( 'NONE', *, *, #1078, .F. ) ;
#920 = ORIENTED_EDGE ( 'NONE', *, *, #288, .F. ) ;
#921 = LINE ( 'NONE', #2918, #2225 ) ;
#922 = ADVANCED_FACE ( 'NONE', ( #562 ), #1646, .F. ) ;
#923 = EDGE_CURVE ( 'NONE', #1496, #19, #1412, .T. ) ;
#924 = VERTEX_POINT ( 'NONE', #378 ) ;
#925 = VECTOR ( 'NONE', #237, 1000.000000000000000 ) ;
#926 = COLOUR_RGB ( '',0.7529411764705882200, 0.7529411764705882200, 0.7529411764705882200 ) ;
#927 = DIRECTION ( 'NONE',  ( -1.000000000000000000, -3.636043650774116300E-015, -6.982966722218776800E-015 ) ) ;
#928 = DIRECTION ( 'NONE',  ( -6.982966722218764900E-015, -3.369022725727144300E-015, 1.000000000000000000 ) ) ;
#929 = PLANE ( 'NONE',  #37 ) ;
#930 = AXIS2_PLACEMENT_3D ( 'NONE', #79, #329, #340 ) ;
#931 = VECTOR ( 'NONE', #72, 1000.000000000000000 ) ;
#932 = ADVANCED_FACE ( 'NONE', ( #1423 ), #345, .F. ) ;
#933 = LINE ( 'NONE', #2596, #98 ) ;
#934 =( LENGTH_UNIT ( ) NAMED_UNIT ( * ) SI_UNIT ( .MILLI., .METRE. ) );
#935 = MECHANICAL_DESIGN_GEOMETRIC_PRESENTATION_REPRESENTATION (  '', ( #423 ), #1083 ) ;
#936 = LINE ( 'NONE', #141, #2236 ) ;
#937 = CARTESIAN_POINT ( 'NONE',  ( 3.300000000000037600, 0.3500000000000302300, -1.799999999999976100 ) ) ;
#938 = FILL_AREA_STYLE_COLOUR ( '', #1039 ) ;
#939 = DIRECTION ( 'NONE',  ( 3.491483361109406500E-015, -1.000000000000000000, -3.491483361109357600E-015 ) ) ;
#940 = DIRECTION ( 'NONE',  ( 1.000000000000000000, 3.491483361109382100E-015, 6.982966722218776000E-015 ) ) ;
#941 = ORIENTED_EDGE ( 'NONE', *, *, #2392, .T. ) ;
#942 = DIRECTION ( 'NONE',  ( -1.000000000000000000, -3.607647879589971900E-015, -6.982966722218776000E-015 ) ) ;
#943 = ORIENTED_EDGE ( 'NONE', *, *, #2593, .F. ) ;
#944 = CARTESIAN_POINT ( 'NONE',  ( 2.450000000000024600, 4.130000000000027400, -1.849999999999968800 ) ) ;
#945 = DIRECTION ( 'NONE',  ( -3.491483361109406500E-015, 1.000000000000000000, 3.491483361109357600E-015 ) ) ;
#946 = CARTESIAN_POINT ( 'NONE',  ( -1.050000000000013400, 5.799999999999999800, 2.750000000000012000 ) ) ;
#947 = ORIENTED_EDGE ( 'NONE', *, *, #248, .F. ) ;
#948 = VECTOR ( 'NONE', #462, 1000.000000000000000 ) ;
#949 = ORIENTED_EDGE ( 'NONE', *, *, #962, .T. ) ;
#950 = DIRECTION ( 'NONE',  ( 6.982966722218764900E-015, 3.369022725727144300E-015, -1.000000000000000000 ) ) ;
#951 = ORIENTED_EDGE ( 'NONE', *, *, #673, .T. ) ;
#952 = ORIENTED_EDGE ( 'NONE', *, *, #2025, .F. ) ;
#953 = DIRECTION ( 'NONE',  ( -3.491483361109405700E-015, 1.000000000000000000, 3.369022725727119900E-015 ) ) ;
#954 = EDGE_CURVE ( 'NONE', #1316, #837, #2630, .T. ) ;
#955 = CARTESIAN_POINT ( 'NONE',  ( 2.900000000000033200, 5.600000000000036900, -3.849999999999961000 ) ) ;
#956 = CARTESIAN_POINT ( 'NONE',  ( -1.850000000000000100, 2.149999999999997200, 2.749999999999994200 ) ) ;
#957 = ORIENTED_EDGE ( 'NONE', *, *, #3017, .T. ) ;
#958 = PRESENTATION_STYLE_ASSIGNMENT (( #2460 ) ) ;
#959 = ORIENTED_EDGE ( 'NONE', *, *, #386, .F. ) ;
#960 = PLANE ( 'NONE',  #2145 ) ;
#961 = PRESENTATION_STYLE_ASSIGNMENT (( #2881 ) ) ;
#962 = EDGE_CURVE ( 'NONE', #2312, #2111, #1995, .T. ) ;
#963 = PLANE ( 'NONE',  #364 ) ;
#964 = LINE ( 'NONE', #178, #2195 ) ;
#965 = EDGE_CURVE ( 'NONE', #245, #2426, #2068, .T. ) ;
#966 = DIRECTION ( 'NONE',  ( -1.000000000000000000, -3.491483361109382100E-015, -6.982966722218776000E-015 ) ) ;
#967 = LINE ( 'NONE', #833, #2901 ) ;
#968 = VECTOR ( 'NONE', #1214, 1000.000000000000000 ) ;
#969 = ORIENTED_EDGE ( 'NONE', *, *, #1130, .T. ) ;
#970 = LINE ( 'NONE', #1509, #302 ) ;
#971 = CARTESIAN_POINT ( 'NONE',  ( -3.750000000000000000, -1.309306260416018300E-014, 3.749999999999973800 ) ) ;
#972 = VECTOR ( 'NONE', #1384, 1000.000000000000000 ) ;
#973 = ORIENTED_EDGE ( 'NONE', *, *, #3058, .T. ) ;
#974 = CARTESIAN_POINT ( 'NONE',  ( 3.750000000000000000, 1.309306260416018300E-014, 3.750000000000025800 ) ) ;
#975 = PLANE ( 'NONE',  #3079 ) ;
#976 = EDGE_CURVE ( 'NONE', #1264, #2960, #1330, .T. ) ;
#977 = FILL_AREA_STYLE_COLOUR ( '', #3004 ) ;
#978 = ORIENTED_EDGE ( 'NONE', *, *, #2973, .F. ) ;
#979 = DIRECTION ( 'NONE',  ( -6.982966722218764900E-015, -3.491483361109382500E-015, 1.000000000000000000 ) ) ;
#980 = CARTESIAN_POINT ( 'NONE',  ( -0.8999999999999386300, -0.09999999999997304100, -4.950000000000006400 ) ) ;
#981 = EDGE_CURVE ( 'NONE', #2324, #2408, #1913, .T. ) ;
#982 = CARTESIAN_POINT ( 'NONE',  ( 2.350000000000041400, 2.500000000000032000, -3.449999999999975800 ) ) ;
#983 = CARTESIAN_POINT ( 'NONE',  ( -2.500000000000020000, 5.799999999999990900, 3.750000000000002200 ) ) ;
#984 = ORIENTED_EDGE ( 'NONE', *, *, #51, .T. ) ;
#985 =( GEOMETRIC_REPRESENTATION_CONTEXT ( 3 ) GLOBAL_UNCERTAINTY_ASSIGNED_CONTEXT ( ( #1681 ) ) GLOBAL_UNIT_ASSIGNED_CONTEXT ( ( #1814, #1823, #1335 ) ) REPRESENTATION_CONTEXT ( 'NONE', 'WORKASPACE' ) );
#986 = VERTEX_POINT ( 'NONE', #2878 ) ;
#987 = UNCERTAINTY_MEASURE_WITH_UNIT (LENGTH_MEASURE( 1.000000000000000100E-005 ), #419, 'distance_accuracy_value', 'NONE');
#988 =( GEOMETRIC_REPRESENTATION_CONTEXT ( 3 ) GLOBAL_UNCERTAINTY_ASSIGNED_CONTEXT ( ( #1600 ) ) GLOBAL_UNIT_ASSIGNED_CONTEXT ( ( #1438, #3109, #1680 ) ) REPRESENTATION_CONTEXT ( 'NONE', 'WORKASPACE' ) );
#989 = DIRECTION ( 'NONE',  ( -1.000000000000000000, -3.491483361109382100E-015, -6.982966722218776000E-015 ) ) ;
#990 = VECTOR ( 'NONE', #2220, 1000.000000000000000 ) ;
#991 = CARTESIAN_POINT ( 'NONE',  ( 1.050000000000024900, 5.300000000000025600, -2.449999999999975800 ) ) ;
#992 =( NAMED_UNIT ( * ) PLANE_ANGLE_UNIT ( ) SI_UNIT ( $, .RADIAN. ) );
#993 = VECTOR ( 'NONE', #30, 1000.000000000000000 ) ;
#994 = PLANE ( 'NONE',  #377 ) ;
#995 = ORIENTED_EDGE ( 'NONE', *, *, #2554, .T. ) ;
#996 = EDGE_CURVE ( 'NONE', #2890, #1277, #1834, .T. ) ;
#998 = EDGE_LOOP ( 'NONE', ( #2257, #2969, #2589, #33 ) ) ;
#997 = COLOUR_RGB ( '',0.7529411764705882200, 0.7529411764705882200, 0.7529411764705882200 ) ;
#999 = DIRECTION ( 'NONE',  ( -1.000000000000000000, -3.491483361109382100E-015, -6.982966722218776000E-015 ) ) ;
#1000 = EDGE_CURVE ( 'NONE', #2859, #1460, #2475, .T. ) ;
#1001 = DIRECTION ( 'NONE',  ( -6.982966722218765700E-015, -3.355958089548694400E-015, 1.000000000000000000 ) ) ;
#1002 = LINE ( 'NONE', #522, #1072 ) ;
#1003 = VECTOR ( 'NONE', #1610, 1000.000000000000000 ) ;
#1004 =( LENGTH_UNIT ( ) NAMED_UNIT ( * ) SI_UNIT ( .MILLI., .METRE. ) );
#1005 = PRESENTATION_LAYER_ASSIGNMENT (  '', '', ( #664 ) ) ;
#1006 = VECTOR ( 'NONE', #2383, 1000.000000000000000 ) ;
#1007 = ADVANCED_FACE ( 'NONE', ( #583 ), #2393, .T. ) ;
#1008 = DIRECTION ( 'NONE',  ( 3.636043650774139900E-015, -1.000000000000000000, -3.369022725727118700E-015 ) ) ;
#1009 = FACE_OUTER_BOUND ( 'NONE', #751, .T. ) ;
#1010 = FILL_AREA_STYLE ('',( #2490 ) ) ;
#1011 = DIRECTION ( 'NONE',  ( -6.982966722218764900E-015, -3.369022725727144300E-015, 1.000000000000000000 ) ) ;
#1012 = DIRECTION ( 'NONE',  ( 3.636043650774139900E-015, -1.000000000000000000, -3.369022725727118700E-015 ) ) ;
#1013 = EDGE_LOOP ( 'NONE', ( #2553, #1994, #1171, #127, #49, #951, #2259, #2300, #3001, #2443, #1217, #1336, #2157, #471, #2431, #1870 ) ) ;
#1014 =( NAMED_UNIT ( * ) PLANE_ANGLE_UNIT ( ) SI_UNIT ( $, .RADIAN. ) );
#1015 = EDGE_CURVE ( 'NONE', #2946, #698, #1763, .T. ) ;
#1016 = EDGE_CURVE ( 'NONE', #323, #585, #3028, .T. ) ;
#1017 = PLANE ( 'NONE',  #1236 ) ;
#1018 = ADVANCED_FACE ( 'NONE', ( #2327 ), #3129, .F. ) ;
#1019 = CARTESIAN_POINT ( 'NONE',  ( -1.850000000000004800, 3.399999999999996800, 2.749999999999998200 ) ) ;
#1020 = EDGE_CURVE ( 'NONE', #585, #622, #2105, .T. ) ;
#1021 = DIRECTION ( 'NONE',  ( 3.491483361109406500E-015, -1.000000000000000000, -3.491483361109357600E-015 ) ) ;
#1022 = ORIENTED_EDGE ( 'NONE', *, *, #1056, .F. ) ;
#1023 = DIRECTION ( 'NONE',  ( -6.982966722218764900E-015, -3.369022725727144300E-015, 1.000000000000000000 ) ) ;
#1024 = VECTOR ( 'NONE', #595, 1000.000000000000000 ) ;
#1025 = ORIENTED_EDGE ( 'NONE', *, *, #737, .F. ) ;
#1026 = ORIENTED_EDGE ( 'NONE', *, *, #3114, .T. ) ;
#1027 = DIRECTION ( 'NONE',  ( -1.000000000000000000, -3.157882692652303700E-015, -6.982966722218775200E-015 ) ) ;
#1028 = ORIENTED_EDGE ( 'NONE', *, *, #742, .T. ) ;
#1029 = CARTESIAN_POINT ( 'NONE',  ( -2.500000000000007100, 2.149999999999991900, 3.749999999999989300 ) ) ;
#1030 = ORIENTED_EDGE ( 'NONE', *, *, #1861, .T. ) ;
#1031 = FILL_AREA_STYLE ('',( #777 ) ) ;
#1032 = ORIENTED_EDGE ( 'NONE', *, *, #954, .T. ) ;
#1033 = DIRECTION ( 'NONE',  ( -3.491483361109405700E-015, 1.000000000000000000, 3.375835129377570300E-015 ) ) ;
#1034 = EDGE_CURVE ( 'NONE', #1712, #676, #874, .T. ) ;
#1035 = EDGE_LOOP ( 'NONE', ( #1673, #2947, #3013, #3087, #75, #1785 ) ) ;
#1036 = VECTOR ( 'NONE', #979, 1000.000000000000000 ) ;
#1037 = LINE ( 'NONE', #624, #294 ) ;
#1038 = CARTESIAN_POINT ( 'NONE',  ( -3.749999999999969800, 5.800000000000010500, -3.450000000000006800 ) ) ;
#1039 = COLOUR_RGB ( '',0.0000000000000000000, 0.0000000000000000000, 0.6274509803921568500 ) ;
#1040 = CARTESIAN_POINT ( 'NONE',  ( -3.300000000000006000, 5.599999999999996100, 1.799999999999995800 ) ) ;
#1041 = LINE ( 'NONE', #1534, #379 ) ;
#1042 = VECTOR ( 'NONE', #3139, 1000.000000000000000 ) ;
#1043 = DIRECTION ( 'NONE',  ( 6.982966722218764100E-015, 3.491483361109382100E-015, -1.000000000000000000 ) ) ;
#1044 = ADVANCED_FACE ( 'NONE', ( #2667 ), #975, .F. ) ;
#1045 = FILL_AREA_STYLE_COLOUR ( '', #1812 ) ;
#1046 = ORIENTED_EDGE ( 'NONE', *, *, #386, .T. ) ;
#1047 =( LENGTH_UNIT ( ) NAMED_UNIT ( * ) SI_UNIT ( .MILLI., .METRE. ) );
#1048 = ORIENTED_EDGE ( 'NONE', *, *, #1486, .F. ) ;
#1049 = MECHANICAL_DESIGN_GEOMETRIC_PRESENTATION_REPRESENTATION (  '', ( #708 ), #1208 ) ;
#1050 = ORIENTED_EDGE ( 'NONE', *, *, #662, .T. ) ;
#1051 = CARTESIAN_POINT ( 'NONE',  ( 2.350000000000038300, 2.707450691592783200E-014, -1.799999999999983800 ) ) ;
#1052 = DIRECTION ( 'NONE',  ( 1.000000000000000000, 3.491483361109382100E-015, 6.982966722218776000E-015 ) ) ;
#1053 = PLANE ( 'NONE',  #2772 ) ;
#1054 = CARTESIAN_POINT ( 'NONE',  ( 2.450000000000024600, 4.130000000000027400, -1.849999999999968800 ) ) ;
#1055 = APPLICATION_PROTOCOL_DEFINITION ( 'draft international standard', 'automotive_design', 1998, #1296 ) ;
#1056 = EDGE_CURVE ( 'NONE', #2536, #1657, #2736, .T. ) ;
#1057 = CARTESIAN_POINT ( 'NONE',  ( 1.049999999999999400, 5.300000000000013100, 1.250000000000024900 ) ) ;
#1058 = ADVANCED_FACE ( 'NONE', ( #709, #2031 ), #426, .F. ) ;
#1059 = ORIENTED_EDGE ( 'NONE', *, *, #923, .F. ) ;
#1060 = CARTESIAN_POINT ( 'NONE',  ( -2.500000000000007100, 2.149999999999991900, 3.749999999999989300 ) ) ;
#1061 = DIRECTION ( 'NONE',  ( -6.982966722218765700E-015, -3.355958089548694400E-015, 1.000000000000000000 ) ) ;
#1062 = ORIENTED_EDGE ( 'NONE', *, *, #1900, .F. ) ;
#1063 = AXIS2_PLACEMENT_3D ( 'NONE', #1446, #1434, #1187 ) ;
#1064 = PRODUCT_CONTEXT ( 'NONE', #1296, 'mechanical' ) ;
#1065 = LINE ( 'NONE', #2957, #993 ) ;
#1066 = VERTEX_POINT ( 'NONE', #1537 ) ;
#1067 = FILL_AREA_STYLE ('',( #3006 ) ) ;
#1068 = DIRECTION ( 'NONE',  ( 6.982966722218764900E-015, 3.375835129377594800E-015, -1.000000000000000000 ) ) ;
#1069 = STYLED_ITEM ( 'NONE', ( #158 ), #1941 ) ;
#1070 = EDGE_LOOP ( 'NONE', ( #88, #2705, #2155, #1572 ) ) ;
#1071 = EDGE_CURVE ( 'NONE', #1125, #1916, #1373, .T. ) ;
#1072 = VECTOR ( 'NONE', #508, 1000.000000000000000 ) ;
#1073 = FACE_OUTER_BOUND ( 'NONE', #1035, .T. ) ;
#1074 = FACE_OUTER_BOUND ( 'NONE', #2860, .T. ) ;
#1075 = CARTESIAN_POINT ( 'NONE',  ( 1.850000000000027200, 3.400000000000025200, -1.849999999999975000 ) ) ;
#1076 = LINE ( 'NONE', #2448, #2943 ) ;
#1077 = CARTESIAN_POINT ( 'NONE',  ( -2.500000000000000000, 2.149999999999995000, 2.749999999999989300 ) ) ;
#1078 = EDGE_CURVE ( 'NONE', #902, #1609, #50, .T. ) ;
#1079 = FILL_AREA_STYLE_COLOUR ( '', #153 ) ;
#1080 = CARTESIAN_POINT ( 'NONE',  ( -3.750000000000000000, -1.309306260416018300E-014, 3.749999999999973800 ) ) ;
#1081 = STYLED_ITEM ( 'NONE', ( #2528 ), #2316 ) ;
#1082 = ORIENTED_EDGE ( 'NONE', *, *, #224, .T. ) ;
#1083 =( GEOMETRIC_REPRESENTATION_CONTEXT ( 3 ) GLOBAL_UNCERTAINTY_ASSIGNED_CONTEXT ( ( #1983 ) ) GLOBAL_UNIT_ASSIGNED_CONTEXT ( ( #2450, #992, #2695 ) ) REPRESENTATION_CONTEXT ( 'NONE', 'WORKASPACE' ) );
#1084 = CARTESIAN_POINT ( 'NONE',  ( -1.049999999999975400, 5.300000000000018500, -2.449999999999989500 ) ) ;
#1085 = PLANE ( 'NONE',  #2914 ) ;
#1086 = CARTESIAN_POINT ( 'NONE',  ( -2.349999999999961000, 1.066453511871373800E-014, -1.800000000000016900 ) ) ;
#1087 = CARTESIAN_POINT ( 'NONE',  ( -2.500000000000012900, 5.799999999999994500, 2.750000000000001800 ) ) ;
#1088 = ORIENTED_EDGE ( 'NONE', *, *, #604, .F. ) ;
#1089 = CARTESIAN_POINT ( 'NONE',  ( 1.850000000000027200, 3.400000000000025200, -1.849999999999975000 ) ) ;
#1090 =( LENGTH_UNIT ( ) NAMED_UNIT ( * ) SI_UNIT ( .MILLI., .METRE. ) );
#1091 = DIRECTION ( 'NONE',  ( 1.000000000000000000, 3.491483361109382100E-015, 6.982966722218776000E-015 ) ) ;
#1092 = ORIENTED_EDGE ( 'NONE', *, *, #512, .F. ) ;
#1093 = STYLED_ITEM ( 'NONE', ( #2684 ), #170 ) ;
#1094 = ORIENTED_EDGE ( 'NONE', *, *, #120, .F. ) ;
#1095 = DIRECTION ( 'NONE',  ( 6.982966722218764900E-015, 3.369022725727144300E-015, -1.000000000000000000 ) ) ;
#1096 = VERTEX_POINT ( 'NONE', #747 ) ;
#1097 = CARTESIAN_POINT ( 'NONE',  ( -3.299999999999966500, -0.09999999999999542600, -1.000000000000023500 ) ) ;
#1098 = SURFACE_STYLE_FILL_AREA ( #2659 ) ;
#1099 = VERTEX_POINT ( 'NONE', #1246 ) ;
#1100 = UNCERTAINTY_MEASURE_WITH_UNIT (LENGTH_MEASURE( 1.000000000000000100E-005 ), #2903, 'distance_accuracy_value', 'NONE');
#1101 = VERTEX_POINT ( 'NONE', #786 ) ;
#1102 = CARTESIAN_POINT ( 'NONE',  ( -0.8999999999999501700, 2.077772632766427600E-014, -3.350000000000005000 ) ) ;
#1103 = EDGE_LOOP ( 'NONE', ( #1950, #1365, #1408, #2771 ) ) ;
#1104 = LINE ( 'NONE', #801, #1036 ) ;
#1105 = ADVANCED_FACE ( 'NONE', ( #3135 ), #1017, .F. ) ;
#1106 = ADVANCED_FACE ( 'NONE', ( #402 ), #1764, .F. ) ;
#1107 = PRESENTATION_STYLE_ASSIGNMENT (( #2922 ) ) ;
#1108 = LINE ( 'NONE', #656, #1617 ) ;
#1109 = VECTOR ( 'NONE', #166, 1000.000000000000000 ) ;
#1110 = DIRECTION ( 'NONE',  ( -6.982966722218764900E-015, -3.369022725727144300E-015, 1.000000000000000000 ) ) ;
#1111 = CARTESIAN_POINT ( 'NONE',  ( 2.450000000000027300, 3.400000000000027400, -1.849999999999970600 ) ) ;
#1112 = EDGE_CURVE ( 'NONE', #2435, #1292, #2294, .T. ) ;
#1113 = PLANE ( 'NONE',  #2166 ) ;
#1114 = LINE ( 'NONE', #151, #1042 ) ;
#1115 = ORIENTED_EDGE ( 'NONE', *, *, #544, .F. ) ;
#1116 = DIRECTION ( 'NONE',  ( -3.641028488348785700E-015, 1.000000000000000000, 3.369022725727118700E-015 ) ) ;
#1117 = EDGE_CURVE ( 'NONE', #1460, #2946, #2926, .T. ) ;
#1118 = ORIENTED_EDGE ( 'NONE', *, *, #715, .T. ) ;
#1119 = CARTESIAN_POINT ( 'NONE',  ( -0.8999999999999501700, 2.072874207351138200E-014, -3.350000000000005000 ) ) ;
#1120 = UNCERTAINTY_MEASURE_WITH_UNIT (LENGTH_MEASURE( 1.000000000000000100E-005 ), #2274, 'distance_accuracy_value', 'NONE');
#1121 = EDGE_CURVE ( 'NONE', #2700, #2390, #2592, .T. ) ;
#1122 = SURFACE_STYLE_USAGE ( .BOTH. , #1398 ) ;
#1123 = DIRECTION ( 'NONE',  ( 6.982966722218764100E-015, 3.491483361109382100E-015, -1.000000000000000000 ) ) ;
#1124 = DIRECTION ( 'NONE',  ( -3.491483361109405700E-015, 1.000000000000000000, 3.355958089548669600E-015 ) ) ;
#1125 = VERTEX_POINT ( 'NONE', #2462 ) ;
#1126 = CARTESIAN_POINT ( 'NONE',  ( 1.049999999999994300, 3.700000000000007300, 2.750000000000020000 ) ) ;
#1127 = DIRECTION ( 'NONE',  ( -6.982966722218764900E-015, -3.369022725727144300E-015, 1.000000000000000000 ) ) ;
#1128 = CARTESIAN_POINT ( 'NONE',  ( 3.750000000000043500, 2.500000000000037700, -3.749999999999966200 ) ) ;
#1129 = ORIENTED_EDGE ( 'NONE', *, *, #2877, .F. ) ;
#1130 = EDGE_CURVE ( 'NONE', #1955, #837, #1564, .T. ) ;
#1131 = CARTESIAN_POINT ( 'NONE',  ( -3.749999999999958300, 2.500000000000011100, -3.450000000000017900 ) ) ;
#1132 =( NAMED_UNIT ( * ) SI_UNIT ( $, .STERADIAN. ) SOLID_ANGLE_UNIT ( ) );
#1133 = LINE ( 'NONE', #1944, #756 ) ;
#1134 = ORIENTED_EDGE ( 'NONE', *, *, #1165, .T. ) ;
#1135 = AXIS2_PLACEMENT_3D ( 'NONE', #1080, #643, #628 ) ;
#1136 = UNCERTAINTY_MEASURE_WITH_UNIT (LENGTH_MEASURE( 1.000000000000000100E-005 ), #1908, 'distance_accuracy_value', 'NONE');
#1137 = ADVANCED_FACE ( 'NONE', ( #2218 ), #1975, .F. ) ;
#1138 = EDGE_CURVE ( 'NONE', #447, #2185, #8, .T. ) ;
#1139 = CARTESIAN_POINT ( 'NONE',  ( -1.349999999999994300, 3.330000000000005000, 1.250000000000001600 ) ) ;
#1140 = CARTESIAN_POINT ( 'NONE',  ( 0.9000000000000502000, -0.09999999999997211100, -3.349999999999994300 ) ) ;
#1141 = ORIENTED_EDGE ( 'NONE', *, *, #571, .F. ) ;
#1142 = DIRECTION ( 'NONE',  ( -3.491483361109405700E-015, 1.000000000000000000, 3.375835129377570300E-015 ) ) ;
#1143 = VECTOR ( 'NONE', #2910, 1000.000000000000000 ) ;
#1144 = ADVANCED_FACE ( 'NONE', ( #1991 ), #1085, .F. ) ;
#1145 = VERTEX_POINT ( 'NONE', #1830 ) ;
#1146 = EDGE_LOOP ( 'NONE', ( #1362, #1752, #1517, #1415 ) ) ;
#1147 = VECTOR ( 'NONE', #1959, 1000.000000000000000 ) ;
#1148 = ORIENTED_EDGE ( 'NONE', *, *, #179, .F. ) ;
#1149 = DIRECTION ( 'NONE',  ( 3.608694406783515000E-015, -1.000000000000000000, -3.491483361109357200E-015 ) ) ;
#1150 = CARTESIAN_POINT ( 'NONE',  ( 1.050000000000004900, 3.700000000000012200, 1.250000000000019800 ) ) ;
#1151 = PRESENTATION_STYLE_ASSIGNMENT (( #1122 ) ) ;
#1152 = ADVANCED_FACE ( 'NONE', ( #669 ), #600, .F. ) ;
#1153 = VERTEX_POINT ( 'NONE', #359 ) ;
#1154 = CARTESIAN_POINT ( 'NONE',  ( -3.749999999999962300, 0.3500000000000057000, -1.800000000000025600 ) ) ;
#1155 = EDGE_CURVE ( 'NONE', #2148, #2821, #1910, .T. ) ;
#1156 = EDGE_LOOP ( 'NONE', ( #83, #1456, #2323, #509 ) ) ;
#1157 = ADVANCED_FACE ( 'NONE', ( #1248 ), #2318, .T. ) ;
#1158 = MECHANICAL_DESIGN_GEOMETRIC_PRESENTATION_REPRESENTATION (  '', ( #664 ), #1325 ) ;
#1159 = PLANE ( 'NONE',  #354 ) ;
#1160 = VERTEX_POINT ( 'NONE', #94 ) ;
#1161 = CARTESIAN_POINT ( 'NONE',  ( 2.499999999999992500, 2.150000000000009200, 3.750000000000024400 ) ) ;
#1162 =( NAMED_UNIT ( * ) SI_UNIT ( $, .STERADIAN. ) SOLID_ANGLE_UNIT ( ) );
#1163 = CARTESIAN_POINT ( 'NONE',  ( 3.300000000000038900, 3.250000000000036900, -3.449999999999966000 ) ) ;
#1164 = VERTEX_POINT ( 'NONE', #1168 ) ;
#1165 = EDGE_CURVE ( 'NONE', #3158, #1176, #2885, .T. ) ;
#1166 = FILL_AREA_STYLE ('',( #938 ) ) ;
#1167 = CARTESIAN_POINT ( 'NONE',  ( 2.900000000000033200, 5.600000000000036900, -3.849999999999961000 ) ) ;
#1168 = CARTESIAN_POINT ( 'NONE',  ( -2.349999999999961000, 1.066453511871373800E-014, -1.800000000000016900 ) ) ;
#1169 = EDGE_CURVE ( 'NONE', #2625, #1264, #2251, .T. ) ;
#1170 = EDGE_LOOP ( 'NONE', ( #678, #757, #2076, #411 ) ) ;
#1171 = ORIENTED_EDGE ( 'NONE', *, *, #162, .T. ) ;
#1172 = VERTEX_POINT ( 'NONE', #2660 ) ;
#1173 = VECTOR ( 'NONE', #2205, 1000.000000000000000 ) ;
#1174 = SURFACE_SIDE_STYLE ('',( #2895 ) ) ;
#1175 = UNCERTAINTY_MEASURE_WITH_UNIT (LENGTH_MEASURE( 1.000000000000000100E-005 ), #2465, 'distance_accuracy_value', 'NONE');
#1176 = VERTEX_POINT ( 'NONE', #1938 ) ;
#1177 = ORIENTED_EDGE ( 'NONE', *, *, #1337, .F. ) ;
#1178 = ORIENTED_EDGE ( 'NONE', *, *, #2322, .T. ) ;
#1179 = SURFACE_STYLE_FILL_AREA ( #1031 ) ;
#1180 = CARTESIAN_POINT ( 'NONE',  ( -1.899999999999975300, 4.130000000000012300, -1.849999999999999200 ) ) ;
#1181 = EDGE_CURVE ( 'NONE', #2707, #59, #357, .T. ) ;
#1182 = DIRECTION ( 'NONE',  ( -3.491483361109405700E-015, 1.000000000000000000, 3.375835129377570300E-015 ) ) ;
#1183 = ORIENTED_EDGE ( 'NONE', *, *, #2333, .F. ) ;
#1184 = VECTOR ( 'NONE', #2250, 1000.000000000000000 ) ;
#1185 = PRESENTATION_STYLE_ASSIGNMENT (( #2391 ) ) ;
#1186 = CARTESIAN_POINT ( 'NONE',  ( -3.750000000000020400, 5.799999999999986500, 3.749999999999993300 ) ) ;
#1187 = DIRECTION ( 'NONE',  ( 6.982966722218764900E-015, 3.337968009253027300E-015, -1.000000000000000000 ) ) ;
#1188 =( NAMED_UNIT ( * ) SI_UNIT ( $, .STERADIAN. ) SOLID_ANGLE_UNIT ( ) );
#1189 = VECTOR ( 'NONE', #2856, 1000.000000000000000 ) ;
#1190 = LINE ( 'NONE', #174, #457 ) ;
#1191 = VERTEX_POINT ( 'NONE', #1703 ) ;
#1192 = VECTOR ( 'NONE', #3056, 1000.000000000000000 ) ;
#1193 = CARTESIAN_POINT ( 'NONE',  ( 0.9000000000000595300, 0.4000000000000334400, -4.949999999999991300 ) ) ;
#1194 = PRESENTATION_STYLE_ASSIGNMENT (( #2029 ) ) ;
#1195 = EDGE_CURVE ( 'NONE', #2984, #1125, #1528, .T. ) ;
#1196 = FACE_OUTER_BOUND ( 'NONE', #3003, .T. ) ;
#1197 = CARTESIAN_POINT ( 'NONE',  ( -1.350000000000004500, 3.329999999999999200, 2.750000000000001800 ) ) ;
#1198 = ORIENTED_EDGE ( 'NONE', *, *, #1034, .F. ) ;
#1199 = ORIENTED_EDGE ( 'NONE', *, *, #2174, .T. ) ;
#1200 = CARTESIAN_POINT ( 'NONE',  ( -2.349999999999955700, 2.500000000000016400, -3.750000000000008400 ) ) ;
#1201 = VERTEX_POINT ( 'NONE', #1876 ) ;
#1202 = DIRECTION ( 'NONE',  ( -6.982966722218764900E-015, -3.377356816637223900E-015, 1.000000000000000000 ) ) ;
#1203 = ORIENTED_EDGE ( 'NONE', *, *, #1071, .T. ) ;
#1204 = PLANE ( 'NONE',  #2256 ) ;
#1205 = STYLED_ITEM ( 'NONE', ( #414 ), #1873 ) ;
#1206 = CARTESIAN_POINT ( 'NONE',  ( -1.050000000000006000, 3.699999999999999700, 2.750000000000004900 ) ) ;
#1207 = ORIENTED_EDGE ( 'NONE', *, *, #1071, .F. ) ;
#1208 =( GEOMETRIC_REPRESENTATION_CONTEXT ( 3 ) GLOBAL_UNCERTAINTY_ASSIGNED_CONTEXT ( ( #2737 ) ) GLOBAL_UNIT_ASSIGNED_CONTEXT ( ( #1090, #2796, #1339 ) ) REPRESENTATION_CONTEXT ( 'NONE', 'WORKASPACE' ) );
#1209 = ORIENTED_EDGE ( 'NONE', *, *, #2310, .F. ) ;
#1210 = PLANE ( 'NONE',  #3090 ) ;
#1211 = LINE ( 'NONE', #2670, #203 ) ;
#1212 = ORIENTED_EDGE ( 'NONE', *, *, #2171, .F. ) ;
#1213 = DIRECTION ( 'NONE',  ( -6.982966722218764900E-015, -3.369022725727144300E-015, 1.000000000000000000 ) ) ;
#1214 = DIRECTION ( 'NONE',  ( -6.982966722218764900E-015, -3.369022725727144300E-015, 1.000000000000000000 ) ) ;
#1215 = CARTESIAN_POINT ( 'NONE',  ( -3.299999999999958500, 2.500000000000012000, -3.450000000000015700 ) ) ;
#1216 = EDGE_CURVE ( 'NONE', #1962, #110, #2181, .T. ) ;
#1217 = ORIENTED_EDGE ( 'NONE', *, *, #1155, .T. ) ;
#1218 = DIRECTION ( 'NONE',  ( -1.000000000000000000, -3.491483361109382100E-015, -6.982966722218776000E-015 ) ) ;
#1219 = LINE ( 'NONE', #2184, #553 ) ;
#1220 = CARTESIAN_POINT ( 'NONE',  ( 0.6000000000000512700, 0.4000000000000282800, -3.749999999999993800 ) ) ;
#1221 = ORIENTED_EDGE ( 'NONE', *, *, #1516, .F. ) ;
#1222 = VECTOR ( 'NONE', #3008, 1000.000000000000000 ) ;
#1223 = VECTOR ( 'NONE', #3124, 1000.000000000000000 ) ;
#1224 = DIRECTION ( 'NONE',  ( 3.491483361109405700E-015, -1.000000000000000000, -3.369022725727119900E-015 ) ) ;
#1225 = VECTOR ( 'NONE', #1750, 1000.000000000000000 ) ;
#1226 = CARTESIAN_POINT ( 'NONE',  ( -2.500000000000012900, 5.799999999999994500, 2.750000000000001800 ) ) ;
#1227 = CARTESIAN_POINT ( 'NONE',  ( -2.449999999999972600, 3.400000000000010100, -1.850000000000005200 ) ) ;
#1228 = VECTOR ( 'NONE', #1061, 1000.000000000000000 ) ;
#1229 = PRESENTATION_LAYER_ASSIGNMENT (  '', '', ( #1069 ) ) ;
#1230 = ORIENTED_EDGE ( 'NONE', *, *, #1502, .T. ) ;
#1231 = ORIENTED_EDGE ( 'NONE', *, *, #352, .T. ) ;
#1232 = DIRECTION ( 'NONE',  ( 6.982966722218764900E-015, 3.369022725727144300E-015, -1.000000000000000000 ) ) ;
#1233 = EDGE_CURVE ( 'NONE', #2707, #2661, #2807, .T. ) ;
#1234 = ORIENTED_EDGE ( 'NONE', *, *, #291, .F. ) ;
#1235 = CARTESIAN_POINT ( 'NONE',  ( 3.300000000000014000, -0.09999999999998218600, 1.800000000000022500 ) ) ;
#1236 = AXIS2_PLACEMENT_3D ( 'NONE', #1040, #1733, #1744 ) ;
#1237 = DIRECTION ( 'NONE',  ( 6.982966722218764900E-015, 3.369022725727144300E-015, -1.000000000000000000 ) ) ;
#1238 = ORIENTED_EDGE ( 'NONE', *, *, #1486, .T. ) ;
#1239 = ORIENTED_EDGE ( 'NONE', *, *, #807, .F. ) ;
#1240 = EDGE_CURVE ( 'NONE', #1713, #1160, #2732, .T. ) ;
#1241 =( NAMED_UNIT ( * ) SI_UNIT ( $, .STERADIAN. ) SOLID_ANGLE_UNIT ( ) );
#1242 = PLANE ( 'NONE',  #40 ) ;
#1243 = AXIS2_PLACEMENT_3D ( 'NONE', #2060, #2566, #839 ) ;
#1244 = DIRECTION ( 'NONE',  ( -6.982966722218764900E-015, -3.369022725727144300E-015, 1.000000000000000000 ) ) ;
#1245 = VERTEX_POINT ( 'NONE', #864 ) ;
#1246 = CARTESIAN_POINT ( 'NONE',  ( -0.8999999999999386300, -0.09999999999997304100, -4.950000000000006400 ) ) ;
#1247 = DIRECTION ( 'NONE',  ( -3.491483361109405700E-015, 1.000000000000000000, 3.375835129377570300E-015 ) ) ;
#1248 = FACE_OUTER_BOUND ( 'NONE', #48, .T. ) ;
#1249 = ORIENTED_EDGE ( 'NONE', *, *, #417, .T. ) ;
#1250 = CARTESIAN_POINT ( 'NONE',  ( -2.899999999999966600, -0.09999999999999402400, -1.000000000000020000 ) ) ;
#1251 = ORIENTED_EDGE ( 'NONE', *, *, #1699, .F. ) ;
#1252 = ORIENTED_EDGE ( 'NONE', *, *, #832, .T. ) ;
#1253 = VECTOR ( 'NONE', #605, 1000.000000000000000 ) ;
#1254 = ORIENTED_EDGE ( 'NONE', *, *, #1581, .T. ) ;
#1255 = ORIENTED_EDGE ( 'NONE', *, *, #2007, .F. ) ;
#1256 = FACE_OUTER_BOUND ( 'NONE', #872, .T. ) ;
#1257 = DIRECTION ( 'NONE',  ( 1.000000000000000000, 3.491483361109382100E-015, 6.982966722218776000E-015 ) ) ;
#1258 = ORIENTED_EDGE ( 'NONE', *, *, #563, .F. ) ;
#1259 = VECTOR ( 'NONE', #989, 1000.000000000000000 ) ;
#1260 = LINE ( 'NONE', #2623, #1923 ) ;
#1261 = PLANE ( 'NONE',  #2673 ) ;
#1262 = AXIS2_PLACEMENT_3D ( 'NONE', #1632, #1611, #1601 ) ;
#1263 = PLANE ( 'NONE',  #1587 ) ;
#1264 = VERTEX_POINT ( 'NONE', #2830 ) ;
#1265 = LINE ( 'NONE', #1403, #1189 ) ;
#1266 = AXIS2_PLACEMENT_3D ( 'NONE', #2820, #2805, #2606 ) ;
#1267 = VECTOR ( 'NONE', #2094, 1000.000000000000000 ) ;
#1268 = SURFACE_STYLE_USAGE ( .BOTH. , #886 ) ;
#1269 = VECTOR ( 'NONE', #1091, 1000.000000000000000 ) ;
#1270 = CARTESIAN_POINT ( 'NONE',  ( -3.750000000000001300, 0.3499999999999868800, 3.749999999999974700 ) ) ;
#1271 = VECTOR ( 'NONE', #2726, 1000.000000000000000 ) ;
#1272 = ORIENTED_EDGE ( 'NONE', *, *, #1740, .F. ) ;
#1273 = DIRECTION ( 'NONE',  ( 3.491483361109406500E-015, -1.000000000000000000, -3.491483361109357600E-015 ) ) ;
#1274 = LINE ( 'NONE', #2287, #606 ) ;
#1275 = CARTESIAN_POINT ( 'NONE',  ( 3.750000000000037700, 0.3500000000000317900, -1.799999999999973400 ) ) ;
#1276 = CARTESIAN_POINT ( 'NONE',  ( -0.8999999999999501700, 2.072874207351138200E-014, -3.350000000000005000 ) ) ;
#1277 = VERTEX_POINT ( 'NONE', #2842 ) ;
#1278 = DIRECTION ( 'NONE',  ( -3.491483361109405700E-015, 1.000000000000000000, 3.369022725727119900E-015 ) ) ;
#1279 = EDGE_CURVE ( 'NONE', #536, #2616, #2663, .T. ) ;
#1280 = VERTEX_POINT ( 'NONE', #1126 ) ;
#1281 = CARTESIAN_POINT ( 'NONE',  ( 1.350000000000027600, 3.330000000000024500, -1.849999999999979200 ) ) ;
#1282 = DIRECTION ( 'NONE',  ( 3.491483361109405700E-015, -1.000000000000000000, -3.369022725727119900E-015 ) ) ;
#1283 = EDGE_CURVE ( 'NONE', #2733, #2390, #1455, .T. ) ;
#1284 = CARTESIAN_POINT ( 'NONE',  ( -3.750000000000020400, 5.799999999999986500, 3.749999999999993300 ) ) ;
#1285 = EDGE_CURVE ( 'NONE', #2818, #2503, #1368, .T. ) ;
#1286 = DIRECTION ( 'NONE',  ( -3.491483361109405700E-015, 1.000000000000000000, 3.369022725727119900E-015 ) ) ;
#1287 = ORIENTED_EDGE ( 'NONE', *, *, #855, .T. ) ;
#1288 = CARTESIAN_POINT ( 'NONE',  ( -1.050000000000002700, 5.800000000000006000, 1.250000000000012000 ) ) ;
#1289 = VECTOR ( 'NONE', #464, 1000.000000000000000 ) ;
#1290 = ORIENTED_EDGE ( 'NONE', *, *, #2847, .T. ) ;
#1291 = ADVANCED_FACE ( 'NONE', ( #2588 ), #2350, .F. ) ;
#1292 = VERTEX_POINT ( 'NONE', #1841 ) ;
#1293 = VECTOR ( 'NONE', #2263, 1000.000000000000000 ) ;
#1294 = ADVANCED_FACE ( 'NONE', ( #621 ), #470, .F. ) ;
#1295 = FILL_AREA_STYLE ('',( #1045 ) ) ;
#1296 = APPLICATION_CONTEXT ( 'automotive_design' ) ;
#1297 = ORIENTED_EDGE ( 'NONE', *, *, #2912, .T. ) ;
#1298 = EDGE_CURVE ( 'NONE', #2890, #860, #1952, .T. ) ;
#1299 = ORIENTED_EDGE ( 'NONE', *, *, #820, .F. ) ;
#1300 = VECTOR ( 'NONE', #2413, 1000.000000000000000 ) ;
#1301 = CARTESIAN_POINT ( 'NONE',  ( 2.350000000000038300, 2.707450691592783200E-014, -1.799999999999983800 ) ) ;
#1302 = VECTOR ( 'NONE', #1123, 1000.000000000000000 ) ;
#1303 = LINE ( 'NONE', #2758, #1222 ) ;
#1304 = LINE ( 'NONE', #2192, #2524 ) ;
#1305 = FACE_OUTER_BOUND ( 'NONE', #2773, .T. ) ;
#1306 = DIRECTION ( 'NONE',  ( 3.491483361109406500E-015, -1.000000000000000000, -3.491483361109357600E-015 ) ) ;
#1307 = VECTOR ( 'NONE', #2313, 1000.000000000000000 ) ;
#1308 = FILL_AREA_STYLE ('',( #341 ) ) ;
#1309 = EDGE_CURVE ( 'NONE', #2665, #2185, #47, .T. ) ;
#1310 = VECTOR ( 'NONE', #1127, 1000.000000000000000 ) ;
#1311 = FACE_OUTER_BOUND ( 'NONE', #1907, .T. ) ;
#1312 = APPLICATION_PROTOCOL_DEFINITION ( 'draft international standard', 'automotive_design', 1998, #2763 ) ;
#1313 = STYLED_ITEM ( 'NONE', ( #1807 ), #2090 ) ;
#1314 = ADVANCED_FACE ( 'NONE', ( #3131 ), #1476, .F. ) ;
#1315 = ORIENTED_EDGE ( 'NONE', *, *, #626, .T. ) ;
#1316 = VERTEX_POINT ( 'NONE', #3134 ) ;
#1317 = ORIENTED_EDGE ( 'NONE', *, *, #923, .T. ) ;
#1318 = DIRECTION ( 'NONE',  ( 6.982966722218764900E-015, 3.369022725727144300E-015, -1.000000000000000000 ) ) ;
#1319 = UNCERTAINTY_MEASURE_WITH_UNIT (LENGTH_MEASURE( 1.000000000000000100E-005 ), #790, 'distance_accuracy_value', 'NONE');
#1320 = ORIENTED_EDGE ( 'NONE', *, *, #1385, .F. ) ;
#1321 = EDGE_CURVE ( 'NONE', #285, #2700, #1211, .T. ) ;
#1322 = CARTESIAN_POINT ( 'NONE',  ( 2.350000000000038300, 2.707450691592783200E-014, -1.799999999999983800 ) ) ;
#1323 = CARTESIAN_POINT ( 'NONE',  ( -2.449999999999972600, 3.400000000000010100, -1.850000000000005200 ) ) ;
#1324 = VERTEX_POINT ( 'NONE', #2923 ) ;
#1325 =( GEOMETRIC_REPRESENTATION_CONTEXT ( 3 ) GLOBAL_UNCERTAINTY_ASSIGNED_CONTEXT ( ( #1664 ) ) GLOBAL_UNIT_ASSIGNED_CONTEXT ( ( #2021, #1988, #1828 ) ) REPRESENTATION_CONTEXT ( 'NONE', 'WORKASPACE' ) );
#1326 = CARTESIAN_POINT ( 'NONE',  ( 3.750000000000041300, 2.500000000000036900, -3.449999999999966000 ) ) ;
#1327 = VECTOR ( 'NONE', #1357, 1000.000000000000000 ) ;
#1328 = DIRECTION ( 'NONE',  ( -3.825084029566484100E-015, 1.000000000000000000, 3.369022725727117500E-015 ) ) ;
#1329 = ORIENTED_EDGE ( 'NONE', *, *, #3123, .T. ) ;
#1330 = LINE ( 'NONE', #1375, #1253 ) ;
#1331 = ORIENTED_EDGE ( 'NONE', *, *, #74, .F. ) ;
#1332 = VERTEX_POINT ( 'NONE', #726 ) ;
#1333 = LINE ( 'NONE', #2709, #15 ) ;
#1334 = SURFACE_STYLE_USAGE ( .BOTH. , #2792 ) ;
#1335 =( NAMED_UNIT ( * ) SI_UNIT ( $, .STERADIAN. ) SOLID_ANGLE_UNIT ( ) );
#1336 = ORIENTED_EDGE ( 'NONE', *, *, #1882, .T. ) ;
#1337 = EDGE_CURVE ( 'NONE', #323, #2866, #546, .T. ) ;
#1338 = EDGE_CURVE ( 'NONE', #424, #2818, #2434, .T. ) ;
#1339 =( NAMED_UNIT ( * ) SI_UNIT ( $, .STERADIAN. ) SOLID_ANGLE_UNIT ( ) );
#1340 = VECTOR ( 'NONE', #206, 1000.000000000000000 ) ;
#1341 = VECTOR ( 'NONE', #148, 1000.000000000000000 ) ;
#1342 = VECTOR ( 'NONE', #2344, 1000.000000000000000 ) ;
#1343 = VECTOR ( 'NONE', #365, 1000.000000000000000 ) ;
#1344 =( NAMED_UNIT ( * ) SI_UNIT ( $, .STERADIAN. ) SOLID_ANGLE_UNIT ( ) );
#1345 = DIRECTION ( 'NONE',  ( 1.000000000000000000, 3.491483361109382100E-015, 6.982966722218776000E-015 ) ) ;
#1346 = LINE ( 'NONE', #2472, #602 ) ;
#1347 = EDGE_CURVE ( 'NONE', #1493, #200, #1133, .T. ) ;
#1348 = CARTESIAN_POINT ( 'NONE',  ( -1.049999999999995800, 3.800000000000005600, 1.250000000000005600 ) ) ;
#1349 = FILL_AREA_STYLE_COLOUR ( '', #1966 ) ;
#1350 = FACE_OUTER_BOUND ( 'NONE', #555, .T. ) ;
#1351 = ADVANCED_FACE ( 'NONE', ( #1009 ), #1821, .F. ) ;
#1352 = ORIENTED_EDGE ( 'NONE', *, *, #51, .F. ) ;
#1353 = CARTESIAN_POINT ( 'NONE',  ( -1.900000000000009500, 4.779999999999995800, 2.750000000000002700 ) ) ;
#1354 = ORIENTED_EDGE ( 'NONE', *, *, #1514, .T. ) ;
#1355 = DIRECTION ( 'NONE',  ( -3.491483361109405700E-015, 1.000000000000000000, 3.369022725727119900E-015 ) ) ;
#1356 = ADVANCED_FACE ( 'NONE', ( #766 ), #2940, .F. ) ;
#1357 = DIRECTION ( 'NONE',  ( -6.982966722218764900E-015, -3.369022725727144300E-015, 1.000000000000000000 ) ) ;
#1358 = CARTESIAN_POINT ( 'NONE',  ( 2.349999999999999600, 8.376430788142179100E-015, 3.750000000000016400 ) ) ;
#1359 = UNCERTAINTY_MEASURE_WITH_UNIT (LENGTH_MEASURE( 1.000000000000000100E-005 ), #1047, 'distance_accuracy_value', 'NONE');
#1360 = EDGE_CURVE ( 'NONE', #2985, #924, #2011, .T. ) ;
#1361 = CARTESIAN_POINT ( 'NONE',  ( -3.299999999999986100, -0.1000000000000052200, 1.799999999999976500 ) ) ;
#1362 = ORIENTED_EDGE ( 'NONE', *, *, #1360, .T. ) ;
#1363 = AXIS2_PLACEMENT_3D ( 'NONE', #2635, #2452, #2430 ) ;
#1364 = DIRECTION ( 'NONE',  ( -3.491483361109405700E-015, 1.000000000000000000, 3.375835129377570300E-015 ) ) ;
#1365 = ORIENTED_EDGE ( 'NONE', *, *, #80, .F. ) ;
#1366 = CARTESIAN_POINT ( 'NONE',  ( -3.749999999999956000, 2.500000000000011500, -3.750000000000018200 ) ) ;
#1367 = ADVANCED_FACE ( 'NONE', ( #1436 ), #2952, .F. ) ;
#1368 = LINE ( 'NONE', #3039, #125 ) ;
#1369 = AXIS2_PLACEMENT_3D ( 'NONE', #2843, #2831, #2961 ) ;
#1370 = VERTEX_POINT ( 'NONE', #2789 ) ;
#1371 = ORIENTED_EDGE ( 'NONE', *, *, #683, .T. ) ;
#1372 = CARTESIAN_POINT ( 'NONE',  ( -1.350000000000005900, 3.699999999999998400, 2.750000000000003100 ) ) ;
#1373 = LINE ( 'NONE', #257, #1958 ) ;
#1374 = AXIS2_PLACEMENT_3D ( 'NONE', #2837, #2652, #2639 ) ;
#1375 = CARTESIAN_POINT ( 'NONE',  ( -2.449999999999972600, 3.400000000000010100, -1.850000000000005200 ) ) ;
#1376 = CARTESIAN_POINT ( 'NONE',  ( -1.349999999999995400, 3.700000000000003700, 1.250000000000002900 ) ) ;
#1377 = VERTEX_POINT ( 'NONE', #491 ) ;
#1378 = VECTOR ( 'NONE', #942, 1000.000000000000000 ) ;
#1379 = LINE ( 'NONE', #2187, #2037 ) ;
#1380 = LINE ( 'NONE', #1197, #639 ) ;
#1381 = DIRECTION ( 'NONE',  ( -3.608694406783514200E-015, 1.000000000000000000, 3.369022725727119500E-015 ) ) ;
#1382 = ORIENTED_EDGE ( 'NONE', *, *, #3130, .T. ) ;
#1383 = SURFACE_STYLE_USAGE ( .BOTH. , #1631 ) ;
#1384 = DIRECTION ( 'NONE',  ( -6.982966722218764100E-015, -3.496323549379406800E-015, 1.000000000000000000 ) ) ;
#1385 = EDGE_CURVE ( 'NONE', #676, #1324, #688, .T. ) ;
#1386 = PLANE ( 'NONE',  #3102 ) ;
#1387 = FACE_OUTER_BOUND ( 'NONE', #134, .T. ) ;
#1388 = VECTOR ( 'NONE', #2468, 1000.000000000000000 ) ;
#1389 = LINE ( 'NONE', #1077, #2607 ) ;
#1390 = LINE ( 'NONE', #554, #813 ) ;
#1391 = CARTESIAN_POINT ( 'NONE',  ( -0.8999999999999501700, 2.072874207351138200E-014, -3.350000000000005000 ) ) ;
#1392 = DIRECTION ( 'NONE',  ( 6.982966722218764900E-015, 3.369022725727144300E-015, -1.000000000000000000 ) ) ;
#1393 = FACE_BOUND ( 'NONE', #2112, .T. ) ;
#1394 = DIRECTION ( 'NONE',  ( -3.491483361109406500E-015, 1.000000000000000000, 3.491483361109357600E-015 ) ) ;
#1395 = VERTEX_POINT ( 'NONE', #3162 ) ;
#1396 = AXIS2_PLACEMENT_3D ( 'NONE', #2109, #1470, #2427 ) ;
#1397 = DIRECTION ( 'NONE',  ( 3.491483361109406500E-015, -1.000000000000000000, -3.491483361109357600E-015 ) ) ;
#1398 = SURFACE_SIDE_STYLE ('',( #564 ) ) ;
#1399 = DIRECTION ( 'NONE',  ( 3.491483361109406500E-015, -1.000000000000000000, -3.491483361109357600E-015 ) ) ;
#1400 = ORIENTED_EDGE ( 'NONE', *, *, #1850, .T. ) ;
#1401 = SURFACE_STYLE_USAGE ( .BOTH. , #2850 ) ;
#1402 = MECHANICAL_DESIGN_GEOMETRIC_PRESENTATION_REPRESENTATION (  '', ( #1069 ), #1568 ) ;
#1403 = CARTESIAN_POINT ( 'NONE',  ( 2.449999999999995300, 3.400000000000011900, 2.750000000000028000 ) ) ;
#1404 = CARTESIAN_POINT ( 'NONE',  ( 0.6000000000000613700, -0.09999999999996779500, -4.949999999999995700 ) ) ;
#1405 = CARTESIAN_POINT ( 'NONE',  ( -2.899999999999966600, -0.09999999999999402400, -1.000000000000020000 ) ) ;
#1406 = EDGE_CURVE ( 'NONE', #782, #1529, #29, .T. ) ;
#1407 = ADVANCED_FACE ( 'NONE', ( #2647 ), #23, .F. ) ;
#1408 = ORIENTED_EDGE ( 'NONE', *, *, #1906, .F. ) ;
#1409 = STYLED_ITEM ( 'NONE', ( #320 ), #1137 ) ;
#1410 = ORIENTED_EDGE ( 'NONE', *, *, #1121, .T. ) ;
#1411 = EDGE_CURVE ( 'NONE', #1277, #1690, #1346, .T. ) ;
#1412 = LINE ( 'NONE', #152, #746 ) ;
#1413 = DIRECTION ( 'NONE',  ( -3.491483361109405700E-015, 1.000000000000000000, 3.369022725727119900E-015 ) ) ;
#1414 = DIRECTION ( 'NONE',  ( 1.000000000000000000, 3.491483361109382100E-015, 6.982966722218776000E-015 ) ) ;
#1415 = ORIENTED_EDGE ( 'NONE', *, *, #1969, .T. ) ;
#1416 = ORIENTED_EDGE ( 'NONE', *, *, #2689, .F. ) ;
#1417 =( LENGTH_UNIT ( ) NAMED_UNIT ( * ) SI_UNIT ( .MILLI., .METRE. ) );
#1418 = VERTEX_POINT ( 'NONE', #2233 ) ;
#1419 = EDGE_LOOP ( 'NONE', ( #192, #215, #692, #2720 ) ) ;
#1420 = PRESENTATION_LAYER_ASSIGNMENT (  '', '', ( #1081 ) ) ;
#1421 = VECTOR ( 'NONE', #1001, 1000.000000000000000 ) ;
#1422 = ADVANCED_FACE ( 'NONE', ( #2496 ), #2242, .T. ) ;
#1424 = ORIENTED_EDGE ( 'NONE', *, *, #2212, .T. ) ;
#1423 = FACE_OUTER_BOUND ( 'NONE', #528, .T. ) ;
#1425 = CARTESIAN_POINT ( 'NONE',  ( -3.299999999999978500, 3.250000000000004400, -1.000000000000012200 ) ) ;
#1426 = STYLED_ITEM ( 'NONE', ( #958 ), #3044 ) ;
#1427 = DIRECTION ( 'NONE',  ( -3.491483361109406500E-015, 1.000000000000000000, 3.491483361109357600E-015 ) ) ;
#1428 = VECTOR ( 'NONE', #446, 1000.000000000000000 ) ;
#1429 = FACE_OUTER_BOUND ( 'NONE', #2633, .T. ) ;
#1430 = LINE ( 'NONE', #1630, #762 ) ;
#1431 = DIRECTION ( 'NONE',  ( 6.982966722218764900E-015, 3.337968009253027300E-015, -1.000000000000000000 ) ) ;
#1432 = CARTESIAN_POINT ( 'NONE',  ( 0.9000000000000512000, 0.4000000000000292800, -3.749999999999992000 ) ) ;
#1433 = CARTESIAN_POINT ( 'NONE',  ( -1.849999999999985700, 1.150000000000002100, 1.149999999999990800 ) ) ;
#1434 = DIRECTION ( 'NONE',  ( -3.491483361109405300E-015, 1.000000000000000000, 3.337968009253002800E-015 ) ) ;
#1435 = VECTOR ( 'NONE', #2341, 1000.000000000000000 ) ;
#1436 = FACE_OUTER_BOUND ( 'NONE', #1839, .T. ) ;
#1437 = ORIENTED_EDGE ( 'NONE', *, *, #1675, .F. ) ;
#1438 =( LENGTH_UNIT ( ) NAMED_UNIT ( * ) SI_UNIT ( .MILLI., .METRE. ) );
#1439 = VECTOR ( 'NONE', #343, 1000.000000000000000 ) ;
#1440 = PRESENTATION_LAYER_ASSIGNMENT (  '', '', ( #1093 ) ) ;
#1441 = ORIENTED_EDGE ( 'NONE', *, *, #1112, .F. ) ;
#1442 = DIRECTION ( 'NONE',  ( 1.000000000000000000, 3.491483361109382100E-015, 6.982966722218776000E-015 ) ) ;
#1443 = SURFACE_SIDE_STYLE ('',( #1098 ) ) ;
#1444 = CARTESIAN_POINT ( 'NONE',  ( -3.299999999999962100, 0.3500000000000071400, -1.800000000000022900 ) ) ;
#1445 = DIRECTION ( 'NONE',  ( 1.000000000000000000, 3.491483361109382100E-015, 6.982966722218776000E-015 ) ) ;
#1446 = CARTESIAN_POINT ( 'NONE',  ( 3.299999999999994000, 5.600000000000019200, 1.800000000000041800 ) ) ;
#1447 = VERTEX_POINT ( 'NONE', #2734 ) ;
#1448 = CARTESIAN_POINT ( 'NONE',  ( 1.049999999999997600, 5.800000000000011400, 1.250000000000026600 ) ) ;
#1449 = DIRECTION ( 'NONE',  ( -3.491483361109406500E-015, 1.000000000000000000, 3.491483361109357600E-015 ) ) ;
#1450 = VERTEX_POINT ( 'NONE', #1535 ) ;
#1451 = EDGE_CURVE ( 'NONE', #883, #2756, #970, .T. ) ;
#1452 = VERTEX_POINT ( 'NONE', #1270 ) ;
#1453 = DIRECTION ( 'NONE',  ( -3.641028488348785700E-015, 1.000000000000000000, 3.369022725727118700E-015 ) ) ;
#1454 = CARTESIAN_POINT ( 'NONE',  ( 0.6000000000000596000, 0.4000000000000324400, -4.949999999999994000 ) ) ;
#1455 = LINE ( 'NONE', #1376, #705 ) ;
#1456 = ORIENTED_EDGE ( 'NONE', *, *, #1233, .F. ) ;
#1457 = ORIENTED_EDGE ( 'NONE', *, *, #74, .T. ) ;
#1458 = VECTOR ( 'NONE', #1237, 1000.000000000000000 ) ;
#1459 = DIRECTION ( 'NONE',  ( 1.000000000000000000, 3.491483361109382100E-015, 6.982966722218776000E-015 ) ) ;
#1460 = VERTEX_POINT ( 'NONE', #1235 ) ;
#1461 = EDGE_CURVE ( 'NONE', #659, #1153, #2277, .T. ) ;
#1462 = CARTESIAN_POINT ( 'NONE',  ( 3.300000000000014000, -0.09999999999998218600, 1.800000000000022500 ) ) ;
#1463 = EDGE_CURVE ( 'NONE', #3084, #1628, #1935, .T. ) ;
#1464 = CARTESIAN_POINT ( 'NONE',  ( 2.499999999999986200, 5.800000000000011400, 2.750000000000037300 ) ) ;
#1465 = EDGE_LOOP ( 'NONE', ( #1249, #155, #1556, #973 ) ) ;
#1466 = DIRECTION ( 'NONE',  ( 3.608694406783514200E-015, -1.000000000000000000, -3.369022725727119500E-015 ) ) ;
#1467 = VECTOR ( 'NONE', #2415, 1000.000000000000000 ) ;
#1468 = LINE ( 'NONE', #1432, #805 ) ;
#1469 = ORIENTED_EDGE ( 'NONE', *, *, #3123, .F. ) ;
#1470 = DIRECTION ( 'NONE',  ( 3.491483361109405700E-015, -1.000000000000000000, -3.375835129377570300E-015 ) ) ;
#1471 = FACE_OUTER_BOUND ( 'NONE', #674, .T. ) ;
#1472 = VECTOR ( 'NONE', #2230, 1000.000000000000000 ) ;
#1473 = VECTOR ( 'NONE', #830, 1000.000000000000000 ) ;
#1474 = VECTOR ( 'NONE', #1116, 1000.000000000000000 ) ;
#1475 = CARTESIAN_POINT ( 'NONE',  ( -0.8999999999999488400, 0.4000000000000230000, -3.750000000000004000 ) ) ;
#1476 = PLANE ( 'NONE',  #2056 ) ;
#1477 = LINE ( 'NONE', #295, #2128 ) ;
#1478 = CARTESIAN_POINT ( 'NONE',  ( -1.349999999999972600, 3.330000000000014700, -1.849999999999998300 ) ) ;
#1479 = EDGE_CURVE ( 'NONE', #110, #1831, #2904, .T. ) ;
#1480 = VECTOR ( 'NONE', #1068, 1000.000000000000000 ) ;
#1481 = ORIENTED_EDGE ( 'NONE', *, *, #224, .F. ) ;
#1482 = AXIS2_PLACEMENT_3D ( 'NONE', #1089, #2077, #2315 ) ;
#1483 = CARTESIAN_POINT ( 'NONE',  ( 3.750000000000038600, 3.179113873194583400E-014, -1.799999999999974300 ) ) ;
#1484 = ORIENTED_EDGE ( 'NONE', *, *, #3076, .T. ) ;
#1485 = DIRECTION ( 'NONE',  ( -3.491483361109405700E-015, 1.000000000000000000, 3.369022725727119900E-015 ) ) ;
#1486 = EDGE_CURVE ( 'NONE', #25, #325, #2203, .T. ) ;
#1487 = COLOUR_RGB ( '',0.0000000000000000000, 0.0000000000000000000, 0.6274509803921568500 ) ;
#1488 = AXIS2_PLACEMENT_3D ( 'NONE', #3021, #300, #3015 ) ;
#1489 = VERTEX_POINT ( 'NONE', #519 ) ;
#1490 = ORIENTED_EDGE ( 'NONE', *, *, #1015, .F. ) ;
#1491 = AXIS2_PLACEMENT_3D ( 'NONE', #1931, #443, #2173 ) ;
#1492 = DIRECTION ( 'NONE',  ( 3.491483361109406500E-015, -1.000000000000000000, -3.491483361109357600E-015 ) ) ;
#1493 = VERTEX_POINT ( 'NONE', #505 ) ;
#1494 = CARTESIAN_POINT ( 'NONE',  ( 1.050000000000024900, 5.300000000000025600, -2.449999999999975800 ) ) ;
#1495 = CARTESIAN_POINT ( 'NONE',  ( 1.849999999999995000, 3.400000000000010100, 2.750000000000024000 ) ) ;
#1496 = VERTEX_POINT ( 'NONE', #273 ) ;
#1497 = DIRECTION ( 'NONE',  ( 3.491483361109405700E-015, -1.000000000000000000, -3.369022725727119900E-015 ) ) ;
#1498 = ORIENTED_EDGE ( 'NONE', *, *, #2018, .T. ) ;
#1499 = VECTOR ( 'NONE', #1021, 1000.000000000000000 ) ;
#1500 = ORIENTED_EDGE ( 'NONE', *, *, #1138, .T. ) ;
#1501 = ORIENTED_EDGE ( 'NONE', *, *, #2176, .F. ) ;
#1502 = EDGE_CURVE ( 'NONE', #2530, #1712, #1477, .T. ) ;
#1503 = DIRECTION ( 'NONE',  ( -1.000000000000000000, -3.491483361109382100E-015, -6.982966722218776000E-015 ) ) ;
#1504 = VECTOR ( 'NONE', #730, 1000.000000000000000 ) ;
#1505 = CARTESIAN_POINT ( 'NONE',  ( -3.299999999999958500, 3.250000000000014700, -3.850000000000013000 ) ) ;
#1506 = VERTEX_POINT ( 'NONE', #282 ) ;
#1507 = FACE_OUTER_BOUND ( 'NONE', #1719, .T. ) ;
#1508 = LINE ( 'NONE', #2439, #2078 ) ;
#1509 = CARTESIAN_POINT ( 'NONE',  ( -1.900000000000007500, 4.129999999999996300, 2.750000000000000000 ) ) ;
#1510 = VECTOR ( 'NONE', #893, 1000.000000000000000 ) ;
#1511 = PLANE ( 'NONE',  #575 ) ;
#1512 = VECTOR ( 'NONE', #2787, 1000.000000000000000 ) ;
#1513 = DIRECTION ( 'NONE',  ( -1.000000000000000000, -3.491483361109382100E-015, -6.982966722218776000E-015 ) ) ;
#1514 = EDGE_CURVE ( 'NONE', #1721, #883, #1550, .T. ) ;
#1515 = FILL_AREA_STYLE ('',( #1608 ) ) ;
#1516 = EDGE_CURVE ( 'NONE', #2960, #1716, #815, .T. ) ;
#1517 = ORIENTED_EDGE ( 'NONE', *, *, #133, .T. ) ;
#1518 = ORIENTED_EDGE ( 'NONE', *, *, #1951, .F. ) ;
#1519 = CARTESIAN_POINT ( 'NONE',  ( -2.500000000000000000, 2.149999999999995000, 2.749999999999989300 ) ) ;
#1520 = CARTESIAN_POINT ( 'NONE',  ( -1.050000000000001200, 5.300000000000006000, 1.250000000000009300 ) ) ;
#1521 = EDGE_CURVE ( 'NONE', #1447, #1280, #228, .T. ) ;
#1522 = CARTESIAN_POINT ( 'NONE',  ( -3.749999999999969800, 5.800000000000010500, -3.450000000000006800 ) ) ;
#1523 = UNCERTAINTY_MEASURE_WITH_UNIT (LENGTH_MEASURE( 1.000000000000000100E-005 ), #1862, 'distance_accuracy_value', 'NONE');
#1524 = CARTESIAN_POINT ( 'NONE',  ( -2.349999999999957900, 2.500000000000015500, -3.450000000000008600 ) ) ;
#1525 = ADVANCED_FACE ( 'NONE', ( #2610, #1393 ), #1113, .T. ) ;
#1526 = ORIENTED_EDGE ( 'NONE', *, *, #160, .T. ) ;
#1527 = DIRECTION ( 'NONE',  ( 1.000000000000000000, 3.491483361109382100E-015, 6.982966722218776000E-015 ) ) ;
#1528 = LINE ( 'NONE', #1454, #869 ) ;
#1529 = VERTEX_POINT ( 'NONE', #2134 ) ;
#1530 = ORIENTED_EDGE ( 'NONE', *, *, #3121, .T. ) ;
#1531 = CARTESIAN_POINT ( 'NONE',  ( 0.9000000000000613100, -0.09999999999996674000, -4.949999999999992200 ) ) ;
#1532 = EDGE_CURVE ( 'NONE', #1101, #1245, #2048, .T. ) ;
#1533 = ORIENTED_EDGE ( 'NONE', *, *, #460, .F. ) ;
#1534 = CARTESIAN_POINT ( 'NONE',  ( 1.899999999999989900, 4.780000000000010000, 2.750000000000028900 ) ) ;
#1535 = CARTESIAN_POINT ( 'NONE',  ( -3.299999999999987400, 0.3499999999999948200, 1.799999999999978300 ) ) ;
#1536 = EDGE_LOOP ( 'NONE', ( #486, #2445, #3144, #2917 ) ) ;
#1537 = CARTESIAN_POINT ( 'NONE',  ( -3.749999999999947600, 1.217460783879340000E-014, -3.750000000000025800 ) ) ;
#1538 = CARTESIAN_POINT ( 'NONE',  ( -3.750000000000000000, -1.309306260416018300E-014, 3.749999999999973800 ) ) ;
#1539 = CARTESIAN_POINT ( 'NONE',  ( -1.849999999999985700, 1.150000000000002100, 1.149999999999990800 ) ) ;
#1540 = CARTESIAN_POINT ( 'NONE',  ( -1.849999999999985700, 1.150000000000002100, 1.149999999999990800 ) ) ;
#1541 = ADVANCED_FACE ( 'NONE', ( #1311 ), #1386, .F. ) ;
#1542 = LINE ( 'NONE', #2400, #1467 ) ;
#1543 = FACE_OUTER_BOUND ( 'NONE', #2883, .T. ) ;
#1544 = CARTESIAN_POINT ( 'NONE',  ( -0.5999999999999474600, 2.317278042628795500E-014, -3.750000000000004000 ) ) ;
#1545 = PRESENTATION_LAYER_ASSIGNMENT (  '', '', ( #1205 ) ) ;
#1546 = LINE ( 'NONE', #1561, #2040 ) ;
#1547 = VECTOR ( 'NONE', #2177, 1000.000000000000000 ) ;
#1548 = ADVANCED_FACE ( 'NONE', ( #1738 ), #2840, .F. ) ;
#1549 = FACE_OUTER_BOUND ( 'NONE', #1536, .T. ) ;
#1550 = LINE ( 'NONE', #92, #2681 ) ;
#1551 = STYLED_ITEM ( 'NONE', ( #176 ), #2759 ) ;
#1552 = VECTOR ( 'NONE', #1899, 1000.000000000000000 ) ;
#1553 = PLANE ( 'NONE',  #2570 ) ;
#1554 =( NAMED_UNIT ( * ) SI_UNIT ( $, .STERADIAN. ) SOLID_ANGLE_UNIT ( ) );
#1555 = DIRECTION ( 'NONE',  ( -1.000000000000000000, -3.491483361109382100E-015, -6.982966722218776000E-015 ) ) ;
#1556 = ORIENTED_EDGE ( 'NONE', *, *, #2392, .F. ) ;
#1557 = SURFACE_SIDE_STYLE ('',( #827 ) ) ;
#1558 = EDGE_CURVE ( 'NONE', #1628, #1713, #1076, .T. ) ;
#1559 = ORIENTED_EDGE ( 'NONE', *, *, #112, .T. ) ;
#1560 = CARTESIAN_POINT ( 'NONE',  ( -1.049999999999995600, 3.700000000000005100, 1.250000000000005100 ) ) ;
#1561 = CARTESIAN_POINT ( 'NONE',  ( -1.849999999999972600, 3.400000000000012300, -1.850000000000001000 ) ) ;
#1562 = CARTESIAN_POINT ( 'NONE',  ( -1.849999999999966100, 1.550000000000012000, -1.850000000000007900 ) ) ;
#1563 = ORIENTED_EDGE ( 'NONE', *, *, #231, .F. ) ;
#1564 = LINE ( 'NONE', #531, #915 ) ;
#1565 = DIRECTION ( 'NONE',  ( -3.491483361109405700E-015, 1.000000000000000000, 3.375835129377570300E-015 ) ) ;
#1566 = ORIENTED_EDGE ( 'NONE', *, *, #1283, .F. ) ;
#1567 = DIRECTION ( 'NONE',  ( 6.982966722218764900E-015, 3.337968009253027300E-015, -1.000000000000000000 ) ) ;
#1568 =( GEOMETRIC_REPRESENTATION_CONTEXT ( 3 ) GLOBAL_UNCERTAINTY_ASSIGNED_CONTEXT ( ( #2360 ) ) GLOBAL_UNIT_ASSIGNED_CONTEXT ( ( #1797, #312, #2049 ) ) REPRESENTATION_CONTEXT ( 'NONE', 'WORKASPACE' ) );
#1569 = LINE ( 'NONE', #1531, #1499 ) ;
#1570 = ORIENTED_EDGE ( 'NONE', *, *, #327, .F. ) ;
#1571 = EDGE_CURVE ( 'NONE', #1164, #1418, #420, .T. ) ;
#1572 = ORIENTED_EDGE ( 'NONE', *, *, #3002, .T. ) ;
#1573 = LINE ( 'NONE', #741, #1421 ) ;
#1574 = DIRECTION ( 'NONE',  ( -3.491483361109527600E-015, 1.000000000000000000, 2.083871812087757900E-014 ) ) ;
#1575 = ORIENTED_EDGE ( 'NONE', *, *, #1034, .T. ) ;
#1576 = VECTOR ( 'NONE', #549, 1000.000000000000000 ) ;
#1577 = AXIS2_PLACEMENT_3D ( 'NONE', #1226, #999, #3155 ) ;
#1578 = LINE ( 'NONE', #569, #931 ) ;
#1579 = LINE ( 'NONE', #3046, #1003 ) ;
#1580 = DIRECTION ( 'NONE',  ( -6.982966722218764900E-015, -3.369022725727144300E-015, 1.000000000000000000 ) ) ;
#1581 = EDGE_CURVE ( 'NONE', #2408, #1450, #1665, .T. ) ;
#1582 = CARTESIAN_POINT ( 'NONE',  ( 1.350000000000022500, 4.780000000000023300, -1.849999999999975000 ) ) ;
#1583 = PLANE ( 'NONE',  #2028 ) ;
#1584 = FACE_OUTER_BOUND ( 'NONE', #2303, .T. ) ;
#1585 = MECHANICAL_DESIGN_GEOMETRIC_PRESENTATION_REPRESENTATION (  '', ( #1081 ), #1751 ) ;
#1586 = LINE ( 'NONE', #3027, #2791 ) ;
#1587 = AXIS2_PLACEMENT_3D ( 'NONE', #2932, #1492, #3159 ) ;
#1588 = ADVANCED_FACE ( 'NONE', ( #1584 ), #875, .F. ) ;
#1589 = DIRECTION ( 'NONE',  ( -3.491483361109406500E-015, 1.000000000000000000, 3.491483361109357600E-015 ) ) ;
#1590 = EDGE_LOOP ( 'NONE', ( #2685, #281, #2102, #126, #2953, #2248, #2289, #1221, #2411, #367, #959, #881 ) ) ;
#1591 =( NAMED_UNIT ( * ) PLANE_ANGLE_UNIT ( ) SI_UNIT ( $, .RADIAN. ) );
#1592 = PLANE ( 'NONE',  #2790 ) ;
#1593 = PLANE ( 'NONE',  #1714 ) ;
#1594 = AXIS2_PLACEMENT_3D ( 'NONE', #1793, #1779, #328 ) ;
#1595 = DIRECTION ( 'NONE',  ( 1.000000000000000000, 3.491483361109382100E-015, 6.982966722218776000E-015 ) ) ;
#1596 = CARTESIAN_POINT ( 'NONE',  ( 3.750000000000038600, 3.179113873194583400E-014, -1.799999999999974300 ) ) ;
#1597 = MECHANICAL_DESIGN_GEOMETRIC_PRESENTATION_REPRESENTATION (  '', ( #1093 ), #1767 ) ;
#1598 = CARTESIAN_POINT ( 'NONE',  ( 1.850000000000033600, 1.550000000000025600, -1.849999999999981900 ) ) ;
#1599 = CARTESIAN_POINT ( 'NONE',  ( -1.050000000000001200, 5.300000000000006000, 1.250000000000010200 ) ) ;
#1600 = UNCERTAINTY_MEASURE_WITH_UNIT (LENGTH_MEASURE( 1.000000000000000100E-005 ), #1438, 'distance_accuracy_value', 'NONE');
#1601 = DIRECTION ( 'NONE',  ( -3.491483361109406500E-015, 1.000000000000000000, 3.491483361109357600E-015 ) ) ;
#1602 = ORIENTED_EDGE ( 'NONE', *, *, #2912, .F. ) ;
#1603 = AXIS2_PLACEMENT_3D ( 'NONE', #2140, #1667, #1638 ) ;
#1604 = DIRECTION ( 'NONE',  ( -6.982966722218765700E-015, -3.369022725727144700E-015, 1.000000000000000000 ) ) ;
#1605 = VECTOR ( 'NONE', #198, 1000.000000000000000 ) ;
#1606 = ORIENTED_EDGE ( 'NONE', *, *, #304, .T. ) ;
#1607 = ORIENTED_EDGE ( 'NONE', *, *, #981, .F. ) ;
#1608 = FILL_AREA_STYLE_COLOUR ( '', #3045 ) ;
#1609 = VERTEX_POINT ( 'NONE', #670 ) ;
#1610 = DIRECTION ( 'NONE',  ( -1.000000000000000000, -3.491483361109382100E-015, -6.982966722218776000E-015 ) ) ;
#1611 = DIRECTION ( 'NONE',  ( 1.000000000000000000, 3.491483361109382100E-015, 6.982966722218776000E-015 ) ) ;
#1612 = ORIENTED_EDGE ( 'NONE', *, *, #2065, .T. ) ;
#1613 = EDGE_CURVE ( 'NONE', #1096, #770, #101, .T. ) ;
#1614 = CARTESIAN_POINT ( 'NONE',  ( 3.300000000000041600, 3.250000000000038200, -3.849999999999966300 ) ) ;
#1615 = LINE ( 'NONE', #1914, #2264 ) ;
#1616 = ORIENTED_EDGE ( 'NONE', *, *, #683, .F. ) ;
#1617 = VECTOR ( 'NONE', #928, 1000.000000000000000 ) ;
#1618 = CARTESIAN_POINT ( 'NONE',  ( -2.349999999999957900, 2.500000000000015500, -3.450000000000008600 ) ) ;
#1619 = VECTOR ( 'NONE', #1023, 1000.000000000000000 ) ;
#1620 = LINE ( 'NONE', #2905, #968 ) ;
#1621 = DIRECTION ( 'NONE',  ( -6.982966722218764100E-015, -3.491483361109382100E-015, 1.000000000000000000 ) ) ;
#1622 = EDGE_CURVE ( 'NONE', #1418, #2794, #2008, .T. ) ;
#1623 = ORIENTED_EDGE ( 'NONE', *, *, #1056, .T. ) ;
#1624 = VECTOR ( 'NONE', #1008, 1000.000000000000000 ) ;
#1625 = LINE ( 'NONE', #1582, #1552 ) ;
#1626 = ORIENTED_EDGE ( 'NONE', *, *, #2133, .F. ) ;
#1627 = DIRECTION ( 'NONE',  ( -3.491483361109405700E-015, 1.000000000000000000, 3.369022725727119900E-015 ) ) ;
#1628 = VERTEX_POINT ( 'NONE', #2130 ) ;
#1629 = PLANE ( 'NONE',  #1936 ) ;
#1630 = CARTESIAN_POINT ( 'NONE',  ( 2.499999999999986200, 5.800000000000011400, 2.750000000000037300 ) ) ;
#1631 = SURFACE_SIDE_STYLE ('',( #2939 ) ) ;
#1632 = CARTESIAN_POINT ( 'NONE',  ( -3.300000000000006000, 5.599999999999994300, 1.799999999999995800 ) ) ;
#1633 = EDGE_CURVE ( 'NONE', #2169, #698, #1932, .T. ) ;
#1634 = CARTESIAN_POINT ( 'NONE',  ( -0.5999999999999499100, -0.09999999999997735700, -3.350000000000005000 ) ) ;
#1635 = CARTESIAN_POINT ( 'NONE',  ( -0.8999999999999497300, -0.09999999999997839800, -3.350000000000006800 ) ) ;
#1636 = STYLED_ITEM ( 'NONE', ( #2403 ), #1018 ) ;
#1637 = ORIENTED_EDGE ( 'NONE', *, *, #1516, .T. ) ;
#1638 = DIRECTION ( 'NONE',  ( 6.982966722218764900E-015, 3.369022725727144300E-015, -1.000000000000000000 ) ) ;
#1639 = EDGE_CURVE ( 'NONE', #1324, #1201, #2568, .T. ) ;
#1640 = ORIENTED_EDGE ( 'NONE', *, *, #1463, .F. ) ;
#1641 = CARTESIAN_POINT ( 'NONE',  ( 1.049999999999986900, 5.800000000000006900, 2.750000000000026600 ) ) ;
#1642 = FILL_AREA_STYLE ('',( #2405 ) ) ;
#1643 = ORIENTED_EDGE ( 'NONE', *, *, #1798, .T. ) ;
#1644 = SURFACE_STYLE_FILL_AREA ( #1010 ) ;
#1645 = PRESENTATION_LAYER_ASSIGNMENT (  '', '', ( #1313 ) ) ;
#1646 = PLANE ( 'NONE',  #1135 ) ;
#1647 = ADVANCED_FACE ( 'NONE', ( #598 ), #1889, .F. ) ;
#1648 = ORIENTED_EDGE ( 'NONE', *, *, #1720, .F. ) ;
#1649 = LINE ( 'NONE', #2729, #2927 ) ;
#1650 =( NAMED_UNIT ( * ) PLANE_ANGLE_UNIT ( ) SI_UNIT ( $, .RADIAN. ) );
#1651 = ORIENTED_EDGE ( 'NONE', *, *, #2656, .T. ) ;
#1652 = ORIENTED_EDGE ( 'NONE', *, *, #2106, .T. ) ;
#1653 = CARTESIAN_POINT ( 'NONE',  ( -2.349999999999961000, 1.066453511871373800E-014, -1.800000000000016900 ) ) ;
#1654 = ADVANCED_FACE ( 'NONE', ( #1853 ), #1629, .F. ) ;
#1655 = ORIENTED_EDGE ( 'NONE', *, *, #2611, .F. ) ;
#1657 = VERTEX_POINT ( 'NONE', #1596 ) ;
#1656 = VECTOR ( 'NONE', #2556, 1000.000000000000000 ) ;
#1658 = CARTESIAN_POINT ( 'NONE',  ( 3.750000000000037700, 0.3500000000000317900, -1.799999999999973400 ) ) ;
#1659 = CARTESIAN_POINT ( 'NONE',  ( -0.8999999999999404000, 0.4000000000000271700, -4.950000000000004600 ) ) ;
#1660 =( NAMED_UNIT ( * ) SI_UNIT ( $, .STERADIAN. ) SOLID_ANGLE_UNIT ( ) );
#1661 = LINE ( 'NONE', #284, #2785 ) ;
#1662 = VECTOR ( 'NONE', #111, 1000.000000000000000 ) ;
#1663 = PLANE ( 'NONE',  #482 ) ;
#1664 = UNCERTAINTY_MEASURE_WITH_UNIT (LENGTH_MEASURE( 1.000000000000000100E-005 ), #2021, 'distance_accuracy_value', 'NONE');
#1665 = LINE ( 'NONE', #1361, #2869 ) ;
#1666 = EDGE_CURVE ( 'NONE', #1832, #2908, #2644, .T. ) ;
#1667 = DIRECTION ( 'NONE',  ( -3.491483361109405700E-015, 1.000000000000000000, 3.369022725727119900E-015 ) ) ;
#1668 = COLOUR_RGB ( '',0.7529411764705882200, 0.7529411764705882200, 0.7529411764705882200 ) ;
#1669 = CARTESIAN_POINT ( 'NONE',  ( 3.750000000000038600, 3.179113873194583400E-014, -1.799999999999974300 ) ) ;
#1670 = CARTESIAN_POINT ( 'NONE',  ( 2.900000000000033200, -0.09999999999997377700, -0.9999999999999800200 ) ) ;
#1671 = DIRECTION ( 'NONE',  ( 1.000000000000000000, 3.491483361109382100E-015, 6.982966722218776000E-015 ) ) ;
#1672 =( NAMED_UNIT ( * ) PLANE_ANGLE_UNIT ( ) SI_UNIT ( $, .RADIAN. ) );
#1673 = ORIENTED_EDGE ( 'NONE', *, *, #1165, .F. ) ;
#1674 = DIRECTION ( 'NONE',  ( -1.000000000000000000, -3.491483361109382100E-015, -6.982966722218776000E-015 ) ) ;
#1675 = EDGE_CURVE ( 'NONE', #1316, #2911, #3116, .T. ) ;
#1676 = SURFACE_STYLE_USAGE ( .BOTH. , #3103 ) ;
#1677 = DIRECTION ( 'NONE',  ( -3.491483361109406500E-015, 1.000000000000000000, 3.491483361109357600E-015 ) ) ;
#1678 = EDGE_CURVE ( 'NONE', #1096, #1742, #3042, .T. ) ;
#1679 = ORIENTED_EDGE ( 'NONE', *, *, #346, .F. ) ;
#1680 =( NAMED_UNIT ( * ) SI_UNIT ( $, .STERADIAN. ) SOLID_ANGLE_UNIT ( ) );
#1681 = UNCERTAINTY_MEASURE_WITH_UNIT (LENGTH_MEASURE( 1.000000000000000100E-005 ), #1814, 'distance_accuracy_value', 'NONE');
#1682 = ORIENTED_EDGE ( 'NONE', *, *, #231, .T. ) ;
#1683 = ORIENTED_EDGE ( 'NONE', *, *, #996, .T. ) ;
#1684 = EDGE_CURVE ( 'NONE', #1164, #1766, #1190, .T. ) ;
#1685 = CARTESIAN_POINT ( 'NONE',  ( 0.6000000000000498300, 2.596596711517545500E-014, -3.349999999999994300 ) ) ;
#1686 = CARTESIAN_POINT ( 'NONE',  ( 2.449999999999992600, 4.130000000000012300, 2.750000000000030200 ) ) ;
#1687 = DIRECTION ( 'NONE',  ( 1.000000000000000000, 3.491483361109382100E-015, 6.982966722218776000E-015 ) ) ;
#1688 = ORIENTED_EDGE ( 'NONE', *, *, #3076, .F. ) ;
#1689 =( NAMED_UNIT ( * ) PLANE_ANGLE_UNIT ( ) SI_UNIT ( $, .RADIAN. ) );
#1690 = VERTEX_POINT ( 'NONE', #144 ) ;
#1691 = EDGE_LOOP ( 'NONE', ( #870, #1606, #1094, #1626 ) ) ;
#1692 = VECTOR ( 'NONE', #1011, 1000.000000000000000 ) ;
#1693 = ORIENTED_EDGE ( 'NONE', *, *, #1078, .T. ) ;
#1694 =( NAMED_UNIT ( * ) SI_UNIT ( $, .STERADIAN. ) SOLID_ANGLE_UNIT ( ) );
#1695 = LINE ( 'NONE', #894, #2971 ) ;
#1696 = LINE ( 'NONE', #685, #2675 ) ;
#1697 = CARTESIAN_POINT ( 'NONE',  ( -3.749999999999956000, 2.500000000000011500, -3.750000000000017300 ) ) ;
#1698 = DIRECTION ( 'NONE',  ( 6.982966722218764900E-015, 3.355958089548694000E-015, -1.000000000000000000 ) ) ;
#1699 = EDGE_CURVE ( 'NONE', #285, #2733, #2343, .T. ) ;
#1700 = CARTESIAN_POINT ( 'NONE',  ( -0.8999999999999474000, 2.212533541795514000E-014, -3.750000000000005800 ) ) ;
#1701 = FACE_OUTER_BOUND ( 'NONE', #3029, .T. ) ;
#1702 = VECTOR ( 'NONE', #109, 1000.000000000000000 ) ;
#1703 = CARTESIAN_POINT ( 'NONE',  ( 2.499999999999979100, 5.800000000000008700, 3.750000000000036900 ) ) ;
#1704 = AXIS2_PLACEMENT_3D ( 'NONE', #1494, #1442, #1427 ) ;
#1705 = CARTESIAN_POINT ( 'NONE',  ( -0.5999999999999386900, -0.09999999999997198600, -4.950000000000002800 ) ) ;
#1706 = AXIS2_PLACEMENT_3D ( 'NONE', #1842, #1826, #1818 ) ;
#1707 = EDGE_LOOP ( 'NONE', ( #2348, #1118, #1199, #1940, #941, #2875 ) ) ;
#1708 =( NAMED_UNIT ( * ) PLANE_ANGLE_UNIT ( ) SI_UNIT ( $, .RADIAN. ) );
#1709 = CARTESIAN_POINT ( 'NONE',  ( -3.749999999999987100, 0.3499999999999934300, 1.799999999999975000 ) ) ;
#1710 = DIRECTION ( 'NONE',  ( -3.491483361109405700E-015, 1.000000000000000000, 3.355958089548669600E-015 ) ) ;
#1711 = MECHANICAL_DESIGN_GEOMETRIC_PRESENTATION_REPRESENTATION (  '', ( #1205 ), #1871 ) ;
#1712 = VERTEX_POINT ( 'NONE', #163 ) ;
#1713 = VERTEX_POINT ( 'NONE', #356 ) ;
#1714 = AXIS2_PLACEMENT_3D ( 'NONE', #103, #1838, #399 ) ;
#1715 = FILL_AREA_STYLE ('',( #2672 ) ) ;
#1716 = VERTEX_POINT ( 'NONE', #2293 ) ;
#1717 = DIRECTION ( 'NONE',  ( 6.982966722218764100E-015, 3.491483361109382100E-015, -1.000000000000000000 ) ) ;
#1718 = DIRECTION ( 'NONE',  ( -1.000000000000000000, -3.607647879589971900E-015, -6.982966722218776000E-015 ) ) ;
#1719 = EDGE_LOOP ( 'NONE', ( #1490, #164, #2386, #1563 ) ) ;
#1720 = EDGE_CURVE ( 'NONE', #2587, #566, #2902, .T. ) ;
#1721 = VERTEX_POINT ( 'NONE', #2724 ) ;
#1722 =( NAMED_UNIT ( * ) PLANE_ANGLE_UNIT ( ) SI_UNIT ( $, .RADIAN. ) );
#1723 = ORIENTED_EDGE ( 'NONE', *, *, #2959, .F. ) ;
#1724 = CARTESIAN_POINT ( 'NONE',  ( 3.750000000000041300, 2.500000000000036900, -3.449999999999966000 ) ) ;
#1725 = LINE ( 'NONE', #767, #2298 ) ;
#1726 = DIRECTION ( 'NONE',  ( -6.982966722218764900E-015, -3.369022725727144300E-015, 1.000000000000000000 ) ) ;
#1727 = AXIS2_PLACEMENT_3D ( 'NONE', #217, #1961, #2197 ) ;
#1728 = DIRECTION ( 'NONE',  ( -3.491483361109405300E-015, 1.000000000000000000, 3.341938233869977600E-015 ) ) ;
#1729 = DIRECTION ( 'NONE',  ( -3.825084029566484900E-015, 1.000000000000000000, 3.491483361109355200E-015 ) ) ;
#1730 = EDGE_LOOP ( 'NONE', ( #1290, #706, #792, #205 ) ) ;
#1731 = ORIENTED_EDGE ( 'NONE', *, *, #2310, .T. ) ;
#1732 = EDGE_LOOP ( 'NONE', ( #235, #2784, #1693, #811 ) ) ;
#1733 = DIRECTION ( 'NONE',  ( 3.491483361109405300E-015, -1.000000000000000000, -3.337968009253002800E-015 ) ) ;
#1734 = CARTESIAN_POINT ( 'NONE',  ( -2.450000000000004600, 3.399999999999994100, 2.749999999999993800 ) ) ;
#1735 = LINE ( 'NONE', #817, #2863 ) ;
#1736 = ORIENTED_EDGE ( 'NONE', *, *, #17, .F. ) ;
#1737 = FILL_AREA_STYLE_COLOUR ( '', #1960 ) ;
#1738 = FACE_OUTER_BOUND ( 'NONE', #2522, .T. ) ;
#1739 = CARTESIAN_POINT ( 'NONE',  ( -2.349999999999999600, -8.033541009071914400E-015, 3.749999999999983600 ) ) ;
#1740 = EDGE_CURVE ( 'NONE', #924, #696, #1114, .T. ) ;
#1741 = DIRECTION ( 'NONE',  ( -1.000000000000000000, -3.491483361109382100E-015, -6.982966722218776000E-015 ) ) ;
#1742 = VERTEX_POINT ( 'NONE', #2688 ) ;
#1743 = PRESENTATION_LAYER_ASSIGNMENT (  '', '', ( #1409 ) ) ;
#1744 = DIRECTION ( 'NONE',  ( -6.982966722218764900E-015, -3.337968009253027300E-015, 1.000000000000000000 ) ) ;
#1745 = DIRECTION ( 'NONE',  ( 6.982966722218764900E-015, 3.369022725727144300E-015, -1.000000000000000000 ) ) ;
#1746 = ORIENTED_EDGE ( 'NONE', *, *, #976, .F. ) ;
#1747 = EDGE_CURVE ( 'NONE', #1894, #1506, #1620, .T. ) ;
#1748 = DIRECTION ( 'NONE',  ( -1.000000000000000000, -3.491483361109382100E-015, -6.982966722218776000E-015 ) ) ;
#1749 = ORIENTED_EDGE ( 'NONE', *, *, #2743, .T. ) ;
#1750 = DIRECTION ( 'NONE',  ( -6.982966722218764900E-015, -3.369022725727144300E-015, 1.000000000000000000 ) ) ;
#1751 =( GEOMETRIC_REPRESENTATION_CONTEXT ( 3 ) GLOBAL_UNCERTAINTY_ASSIGNED_CONTEXT ( ( #2575 ) ) GLOBAL_UNIT_ASSIGNED_CONTEXT ( ( #3020, #1591, #99 ) ) REPRESENTATION_CONTEXT ( 'NONE', 'WORKASPACE' ) );
#1752 = ORIENTED_EDGE ( 'NONE', *, *, #1740, .T. ) ;
#1753 = CARTESIAN_POINT ( 'NONE',  ( 2.899999999999993700, 5.600000000000016500, 1.800000000000038900 ) ) ;
#1754 = ORIENTED_EDGE ( 'NONE', *, *, #2980, .T. ) ;
#1755 = PRESENTATION_LAYER_ASSIGNMENT (  '', '', ( #1426 ) ) ;
#1756 = CARTESIAN_POINT ( 'NONE',  ( 2.900000000000012300, 0.3500000000000168000, 1.800000000000021400 ) ) ;
#1757 = DIRECTION ( 'NONE',  ( 1.000000000000000000, 3.607647879589971900E-015, 6.982966722218776800E-015 ) ) ;
#1758 = EDGE_LOOP ( 'NONE', ( #2992, #1209, #1287, #2804 ) ) ;
#1759 = UNCERTAINTY_MEASURE_WITH_UNIT (LENGTH_MEASURE( 1.000000000000000100E-005 ), #1004, 'distance_accuracy_value', 'NONE');
#1760 = CARTESIAN_POINT ( 'NONE',  ( -1.349999999999972600, 3.330000000000014700, -1.849999999999998300 ) ) ;
#1761 = ORIENTED_EDGE ( 'NONE', *, *, #2649, .F. ) ;
#1762 = ORIENTED_EDGE ( 'NONE', *, *, #571, .T. ) ;
#1763 = LINE ( 'NONE', #937, #513 ) ;
#1764 = PLANE ( 'NONE',  #1577 ) ;
#1765 = EDGE_LOOP ( 'NONE', ( #2936, #11, #1623, #2776, #876, #2858, #1683, #3137 ) ) ;
#1766 = VERTEX_POINT ( 'NONE', #1739 ) ;
#1767 =( GEOMETRIC_REPRESENTATION_CONTEXT ( 3 ) GLOBAL_UNCERTAINTY_ASSIGNED_CONTEXT ( ( #1319 ) ) GLOBAL_UNIT_ASSIGNED_CONTEXT ( ( #790, #603, #577 ) ) REPRESENTATION_CONTEXT ( 'NONE', 'WORKASPACE' ) );
#1768 = ADVANCED_FACE ( 'NONE', ( #380 ), #1204, .F. ) ;
#1769 = CARTESIAN_POINT ( 'NONE',  ( -3.299999999999978500, 3.250000000000004400, -1.000000000000012200 ) ) ;
#1770 = ORIENTED_EDGE ( 'NONE', *, *, #614, .F. ) ;
#1771 = LINE ( 'NONE', #740, #451 ) ;
#1772 = CARTESIAN_POINT ( 'NONE',  ( -3.299999999999958500, 3.250000000000014700, -3.850000000000013000 ) ) ;
#1773 = ORIENTED_EDGE ( 'NONE', *, *, #2389, .F. ) ;
#1774 = FACE_OUTER_BOUND ( 'NONE', #1156, .T. ) ;
#1775 = LINE ( 'NONE', #1433, #3037 ) ;
#1776 = DIRECTION ( 'NONE',  ( -1.000000000000000000, -3.491483361109382100E-015, -6.982966722218776000E-015 ) ) ;
#1777 = FACE_OUTER_BOUND ( 'NONE', #720, .T. ) ;
#1778 = VECTOR ( 'NONE', #369, 1000.000000000000000 ) ;
#1779 = DIRECTION ( 'NONE',  ( 6.982966722218703400E-015, 2.083871812087760100E-014, -1.000000000000000000 ) ) ;
#1780 = DIRECTION ( 'NONE',  ( 3.491483361109406500E-015, -1.000000000000000000, -3.491483361109357600E-015 ) ) ;
#1781 = PRESENTATION_STYLE_ASSIGNMENT (( #1268 ) ) ;
#1782 = EDGE_CURVE ( 'NONE', #157, #676, #298, .T. ) ;
#1783 = UNCERTAINTY_MEASURE_WITH_UNIT (LENGTH_MEASURE( 1.000000000000000100E-005 ), #2072, 'distance_accuracy_value', 'NONE');
#1784 = ORIENTED_EDGE ( 'NONE', *, *, #504, .T. ) ;
#1785 = ORIENTED_EDGE ( 'NONE', *, *, #278, .F. ) ;
#1786 = DIRECTION ( 'NONE',  ( 3.608694406783514200E-015, -1.000000000000000000, -3.369022725727119500E-015 ) ) ;
#1787 = CARTESIAN_POINT ( 'NONE',  ( 0.6000000000000596000, 0.4000000000000324400, -4.949999999999994000 ) ) ;
#1788 = EDGE_CURVE ( 'NONE', #772, #2153, #2827, .T. ) ;
#1789 = ADVANCED_FACE ( 'NONE', ( #2199 ), #2916, .F. ) ;
#1790 = DIRECTION ( 'NONE',  ( 3.491483361109405700E-015, -1.000000000000000000, -3.369022725727119900E-015 ) ) ;
#1791 = DIRECTION ( 'NONE',  ( 3.157882692652327300E-015, -1.000000000000000000, -3.369022725727122300E-015 ) ) ;
#1792 = EDGE_LOOP ( 'NONE', ( #1382, #71, #1207, #1901 ) ) ;
#1793 = CARTESIAN_POINT ( 'NONE',  ( 0.6000000000000498300, 2.596596711517545500E-014, -3.349999999999994300 ) ) ;
#1794 = CARTESIAN_POINT ( 'NONE',  ( -1.349999999999995400, 3.700000000000003700, 1.250000000000002900 ) ) ;
#1795 = VECTOR ( 'NONE', #2655, 1000.000000000000000 ) ;
#1796 = VERTEX_POINT ( 'NONE', #2945 ) ;
#1797 =( LENGTH_UNIT ( ) NAMED_UNIT ( * ) SI_UNIT ( .MILLI., .METRE. ) );
#1798 = EDGE_CURVE ( 'NONE', #1916, #891, #226, .T. ) ;
#1799 = CARTESIAN_POINT ( 'NONE',  ( -1.349999999999977900, 4.780000000000014500, -1.849999999999994100 ) ) ;
#1800 = AXIS2_PLACEMENT_3D ( 'NONE', #2374, #2385, #1920 ) ;
#1801 = ORIENTED_EDGE ( 'NONE', *, *, #1571, .F. ) ;
#1802 = LINE ( 'NONE', #971, #1143 ) ;
#1803 =( LENGTH_UNIT ( ) NAMED_UNIT ( * ) SI_UNIT ( .MILLI., .METRE. ) );
#1804 = EDGE_CURVE ( 'NONE', #1099, #475, #2419, .T. ) ;
#1805 =( LENGTH_UNIT ( ) NAMED_UNIT ( * ) SI_UNIT ( .MILLI., .METRE. ) );
#1806 = VERTEX_POINT ( 'NONE', #2658 ) ;
#1807 = PRESENTATION_STYLE_ASSIGNMENT (( #2266 ) ) ;
#1808 = LINE ( 'NONE', #469, #3073 ) ;
#1809 = MECHANICAL_DESIGN_GEOMETRIC_PRESENTATION_REPRESENTATION (  '', ( #1313 ), #1981 ) ;
#1810 = VERTEX_POINT ( 'NONE', #2423 ) ;
#1811 = AXIS2_PLACEMENT_3D ( 'NONE', #2889, #201, #1942 ) ;
#1812 = COLOUR_RGB ( '',0.7529411764705882200, 0.7529411764705882200, 0.7529411764705882200 ) ;
#1813 = PLANE ( 'NONE',  #2990 ) ;
#1814 =( LENGTH_UNIT ( ) NAMED_UNIT ( * ) SI_UNIT ( .MILLI., .METRE. ) );
#1815 = SURFACE_STYLE_USAGE ( .BOTH. , #1833 ) ;
#1816 = ORIENTED_EDGE ( 'NONE', *, *, #1279, .T. ) ;
#1817 = ORIENTED_EDGE ( 'NONE', *, *, #2329, .F. ) ;
#1818 = DIRECTION ( 'NONE',  ( 1.000000000000000000, 3.491483361109382100E-015, 6.982966722218776000E-015 ) ) ;
#1819 = ORIENTED_EDGE ( 'NONE', *, *, #835, .T. ) ;
#1820 = EDGE_CURVE ( 'NONE', #2282, #347, #809, .T. ) ;
#1821 = PLANE ( 'NONE',  #3010 ) ;
#1822 = FILL_AREA_STYLE_COLOUR ( '', #646 ) ;
#1823 =( NAMED_UNIT ( * ) PLANE_ANGLE_UNIT ( ) SI_UNIT ( $, .RADIAN. ) );
#1824 = AXIS2_PLACEMENT_3D ( 'NONE', #1753, #1741, #1589 ) ;
#1825 = ADVANCED_FACE ( 'NONE', ( #2041 ), #1987, .F. ) ;
#1826 = DIRECTION ( 'NONE',  ( -3.491483361109406500E-015, 1.000000000000000000, 3.491483361109357600E-015 ) ) ;
#1827 = EDGE_LOOP ( 'NONE', ( #34, #2053, #2135, #1239 ) ) ;
#1828 =( NAMED_UNIT ( * ) SI_UNIT ( $, .STERADIAN. ) SOLID_ANGLE_UNIT ( ) );
#1829 = ORIENTED_EDGE ( 'NONE', *, *, #492, .T. ) ;
#1830 = CARTESIAN_POINT ( 'NONE',  ( -1.350000000000010100, 4.779999999999998500, 2.750000000000005800 ) ) ;
#1831 = VERTEX_POINT ( 'NONE', #2418 ) ;
#1832 = VERTEX_POINT ( 'NONE', #1697 ) ;
#1833 = SURFACE_SIDE_STYLE ('',( #3120 ) ) ;
#1834 = LINE ( 'NONE', #3100, #1173 ) ;
#1835 = EDGE_CURVE ( 'NONE', #902, #1450, #723, .T. ) ;
#1836 =( NAMED_UNIT ( * ) SI_UNIT ( $, .STERADIAN. ) SOLID_ANGLE_UNIT ( ) );
#1837 = VERTEX_POINT ( 'NONE', #1495 ) ;
#1838 = DIRECTION ( 'NONE',  ( -1.000000000000000000, -3.491483361109382100E-015, -6.982966722218776000E-015 ) ) ;
#1839 = EDGE_LOOP ( 'NONE', ( #1258, #2636, #1424, #175 ) ) ;
#1840 = PRESENTATION_STYLE_ASSIGNMENT (( #733 ) ) ;
#1841 = CARTESIAN_POINT ( 'NONE',  ( 1.849999999999995600, 1.150000000000006400, 3.750000000000016900 ) ) ;
#1842 = CARTESIAN_POINT ( 'NONE',  ( 3.750000000000041300, 2.500000000000036900, -3.449999999999966000 ) ) ;
#1843 = EDGE_LOOP ( 'NONE', ( #1498, #2104, #2477, #2888 ) ) ;
#1844 = LINE ( 'NONE', #2023, #2485 ) ;
#1845 = FACE_OUTER_BOUND ( 'NONE', #1886, .T. ) ;
#1846 = CARTESIAN_POINT ( 'NONE',  ( -1.349999999999995400, 3.700000000000003700, 1.250000000000002900 ) ) ;
#1847 = ADVANCED_FACE ( 'NONE', ( #2748 ), #1242, .F. ) ;
#1848 = VECTOR ( 'NONE', #655, 1000.000000000000000 ) ;
#1849 = DIRECTION ( 'NONE',  ( -1.000000000000000000, -3.491483361109382100E-015, -6.982966722218776000E-015 ) ) ;
#1850 = EDGE_CURVE ( 'NONE', #370, #2207, #2678, .T. ) ;
#1851 = FILL_AREA_STYLE ('',( #2544 ) ) ;
#1852 =( NAMED_UNIT ( * ) PLANE_ANGLE_UNIT ( ) SI_UNIT ( $, .RADIAN. ) );
#1853 = FACE_OUTER_BOUND ( 'NONE', #1863, .T. ) ;
#1854 = LINE ( 'NONE', #115, #599 ) ;
#1855 = SURFACE_STYLE_FILL_AREA ( #2276 ) ;
#1856 = LINE ( 'NONE', #1054, #532 ) ;
#1857 = ADVANCED_FACE ( 'NONE', ( #1305 ), #994, .F. ) ;
#1858 = CARTESIAN_POINT ( 'NONE',  ( 2.499999999999986200, 5.800000000000011400, 2.750000000000037300 ) ) ;
#1859 = ORIENTED_EDGE ( 'NONE', *, *, #1532, .F. ) ;
#1860 = CARTESIAN_POINT ( 'NONE',  ( -1.350000000000010100, 4.779999999999998500, 2.750000000000006200 ) ) ;
#1861 = EDGE_CURVE ( 'NONE', #1418, #986, #2605, .T. ) ;
#1862 =( LENGTH_UNIT ( ) NAMED_UNIT ( * ) SI_UNIT ( .MILLI., .METRE. ) );
#1863 = EDGE_LOOP ( 'NONE', ( #140, #2691, #401, #2899 ) ) ;
#1864 = ADVANCED_FACE ( 'NONE', ( #143 ), #477, .F. ) ;
#1865 = STYLED_ITEM ( 'NONE', ( #1885 ), #890 ) ;
#1866 = DIRECTION ( 'NONE',  ( -1.000000000000000000, -3.491483361109382100E-015, -6.982966722218776000E-015 ) ) ;
#1867 = DIRECTION ( 'NONE',  ( -3.491483361109405700E-015, 1.000000000000000000, 3.369022725727119900E-015 ) ) ;
#1868 = DIRECTION ( 'NONE',  ( -3.491483361109527600E-015, 1.000000000000000000, 2.083871812087757900E-014 ) ) ;
#1869 = CARTESIAN_POINT ( 'NONE',  ( -2.900000000000005700, 5.599999999999995200, 1.799999999999998700 ) ) ;
#1870 = ORIENTED_EDGE ( 'NONE', *, *, #614, .T. ) ;
#1871 =( GEOMETRIC_REPRESENTATION_CONTEXT ( 3 ) GLOBAL_UNCERTAINTY_ASSIGNED_CONTEXT ( ( #987 ) ) GLOBAL_UNIT_ASSIGNED_CONTEXT ( ( #419, #428, #189 ) ) REPRESENTATION_CONTEXT ( 'NONE', 'WORKASPACE' ) );
#1872 = FILL_AREA_STYLE ('',( #1349 ) ) ;
#1873 = ADVANCED_FACE ( 'NONE', ( #1073 ), #2180, .F. ) ;
#1874 = LINE ( 'NONE', #2493, #2964 ) ;
#1875 = EDGE_LOOP ( 'NONE', ( #2539, #1982, #2690, #1469 ) ) ;
#1876 = CARTESIAN_POINT ( 'NONE',  ( 3.750000000000052400, 3.836073304711376500E-014, -3.749999999999973800 ) ) ;
#1877 = CARTESIAN_POINT ( 'NONE',  ( -0.8999999999999386300, -0.09999999999997304100, -4.950000000000006400 ) ) ;
#1878 = PRESENTATION_LAYER_ASSIGNMENT (  '', '', ( #1551 ) ) ;
#1879 = PRESENTATION_STYLE_ASSIGNMENT (( #481 ) ) ;
#1880 = DIRECTION ( 'NONE',  ( -6.982966722218764900E-015, -3.369022725727144300E-015, 1.000000000000000000 ) ) ;
#1881 = ORIENTED_EDGE ( 'NONE', *, *, #1788, .T. ) ;
#1882 = EDGE_CURVE ( 'NONE', #2821, #1721, #2711, .T. ) ;
#1883 = SURFACE_STYLE_USAGE ( .BOTH. , #2088 ) ;
#1884 = FACE_OUTER_BOUND ( 'NONE', #1730, .T. ) ;
#1886 = EDGE_LOOP ( 'NONE', ( #360, #2183, #707, #548 ) ) ;
#1885 = PRESENTATION_STYLE_ASSIGNMENT (( #396 ) ) ;
#1887 = LINE ( 'NONE', #2967, #3072 ) ;
#1888 = LINE ( 'NONE', #695, #1223 ) ;
#1889 = PLANE ( 'NONE',  #1603 ) ;
#1890 = LINE ( 'NONE', #1877, #3078 ) ;
#1891 = STYLED_ITEM ( 'NONE', ( #2874 ), #1351 ) ;
#1892 =( NAMED_UNIT ( * ) SI_UNIT ( $, .STERADIAN. ) SOLID_ANGLE_UNIT ( ) );
#1893 = ORIENTED_EDGE ( 'NONE', *, *, #408, .T. ) ;
#1894 = VERTEX_POINT ( 'NONE', #956 ) ;
#1895 = CARTESIAN_POINT ( 'NONE',  ( 2.450000000000024600, 4.130000000000027400, -1.849999999999968800 ) ) ;
#1896 = CARTESIAN_POINT ( 'NONE',  ( 0.6000000000000502700, -0.09999999999997315200, -3.349999999999996100 ) ) ;
#1897 = CARTESIAN_POINT ( 'NONE',  ( 1.049999999999988700, 5.300000000000007800, 2.750000000000024900 ) ) ;
#1898 =( NAMED_UNIT ( * ) PLANE_ANGLE_UNIT ( ) SI_UNIT ( $, .RADIAN. ) );
#1899 = DIRECTION ( 'NONE',  ( -6.982966722218764900E-015, -3.369022725727144300E-015, 1.000000000000000000 ) ) ;
#1900 = EDGE_CURVE ( 'NONE', #2984, #785, #760, .T. ) ;
#1901 = ORIENTED_EDGE ( 'NONE', *, *, #2811, .T. ) ;
#1902 = ADVANCED_FACE ( 'NONE', ( #1429 ), #2388, .F. ) ;
#1903 = MECHANICAL_DESIGN_GEOMETRIC_PRESENTATION_REPRESENTATION (  '', ( #1409 ), #2117 ) ;
#1904 = FILL_AREA_STYLE_COLOUR ( '', #3110 ) ;
#1905 = ADVANCED_FACE ( 'NONE', ( #2641 ), #2621, .T. ) ;
#1906 = EDGE_CURVE ( 'NONE', #714, #2665, #1775, .T. ) ;
#1907 = EDGE_LOOP ( 'NONE', ( #949, #358, #2955, #1829 ) ) ;
#1908 =( LENGTH_UNIT ( ) NAMED_UNIT ( * ) SI_UNIT ( .MILLI., .METRE. ) );
#1909 = CARTESIAN_POINT ( 'NONE',  ( 1.900000000000024800, 4.130000000000025700, -1.849999999999973200 ) ) ;
#1910 = LINE ( 'NONE', #1984, #3096 ) ;
#1911 = ORIENTED_EDGE ( 'NONE', *, *, #186, .T. ) ;
#1912 = ORIENTED_EDGE ( 'NONE', *, *, #118, .F. ) ;
#1913 = LINE ( 'NONE', #2165, #3101 ) ;
#1914 = CARTESIAN_POINT ( 'NONE',  ( -1.050000000000002700, 5.800000000000006000, 1.250000000000012000 ) ) ;
#1915 = MECHANICAL_DESIGN_GEOMETRIC_PRESENTATION_REPRESENTATION (  '', ( #1426 ), #2082 ) ;
#1916 = VERTEX_POINT ( 'NONE', #1404 ) ;
#1917 = ORIENTED_EDGE ( 'NONE', *, *, #897, .T. ) ;
#1918 = VECTOR ( 'NONE', #2480, 1000.000000000000000 ) ;
#1919 = DIRECTION ( 'NONE',  ( -3.491483361109405700E-015, 1.000000000000000000, 3.369022725727119900E-015 ) ) ;
#1920 = DIRECTION ( 'NONE',  ( -3.491483361109406500E-015, 1.000000000000000000, 3.491483361109357600E-015 ) ) ;
#1921 = ORIENTED_EDGE ( 'NONE', *, *, #1978, .T. ) ;
#1922 = FACE_OUTER_BOUND ( 'NONE', #1691, .T. ) ;
#1923 = VECTOR ( 'NONE', #2139, 1000.000000000000000 ) ;
#1924 =( NAMED_UNIT ( * ) PLANE_ANGLE_UNIT ( ) SI_UNIT ( $, .RADIAN. ) );
#1925 = DIRECTION ( 'NONE',  ( 3.157882692652327300E-015, -1.000000000000000000, -3.369022725727122300E-015 ) ) ;
#1926 = DIRECTION ( 'NONE',  ( 3.491483361109406500E-015, -1.000000000000000000, -3.491483361109357600E-015 ) ) ;
#1927 = SURFACE_STYLE_USAGE ( .BOTH. , #439 ) ;
#1928 = ORIENTED_EDGE ( 'NONE', *, *, #1321, .F. ) ;
#1929 = AXIS2_PLACEMENT_3D ( 'NONE', #1538, #1318, #1282 ) ;
#1930 = VECTOR ( 'NONE', #1397, 1000.000000000000000 ) ;
#1931 = CARTESIAN_POINT ( 'NONE',  ( 2.899999999999993700, 5.600000000000016500, 1.800000000000038900 ) ) ;
#1932 = LINE ( 'NONE', #2582, #1267 ) ;
#1933 = LINE ( 'NONE', #263, #1343 ) ;
#1934 = CARTESIAN_POINT ( 'NONE',  ( 1.050000000000004500, 3.800000000000013100, 1.250000000000020200 ) ) ;
#1935 = LINE ( 'NONE', #1038, #2832 ) ;
#1936 = AXIS2_PLACEMENT_3D ( 'NONE', #1895, #2113, #1394 ) ;
#1937 = LINE ( 'NONE', #3064, #31 ) ;
#1938 = CARTESIAN_POINT ( 'NONE',  ( -0.5999999999999489100, 0.4000000000000240600, -3.750000000000002700 ) ) ;
#1939 = ORIENTED_EDGE ( 'NONE', *, *, #780, .F. ) ;
#1940 = ORIENTED_EDGE ( 'NONE', *, *, #1804, .T. ) ;
#1941 = ADVANCED_BREP_SHAPE_REPRESENTATION ( 'SM02B-ZESS', ( #2591, #2063 ), #561 ) ;
#1942 = DIRECTION ( 'NONE',  ( -3.491483361109405700E-015, 1.000000000000000000, 3.375835129377570300E-015 ) ) ;
#1943 = EDGE_LOOP ( 'NONE', ( #2849, #2921, #440, #2471 ) ) ;
#1944 = CARTESIAN_POINT ( 'NONE',  ( 1.350000000000027600, 3.330000000000024500, -1.849999999999979200 ) ) ;
#1945 = PLANE ( 'NONE',  #1704 ) ;
#1946 = DIRECTION ( 'NONE',  ( 1.000000000000000000, 3.825084029566460500E-015, 6.982966722218776800E-015 ) ) ;
#1947 = CARTESIAN_POINT ( 'NONE',  ( -3.299999999999958500, 3.250000000000014700, -3.850000000000013000 ) ) ;
#1948 = EDGE_CURVE ( 'NONE', #2019, #2406, #524, .T. ) ;
#1949 = DIRECTION ( 'NONE',  ( -4.033584447352158700E-015, 1.000000000000000000, 3.369022725727116300E-015 ) ) ;
#1950 = ORIENTED_EDGE ( 'NONE', *, *, #1112, .T. ) ;
#1951 = EDGE_CURVE ( 'NONE', #2928, #370, #2416, .T. ) ;
#1952 = LINE ( 'NONE', #2909, #1289 ) ;
#1953 = EDGE_LOOP ( 'NONE', ( #582, #3049, #693, #1817 ) ) ;
#1954 = CARTESIAN_POINT ( 'NONE',  ( 0.9000000000000507600, 0.4000000000000292800, -3.749999999999992000 ) ) ;
#1955 = VERTEX_POINT ( 'NONE', #1150 ) ;
#1956 = CARTESIAN_POINT ( 'NONE',  ( 1.350000000000004500, 3.700000000000013500, 1.250000000000022000 ) ) ;
#1957 = DIRECTION ( 'NONE',  ( -6.982966722218764100E-015, -3.496323549379406800E-015, 1.000000000000000000 ) ) ;
#1958 = VECTOR ( 'NONE', #1273, 1000.000000000000000 ) ;
#1959 = DIRECTION ( 'NONE',  ( -4.663593817850496600E-015, 1.000000000000000000, 3.491483361109349300E-015 ) ) ;
#1960 = COLOUR_RGB ( '',0.7529411764705882200, 0.7529411764705882200, 0.7529411764705882200 ) ;
#1961 = DIRECTION ( 'NONE',  ( 3.491483361109405700E-015, -1.000000000000000000, -3.369022725727119900E-015 ) ) ;
#1962 = VERTEX_POINT ( 'NONE', #946 ) ;
#1963 = SURFACE_STYLE_USAGE ( .BOTH. , #229 ) ;
#1964 = FACE_OUTER_BOUND ( 'NONE', #822, .T. ) ;
#1965 = CARTESIAN_POINT ( 'NONE',  ( 0.6000000000000526000, 2.736256045961921300E-014, -3.749999999999995600 ) ) ;
#1966 = COLOUR_RGB ( '',0.7529411764705882200, 0.7529411764705882200, 0.7529411764705882200 ) ;
#1967 = CARTESIAN_POINT ( 'NONE',  ( -3.299999999999958500, 3.250000000000014700, -3.850000000000013000 ) ) ;
#1968 = VECTOR ( 'NONE', #2179, 1000.000000000000000 ) ;
#1969 = EDGE_CURVE ( 'NONE', #2661, #2985, #373, .T. ) ;
#1970 = FACE_OUTER_BOUND ( 'NONE', #2262, .T. ) ;
#1971 = VECTOR ( 'NONE', #758, 1000.000000000000000 ) ;
#1972 = FACE_OUTER_BOUND ( 'NONE', #3057, .T. ) ;
#1973 = LINE ( 'NONE', #2020, #2531 ) ;
#1974 = PRESENTATION_LAYER_ASSIGNMENT (  '', '', ( #1636 ) ) ;
#1975 = PLANE ( 'NONE',  #2595 ) ;
#1976 = SURFACE_STYLE_FILL_AREA ( #2812 ) ;
#1977 = CARTESIAN_POINT ( 'NONE',  ( -1.049999999999970100, 3.800000000000018000, -2.449999999999994800 ) ) ;
#1978 = EDGE_CURVE ( 'NONE', #566, #2996, #1695, .T. ) ;
#1979 = EDGE_LOOP ( 'NONE', ( #2590, #2369, #479, #2560 ) ) ;
#1980 = CARTESIAN_POINT ( 'NONE',  ( 1.900000000000022100, 4.780000000000025100, -1.849999999999971400 ) ) ;
#1981 =( GEOMETRIC_REPRESENTATION_CONTEXT ( 3 ) GLOBAL_UNCERTAINTY_ASSIGNED_CONTEXT ( ( #1783 ) ) GLOBAL_UNIT_ASSIGNED_CONTEXT ( ( #2072, #2061, #2055 ) ) REPRESENTATION_CONTEXT ( 'NONE', 'WORKASPACE' ) );
#1982 = ORIENTED_EDGE ( 'NONE', *, *, #2554, .F. ) ;
#1983 = UNCERTAINTY_MEASURE_WITH_UNIT (LENGTH_MEASURE( 1.000000000000000100E-005 ), #2450, 'distance_accuracy_value', 'NONE');
#1984 = CARTESIAN_POINT ( 'NONE',  ( -1.349999999999977900, 4.780000000000014500, -1.849999999999994100 ) ) ;
#1985 = ORIENTED_EDGE ( 'NONE', *, *, #658, .F. ) ;
#1986 = STYLED_ITEM ( 'NONE', ( #633 ), #2873 ) ;
#1987 = PLANE ( 'NONE',  #2894 ) ;
#1988 =( NAMED_UNIT ( * ) PLANE_ANGLE_UNIT ( ) SI_UNIT ( $, .RADIAN. ) );
#1989 = ORIENTED_EDGE ( 'NONE', *, *, #1521, .F. ) ;
#1990 = SURFACE_STYLE_USAGE ( .BOTH. , #2000 ) ;
#1991 = FACE_OUTER_BOUND ( 'NONE', #2399, .T. ) ;
#1992 = EDGE_CURVE ( 'NONE', #1489, #1962, #1108, .T. ) ;
#1993 = PLANE ( 'NONE',  #259 ) ;
#1994 = ORIENTED_EDGE ( 'NONE', *, *, #2429, .T. ) ;
#1995 = LINE ( 'NONE', #1634, #672 ) ;
#1996 = STYLED_ITEM ( 'NONE', ( #70 ), #1541 ) ;
#1997 = EDGE_LOOP ( 'NONE', ( #667, #744, #2143, #2215 ) ) ;
#1998 = LINE ( 'NONE', #1769, #3033 ) ;
#1999 = ORIENTED_EDGE ( 'NONE', *, *, #393, .F. ) ;
#2000 = SURFACE_SIDE_STYLE ('',( #1644 ) ) ;
#2001 = CARTESIAN_POINT ( 'NONE',  ( -1.049999999999970100, 3.800000000000018000, -2.449999999999994800 ) ) ;
#2002 = CARTESIAN_POINT ( 'NONE',  ( -2.449999999999975300, 4.130000000000010600, -1.850000000000003600 ) ) ;
#2003 = LINE ( 'NONE', #2686, #1340 ) ;
#2004 = COLOUR_RGB ( '',0.7529411764705882200, 0.7529411764705882200, 0.7529411764705882200 ) ;
#2005 = LINE ( 'NONE', #2364, #24 ) ;
#2006 = DIRECTION ( 'NONE',  ( -6.982966722218764900E-015, -3.369022725727144300E-015, 1.000000000000000000 ) ) ;
#2007 = EDGE_CURVE ( 'NONE', #193, #2503, #1037, .T. ) ;
#2008 = LINE ( 'NONE', #2362, #1342 ) ;
#2009 = VECTOR ( 'NONE', #2500, 1000.000000000000000 ) ;
#2010 = DIRECTION ( 'NONE',  ( -6.982966722218764900E-015, -3.491483361109382500E-015, 1.000000000000000000 ) ) ;
#2011 = LINE ( 'NONE', #2260, #107 ) ;
#2012 = ORIENTED_EDGE ( 'NONE', *, *, #965, .F. ) ;
#2013 = VECTOR ( 'NONE', #904, 1000.000000000000000 ) ;
#2014 = DIRECTION ( 'NONE',  ( 6.982966722218764900E-015, 3.369022725727144300E-015, -1.000000000000000000 ) ) ;
#2015 = PLANE ( 'NONE',  #403 ) ;
#2016 = ORIENTED_EDGE ( 'NONE', *, *, #2959, .T. ) ;
#2017 = ORIENTED_EDGE ( 'NONE', *, *, #794, .F. ) ;
#2018 = EDGE_CURVE ( 'NONE', #2841, #902, #964, .T. ) ;
#2019 = VERTEX_POINT ( 'NONE', #167 ) ;
#2020 = CARTESIAN_POINT ( 'NONE',  ( 1.350000000000004500, 3.700000000000013500, 1.250000000000022000 ) ) ;
#2021 =( LENGTH_UNIT ( ) NAMED_UNIT ( * ) SI_UNIT ( .MILLI., .METRE. ) );
#2022 = DIRECTION ( 'NONE',  ( -3.491483361109405700E-015, 1.000000000000000000, 3.369022725727119900E-015 ) ) ;
#2023 = CARTESIAN_POINT ( 'NONE',  ( 2.350000000000043600, 2.500000000000032900, -3.749999999999975600 ) ) ;
#2024 = ORIENTED_EDGE ( 'NONE', *, *, #1015, .T. ) ;
#2025 = EDGE_CURVE ( 'NONE', #622, #2154, #2822, .T. ) ;
#2026 = VECTOR ( 'NONE', #2126, 1000.000000000000000 ) ;
#2027 = EDGE_LOOP ( 'NONE', ( #2254, #1688, #251, #1028 ) ) ;
#2028 = AXIS2_PLACEMENT_3D ( 'NONE', #1326, #2612, #2347 ) ;
#2029 = SURFACE_STYLE_USAGE ( .BOTH. , #2083 ) ;
#2030 = EDGE_LOOP ( 'NONE', ( #1048, #947, #306, #2755 ) ) ;
#2031 = FACE_BOUND ( 'NONE', #1732, .T. ) ;
#2032 =( LENGTH_UNIT ( ) NAMED_UNIT ( * ) SI_UNIT ( .MILLI., .METRE. ) );
#2033 =( NAMED_UNIT ( * ) SI_UNIT ( $, .STERADIAN. ) SOLID_ANGLE_UNIT ( ) );
#2034 = AXIS2_PLACEMENT_3D ( 'NONE', #337, #1627, #1392 ) ;
#2035 = EDGE_LOOP ( 'NONE', ( #2962, #2012, #2891, #1315 ) ) ;
#2036 = ORIENTED_EDGE ( 'NONE', *, *, #1285, .T. ) ;
#2037 = VECTOR ( 'NONE', #1919, 1000.000000000000000 ) ;
#2038 = LINE ( 'NONE', #1686, #2118 ) ;
#2039 = MECHANICAL_DESIGN_GEOMETRIC_PRESENTATION_REPRESENTATION (  '', ( #1551 ), #2208 ) ;
#2040 = VECTOR ( 'NONE', #1786, 1000.000000000000000 ) ;
#2041 = FACE_OUTER_BOUND ( 'NONE', #2632, .T. ) ;
#2042 =( NAMED_UNIT ( * ) PLANE_ANGLE_UNIT ( ) SI_UNIT ( $, .RADIAN. ) );
#2043 = VECTOR ( 'NONE', #3014, 1000.000000000000000 ) ;
#2044 = SURFACE_STYLE_USAGE ( .BOTH. , #85 ) ;
#2045 = ADVANCED_FACE ( 'NONE', ( #1543 ), #2988, .T. ) ;
#2046 = DIRECTION ( 'NONE',  ( -1.000000000000000000, -3.491483361109382100E-015, -6.982966722218776000E-015 ) ) ;
#2047 = LINE ( 'NONE', #2051, #2750 ) ;
#2048 = LINE ( 'NONE', #388, #650 ) ;
#2049 =( NAMED_UNIT ( * ) SI_UNIT ( $, .STERADIAN. ) SOLID_ANGLE_UNIT ( ) );
#2050 = EDGE_CURVE ( 'NONE', #837, #84, #2523, .T. ) ;
#2051 = CARTESIAN_POINT ( 'NONE',  ( 1.849999999999995000, 3.400000000000009700, 2.750000000000024000 ) ) ;
#2052 = ORIENTED_EDGE ( 'NONE', *, *, #2279, .F. ) ;
#2053 = ORIENTED_EDGE ( 'NONE', *, *, #2231, .F. ) ;
#2054 = CARTESIAN_POINT ( 'NONE',  ( -3.299999999999966500, 5.600000000000015600, -3.850000000000004500 ) ) ;
#2055 =( NAMED_UNIT ( * ) SI_UNIT ( $, .STERADIAN. ) SOLID_ANGLE_UNIT ( ) );
#2056 = AXIS2_PLACEMENT_3D ( 'NONE', #2687, #2440, #1728 ) ;
#2057 = DIRECTION ( 'NONE',  ( 3.491483361109406500E-015, -1.000000000000000000, -3.491483361109357600E-015 ) ) ;
#2058 = ORIENTED_EDGE ( 'NONE', *, *, #1782, .F. ) ;
#2059 =( LENGTH_UNIT ( ) NAMED_UNIT ( * ) SI_UNIT ( .MILLI., .METRE. ) );
#2060 = CARTESIAN_POINT ( 'NONE',  ( 3.750000000000000000, 1.309306260416018300E-014, 3.750000000000025800 ) ) ;
#2061 =( NAMED_UNIT ( * ) PLANE_ANGLE_UNIT ( ) SI_UNIT ( $, .RADIAN. ) );
#2062 = DIRECTION ( 'NONE',  ( -6.982966722218764900E-015, -3.369022725727144300E-015, 1.000000000000000000 ) ) ;
#2063 = AXIS2_PLACEMENT_3D ( 'NONE', #2288, #823, #2525 ) ;
#2064 = ORIENTED_EDGE ( 'NONE', *, *, #2141, .F. ) ;
#2065 = EDGE_CURVE ( 'NONE', #1172, #1164, #1303, .T. ) ;
#2066 = ORIENTED_EDGE ( 'NONE', *, *, #550, .F. ) ;
#2067 = DIRECTION ( 'NONE',  ( -3.608694406783514200E-015, 1.000000000000000000, 3.369022725727119500E-015 ) ) ;
#2068 = LINE ( 'NONE', #387, #2555 ) ;
#2069 = ORIENTED_EDGE ( 'NONE', *, *, #3156, .F. ) ;
#2070 = LINE ( 'NONE', #3157, #754 ) ;
#2071 = CARTESIAN_POINT ( 'NONE',  ( -0.5999999999999386900, -0.09999999999997198600, -4.950000000000002800 ) ) ;
#2072 =( LENGTH_UNIT ( ) NAMED_UNIT ( * ) SI_UNIT ( .MILLI., .METRE. ) );
#2073 = UNCERTAINTY_MEASURE_WITH_UNIT (LENGTH_MEASURE( 1.000000000000000100E-005 ), #2619, 'distance_accuracy_value', 'NONE');
#2074 = EDGE_CURVE ( 'NONE', #200, #1395, #1887, .T. ) ;
#2076 = ORIENTED_EDGE ( 'NONE', *, *, #675, .T. ) ;
#2075 = VECTOR ( 'NONE', #1142, 1000.000000000000000 ) ;
#2077 = DIRECTION ( 'NONE',  ( 1.000000000000000000, 3.608694406783490500E-015, 6.982966722218776800E-015 ) ) ;
#2078 = VECTOR ( 'NONE', #239, 1000.000000000000000 ) ;
#2079 = PRESENTATION_STYLE_ASSIGNMENT (( #2120 ) ) ;
#2080 = LINE ( 'NONE', #1139, #1930 ) ;
#2081 = DIRECTION ( 'NONE',  ( -1.000000000000000000, -3.491483361109382100E-015, -6.982966722218776000E-015 ) ) ;
#2082 =( GEOMETRIC_REPRESENTATION_CONTEXT ( 3 ) GLOBAL_UNCERTAINTY_ASSIGNED_CONTEXT ( ( #1759 ) ) GLOBAL_UNIT_ASSIGNED_CONTEXT ( ( #1004, #2701, #1241 ) ) REPRESENTATION_CONTEXT ( 'NONE', 'WORKASPACE' ) );
#2083 = SURFACE_SIDE_STYLE ('',( #1855 ) ) ;
#2084 = LINE ( 'NONE', #2571, #1435 ) ;
#2085 = FILL_AREA_STYLE_COLOUR ( '', #2470 ) ;
#2086 = CARTESIAN_POINT ( 'NONE',  ( 3.300000000000021600, 3.250000000000028000, -0.9999999999999653600 ) ) ;
#2087 = DIRECTION ( 'NONE',  ( 6.982966722218764900E-015, 3.369022725727144300E-015, -1.000000000000000000 ) ) ;
#2088 = SURFACE_SIDE_STYLE ('',( #2302 ) ) ;
#2089 = LINE ( 'NONE', #1909, #769 ) ;
#2090 = ADVANCED_FACE ( 'NONE', ( #556 ), #2308, .F. ) ;
#2091 = VERTEX_POINT ( 'NONE', #2543 ) ;
#2092 = ORIENTED_EDGE ( 'NONE', *, *, #2704, .F. ) ;
#2093 = CARTESIAN_POINT ( 'NONE',  ( -2.899999999999978200, 3.250000000000006200, -1.000000000000008700 ) ) ;
#2094 = DIRECTION ( 'NONE',  ( 1.000000000000000000, 3.375318842628792200E-015, 6.982966722218775200E-015 ) ) ;
#2095 = STYLED_ITEM ( 'NONE', ( #1151 ), #185 ) ;
#2096 = CARTESIAN_POINT ( 'NONE',  ( 1.850000000000033600, 1.550000000000025600, -1.849999999999981900 ) ) ;
#2097 = CARTESIAN_POINT ( 'NONE',  ( -0.5999999999999474600, 2.317278042628795500E-014, -3.750000000000004000 ) ) ;
#2098 = EDGE_LOOP ( 'NONE', ( #952, #1252, #363, #2517 ) ) ;
#2099 = DIRECTION ( 'NONE',  ( 6.982966722218764100E-015, 3.491483361109382100E-015, -1.000000000000000000 ) ) ;
#2100 = ADVANCED_FACE ( 'NONE', ( #2862 ), #1053, .F. ) ;
#2101 = VECTOR ( 'NONE', #1866, 1000.000000000000000 ) ;
#2102 = ORIENTED_EDGE ( 'NONE', *, *, #2980, .F. ) ;
#2103 = FILL_AREA_STYLE ('',( #2085 ) ) ;
#2104 = ORIENTED_EDGE ( 'NONE', *, *, #1835, .T. ) ;
#2105 = LINE ( 'NONE', #1215, #211 ) ;
#2106 = EDGE_CURVE ( 'NONE', #1766, #986, #333, .T. ) ;
#2107 = PLANE ( 'NONE',  #2983 ) ;
#2108 = ORIENTED_EDGE ( 'NONE', *, *, #3022, .T. ) ;
#2109 = CARTESIAN_POINT ( 'NONE',  ( -3.750000000000020400, 5.799999999999986500, 3.749999999999993300 ) ) ;
#2110 = DIRECTION ( 'NONE',  ( 6.982966722218764100E-015, 3.491483361109382100E-015, -1.000000000000000000 ) ) ;
#2111 = VERTEX_POINT ( 'NONE', #330 ) ;
#2112 = EDGE_LOOP ( 'NONE', ( #389, #2024, #906, #978 ) ) ;
#2113 = DIRECTION ( 'NONE',  ( 1.000000000000000000, 3.491483361109382100E-015, 6.982966722218776000E-015 ) ) ;
#2114 = ADVANCED_FACE ( 'NONE', ( #2781 ), #287, .F. ) ;
#2115 = EDGE_CURVE ( 'NONE', #2408, #2841, #2564, .T. ) ;
#2116 = LINE ( 'NONE', #1220, #60 ) ;
#2117 =( GEOMETRIC_REPRESENTATION_CONTEXT ( 3 ) GLOBAL_UNCERTAINTY_ASSIGNED_CONTEXT ( ( #208 ) ) GLOBAL_UNIT_ASSIGNED_CONTEXT ( ( #2032, #1722, #1344 ) ) REPRESENTATION_CONTEXT ( 'NONE', 'WORKASPACE' ) );
#2118 = VECTOR ( 'NONE', #452, 1000.000000000000000 ) ;
#2119 = CARTESIAN_POINT ( 'NONE',  ( -3.299999999999986100, -0.1000000000000052200, 1.799999999999976500 ) ) ;
#2120 = SURFACE_STYLE_USAGE ( .BOTH. , #2132 ) ;
#2121 = ORIENTED_EDGE ( 'NONE', *, *, #863, .F. ) ;
#2122 = VECTOR ( 'NONE', #558, 1000.000000000000000 ) ;
#2123 = VECTOR ( 'NONE', #2461, 1000.000000000000000 ) ;
#2124 = LINE ( 'NONE', #2478, #1473 ) ;
#2125 = LINE ( 'NONE', #41, #147 ) ;
#2126 = DIRECTION ( 'NONE',  ( 1.000000000000000000, 3.491483361109382100E-015, 6.982966722218776000E-015 ) ) ;
#2127 = DIRECTION ( 'NONE',  ( 1.000000000000000000, 3.491483361109382100E-015, 6.982966722218776000E-015 ) ) ;
#2128 = VECTOR ( 'NONE', #265, 1000.000000000000000 ) ;
#2129 = LINE ( 'NONE', #1284, #1480 ) ;
#2130 = CARTESIAN_POINT ( 'NONE',  ( -2.349999999999969900, 5.800000000000015800, -3.449999999999997500 ) ) ;
#2131 = ORIENTED_EDGE ( 'NONE', *, *, #1666, .F. ) ;
#2132 = SURFACE_SIDE_STYLE ('',( #182 ) ) ;
#2133 = EDGE_CURVE ( 'NONE', #1101, #1493, #679, .T. ) ;
#2134 = CARTESIAN_POINT ( 'NONE',  ( 1.899999999999992600, 4.130000000000010600, 2.750000000000026600 ) ) ;
#2135 = ORIENTED_EDGE ( 'NONE', *, *, #2585, .F. ) ;
#2136 = ADVANCED_FACE ( 'NONE', ( #1922 ), #317, .F. ) ;
#2137 = MECHANICAL_DESIGN_GEOMETRIC_PRESENTATION_REPRESENTATION (  '', ( #1636 ), #2292 ) ;
#2138 = ORIENTED_EDGE ( 'NONE', *, *, #3082, .F. ) ;
#2139 = DIRECTION ( 'NONE',  ( 1.000000000000000000, 3.491483361109382100E-015, 6.982966722218776000E-015 ) ) ;
#2140 = CARTESIAN_POINT ( 'NONE',  ( -1.049999999999975400, 5.300000000000018500, -2.449999999999989500 ) ) ;
#2141 = EDGE_CURVE ( 'NONE', #1796, #1447, #3108, .T. ) ;
#2142 = FILL_AREA_STYLE_COLOUR ( '', #2004 ) ;
#2143 = ORIENTED_EDGE ( 'NONE', *, *, #715, .F. ) ;
#2144 = PLANE ( 'NONE',  #2682 ) ;
#2145 = AXIS2_PLACEMENT_3D ( 'NONE', #2662, #1459, #3127 ) ;
#2146 = DIRECTION ( 'NONE',  ( 1.000000000000000000, 3.491483361109382100E-015, 6.982966722218776000E-015 ) ) ;
#2147 = ORIENTED_EDGE ( 'NONE', *, *, #794, .T. ) ;
#2148 = VERTEX_POINT ( 'NONE', #589 ) ;
#2149 = DIRECTION ( 'NONE',  ( -6.982966722218764100E-015, -3.496323549379406800E-015, 1.000000000000000000 ) ) ;
#2150 = SHAPE_DEFINITION_REPRESENTATION ( #638, #1941 ) ;
#2151 = CARTESIAN_POINT ( 'NONE',  ( 3.300000000000041600, 3.250000000000038200, -3.849999999999966300 ) ) ;
#2152 = FILL_AREA_STYLE ('',( #2142 ) ) ;
#2153 = VERTEX_POINT ( 'NONE', #570 ) ;
#2154 = VERTEX_POINT ( 'NONE', #2054 ) ;
#2155 = ORIENTED_EDGE ( 'NONE', *, *, #2290, .T. ) ;
#2156 = LINE ( 'NONE', #1977, #1504 ) ;
#2157 = ORIENTED_EDGE ( 'NONE', *, *, #780, .T. ) ;
#2158 = PRESENTATION_STYLE_ASSIGNMENT (( #2044 ) ) ;
#2159 = FILL_AREA_STYLE ('',( #1904 ) ) ;
#2160 = LINE ( 'NONE', #2371, #258 ) ;
#2161 = EDGE_CURVE ( 'NONE', #3132, #1160, #1844, .T. ) ;
#2162 = ORIENTED_EDGE ( 'NONE', *, *, #58, .T. ) ;
#2163 = LINE ( 'NONE', #1180, #1428 ) ;
#2164 = LINE ( 'NONE', #2583, #2865 ) ;
#2165 = CARTESIAN_POINT ( 'NONE',  ( -3.299999999999966500, -0.09999999999999542600, -1.000000000000023500 ) ) ;
#2166 = AXIS2_PLACEMENT_3D ( 'NONE', #2580, #154, #644 ) ;
#2167 = DIRECTION ( 'NONE',  ( 3.636043650774140700E-015, -1.000000000000000000, -3.491483361109356400E-015 ) ) ;
#2168 = VECTOR ( 'NONE', #2325, 1000.000000000000000 ) ;
#2169 = VERTEX_POINT ( 'NONE', #3007 ) ;
#2170 =( LENGTH_UNIT ( ) NAMED_UNIT ( * ) SI_UNIT ( .MILLI., .METRE. ) );
#2171 = EDGE_CURVE ( 'NONE', #1066, #2669, #3036, .T. ) ;
#2172 =( NAMED_UNIT ( * ) SI_UNIT ( $, .STERADIAN. ) SOLID_ANGLE_UNIT ( ) );
#2173 = DIRECTION ( 'NONE',  ( -3.491483361109406500E-015, 1.000000000000000000, 3.491483361109357600E-015 ) ) ;
#2174 = EDGE_CURVE ( 'NONE', #2019, #1099, #20, .T. ) ;
#2175 = DIRECTION ( 'NONE',  ( 1.000000000000000000, 3.491483361109382100E-015, 6.982966722218776000E-015 ) ) ;
#2176 = EDGE_CURVE ( 'NONE', #1810, #714, #1771, .T. ) ;
#2177 = DIRECTION ( 'NONE',  ( -3.491483361109405700E-015, 1.000000000000000000, 3.375835129377570300E-015 ) ) ;
#2178 = EDGE_LOOP ( 'NONE', ( #846, #2780, #3128, #2584 ) ) ;
#2179 = DIRECTION ( 'NONE',  ( 3.952845987698982900E-015, -1.000000000000000000, -3.369022725727116700E-015 ) ) ;
#2180 = PLANE ( 'NONE',  #2357 ) ;
#2181 = LINE ( 'NONE', #156, #1024 ) ;
#2182 = EDGE_LOOP ( 'NONE', ( #731, #1484, #2210, #2454, #2359, #660, #1437, #1032 ) ) ;
#2183 = ORIENTED_EDGE ( 'NONE', *, *, #3053, .T. ) ;
#2184 = CARTESIAN_POINT ( 'NONE',  ( 1.849999999999987900, 3.400000000000006600, 3.750000000000024000 ) ) ;
#2185 = VERTEX_POINT ( 'NONE', #750 ) ;
#2186 = COLOUR_RGB ( '',0.7529411764705882200, 0.7529411764705882200, 0.7529411764705882200 ) ;
#2187 = CARTESIAN_POINT ( 'NONE',  ( 2.350000000000038300, 2.707450691592783200E-014, -1.799999999999983800 ) ) ;
#2188 = ORIENTED_EDGE ( 'NONE', *, *, #856, .T. ) ;
#2189 = CARTESIAN_POINT ( 'NONE',  ( 3.300000000000033600, -0.09999999999997238900, -0.9999999999999765700 ) ) ;
#2190 = EDGE_CURVE ( 'NONE', #3154, #1716, #2335, .T. ) ;
#2191 = ORIENTED_EDGE ( 'NONE', *, *, #1684, .T. ) ;
#2192 = CARTESIAN_POINT ( 'NONE',  ( -3.749999999999960900, 3.250000000000012000, -3.450000000000015700 ) ) ;
#2193 = UNCERTAINTY_MEASURE_WITH_UNIT (LENGTH_MEASURE( 1.000000000000000100E-005 ), #1803, 'distance_accuracy_value', 'NONE');
#2194 = ORIENTED_EDGE ( 'NONE', *, *, #503, .F. ) ;
#2195 = VECTOR ( 'NONE', #197, 1000.000000000000000 ) ;
#2196 = PRESENTATION_LAYER_ASSIGNMENT (  '', '', ( #1865 ) ) ;
#2197 = DIRECTION ( 'NONE',  ( -6.982966722218764900E-015, -3.369022725727144300E-015, 1.000000000000000000 ) ) ;
#2198 = LINE ( 'NONE', #2719, #2747 ) ;
#2199 = FACE_OUTER_BOUND ( 'NONE', #2671, .T. ) ;
#2200 = ORIENTED_EDGE ( 'NONE', *, *, #3130, .F. ) ;
#2201 = LINE ( 'NONE', #2097, #3117 ) ;
#2202 = CARTESIAN_POINT ( 'NONE',  ( 3.750000000000030600, 5.600000000000037800, -3.449999999999954900 ) ) ;
#2203 = LINE ( 'NONE', #783, #2751 ) ;
#2204 = CARTESIAN_POINT ( 'NONE',  ( 1.850000000000031800, 2.150000000000026100, -1.849999999999979200 ) ) ;
#2205 = DIRECTION ( 'NONE',  ( -3.491483361109405700E-015, 1.000000000000000000, 3.375835129377570300E-015 ) ) ;
#2206 = SURFACE_STYLE_FILL_AREA ( #854 ) ;
#2207 = VERTEX_POINT ( 'NONE', #1029 ) ;
#2208 =( GEOMETRIC_REPRESENTATION_CONTEXT ( 3 ) GLOBAL_UNCERTAINTY_ASSIGNED_CONTEXT ( ( #2775 ) ) GLOBAL_UNIT_ASSIGNED_CONTEXT ( ( #3080, #1650, #161 ) ) REPRESENTATION_CONTEXT ( 'NONE', 'WORKASPACE' ) );
#2209 =( NAMED_UNIT ( * ) PLANE_ANGLE_UNIT ( ) SI_UNIT ( $, .RADIAN. ) );
#2210 = ORIENTED_EDGE ( 'NONE', *, *, #2546, .T. ) ;
#2211 = CARTESIAN_POINT ( 'NONE',  ( -1.900000000000009500, 4.779999999999995800, 2.750000000000002700 ) ) ;
#2212 = EDGE_CURVE ( 'NONE', #2207, #1506, #521, .T. ) ;
#2213 = UNCERTAINTY_MEASURE_WITH_UNIT (LENGTH_MEASURE( 1.000000000000000100E-005 ), #113, 'distance_accuracy_value', 'NONE');
#2214 = CARTESIAN_POINT ( 'NONE',  ( -3.749999999999958300, 2.500000000000011100, -3.450000000000017900 ) ) ;
#2215 = ORIENTED_EDGE ( 'NONE', *, *, #450, .T. ) ;
#2216 = DIRECTION ( 'NONE',  ( -6.982966722218764900E-015, -3.369022725727144300E-015, 1.000000000000000000 ) ) ;
#2217 = PRESENTATION_LAYER_ASSIGNMENT (  '', '', ( #1891 ) ) ;
#2218 = FACE_OUTER_BOUND ( 'NONE', #1843, .T. ) ;
#2219 = LINE ( 'NONE', #779, #917 ) ;
#2220 = DIRECTION ( 'NONE',  ( -3.491483361109406100E-015, 1.000000000000000000, 3.377356816637199900E-015 ) ) ;
#2221 = ORIENTED_EDGE ( 'NONE', *, *, #2656, .F. ) ;
#2222 = ORIENTED_EDGE ( 'NONE', *, *, #1138, .F. ) ;
#2223 = ORIENTED_EDGE ( 'NONE', *, *, #1155, .F. ) ;
#2224 = DIRECTION ( 'NONE',  ( 1.000000000000000000, 3.491483361109382100E-015, 6.982966722218776000E-015 ) ) ;
#2225 = VECTOR ( 'NONE', #3136, 1000.000000000000000 ) ;
#2226 = PRODUCT_DEFINITION ( 'UNKNOWN', '', #2384, #2601 ) ;
#2227 = FILL_AREA_STYLE ('',( #249 ) ) ;
#2228 = EDGE_LOOP ( 'NONE', ( #539, #3125, #2581, #2654 ) ) ;
#2229 = SURFACE_STYLE_FILL_AREA ( #1308 ) ;
#2230 = DIRECTION ( 'NONE',  ( 6.982966722218764900E-015, 3.369022725727144300E-015, -1.000000000000000000 ) ) ;
#2231 = EDGE_CURVE ( 'NONE', #2866, #1370, #1104, .T. ) ;
#2232 = VECTOR ( 'NONE', #542, 1000.000000000000000 ) ;
#2233 = CARTESIAN_POINT ( 'NONE',  ( -2.349999999999961900, 0.3500000000000106400, -1.800000000000016000 ) ) ;
#2234 = LINE ( 'NONE', #1860, #261 ) ;
#2235 = COLOUR_RGB ( '',0.7529411764705882200, 0.7529411764705882200, 0.7529411764705882200 ) ;
#2236 = VECTOR ( 'NONE', #3067, 1000.000000000000000 ) ;
#2237 = EDGE_CURVE ( 'NONE', #12, #1201, #1874, .T. ) ;
#2238 = SURFACE_SIDE_STYLE ('',( #2594 ) ) ;
#2239 = PLANE ( 'NONE',  #2354 ) ;
#2240 = AXIS2_PLACEMENT_3D ( 'NONE', #2086, #590, #2320 ) ;
#2241 = ORIENTED_EDGE ( 'NONE', *, *, #3002, .F. ) ;
#2242 = PLANE ( 'NONE',  #1824 ) ;
#2243 = CARTESIAN_POINT ( 'NONE',  ( 1.350000000000004500, 3.700000000000013500, 1.250000000000022000 ) ) ;
#2244 = DIRECTION ( 'NONE',  ( 3.491483361109406500E-015, -1.000000000000000000, -3.491483361109357600E-015 ) ) ;
#2245 = CARTESIAN_POINT ( 'NONE',  ( -0.8999999999999497300, -0.09999999999997839800, -3.350000000000006800 ) ) ;
#2246 = AXIS2_PLACEMENT_3D ( 'NONE', #1051, #1527, #787 ) ;
#2247 = FILL_AREA_STYLE_COLOUR ( '', #3118 ) ;
#2248 = ORIENTED_EDGE ( 'NONE', *, *, #563, .T. ) ;
#2249 = PLANE ( 'NONE',  #1929 ) ;
#2250 = DIRECTION ( 'NONE',  ( 3.491483361109406500E-015, -1.000000000000000000, -3.491483361109357600E-015 ) ) ;
#2251 = LINE ( 'NONE', #438, #1605 ) ;
#2252 = AXIS2_PLACEMENT_3D ( 'NONE', #430, #3016, #1555 ) ;
#2253 = ORIENTED_EDGE ( 'NONE', *, *, #504, .F. ) ;
#2254 = ORIENTED_EDGE ( 'NONE', *, *, #1521, .T. ) ;
#2255 = DIRECTION ( 'NONE',  ( 6.982966722218764900E-015, 3.369022725727144300E-015, -1.000000000000000000 ) ) ;
#2256 = AXIS2_PLACEMENT_3D ( 'NONE', #1956, #953, #448 ) ;
#2257 = ORIENTED_EDGE ( 'NONE', *, *, #1411, .F. ) ;
#2258 = DIRECTION ( 'NONE',  ( -1.000000000000000000, -3.491483361109382100E-015, -6.982966722218776000E-015 ) ) ;
#2259 = ORIENTED_EDGE ( 'NONE', *, *, #2133, .T. ) ;
#2260 = CARTESIAN_POINT ( 'NONE',  ( 2.900000000000041200, 3.250000000000036400, -3.849999999999969900 ) ) ;
#2261 = ORIENTED_EDGE ( 'NONE', *, *, #2585, .T. ) ;
#2262 = EDGE_LOOP ( 'NONE', ( #180, #1198, #879, #2817 ) ) ;
#2263 = DIRECTION ( 'NONE',  ( 1.000000000000000000, 3.491483361109382100E-015, 6.982966722218776000E-015 ) ) ;
#2264 = VECTOR ( 'NONE', #680, 1000.000000000000000 ) ;
#2265 = CARTESIAN_POINT ( 'NONE',  ( -3.750000000000000000, -1.309306260416018300E-014, 3.749999999999973800 ) ) ;
#2266 = SURFACE_STYLE_USAGE ( .BOTH. , #2286 ) ;
#2267 = ORIENTED_EDGE ( 'NONE', *, *, #612, .T. ) ;
#2268 = SURFACE_STYLE_FILL_AREA ( #2999 ) ;
#2269 = UNCERTAINTY_MEASURE_WITH_UNIT (LENGTH_MEASURE( 1.000000000000000100E-005 ), #2059, 'distance_accuracy_value', 'NONE');
#2270 = CARTESIAN_POINT ( 'NONE',  ( 2.449999999999992600, 4.130000000000012300, 2.750000000000030200 ) ) ;
#2271 = EDGE_CURVE ( 'NONE', #2669, #834, #2124, .T. ) ;
#2272 = LINE ( 'NONE', #1075, #1619 ) ;
#2273 = VECTOR ( 'NONE', #908, 1000.000000000000000 ) ;
#2274 =( LENGTH_UNIT ( ) NAMED_UNIT ( * ) SI_UNIT ( .MILLI., .METRE. ) );
#2275 = EDGE_LOOP ( 'NONE', ( #132, #2441, #735, #1985 ) ) ;
#2276 = FILL_AREA_STYLE ('',( #2247 ) ) ;
#2277 = LINE ( 'NONE', #1084, #1624 ) ;
#2278 = SURFACE_STYLE_USAGE ( .BOTH. , #2295 ) ;
#2279 = EDGE_CURVE ( 'NONE', #2185, #1810, #145, .T. ) ;
#2280 = EDGE_LOOP ( 'NONE', ( #957, #207, #361, #1736, #1501, #920, #1770, #2483 ) ) ;
#2281 =( NAMED_UNIT ( * ) PLANE_ANGLE_UNIT ( ) SI_UNIT ( $, .RADIAN. ) );
#2282 = VERTEX_POINT ( 'NONE', #2987 ) ;
#2283 = CARTESIAN_POINT ( 'NONE',  ( 1.850000000000033600, 1.550000000000025600, -1.849999999999981900 ) ) ;
#2284 = ADVANCED_FACE ( 'NONE', ( #473 ), #2436, .T. ) ;
#2285 = DIRECTION ( 'NONE',  ( -1.000000000000000000, -3.491483361109382100E-015, -6.982966722218776000E-015 ) ) ;
#2286 = SURFACE_SIDE_STYLE ('',( #3145 ) ) ;
#2287 = CARTESIAN_POINT ( 'NONE',  ( -3.749999999999962300, 0.3500000000000055300, -1.800000000000025600 ) ) ;
#2288 = CARTESIAN_POINT ( 'NONE',  ( 0.0000000000000000000, 0.0000000000000000000, 0.0000000000000000000 ) ) ;
#2289 = ORIENTED_EDGE ( 'NONE', *, *, #3017, .F. ) ;
#2290 = EDGE_CURVE ( 'NONE', #547, #2835, #810, .T. ) ;
#2291 = ORIENTED_EDGE ( 'NONE', *, *, #120, .T. ) ;
#2292 =( GEOMETRIC_REPRESENTATION_CONTEXT ( 3 ) GLOBAL_UNCERTAINTY_ASSIGNED_CONTEXT ( ( #2073 ) ) GLOBAL_UNIT_ASSIGNED_CONTEXT ( ( #2619, #2432, #2402 ) ) REPRESENTATION_CONTEXT ( 'NONE', 'WORKASPACE' ) );
#2293 = CARTESIAN_POINT ( 'NONE',  ( -1.850000000000005000, 3.399999999999996800, 2.749999999999998200 ) ) ;
#2294 = LINE ( 'NONE', #3163, #1293 ) ;
#2295 = SURFACE_SIDE_STYLE ('',( #2677 ) ) ;
#2296 = FILL_AREA_STYLE ('',( #2740 ) ) ;
#2297 = EDGE_CURVE ( 'NONE', #1831, #2207, #1389, .T. ) ;
#2298 = VECTOR ( 'NONE', #2006, 1000.000000000000000 ) ;
#2299 = ORIENTED_EDGE ( 'NONE', *, *, #133, .F. ) ;
#2300 = ORIENTED_EDGE ( 'NONE', *, *, #1347, .T. ) ;
#2301 = CARTESIAN_POINT ( 'NONE',  ( -1.849999999999966100, 1.550000000000012000, -1.850000000000007900 ) ) ;
#2303 = EDGE_LOOP ( 'NONE', ( #597, #444, #1607, #2328 ) ) ;
#2302 = SURFACE_STYLE_FILL_AREA ( #2795 ) ;
#2304 = PRESENTATION_LAYER_ASSIGNMENT (  '', '', ( #1986 ) ) ;
#2305 = FACE_OUTER_BOUND ( 'NONE', #1758, .T. ) ;
#2306 = COLOUR_RGB ( '',0.7529411764705882200, 0.7529411764705882200, 0.7529411764705882200 ) ;
#2307 = LINE ( 'NONE', #1599, #336 ) ;
#2308 = PLANE ( 'NONE',  #2455 ) ;
#2309 = SURFACE_STYLE_FILL_AREA ( #652 ) ;
#2310 = EDGE_CURVE ( 'NONE', #506, #2352, #724, .T. ) ;
#2311 = DIRECTION ( 'NONE',  ( 3.491483361109405700E-015, -1.000000000000000000, -3.369022725727119900E-015 ) ) ;
#2312 = VERTEX_POINT ( 'NONE', #2071 ) ;
#2313 = DIRECTION ( 'NONE',  ( -6.982966722218764900E-015, -3.369022725727144300E-015, 1.000000000000000000 ) ) ;
#2314 = PRESENTATION_LAYER_ASSIGNMENT (  '', '', ( #1996 ) ) ;
#2315 = DIRECTION ( 'NONE',  ( -3.608694406783515000E-015, 1.000000000000000000, 3.491483361109357200E-015 ) ) ;
#2316 = ADVANCED_FACE ( 'NONE', ( #1972 ), #576, .T. ) ;
#2317 = DIRECTION ( 'NONE',  ( 3.491483361109405700E-015, -1.000000000000000000, -3.369022725727119900E-015 ) ) ;
#2318 = PLANE ( 'NONE',  #1063 ) ;
#2319 = CARTESIAN_POINT ( 'NONE',  ( 0.9000000000000525400, 2.841000546795202500E-014, -3.749999999999993800 ) ) ;
#2320 = DIRECTION ( 'NONE',  ( 1.000000000000000000, 3.491483361109382100E-015, 6.982966722218776000E-015 ) ) ;
#2321 = EDGE_LOOP ( 'NONE', ( #910, #319, #2551, #3012 ) ) ;
#2322 = EDGE_CURVE ( 'NONE', #1191, #3023, #2941, .T. ) ;
#2323 = ORIENTED_EDGE ( 'NONE', *, *, #1181, .T. ) ;
#2324 = VERTEX_POINT ( 'NONE', #1097 ) ;
#2325 = DIRECTION ( 'NONE',  ( 6.982966722218764100E-015, 3.491483361109382100E-015, -1.000000000000000000 ) ) ;
#2326 = ORIENTED_EDGE ( 'NONE', *, *, #321, .F. ) ;
#2327 = FACE_OUTER_BOUND ( 'NONE', #91, .T. ) ;
#2328 = ORIENTED_EDGE ( 'NONE', *, *, #2931, .T. ) ;
#2329 = EDGE_CURVE ( 'NONE', #1460, #566, #416, .T. ) ;
#2330 = ORIENTED_EDGE ( 'NONE', *, *, #2237, .T. ) ;
#2331 = DIRECTION ( 'NONE',  ( 1.000000000000000000, 3.491483361109382100E-015, 6.982966722218776000E-015 ) ) ;
#2332 = PLANE ( 'NONE',  #2561 ) ;
#2333 = EDGE_CURVE ( 'NONE', #424, #3018, #2307, .T. ) ;
#2334 = ORIENTED_EDGE ( 'NONE', *, *, #1571, .T. ) ;
#2335 = LINE ( 'NONE', #838, #1692 ) ;
#2336 = CARTESIAN_POINT ( 'NONE',  ( -1.900000000000007500, 4.129999999999995500, 2.750000000000000000 ) ) ;
#2337 = DIRECTION ( 'NONE',  ( 1.000000000000000000, 3.491483361109382100E-015, 6.982966722218776000E-015 ) ) ;
#2338 = ADVANCED_FACE ( 'NONE', ( #1074 ), #2332, .T. ) ;
#2339 = VECTOR ( 'NONE', #1445, 1000.000000000000000 ) ;
#2340 = VECTOR ( 'NONE', #2394, 1000.000000000000000 ) ;
#2341 = DIRECTION ( 'NONE',  ( -6.982966722218764900E-015, -3.369022725727144300E-015, 1.000000000000000000 ) ) ;
#2342 = VECTOR ( 'NONE', #1364, 1000.000000000000000 ) ;
#2343 = LINE ( 'NONE', #1846, #1702 ) ;
#2344 = DIRECTION ( 'NONE',  ( -1.000000000000000000, -3.607647879589971900E-015, -6.982966722218776000E-015 ) ) ;
#2345 = DIRECTION ( 'NONE',  ( 1.000000000000000000, 3.491483361109382100E-015, 6.982966722218776000E-015 ) ) ;
#2346 = EDGE_CURVE ( 'NONE', #2911, #659, #1579, .T. ) ;
#2347 = DIRECTION ( 'NONE',  ( 3.491483361109405700E-015, -1.000000000000000000, -3.375835129377570300E-015 ) ) ;
#2348 = ORIENTED_EDGE ( 'NONE', *, *, #2271, .T. ) ;
#2349 = MECHANICAL_DESIGN_GEOMETRIC_PRESENTATION_REPRESENTATION (  '', ( #1865 ), #2507 ) ;
#2350 = PLANE ( 'NONE',  #1396 ) ;
#2351 = CARTESIAN_POINT ( 'NONE',  ( -0.5999999999999405800, 0.4000000000000282200, -4.950000000000001100 ) ) ;
#2352 = VERTEX_POINT ( 'NONE', #1358 ) ;
#2353 = DIRECTION ( 'NONE',  ( -3.491483361109405700E-015, 1.000000000000000000, 3.369022725727119900E-015 ) ) ;
#2354 = AXIS2_PLACEMENT_3D ( 'NONE', #2951, #2540, #2529 ) ;
#2355 = DIRECTION ( 'NONE',  ( 3.341938233870026500E-015, -1.000000000000000000, -3.491483361109358800E-015 ) ) ;
#2356 = DIRECTION ( 'NONE',  ( -3.491483361109405700E-015, 1.000000000000000000, 3.369022725727119900E-015 ) ) ;
#2357 = AXIS2_PLACEMENT_3D ( 'NONE', #3063, #2884, #2879 ) ;
#2358 = DIRECTION ( 'NONE',  ( -1.000000000000000000, -3.491483361109382100E-015, -6.982966722218776000E-015 ) ) ;
#2359 = ORIENTED_EDGE ( 'NONE', *, *, #1338, .F. ) ;
#2360 = UNCERTAINTY_MEASURE_WITH_UNIT (LENGTH_MEASURE( 1.000000000000000100E-005 ), #1797, 'distance_accuracy_value', 'NONE');
#2361 = ORIENTED_EDGE ( 'NONE', *, *, #2190, .F. ) ;
#2362 = CARTESIAN_POINT ( 'NONE',  ( -3.749999999999962300, 0.3500000000000055300, -1.800000000000025600 ) ) ;
#2363 = ORIENTED_EDGE ( 'NONE', *, *, #856, .F. ) ;
#2364 = CARTESIAN_POINT ( 'NONE',  ( -2.450000000000007300, 4.129999999999994600, 2.749999999999996400 ) ) ;
#2365 = DIRECTION ( 'NONE',  ( -1.000000000000000000, -3.341938233870002100E-015, -6.982966722218775200E-015 ) ) ;
#2366 = EDGE_CURVE ( 'NONE', #1145, #843, #2234, .T. ) ;
#2367 = FILL_AREA_STYLE_COLOUR ( '', #997 ) ;
#2368 = FILL_AREA_STYLE_COLOUR ( '', #3152 ) ;
#2369 = ORIENTED_EDGE ( 'NONE', *, *, #662, .F. ) ;
#2370 = LINE ( 'NONE', #2245, #404 ) ;
#2371 = CARTESIAN_POINT ( 'NONE',  ( 3.749999999999979600, 5.800000000000012300, 3.750000000000045300 ) ) ;
#2372 = ORIENTED_EDGE ( 'NONE', *, *, #1861, .F. ) ;
#2373 = CARTESIAN_POINT ( 'NONE',  ( 2.450000000000024600, 4.130000000000027400, -1.849999999999968800 ) ) ;
#2374 = CARTESIAN_POINT ( 'NONE',  ( 2.350000000000043600, 2.500000000000032900, -3.749999999999975600 ) ) ;
#2375 = ORIENTED_EDGE ( 'NONE', *, *, #2666, .T. ) ;
#2376 = MECHANICAL_DESIGN_GEOMETRIC_PRESENTATION_REPRESENTATION (  '', ( #1891 ), #2538 ) ;
#2377 = FACE_OUTER_BOUND ( 'NONE', #1707, .T. ) ;
#2378 = CARTESIAN_POINT ( 'NONE',  ( -1.849999999999972600, 3.400000000000012300, -1.850000000000001000 ) ) ;
#2379 = DIRECTION ( 'NONE',  ( -6.982966722218764900E-015, -3.369022725727144300E-015, 1.000000000000000000 ) ) ;
#2380 = LINE ( 'NONE', #2001, #490 ) ;
#2381 = ADVANCED_FACE ( 'NONE', ( #2786 ), #601, .F. ) ;
#2382 = DIRECTION ( 'NONE',  ( -1.000000000000000000, -3.491483361109382100E-015, -6.982966722218776000E-015 ) ) ;
#2383 = DIRECTION ( 'NONE',  ( -3.491483361109405700E-015, 1.000000000000000000, 3.369022725727119900E-015 ) ) ;
#2384 = PRODUCT_DEFINITION_FORMATION_WITH_SPECIFIED_SOURCE ( 'ANY', '', #2919, .NOT_KNOWN. ) ;
#2385 = DIRECTION ( 'NONE',  ( 1.000000000000000000, 3.491483361109382100E-015, 6.982966722218776000E-015 ) ) ;
#2386 = ORIENTED_EDGE ( 'NONE', *, *, #1000, .F. ) ;
#2387 = CARTESIAN_POINT ( 'NONE',  ( -1.899999999999975300, 4.130000000000012300, -1.849999999999999200 ) ) ;
#2388 = PLANE ( 'NONE',  #2676 ) ;
#2389 = EDGE_CURVE ( 'NONE', #2625, #2756, #2164, .T. ) ;
#2390 = VERTEX_POINT ( 'NONE', #1372 ) ;
#2391 = SURFACE_STYLE_USAGE ( .BOTH. , #668 ) ;
#2392 = EDGE_CURVE ( 'NONE', #475, #536, #183, .T. ) ;
#2393 = PLANE ( 'NONE',  #1800 ) ;
#2394 = DIRECTION ( 'NONE',  ( 3.491483361109406500E-015, -1.000000000000000000, -3.491483361109357600E-015 ) ) ;
#2395 = CARTESIAN_POINT ( 'NONE',  ( 1.350000000000027600, 3.330000000000024500, -1.849999999999979200 ) ) ;
#2396 =( LENGTH_UNIT ( ) NAMED_UNIT ( * ) SI_UNIT ( .MILLI., .METRE. ) );
#2397 = EDGE_LOOP ( 'NONE', ( #619, #2375, #2861, #277, #1640, #2730, #867, #511, #121, #54, #632, #2036, #1255, #799, #1178, #3031 ) ) ;
#2398 = FILL_AREA_STYLE_COLOUR ( '', #293 ) ;
#2399 = EDGE_LOOP ( 'NONE', ( #1082, #497, #1234, #1317 ) ) ;
#2400 = CARTESIAN_POINT ( 'NONE',  ( -3.749999999999968900, 5.600000000000012100, -3.450000000000006800 ) ) ;
#2401 = ORIENTED_EDGE ( 'NONE', *, *, #2764, .T. ) ;
#2402 =( NAMED_UNIT ( * ) SI_UNIT ( $, .STERADIAN. ) SOLID_ANGLE_UNIT ( ) );
#2403 = PRESENTATION_STYLE_ASSIGNMENT (( #2626 ) ) ;
#2404 = CARTESIAN_POINT ( 'NONE',  ( -0.5999999999999502400, 2.182517133599709100E-014, -3.350000000000003200 ) ) ;
#2405 = FILL_AREA_STYLE_COLOUR ( '', #2306 ) ;
#2406 = VERTEX_POINT ( 'NONE', #131 ) ;
#2407 = DIRECTION ( 'NONE',  ( 6.982966722218764100E-015, 3.491483361109382100E-015, -1.000000000000000000 ) ) ;
#2408 = VERTEX_POINT ( 'NONE', #2119 ) ;
#2409 = FACE_OUTER_BOUND ( 'NONE', #1997, .T. ) ;
#2410 = STYLED_ITEM ( 'NONE', ( #22 ), #812 ) ;
#2411 = ORIENTED_EDGE ( 'NONE', *, *, #2484, .F. ) ;
#2412 = VECTOR ( 'NONE', #57, 1000.000000000000000 ) ;
#2413 = DIRECTION ( 'NONE',  ( 1.000000000000000000, 3.491483361109382100E-015, 6.982966722218776000E-015 ) ) ;
#2414 = PRESENTATION_LAYER_ASSIGNMENT (  '', '', ( #2095 ) ) ;
#2415 = DIRECTION ( 'NONE',  ( 1.000000000000000000, 3.491483361109382100E-015, 6.982966722218776000E-015 ) ) ;
#2416 = LINE ( 'NONE', #1186, #2339 ) ;
#2417 = LINE ( 'NONE', #1897, #682 ) ;
#2418 = CARTESIAN_POINT ( 'NONE',  ( -2.500000000000000000, 2.149999999999995000, 2.749999999999989300 ) ) ;
#2419 = LINE ( 'NONE', #2453, #889 ) ;
#2420 = FACE_OUTER_BOUND ( 'NONE', #1875, .T. ) ;
#2421 = ORIENTED_EDGE ( 'NONE', *, *, #2877, .T. ) ;
#2422 = SURFACE_STYLE_USAGE ( .BOTH. , #3099 ) ;
#2423 = CARTESIAN_POINT ( 'NONE',  ( -1.849999999999986800, 1.550000000000002000, 1.149999999999992100 ) ) ;
#2424 = EDGE_CURVE ( 'NONE', #12, #2890, #852, .T. ) ;
#2425 = CARTESIAN_POINT ( 'NONE',  ( -1.850000000000011900, 3.399999999999993700, 3.749999999999998700 ) ) ;
#2426 = VERTEX_POINT ( 'NONE', #385 ) ;
#2427 = DIRECTION ( 'NONE',  ( -6.982966722218764900E-015, -3.375835129377594800E-015, 1.000000000000000000 ) ) ;
#2428 = CARTESIAN_POINT ( 'NONE',  ( 3.300000000000033600, -0.09999999999997238900, -0.9999999999999765700 ) ) ;
#2429 = EDGE_CURVE ( 'NONE', #447, #2091, #933, .T. ) ;
#2430 = DIRECTION ( 'NONE',  ( 1.000000000000000000, 3.491483361109382100E-015, 6.982966722218776000E-015 ) ) ;
#2431 = ORIENTED_EDGE ( 'NONE', *, *, #2925, .T. ) ;
#2432 =( NAMED_UNIT ( * ) PLANE_ANGLE_UNIT ( ) SI_UNIT ( $, .RADIAN. ) );
#2433 = FILL_AREA_STYLE_COLOUR ( '', #926 ) ;
#2434 = LINE ( 'NONE', #240, #3059 ) ;
#2435 = VERTEX_POINT ( 'NONE', #2836 ) ;
#2436 = PLANE ( 'NONE',  #1243 ) ;
#2437 = ORIENTED_EDGE ( 'NONE', *, *, #1233, .T. ) ;
#2438 = STYLED_ITEM ( 'NONE', ( #52 ), #3048 ) ;
#2439 = CARTESIAN_POINT ( 'NONE',  ( -1.049999999999975400, 5.300000000000018500, -2.449999999999989500 ) ) ;
#2440 = DIRECTION ( 'NONE',  ( -6.982966722218764900E-015, -3.341938233870002100E-015, 1.000000000000000000 ) ) ;
#2441 = ORIENTED_EDGE ( 'NONE', *, *, #2050, .F. ) ;
#2442 = EDGE_CURVE ( 'NONE', #193, #1191, #1430, .T. ) ;
#2443 = ORIENTED_EDGE ( 'NONE', *, *, #393, .T. ) ;
#2444 = SURFACE_STYLE_FILL_AREA ( #1715 ) ;
#2445 = ORIENTED_EDGE ( 'NONE', *, *, #612, .F. ) ;
#2446 = COLOUR_RGB ( '',0.7529411764705882200, 0.7529411764705882200, 0.7529411764705882200 ) ;
#2447 = VECTOR ( 'NONE', #1466, 1000.000000000000000 ) ;
#2448 = CARTESIAN_POINT ( 'NONE',  ( -2.349999999999967700, 5.800000000000016700, -3.749999999999997300 ) ) ;
#2449 = EDGE_CURVE ( 'NONE', #245, #2536, #2642, .T. ) ;
#2450 =( LENGTH_UNIT ( ) NAMED_UNIT ( * ) SI_UNIT ( .MILLI., .METRE. ) );
#2451 = LINE ( 'NONE', #1281, #1310 ) ;
#2452 = DIRECTION ( 'NONE',  ( 6.982966722218764100E-015, 3.491483361109382100E-015, -1.000000000000000000 ) ) ;
#2453 = CARTESIAN_POINT ( 'NONE',  ( -0.8999999999999497300, -0.09999999999997839800, -3.350000000000006800 ) ) ;
#2454 = ORIENTED_EDGE ( 'NONE', *, *, #1285, .F. ) ;
#2455 = AXIS2_PLACEMENT_3D ( 'NONE', #1787, #1780, #818 ) ;
#2456 = FACE_OUTER_BOUND ( 'NONE', #449, .T. ) ;
#2457 = ORIENTED_EDGE ( 'NONE', *, *, #832, .F. ) ;
#2458 = MECHANICAL_DESIGN_GEOMETRIC_PRESENTATION_REPRESENTATION (  '', ( #1986 ), #2624 ) ;
#2459 = ORIENTED_EDGE ( 'NONE', *, *, #1169, .F. ) ;
#2460 = SURFACE_STYLE_USAGE ( .BOTH. , #743 ) ;
#2461 = DIRECTION ( 'NONE',  ( 1.000000000000000000, 3.491483361109382100E-015, 6.982966722218776000E-015 ) ) ;
#2462 = CARTESIAN_POINT ( 'NONE',  ( 0.6000000000000596000, 0.4000000000000324400, -4.949999999999994000 ) ) ;
#2463 = DIRECTION ( 'NONE',  ( 3.491483361109527600E-015, -1.000000000000000000, -2.083871812087757600E-014 ) ) ;
#2464 = DIRECTION ( 'NONE',  ( -1.000000000000000000, -3.491483361109382100E-015, -6.982966722218776000E-015 ) ) ;
#2465 =( LENGTH_UNIT ( ) NAMED_UNIT ( * ) SI_UNIT ( .MILLI., .METRE. ) );
#2466 = ORIENTED_EDGE ( 'NONE', *, *, #855, .F. ) ;
#2467 = MECHANICAL_DESIGN_GEOMETRIC_PRESENTATION_REPRESENTATION (  '', ( #1996 ), #2637 ) ;
#2468 = DIRECTION ( 'NONE',  ( 3.491483361109405700E-015, -1.000000000000000000, -3.369022725727119900E-015 ) ) ;
#2469 = CARTESIAN_POINT ( 'NONE',  ( 2.350000000000037400, 0.3500000000000270100, -1.799999999999982900 ) ) ;
#2470 = COLOUR_RGB ( '',0.7529411764705882200, 0.7529411764705882200, 0.7529411764705882200 ) ;
#2471 = ORIENTED_EDGE ( 'NONE', *, *, #1309, .T. ) ;
#2472 = CARTESIAN_POINT ( 'NONE',  ( 3.750000000000029800, 5.800000000000037100, -3.449999999999954900 ) ) ;
#2473 = ORIENTED_EDGE ( 'NONE', *, *, #1992, .T. ) ;
#2474 = ORIENTED_EDGE ( 'NONE', *, *, #1675, .T. ) ;
#2475 = LINE ( 'NONE', #2189, #10 ) ;
#2476 = DIRECTION ( 'NONE',  ( -3.607647879589995600E-015, 1.000000000000000000, 3.369022725727119100E-015 ) ) ;
#2477 = ORIENTED_EDGE ( 'NONE', *, *, #1581, .F. ) ;
#2478 = CARTESIAN_POINT ( 'NONE',  ( -0.8999999999999488400, 0.4000000000000230000, -3.750000000000004000 ) ) ;
#2479 = ORIENTED_EDGE ( 'NONE', *, *, #1639, .F. ) ;
#2480 = DIRECTION ( 'NONE',  ( 3.608694406783514200E-015, -1.000000000000000000, -3.369022725727119500E-015 ) ) ;
#2481 = VECTOR ( 'NONE', #1503, 1000.000000000000000 ) ;
#2482 = DIRECTION ( 'NONE',  ( 1.000000000000000000, 3.491483361109382100E-015, 6.982966722218776000E-015 ) ) ;
#2483 = ORIENTED_EDGE ( 'NONE', *, *, #2190, .T. ) ;
#2484 = EDGE_CURVE ( 'NONE', #2756, #2960, #2005, .T. ) ;
#2485 = VECTOR ( 'NONE', #1247, 1000.000000000000000 ) ;
#2486 = VECTOR ( 'NONE', #171, 1000.000000000000000 ) ;
#2487 = CARTESIAN_POINT ( 'NONE',  ( 1.349999999999990500, 4.780000000000007400, 2.750000000000024900 ) ) ;
#2488 = LINE ( 'NONE', #3062, #1848 ) ;
#2489 = EDGE_LOOP ( 'NONE', ( #1893, #2537, #654, #728, #1481, #1352, #2653, #1441, #2092, #862, #309, #1518, #2742, #3068, #2598, #2702 ) ) ;
#2490 = FILL_AREA_STYLE_COLOUR ( '', #246 ) ;
#2491 = VECTOR ( 'NONE', #1355, 1000.000000000000000 ) ;
#2492 = CARTESIAN_POINT ( 'NONE',  ( -3.299999999999960700, 3.250000000000013300, -3.450000000000013100 ) ) ;
#2493 = CARTESIAN_POINT ( 'NONE',  ( 3.750000000000052400, 3.836073304711376500E-014, -3.749999999999973800 ) ) ;
#2494 = EDGE_CURVE ( 'NONE', #2733, #25, #2080, .T. ) ;
#2495 = LINE ( 'NONE', #32, #1192 ) ;
#2496 = FACE_OUTER_BOUND ( 'NONE', #3060, .T. ) ;
#2497 = EDGE_CURVE ( 'NONE', #2946, #2996, #2567, .T. ) ;
#2498 = CARTESIAN_POINT ( 'NONE',  ( 3.299999999999994000, 5.600000000000019200, 1.800000000000041800 ) ) ;
#2499 = FACE_OUTER_BOUND ( 'NONE', #2275, .T. ) ;
#2500 = DIRECTION ( 'NONE',  ( -6.982966722218764900E-015, -3.369022725727144300E-015, 1.000000000000000000 ) ) ;
#2501 = ORIENTED_EDGE ( 'NONE', *, *, #291, .T. ) ;
#2502 = DIRECTION ( 'NONE',  ( -1.000000000000000000, -3.491483361109382100E-015, -6.982966722218776000E-015 ) ) ;
#2503 = VERTEX_POINT ( 'NONE', #1641 ) ;
#2504 = EDGE_LOOP ( 'NONE', ( #253, #409, #483, #1183 ) ) ;
#2505 = CARTESIAN_POINT ( 'NONE',  ( 3.750000000000000000, 1.309306260416018300E-014, 3.750000000000025800 ) ) ;
#2506 = EDGE_CURVE ( 'NONE', #2426, #324, #2488, .T. ) ;
#2507 =( GEOMETRIC_REPRESENTATION_CONTEXT ( 3 ) GLOBAL_UNCERTAINTY_ASSIGNED_CONTEXT ( ( #2213 ) ) GLOBAL_UNIT_ASSIGNED_CONTEXT ( ( #113, #135, #3077 ) ) REPRESENTATION_CONTEXT ( 'NONE', 'WORKASPACE' ) );
#2508 = ORIENTED_EDGE ( 'NONE', *, *, #1820, .F. ) ;
#2509 = CARTESIAN_POINT ( 'NONE',  ( -2.349999999999955700, 2.500000000000016400, -3.750000000000008400 ) ) ;
#2510 = SURFACE_STYLE_USAGE ( .BOTH. , #2534 ) ;
#2511 = ADVANCED_FACE ( 'NONE', ( #3112 ), #912, .F. ) ;
#2512 = VECTOR ( 'NONE', #1949, 1000.000000000000000 ) ;
#2513 = ORIENTED_EDGE ( 'NONE', *, *, #2171, .T. ) ;
#2514 = COLOUR_RGB ( '',0.7529411764705882200, 0.7529411764705882200, 0.7529411764705882200 ) ;
#2515 = STYLED_ITEM ( 'NONE', ( #2079 ), #1905 ) ;
#2516 = STYLED_ITEM ( 'NONE', ( #1185 ), #2788 ) ;
#2517 = ORIENTED_EDGE ( 'NONE', *, *, #2764, .F. ) ;
#2518 = VECTOR ( 'NONE', #710, 1000.000000000000000 ) ;
#2519 = DIRECTION ( 'NONE',  ( 1.000000000000000000, 3.697998060630430900E-015, 6.982966722218776800E-015 ) ) ;
#2520 = CARTESIAN_POINT ( 'NONE',  ( 3.300000000000041600, 3.250000000000038200, -3.849999999999966300 ) ) ;
#2522 = EDGE_LOOP ( 'NONE', ( #1559, #610, #35, #114 ) ) ;
#2521 = FACE_OUTER_BOUND ( 'NONE', #2614, .T. ) ;
#2523 = LINE ( 'NONE', #2779, #637 ) ;
#2524 = VECTOR ( 'NONE', #966, 1000.000000000000000 ) ;
#2525 = DIRECTION ( 'NONE',  ( 1.000000000000000000, 0.0000000000000000000, 0.0000000000000000000 ) ) ;
#2526 = EDGE_CURVE ( 'NONE', #1837, #1742, #1265, .T. ) ;
#2527 = PRESENTATION_STYLE_ASSIGNMENT (( #262 ) ) ;
#2528 = PRESENTATION_STYLE_ASSIGNMENT (( #1334 ) ) ;
#2529 = DIRECTION ( 'NONE',  ( 3.491483361109405700E-015, -1.000000000000000000, -3.369022725727119900E-015 ) ) ;
#2530 = VERTEX_POINT ( 'NONE', #3085 ) ;
#2531 = VECTOR ( 'NONE', #2081, 1000.000000000000000 ) ;
#2532 = DIRECTION ( 'NONE',  ( 3.491483361109406500E-015, -1.000000000000000000, -3.491483361109357600E-015 ) ) ;
#2533 = PLANE ( 'NONE',  #1594 ) ;
#2534 = SURFACE_SIDE_STYLE ('',( #2268 ) ) ;
#2535 = UNCERTAINTY_MEASURE_WITH_UNIT (LENGTH_MEASURE( 1.000000000000000100E-005 ), #472, 'distance_accuracy_value', 'NONE');
#2536 = VERTEX_POINT ( 'NONE', #1658 ) ;
#2537 = ORIENTED_EDGE ( 'NONE', *, *, #2506, .T. ) ;
#2538 =( GEOMETRIC_REPRESENTATION_CONTEXT ( 3 ) GLOBAL_UNCERTAINTY_ASSIGNED_CONTEXT ( ( #406 ) ) GLOBAL_UNIT_ASSIGNED_CONTEXT ( ( #1417, #191, #1188 ) ) REPRESENTATION_CONTEXT ( 'NONE', 'WORKASPACE' ) );
#2539 = ORIENTED_EDGE ( 'NONE', *, *, #1788, .F. ) ;
#2540 = DIRECTION ( 'NONE',  ( 6.982966722218764900E-015, 3.369022725727144300E-015, -1.000000000000000000 ) ) ;
#2541 = CARTESIAN_POINT ( 'NONE',  ( 1.350000000000022500, 4.780000000000023300, -1.849999999999975000 ) ) ;
#2542 = CARTESIAN_POINT ( 'NONE',  ( -2.349999999999955700, 2.500000000000016400, -3.750000000000008400 ) ) ;
#2543 = CARTESIAN_POINT ( 'NONE',  ( 1.850000000000027200, 3.400000000000025200, -1.849999999999975000 ) ) ;
#2544 = FILL_AREA_STYLE_COLOUR ( '', #3047 ) ;
#2545 = PRODUCT_RELATED_PRODUCT_CATEGORY ( 'part', '', ( #2919 ) ) ;
#2546 = EDGE_CURVE ( 'NONE', #1280, #2503, #2417, .T. ) ;
#2547 = PLANE ( 'NONE',  #1706 ) ;
#2548 = ORIENTED_EDGE ( 'NONE', *, *, #1633, .T. ) ;
#2549 = DIRECTION ( 'NONE',  ( 3.491483361109405700E-015, -1.000000000000000000, -3.369022725727119900E-015 ) ) ;
#2550 = PRESENTATION_STYLE_ASSIGNMENT (( #214 ) ) ;
#2551 = ORIENTED_EDGE ( 'NONE', *, *, #2025, .T. ) ;
#2552 = DIRECTION ( 'NONE',  ( -3.491483361109406500E-015, 1.000000000000000000, 3.491483361109357600E-015 ) ) ;
#2553 = ORIENTED_EDGE ( 'NONE', *, *, #3082, .T. ) ;
#2554 = EDGE_CURVE ( 'NONE', #59, #772, #3040, .T. ) ;
#2555 = VECTOR ( 'NONE', #353, 1000.000000000000000 ) ;
#2556 = DIRECTION ( 'NONE',  ( 3.491483361109405300E-015, -1.000000000000000000, -3.341938233869977600E-015 ) ) ;
#2557 = ORIENTED_EDGE ( 'NONE', *, *, #1000, .T. ) ;
#2558 = ADVANCED_FACE ( 'NONE', ( #525 ), #1159, .F. ) ;
#2559 = SURFACE_STYLE_USAGE ( .BOTH. , #857 ) ;
#2560 = ORIENTED_EDGE ( 'NONE', *, *, #503, .T. ) ;
#2561 = AXIS2_PLACEMENT_3D ( 'NONE', #1086, #865, #2578 ) ;
#2562 = FACE_OUTER_BOUND ( 'NONE', #1070, .T. ) ;
#2563 = ORIENTED_EDGE ( 'NONE', *, *, #976, .T. ) ;
#2564 = LINE ( 'NONE', #97, #925 ) ;
#2565 = DIRECTION ( 'NONE',  ( 6.982966722218764900E-015, 3.369022725727144300E-015, -1.000000000000000000 ) ) ;
#2566 = DIRECTION ( 'NONE',  ( 1.000000000000000000, 3.491483361109382100E-015, 6.982966722218776000E-015 ) ) ;
#2567 = LINE ( 'NONE', #3074, #596 ) ;
#2568 = LINE ( 'NONE', #2852, #26 ) ;
#2569 = FACE_OUTER_BOUND ( 'NONE', #2886, .T. ) ;
#2570 = AXIS2_PLACEMENT_3D ( 'NONE', #2975, #950, #734 ) ;
#2571 = CARTESIAN_POINT ( 'NONE',  ( -1.349999999999972600, 3.330000000000014700, -1.849999999999998300 ) ) ;
#2572 = VECTOR ( 'NONE', #3019, 1000.000000000000000 ) ;
#2573 = VECTOR ( 'NONE', #2062, 1000.000000000000000 ) ;
#2574 = ADVANCED_FACE ( 'NONE', ( #1777 ), #427, .F. ) ;
#2575 = UNCERTAINTY_MEASURE_WITH_UNIT (LENGTH_MEASURE( 1.000000000000000100E-005 ), #3020, 'distance_accuracy_value', 'NONE');
#2576 = MECHANICAL_DESIGN_GEOMETRIC_PRESENTATION_REPRESENTATION (  '', ( #2095 ), #2728 ) ;
#2577 = ORIENTED_EDGE ( 'NONE', *, *, #2333, .T. ) ;
#2578 = DIRECTION ( 'NONE',  ( -3.491483361109405700E-015, 1.000000000000000000, 3.369022725727119900E-015 ) ) ;
#2579 = AXIS2_PLACEMENT_3D ( 'NONE', #3160, #2715, #2703 ) ;
#2580 = CARTESIAN_POINT ( 'NONE',  ( 3.750000000000037700, 0.3500000000000317900, -1.799999999999973400 ) ) ;
#2581 = ORIENTED_EDGE ( 'NONE', *, *, #1195, .F. ) ;
#2582 = CARTESIAN_POINT ( 'NONE',  ( 3.750000000000032000, 0.3500000000000291200, -0.9999999999999731300 ) ) ;
#2583 = CARTESIAN_POINT ( 'NONE',  ( -2.449999999999975300, 4.130000000000010600, -1.850000000000003600 ) ) ;
#2584 = ORIENTED_EDGE ( 'NONE', *, *, #1337, .T. ) ;
#2585 = EDGE_CURVE ( 'NONE', #1806, #2866, #2972, .T. ) ;
#2586 = PLANE ( 'NONE',  #814 ) ;
#2587 = VERTEX_POINT ( 'NONE', #1670 ) ;
#2588 = FACE_OUTER_BOUND ( 'NONE', #2397, .T. ) ;
#2589 = ORIENTED_EDGE ( 'NONE', *, *, #1298, .T. ) ;
#2590 = ORIENTED_EDGE ( 'NONE', *, *, #1558, .T. ) ;
#2591 = MANIFOLD_SOLID_BREP ( 'ÎÞÃÞ¨-ˆÚ“®/ºËß°2', #2854 ) ;
#2592 = LINE ( 'NONE', #2965, #2851 ) ;
#2593 = EDGE_CURVE ( 'NONE', #1324, #785, #1468, .T. ) ;
#2594 = SURFACE_STYLE_FILL_AREA ( #502 ) ;
#2595 = AXIS2_PLACEMENT_3D ( 'NONE', #587, #350, #372 ) ;
#2596 = CARTESIAN_POINT ( 'NONE',  ( 1.850000000000027200, 3.400000000000025200, -1.849999999999975000 ) ) ;
#2597 = DIRECTION ( 'NONE',  ( 1.000000000000000000, 3.491483361109382100E-015, 6.982966722218776000E-015 ) ) ;
#2598 = ORIENTED_EDGE ( 'NONE', *, *, #2106, .F. ) ;
#2599 = DIRECTION ( 'NONE',  ( -6.982966722218764900E-015, -3.369022725727144300E-015, 1.000000000000000000 ) ) ;
#2600 = FACE_BOUND ( 'NONE', #2935, .T. ) ;
#2601 = PRODUCT_DEFINITION_CONTEXT ( 'detailed design', #2763, 'design' ) ;
#2602 = SURFACE_STYLE_FILL_AREA ( #1872 ) ;
#2603 = LINE ( 'NONE', #2425, #2447 ) ;
#2604 = PRESENTATION_STYLE_ASSIGNMENT (( #2278 ) ) ;
#2605 = LINE ( 'NONE', #713, #1971 ) ;
#2606 = DIRECTION ( 'NONE',  ( 6.982966722218764100E-015, 3.496323549379406800E-015, -1.000000000000000000 ) ) ;
#2607 = VECTOR ( 'NONE', #1580, 1000.000000000000000 ) ;
#2608 = AXIS2_PLACEMENT_3D ( 'NONE', #1505, #3, #1748 ) ;
#2609 = VECTOR ( 'NONE', #2127, 1000.000000000000000 ) ;
#2610 = FACE_OUTER_BOUND ( 'NONE', #2035, .T. ) ;
#2611 = EDGE_CURVE ( 'NONE', #1766, #2352, #1696, .T. ) ;
#2612 = DIRECTION ( 'NONE',  ( 6.982966722218764900E-015, 3.375835129377594800E-015, -1.000000000000000000 ) ) ;
#2613 = UNCERTAINTY_MEASURE_WITH_UNIT (LENGTH_MEASURE( 1.000000000000000100E-005 ), #1805, 'distance_accuracy_value', 'NONE');
#2614 = EDGE_LOOP ( 'NONE', ( #995, #552, #543, #1679 ) ) ;
#2615 = CARTESIAN_POINT ( 'NONE',  ( -2.450000000000007300, 4.129999999999994600, 2.749999999999996400 ) ) ;
#2616 = VERTEX_POINT ( 'NONE', #2404 ) ;
#2617 = FILL_AREA_STYLE_COLOUR ( '', #2235 ) ;
#2618 = EDGE_CURVE ( 'NONE', #1450, #213, #139, .T. ) ;
#2619 =( LENGTH_UNIT ( ) NAMED_UNIT ( * ) SI_UNIT ( .MILLI., .METRE. ) );
#2620 = DIRECTION ( 'NONE',  ( -1.000000000000000000, -3.608694406783490500E-015, -6.982966722218776800E-015 ) ) ;
#2621 = PLANE ( 'NONE',  #478 ) ;
#2622 = STYLED_ITEM ( 'NONE', ( #2158 ), #2114 ) ;
#2623 = CARTESIAN_POINT ( 'NONE',  ( -3.299999999999966500, 5.600000000000015600, -3.850000000000004500 ) ) ;
#2624 =( GEOMETRIC_REPRESENTATION_CONTEXT ( 3 ) GLOBAL_UNCERTAINTY_ASSIGNED_CONTEXT ( ( #2535 ) ) GLOBAL_UNIT_ASSIGNED_CONTEXT ( ( #472, #2209, #721 ) ) REPRESENTATION_CONTEXT ( 'NONE', 'WORKASPACE' ) );
#2625 = VERTEX_POINT ( 'NONE', #3115 ) ;
#2626 = SURFACE_STYLE_USAGE ( .BOTH. , #1443 ) ;
#2627 = CARTESIAN_POINT ( 'NONE',  ( -2.899999999999966600, 5.600000000000016500, -3.850000000000001000 ) ) ;
#2628 = ORIENTED_EDGE ( 'NONE', *, *, #1309, .F. ) ;
#2629 = ORIENTED_EDGE ( 'NONE', *, *, #658, .T. ) ;
#2630 = LINE ( 'NONE', #2802, #86 ) ;
#2631 =( NAMED_UNIT ( * ) PLANE_ANGLE_UNIT ( ) SI_UNIT ( $, .RADIAN. ) );
#2632 = EDGE_LOOP ( 'NONE', ( #2978, #1784, #1859, #425 ) ) ;
#2633 = EDGE_LOOP ( 'NONE', ( #636, #395, #702, #1092, #3094, #2291 ) ) ;
#2634 = LINE ( 'NONE', #2699, #677 ) ;
#2635 = CARTESIAN_POINT ( 'NONE',  ( 3.300000000000033600, 5.600000000000037800, -3.849999999999957500 ) ) ;
#2636 = ORIENTED_EDGE ( 'NONE', *, *, #2297, .T. ) ;
#2637 =( GEOMETRIC_REPRESENTATION_CONTEXT ( 3 ) GLOBAL_UNCERTAINTY_ASSIGNED_CONTEXT ( ( #69 ) ) GLOBAL_UNIT_ASSIGNED_CONTEXT ( ( #397, #900, #1132 ) ) REPRESENTATION_CONTEXT ( 'NONE', 'WORKASPACE' ) );
#2638 = CARTESIAN_POINT ( 'NONE',  ( -1.049999999999995800, 3.800000000000005600, 1.250000000000005600 ) ) ;
#2639 = DIRECTION ( 'NONE',  ( -3.491483361109406500E-015, 1.000000000000000000, 3.491483361109357600E-015 ) ) ;
#2640 = VECTOR ( 'NONE', #2216, 1000.000000000000000 ) ;
#2641 = FACE_OUTER_BOUND ( 'NONE', #1827, .T. ) ;
#2642 = LINE ( 'NONE', #613, #1341 ) ;
#2643 = FILL_AREA_STYLE ('',( #2398 ) ) ;
#2644 = LINE ( 'NONE', #1366, #527 ) ;
#2645 = LINE ( 'NONE', #2301, #2009 ) ;
#2646 = CARTESIAN_POINT ( 'NONE',  ( 1.900000000000024800, 4.130000000000025700, -1.849999999999973200 ) ) ;
#2647 = FACE_OUTER_BOUND ( 'NONE', #2504, .T. ) ;
#2648 = DIRECTION ( 'NONE',  ( -6.982966722218764900E-015, -3.491483361109382500E-015, 1.000000000000000000 ) ) ;
#2649 = EDGE_CURVE ( 'NONE', #1742, #3140, #2038, .T. ) ;
#2650 = LINE ( 'NONE', #1540, #2013 ) ;
#2651 = DIRECTION ( 'NONE',  ( 1.000000000000000000, 3.491483361109382100E-015, 6.982966722218776000E-015 ) ) ;
#2652 = DIRECTION ( 'NONE',  ( 1.000000000000000000, 3.491483361109382100E-015, 6.982966722218776000E-015 ) ) ;
#2653 = ORIENTED_EDGE ( 'NONE', *, *, #2824, .F. ) ;
#2654 = ORIENTED_EDGE ( 'NONE', *, *, #1900, .T. ) ;
#2655 = DIRECTION ( 'NONE',  ( 1.000000000000000000, 3.491483361109382100E-015, 6.982966722218776000E-015 ) ) ;
#2656 = EDGE_CURVE ( 'NONE', #84, #285, #62, .T. ) ;
#2657 = EDGE_CURVE ( 'NONE', #2390, #1145, #1380, .T. ) ;
#2658 = CARTESIAN_POINT ( 'NONE',  ( -2.899999999999966600, 5.600000000000016500, -3.850000000000001000 ) ) ;
#2659 = FILL_AREA_STYLE ('',( #195 ) ) ;
#2660 = CARTESIAN_POINT ( 'NONE',  ( -3.749999999999961400, 5.605013523625469900E-015, -1.800000000000026500 ) ) ;
#2661 = VERTEX_POINT ( 'NONE', #955 ) ;
#2662 = CARTESIAN_POINT ( 'NONE',  ( -2.349999999999955700, 2.500000000000016400, -3.750000000000008400 ) ) ;
#2663 = LINE ( 'NONE', #1391, #2026 ) ;
#2664 = EDGE_LOOP ( 'NONE', ( #793, #2810, #2777, #2223 ) ) ;
#2665 = VERTEX_POINT ( 'NONE', #2896 ) ;
#2666 = EDGE_CURVE ( 'NONE', #1690, #1160, #1888, .T. ) ;
#2667 = FACE_OUTER_BOUND ( 'NONE', #355, .T. ) ;
#2668 = CARTESIAN_POINT ( 'NONE',  ( -1.349999999999995400, 3.700000000000003700, 1.250000000000002900 ) ) ;
#2669 = VERTEX_POINT ( 'NONE', #1700 ) ;
#2670 = CARTESIAN_POINT ( 'NONE',  ( -1.049999999999995600, 3.700000000000005100, 1.250000000000005100 ) ) ;
#2671 = EDGE_LOOP ( 'NONE', ( #2977, #1651, #53, #3083, #1238, #3089, #2762, #969 ) ) ;
#2672 = FILL_AREA_STYLE_COLOUR ( '', #485 ) ;
#2673 = AXIS2_PLACEMENT_3D ( 'NONE', #2986, #1027, #800 ) ;
#2674 = VECTOR ( 'NONE', #1717, 1000.000000000000000 ) ;
#2675 = VECTOR ( 'NONE', #2651, 1000.000000000000000 ) ;
#2676 = AXIS2_PLACEMENT_3D ( 'NONE', #2395, #2365, #2355 ) ;
#2677 = SURFACE_STYLE_FILL_AREA ( #1067 ) ;
#2678 = LINE ( 'NONE', #983, #1388 ) ;
#2679 = VECTOR ( 'NONE', #2285, 1000.000000000000000 ) ;
#2680 = FACE_OUTER_BOUND ( 'NONE', #1590, .T. ) ;
#2681 = VECTOR ( 'NONE', #2599, 1000.000000000000000 ) ;
#2682 = AXIS2_PLACEMENT_3D ( 'NONE', #661, #2382, #918 ) ;
#2683 = DIRECTION ( 'NONE',  ( -6.982966722218764100E-015, -3.491483361109382100E-015, 1.000000000000000000 ) ) ;
#2684 = PRESENTATION_STYLE_ASSIGNMENT (( #803 ) ) ;
#2685 = ORIENTED_EDGE ( 'NONE', *, *, #2657, .F. ) ;
#2686 = CARTESIAN_POINT ( 'NONE',  ( -2.900000000000005700, 5.599999999999997000, 1.799999999999998700 ) ) ;
#2687 = CARTESIAN_POINT ( 'NONE',  ( -3.749999999999947600, 1.217460783879340000E-014, -3.750000000000025800 ) ) ;
#2688 = CARTESIAN_POINT ( 'NONE',  ( 2.449999999999995300, 3.400000000000011900, 2.750000000000028000 ) ) ;
#2689 = EDGE_CURVE ( 'NONE', #1370, #585, #1304, .T. ) ;
#2690 = ORIENTED_EDGE ( 'NONE', *, *, #1181, .F. ) ;
#2691 = ORIENTED_EDGE ( 'NONE', *, *, #2649, .T. ) ;
#2692 = CARTESIAN_POINT ( 'NONE',  ( -3.749999999999962300, 0.3500000000000055300, -1.800000000000025600 ) ) ;
#2693 = DIRECTION ( 'NONE',  ( 1.000000000000000000, 3.491483361109382100E-015, 6.982966722218776000E-015 ) ) ;
#2694 = FILL_AREA_STYLE_COLOUR ( '', #1668 ) ;
#2695 =( NAMED_UNIT ( * ) SI_UNIT ( $, .STERADIAN. ) SOLID_ANGLE_UNIT ( ) );
#2696 = DIRECTION ( 'NONE',  ( -6.982966722218765700E-015, -3.355958089548694400E-015, 1.000000000000000000 ) ) ;
#2697 = EDGE_LOOP ( 'NONE', ( #2261, #1177, #1088, #2401 ) ) ;
#2698 = DIRECTION ( 'NONE',  ( 6.982966722218764900E-015, 3.369022725727144300E-015, -1.000000000000000000 ) ) ;
#2699 = CARTESIAN_POINT ( 'NONE',  ( 2.900000000000037700, 0.3500000000000289000, -1.799999999999979600 ) ) ;
#2700 = VERTEX_POINT ( 'NONE', #1206 ) ;
#2701 =( NAMED_UNIT ( * ) PLANE_ANGLE_UNIT ( ) SI_UNIT ( $, .RADIAN. ) );
#2702 = ORIENTED_EDGE ( 'NONE', *, *, #2611, .T. ) ;
#2703 = DIRECTION ( 'NONE',  ( 3.491483361109405700E-015, -1.000000000000000000, -3.369022725727119900E-015 ) ) ;
#2704 = EDGE_CURVE ( 'NONE', #1506, #2435, #2603, .T. ) ;
#2705 = ORIENTED_EDGE ( 'NONE', *, *, #327, .T. ) ;
#2706 = VECTOR ( 'NONE', #484, 1000.000000000000000 ) ;
#2707 = VERTEX_POINT ( 'NONE', #704 ) ;
#2708 = DIRECTION ( 'NONE',  ( -3.952845987698982100E-015, 1.000000000000000000, 3.369022725727116700E-015 ) ) ;
#2709 = CARTESIAN_POINT ( 'NONE',  ( -1.050000000000011600, 5.300000000000000700, 2.750000000000010200 ) ) ;
#2710 = SURFACE_STYLE_FILL_AREA ( #3151 ) ;
#2711 = LINE ( 'NONE', #2868, #851 ) ;
#2712 = VECTOR ( 'NONE', #1868, 1000.000000000000000 ) ;
#2713 = EDGE_CURVE ( 'NONE', #325, #1332, #3146, .T. ) ;
#2714 =( NAMED_UNIT ( * ) SI_UNIT ( $, .STERADIAN. ) SOLID_ANGLE_UNIT ( ) );
#2715 = DIRECTION ( 'NONE',  ( 6.982966722218764900E-015, 3.369022725727144300E-015, -1.000000000000000000 ) ) ;
#2716 = LINE ( 'NONE', #2351, #2168 ) ;
#2717 = CARTESIAN_POINT ( 'NONE',  ( 1.049999999999997600, 5.800000000000011400, 1.250000000000026600 ) ) ;
#2718 = PRESENTATION_STYLE_ASSIGNMENT (( #1815 ) ) ;
#2719 = CARTESIAN_POINT ( 'NONE',  ( -3.299999999999966500, 5.600000000000015600, -3.850000000000004500 ) ) ;
#2720 = ORIENTED_EDGE ( 'NONE', *, *, #162, .F. ) ;
#2721 = ORIENTED_EDGE ( 'NONE', *, *, #241, .F. ) ;
#2722 = UNCERTAINTY_MEASURE_WITH_UNIT (LENGTH_MEASURE( 1.000000000000000100E-005 ), #188, 'distance_accuracy_value', 'NONE');
#2723 = PLANE ( 'NONE',  #732 ) ;
#2724 = CARTESIAN_POINT ( 'NONE',  ( -1.899999999999975300, 4.130000000000012300, -1.849999999999999200 ) ) ;
#2725 = PRESENTATION_LAYER_ASSIGNMENT (  '', '', ( #2410 ) ) ;
#2726 = DIRECTION ( 'NONE',  ( -6.982966722218764900E-015, -3.369022725727144300E-015, 1.000000000000000000 ) ) ;
#2727 = DIRECTION ( 'NONE',  ( -3.491483361109405700E-015, 1.000000000000000000, 3.369022725727119900E-015 ) ) ;
#2728 =( GEOMETRIC_REPRESENTATION_CONTEXT ( 3 ) GLOBAL_UNCERTAINTY_ASSIGNED_CONTEXT ( ( #289 ) ) GLOBAL_UNIT_ASSIGNED_CONTEXT ( ( #896, #625, #615 ) ) REPRESENTATION_CONTEXT ( 'NONE', 'WORKASPACE' ) );
#2729 = CARTESIAN_POINT ( 'NONE',  ( -2.899999999999958200, 2.500000000000013800, -3.450000000000012200 ) ) ;
#2730 = ORIENTED_EDGE ( 'NONE', *, *, #160, .F. ) ;
#2731 = DIRECTION ( 'NONE',  ( -1.000000000000000000, -3.491483361109382100E-015, -6.982966722218776000E-015 ) ) ;
#2732 = LINE ( 'NONE', #429, #791 ) ;
#2733 = VERTEX_POINT ( 'NONE', #2668 ) ;
#2734 = CARTESIAN_POINT ( 'NONE',  ( 1.349999999999994300, 3.700000000000008600, 2.750000000000021300 ) ) ;
#2735 = ORIENTED_EDGE ( 'NONE', *, *, #1882, .F. ) ;
#2736 = LINE ( 'NONE', #1669, #129 ) ;
#2737 = UNCERTAINTY_MEASURE_WITH_UNIT (LENGTH_MEASURE( 1.000000000000000100E-005 ), #1090, 'distance_accuracy_value', 'NONE');
#2738 = DIRECTION ( 'NONE',  ( -6.982966722218764900E-015, -3.369022725727144300E-015, 1.000000000000000000 ) ) ;
#2739 = ORIENTED_EDGE ( 'NONE', *, *, #2906, .F. ) ;
#2740 = FILL_AREA_STYLE_COLOUR ( '', #2446 ) ;
#2741 = CARTESIAN_POINT ( 'NONE',  ( 2.899999999999993700, 5.600000000000018300, 1.800000000000038900 ) ) ;
#2742 = ORIENTED_EDGE ( 'NONE', *, *, #3121, .F. ) ;
#2743 = EDGE_CURVE ( 'NONE', #2821, #843, #1808, .T. ) ;
#2744 = ADVANCED_FACE ( 'NONE', ( #2377 ), #1593, .T. ) ;
#2745 = LINE ( 'NONE', #2202, #884 ) ;
#2746 = COLOUR_RGB ( '',0.7529411764705882200, 0.7529411764705882200, 0.7529411764705882200 ) ;
#2747 = VECTOR ( 'NONE', #2998, 1000.000000000000000 ) ;
#2748 = FACE_OUTER_BOUND ( 'NONE', #13, .T. ) ;
#2749 = EDGE_CURVE ( 'NONE', #3023, #1277, #2160, .T. ) ;
#2750 = VECTOR ( 'NONE', #2067, 1000.000000000000000 ) ;
#2751 = VECTOR ( 'NONE', #1257, 1000.000000000000000 ) ;
#2752 = ORIENTED_EDGE ( 'NONE', *, *, #2297, .F. ) ;
#2753 = VECTOR ( 'NONE', #913, 1000.000000000000000 ) ;
#2754 = EDGE_LOOP ( 'NONE', ( #3026, #2956, #2629, #2474 ) ) ;
#2755 = ORIENTED_EDGE ( 'NONE', *, *, #512, .T. ) ;
#2756 = VERTEX_POINT ( 'NONE', #2615 ) ;
#2757 = PLANE ( 'NONE',  #146 ) ;
#2758 = CARTESIAN_POINT ( 'NONE',  ( -3.749999999999961400, 5.605013523625469900E-015, -1.800000000000026500 ) ) ;
#2759 = ADVANCED_FACE ( 'NONE', ( #1507 ), #2144, .F. ) ;
#2760 = PLANE ( 'NONE',  #1262 ) ;
#2761 = PRESENTATION_LAYER_ASSIGNMENT (  '', '', ( #2438 ) ) ;
#2762 = ORIENTED_EDGE ( 'NONE', *, *, #468, .T. ) ;
#2763 = APPLICATION_CONTEXT ( 'automotive_design' ) ;
#2764 = EDGE_CURVE ( 'NONE', #2154, #1806, #1260, .T. ) ;
#2765 = CARTESIAN_POINT ( 'NONE',  ( -2.500000000000020000, 5.799999999999990900, 3.750000000000002200 ) ) ;
#2766 = AXIS2_PLACEMENT_3D ( 'NONE', #1896, #1710, #1698 ) ;
#2767 = CARTESIAN_POINT ( 'NONE',  ( 2.350000000000038300, 2.707450691592783200E-014, -1.799999999999983800 ) ) ;
#2768 = DIRECTION ( 'NONE',  ( -1.000000000000000000, -3.697998060630430900E-015, -6.982966722218776800E-015 ) ) ;
#2769 = EDGE_CURVE ( 'NONE', #860, #1690, #594, .T. ) ;
#2770 = DIRECTION ( 'NONE',  ( 1.000000000000000000, 3.697998060630430900E-015, 6.982966722218776800E-015 ) ) ;
#2771 = ORIENTED_EDGE ( 'NONE', *, *, #17, .T. ) ;
#2772 = AXIS2_PLACEMENT_3D ( 'NONE', #1539, #776, #559 ) ;
#2773 = EDGE_LOOP ( 'NONE', ( #2929, #2963, #520, #591, #1999, #3071 ) ) ;
#2774 = VECTOR ( 'NONE', #39, 1000.000000000000000 ) ;
#2775 = UNCERTAINTY_MEASURE_WITH_UNIT (LENGTH_MEASURE( 1.000000000000000100E-005 ), #3080, 'distance_accuracy_value', 'NONE');
#2776 = ORIENTED_EDGE ( 'NONE', *, *, #789, .F. ) ;
#2777 = ORIENTED_EDGE ( 'NONE', *, *, #2743, .F. ) ;
#2778 = VECTOR ( 'NONE', #2693, 1000.000000000000000 ) ;
#2779 = CARTESIAN_POINT ( 'NONE',  ( -1.049999999999995800, 3.800000000000005600, 1.250000000000005600 ) ) ;
#2780 = ORIENTED_EDGE ( 'NONE', *, *, #2689, .T. ) ;
#2781 = FACE_OUTER_BOUND ( 'NONE', #1465, .T. ) ;
#2782 = CARTESIAN_POINT ( 'NONE',  ( -2.899999999999987000, 0.3499999999999962000, 1.799999999999981200 ) ) ;
#2783 = SURFACE_STYLE_FILL_AREA ( #2159 ) ;
#2784 = ORIENTED_EDGE ( 'NONE', *, *, #1835, .F. ) ;
#2785 = VECTOR ( 'NONE', #1043, 1000.000000000000000 ) ;
#2786 = FACE_OUTER_BOUND ( 'NONE', #232, .T. ) ;
#2787 = DIRECTION ( 'NONE',  ( 3.491483361109406500E-015, -1.000000000000000000, -3.491483361109357600E-015 ) ) ;
#2788 = ADVANCED_FACE ( 'NONE', ( #1845 ), #1663, .F. ) ;
#2789 = CARTESIAN_POINT ( 'NONE',  ( -2.899999999999960800, 3.250000000000015100, -3.450000000000009500 ) ) ;
#2790 = AXIS2_PLACEMENT_3D ( 'NONE', #1794, #2356, #2087 ) ;
#2791 = VECTOR ( 'NONE', #2982, 1000.000000000000000 ) ;
#2792 = SURFACE_SIDE_STYLE ('',( #66 ) ) ;
#2793 = DIRECTION ( 'NONE',  ( -1.000000000000000000, -3.491483361109382500E-015, -6.982966722218776800E-015 ) ) ;
#2794 = VERTEX_POINT ( 'NONE', #1154 ) ;
#2795 = FILL_AREA_STYLE ('',( #2367 ) ) ;
#2796 =( NAMED_UNIT ( * ) PLANE_ANGLE_UNIT ( ) SI_UNIT ( $, .RADIAN. ) );
#2797 = EDGE_LOOP ( 'NONE', ( #1062, #2363, #1616, #1134, #445, #466, #1212, #2798, #2241, #1050, #3051, #202, #2267, #2330, #2479, #268 ) ) ;
#2798 = ORIENTED_EDGE ( 'NONE', *, *, #897, .F. ) ;
#2799 = ORIENTED_EDGE ( 'NONE', *, *, #2824, .T. ) ;
#2800 = CARTESIAN_POINT ( 'NONE',  ( -3.750000000000020400, 5.799999999999986500, 3.749999999999993300 ) ) ;
#2801 = EDGE_CURVE ( 'NONE', #2818, #1489, #1615, .T. ) ;
#2802 = CARTESIAN_POINT ( 'NONE',  ( 1.050000000000030000, 3.800000000000025600, -2.449999999999980600 ) ) ;
#2803 = ADVANCED_FACE ( 'NONE', ( #2819 ), #422, .T. ) ;
#2804 = ORIENTED_EDGE ( 'NONE', *, *, #965, .T. ) ;
#2805 = DIRECTION ( 'NONE',  ( -3.491483361109406500E-015, 1.000000000000000000, 3.496323549379382400E-015 ) ) ;
#2806 = EDGE_CURVE ( 'NONE', #986, #1452, #55, .T. ) ;
#2807 = LINE ( 'NONE', #400, #2101 ) ;
#2808 = ORIENTED_EDGE ( 'NONE', *, *, #2389, .T. ) ;
#2809 = DIRECTION ( 'NONE',  ( -1.000000000000000000, -3.491483361109382100E-015, -6.982966722218776000E-015 ) ) ;
#2810 = ORIENTED_EDGE ( 'NONE', *, *, #2366, .T. ) ;
#2811 = EDGE_CURVE ( 'NONE', #1125, #334, #716, .T. ) ;
#2812 = FILL_AREA_STYLE ('',( #2368 ) ) ;
#2813 = EDGE_LOOP ( 'NONE', ( #398, #1331, #45, #1030 ) ) ;
#2814 = ADVANCED_FACE ( 'NONE', ( #1964, #2600 ), #3119, .F. ) ;
#2815 = SURFACE_STYLE_FILL_AREA ( #2227 ) ;
#2816 = CARTESIAN_POINT ( 'NONE',  ( -3.749999999999958300, 2.500000000000011100, -3.450000000000017900 ) ) ;
#2817 = ORIENTED_EDGE ( 'NONE', *, *, #344, .T. ) ;
#2818 = VERTEX_POINT ( 'NONE', #1448 ) ;
#2819 = FACE_OUTER_BOUND ( 'NONE', #1146, .T. ) ;
#2820 = CARTESIAN_POINT ( 'NONE',  ( -3.299999999999966500, -0.09999999999999542600, -1.000000000000023500 ) ) ;
#2821 = VERTEX_POINT ( 'NONE', #699 ) ;
#2822 = LINE ( 'NONE', #149, #222 ) ;
#2823 = DIRECTION ( 'NONE',  ( 3.697998060630454600E-015, -1.000000000000000000, -3.369022725727118300E-015 ) ) ;
#2824 = EDGE_CURVE ( 'NONE', #1292, #2282, #1219, .T. ) ;
#2825 = DIRECTION ( 'NONE',  ( -1.000000000000000000, -3.491483361109382100E-015, -6.982966722218776000E-015 ) ) ;
#2826 = VECTOR ( 'NONE', #781, 1000.000000000000000 ) ;
#2827 = LINE ( 'NONE', #209, #1547 ) ;
#2828 = LINE ( 'NONE', #1353, #301 ) ;
#2829 = STYLED_ITEM ( 'NONE', ( #331 ), #905 ) ;
#2830 = CARTESIAN_POINT ( 'NONE',  ( -2.449999999999972600, 3.400000000000010100, -1.850000000000005200 ) ) ;
#2831 = DIRECTION ( 'NONE',  ( -1.000000000000000000, -3.491483361109382100E-015, -6.982966722218776000E-015 ) ) ;
#2832 = VECTOR ( 'NONE', #773, 1000.000000000000000 ) ;
#2833 = LINE ( 'NONE', #1405, #972 ) ;
#2834 = ADVANCED_FACE ( 'NONE', ( #3142 ), #960, .F. ) ;
#2835 = VERTEX_POINT ( 'NONE', #1200 ) ;
#2836 = CARTESIAN_POINT ( 'NONE',  ( -1.850000000000003900, 1.149999999999993200, 3.749999999999990700 ) ) ;
#2837 = CARTESIAN_POINT ( 'NONE',  ( -3.300000000000006000, 5.599999999999994300, 1.799999999999995800 ) ) ;
#2838 = PRESENTATION_LAYER_ASSIGNMENT (  '', '', ( #2515 ) ) ;
#2839 = DIRECTION ( 'NONE',  ( -6.982966722218764100E-015, -3.491483361109382100E-015, 1.000000000000000000 ) ) ;
#2840 = PLANE ( 'NONE',  #270 ) ;
#2841 = VERTEX_POINT ( 'NONE', #219 ) ;
#2842 = CARTESIAN_POINT ( 'NONE',  ( 3.750000000000029800, 5.800000000000037100, -3.449999999999954900 ) ) ;
#2843 = CARTESIAN_POINT ( 'NONE',  ( 3.299999999999994000, 5.600000000000017400, 1.800000000000041800 ) ) ;
#2844 = PRESENTATION_LAYER_ASSIGNMENT (  '', '', ( #2516 ) ) ;
#2845 = ORIENTED_EDGE ( 'NONE', *, *, #1385, .T. ) ;
#2846 =( NAMED_UNIT ( * ) SI_UNIT ( $, .STERADIAN. ) SOLID_ANGLE_UNIT ( ) );
#2847 = EDGE_CURVE ( 'NONE', #2406, #2312, #3069, .T. ) ;
#2848 = CARTESIAN_POINT ( 'NONE',  ( -3.749999999999947600, 1.217460783879340000E-014, -3.750000000000025800 ) ) ;
#2849 = ORIENTED_EDGE ( 'NONE', *, *, #2279, .T. ) ;
#2850 = SURFACE_SIDE_STYLE ('',( #847 ) ) ;
#2851 = VECTOR ( 'NONE', #2942, 1000.000000000000000 ) ;
#2852 = CARTESIAN_POINT ( 'NONE',  ( -3.749999999999947600, 1.217460783879340000E-014, -3.750000000000025800 ) ) ;
#2853 = ORIENTED_EDGE ( 'NONE', *, *, #80, .T. ) ;
#2854 = CLOSED_SHELL ( 'NONE', ( #868, #1525, #2814, #1058, #2284, #611, #666, #1291, #1314, #3092, #415, #922, #1044, #2511, #38, #2995, #2558, #580, #381, #1857, #1902, #2136, #1825, #1548, #1654, #1294, #932, #1152, #2100, #752, #1647, #848, #102, #2574, #1356, #1407, #1367, #318, #1847, #1144, #1106, #1789, #1768, #1, #2834, #2976, #2381, #2338, #1007, #362, #671, #630, #3030, #2873, #1541, #2114, #2744, #1873, #2090, #170, #1018, #653, #3048, #1351, #1588, #117, #185, #1137, #2788, #1105, #3044, #1864, #1905, #890, #2045, #2759, #1422, #2316, #812, #349, #2803, #1157, #905, #819 ) ) ;
#2855 = LINE ( 'NONE', #2498, #2774 ) ;
#2856 = DIRECTION ( 'NONE',  ( 1.000000000000000000, 3.491483361109382100E-015, 6.982966722218776000E-015 ) ) ;
#2857 = CARTESIAN_POINT ( 'NONE',  ( 0.6000000000000512700, 0.4000000000000282800, -3.749999999999993800 ) ) ;
#2858 = ORIENTED_EDGE ( 'NONE', *, *, #2424, .T. ) ;
#2859 = VERTEX_POINT ( 'NONE', #2428 ) ;
#2860 = EDGE_LOOP ( 'NONE', ( #1612, #2334, #3035, #3107 ) ) ;
#2861 = ORIENTED_EDGE ( 'NONE', *, *, #1240, .F. ) ;
#2862 = FACE_OUTER_BOUND ( 'NONE', #1103, .T. ) ;
#2863 = VECTOR ( 'NONE', #310, 1000.000000000000000 ) ;
#2864 =( NAMED_UNIT ( * ) PLANE_ANGLE_UNIT ( ) SI_UNIT ( $, .RADIAN. ) );
#2865 = VECTOR ( 'NONE', #1110, 1000.000000000000000 ) ;
#2866 = VERTEX_POINT ( 'NONE', #465 ) ;
#2867 = DIRECTION ( 'NONE',  ( 1.000000000000000000, 3.491483361109382100E-015, 6.982966722218776000E-015 ) ) ;
#2868 = CARTESIAN_POINT ( 'NONE',  ( -1.899999999999977500, 4.780000000000011800, -1.849999999999997400 ) ) ;
#2869 = VECTOR ( 'NONE', #909, 1000.000000000000000 ) ;
#2870 = FILL_AREA_STYLE ('',( #2694 ) ) ;
#2871 = EDGE_CURVE ( 'NONE', #1066, #1172, #1802, .T. ) ;
#2872 = LINE ( 'NONE', #574, #184 ) ;
#2873 = ADVANCED_FACE ( 'NONE', ( #1884 ), #1210, .F. ) ;
#2874 = PRESENTATION_STYLE_ASSIGNMENT (( #1927 ) ) ;
#2875 = ORIENTED_EDGE ( 'NONE', *, *, #241, .T. ) ;
#2876 =( NAMED_UNIT ( * ) SI_UNIT ( $, .STERADIAN. ) SOLID_ANGLE_UNIT ( ) );
#2877 = EDGE_CURVE ( 'NONE', #347, #1496, #921, .T. ) ;
#2878 = CARTESIAN_POINT ( 'NONE',  ( -2.350000000000001000, 0.3499999999999919800, 3.749999999999984900 ) ) ;
#2879 = DIRECTION ( 'NONE',  ( 3.491483361109406500E-015, -1.000000000000000000, -3.491483361109357600E-015 ) ) ;
#2880 = AXIS2_PLACEMENT_3D ( 'NONE', #375, #2345, #878 ) ;
#2881 = SURFACE_STYLE_USAGE ( .BOTH. , #1174 ) ;
#2882 =( NAMED_UNIT ( * ) PLANE_ANGLE_UNIT ( ) SI_UNIT ( $, .RADIAN. ) );
#2883 = EDGE_LOOP ( 'NONE', ( #1648, #2326, #2557, #3122 ) ) ;
#2884 = DIRECTION ( 'NONE',  ( -1.000000000000000000, -3.491483361109382100E-015, -6.982966722218776000E-015 ) ) ;
#2885 = LINE ( 'NONE', #2897, #948 ) ;
#2886 = EDGE_LOOP ( 'NONE', ( #984, #1059, #1129, #2508 ) ) ;
#2887 = MECHANICAL_DESIGN_GEOMETRIC_PRESENTATION_REPRESENTATION (  '', ( #2410 ), #3038 ) ;
#2888 = ORIENTED_EDGE ( 'NONE', *, *, #2115, .T. ) ;
#2889 = CARTESIAN_POINT ( 'NONE',  ( -3.749999999999958300, 2.500000000000011100, -3.450000000000017900 ) ) ;
#2890 = VERTEX_POINT ( 'NONE', #1724 ) ;
#2891 = ORIENTED_EDGE ( 'NONE', *, *, #2449, .T. ) ;
#2892 = VERTEX_POINT ( 'NONE', #238 ) ;
#2893 = VECTOR ( 'NONE', #1286, 1000.000000000000000 ) ;
#2894 = AXIS2_PLACEMENT_3D ( 'NONE', #1980, #1946, #1729 ) ;
#2895 = SURFACE_STYLE_FILL_AREA ( #2643 ) ;
#2896 = CARTESIAN_POINT ( 'NONE',  ( 1.850000000000013900, 1.150000000000015200, 1.150000000000016800 ) ) ;
#2897 = CARTESIAN_POINT ( 'NONE',  ( -0.5999999999999489100, 0.4000000000000240600, -3.750000000000002700 ) ) ;
#2898 = UNCERTAINTY_MEASURE_WITH_UNIT (LENGTH_MEASURE( 1.000000000000000100E-005 ), #934, 'distance_accuracy_value', 'NONE');
#2899 = ORIENTED_EDGE ( 'NONE', *, *, #1613, .F. ) ;
#2900 = VECTOR ( 'NONE', #939, 1000.000000000000000 ) ;
#2901 = VECTOR ( 'NONE', #873, 1000.000000000000000 ) ;
#2902 = LINE ( 'NONE', #116, #2273 ) ;
#2903 =( LENGTH_UNIT ( ) NAMED_UNIT ( * ) SI_UNIT ( .MILLI., .METRE. ) );
#2904 = LINE ( 'NONE', #861, #895 ) ;
#2905 = CARTESIAN_POINT ( 'NONE',  ( -1.849999999999967900, 2.150000000000012800, -1.850000000000005200 ) ) ;
#2906 = EDGE_CURVE ( 'NONE', #1153, #84, #2156, .T. ) ;
#2907 = CARTESIAN_POINT ( 'NONE',  ( 1.350000000000006300, 3.330000000000014700, 1.250000000000020700 ) ) ;
#2908 = VERTEX_POINT ( 'NONE', #2214 ) ;
#2909 = CARTESIAN_POINT ( 'NONE',  ( 3.750000000000041300, 2.500000000000036900, -3.449999999999966000 ) ) ;
#2910 = DIRECTION ( 'NONE',  ( -6.982966722218764900E-015, -3.369022725727144300E-015, 1.000000000000000000 ) ) ;
#2911 = VERTEX_POINT ( 'NONE', #991 ) ;
#2912 = EDGE_CURVE ( 'NONE', #1657, #506, #173, .T. ) ;
#2913 = VECTOR ( 'NONE', #1790, 1000.000000000000000 ) ;
#2914 = AXIS2_PLACEMENT_3D ( 'NONE', #1858, #2331, #2552 ) ;
#2915 = ORIENTED_EDGE ( 'NONE', *, *, #1195, .T. ) ;
#2916 = PLANE ( 'NONE',  #2579 ) ;
#2917 = ORIENTED_EDGE ( 'NONE', *, *, #1298, .F. ) ;
#2918 = CARTESIAN_POINT ( 'NONE',  ( -2.500000000000000000, 2.149999999999995000, 2.749999999999989300 ) ) ;
#2919 = PRODUCT ( 'SM02B-ZESS', 'SM02B-ZESS', '', ( #1064 ) ) ;
#2920 = MECHANICAL_DESIGN_GEOMETRIC_PRESENTATION_REPRESENTATION (  '', ( #2438 ), #3070 ) ;
#2921 = ORIENTED_EDGE ( 'NONE', *, *, #2176, .T. ) ;
#2922 = SURFACE_STYLE_USAGE ( .BOTH. , #2933 ) ;
#2923 = CARTESIAN_POINT ( 'NONE',  ( 0.9000000000000525400, 2.841000546795202500E-014, -3.749999999999993800 ) ) ;
#2924 = CARTESIAN_POINT ( 'NONE',  ( 0.6000000000000613700, -0.09999999999996779500, -4.949999999999995700 ) ) ;
#2925 = EDGE_CURVE ( 'NONE', #1264, #3154, #844, .T. ) ;
#2926 = LINE ( 'NONE', #729, #990 ) ;
#2927 = VECTOR ( 'NONE', #1033, 1000.000000000000000 ) ;
#2928 = VERTEX_POINT ( 'NONE', #2930 ) ;
#2929 = ORIENTED_EDGE ( 'NONE', *, *, #2494, .F. ) ;
#2930 = CARTESIAN_POINT ( 'NONE',  ( -3.750000000000020400, 5.799999999999986500, 3.749999999999993300 ) ) ;
#2931 = EDGE_CURVE ( 'NONE', #2324, #2981, #2070, .T. ) ;
#2932 = CARTESIAN_POINT ( 'NONE',  ( -0.8999999999999404000, 0.4000000000000271700, -4.950000000000004600 ) ) ;
#2933 = SURFACE_SIDE_STYLE ('',( #453 ) ) ;
#2935 = EDGE_LOOP ( 'NONE', ( #441, #1416, #1026, #2457 ) ) ;
#2934 = LINE ( 'NONE', #2848, #1656 ) ;
#2936 = ORIENTED_EDGE ( 'NONE', *, *, #3153, .F. ) ;
#2937 = PRESENTATION_LAYER_ASSIGNMENT (  '', '', ( #2622 ) ) ;
#2938 = VECTOR ( 'NONE', #1565, 1000.000000000000000 ) ;
#2939 = SURFACE_STYLE_FILL_AREA ( #1642 ) ;
#2940 = PLANE ( 'NONE',  #165 ) ;
#2941 = LINE ( 'NONE', #2800, #3149 ) ;
#2942 = DIRECTION ( 'NONE',  ( -1.000000000000000000, -3.491483361109382100E-015, -6.982966722218776000E-015 ) ) ;
#2943 = VECTOR ( 'NONE', #2099, 1000.000000000000000 ) ;
#2944 = CARTESIAN_POINT ( 'NONE',  ( 3.750000000000039100, 3.250000000000038200, -3.449999999999963300 ) ) ;
#2945 = CARTESIAN_POINT ( 'NONE',  ( 1.349999999999990500, 4.780000000000007400, 2.750000000000024900 ) ) ;
#2946 = VERTEX_POINT ( 'NONE', #493 ) ;
#2947 = ORIENTED_EDGE ( 'NONE', *, *, #352, .F. ) ;
#2948 = DIRECTION ( 'NONE',  ( 3.491483361109405300E-015, -1.000000000000000000, -3.341938233869977600E-015 ) ) ;
#2949 = CARTESIAN_POINT ( 'NONE',  ( 0.6000000000000508300, 0.4000000000000282800, -3.749999999999993800 ) ) ;
#2950 = CARTESIAN_POINT ( 'NONE',  ( 0.6000000000000526000, 2.736256045961921300E-014, -3.749999999999995600 ) ) ;
#2951 = CARTESIAN_POINT ( 'NONE',  ( 2.499999999999986200, 5.800000000000011400, 2.750000000000037300 ) ) ;
#2952 = PLANE ( 'NONE',  #496 ) ;
#2953 = ORIENTED_EDGE ( 'NONE', *, *, #1479, .T. ) ;
#2954 = DIRECTION ( 'NONE',  ( -6.982966722218764900E-015, -3.369022725727144300E-015, 1.000000000000000000 ) ) ;
#2955 = ORIENTED_EDGE ( 'NONE', *, *, #1804, .F. ) ;
#2956 = ORIENTED_EDGE ( 'NONE', *, *, #1461, .T. ) ;
#2957 = CARTESIAN_POINT ( 'NONE',  ( -1.849999999999966100, 1.550000000000012000, -1.850000000000007900 ) ) ;
#2958 = COLOUR_RGB ( '',0.7529411764705882200, 0.7529411764705882200, 0.7529411764705882200 ) ;
#2959 = EDGE_CURVE ( 'NONE', #1916, #2530, #1573, .T. ) ;
#2960 = VERTEX_POINT ( 'NONE', #1734 ) ;
#2961 = DIRECTION ( 'NONE',  ( -3.491483361109406500E-015, 1.000000000000000000, 3.491483361109357600E-015 ) ) ;
#2962 = ORIENTED_EDGE ( 'NONE', *, *, #2506, .F. ) ;
#2963 = ORIENTED_EDGE ( 'NONE', *, *, #1283, .T. ) ;
#2964 = VECTOR ( 'NONE', #2948, 1000.000000000000000 ) ;
#2965 = CARTESIAN_POINT ( 'NONE',  ( -1.350000000000005900, 3.699999999999998400, 2.750000000000003100 ) ) ;
#2966 = CARTESIAN_POINT ( 'NONE',  ( -1.849999999999986800, 1.550000000000002000, 1.149999999999992100 ) ) ;
#2967 = CARTESIAN_POINT ( 'NONE',  ( -1.349999999999972600, 3.330000000000014700, -1.849999999999998300 ) ) ;
#2968 = EDGE_CURVE ( 'NONE', #772, #924, #89, .T. ) ;
#2969 = ORIENTED_EDGE ( 'NONE', *, *, #996, .F. ) ;
#2970 = COLOUR_RGB ( '',0.7529411764705882200, 0.7529411764705882200, 0.7529411764705882200 ) ;
#2971 = VECTOR ( 'NONE', #640, 1000.000000000000000 ) ;
#2972 = LINE ( 'NONE', #2627, #2340 ) ;
#2973 = EDGE_CURVE ( 'NONE', #2996, #2169, #2634, .T. ) ;
#2974 = VECTOR ( 'NONE', #694, 1000.000000000000000 ) ;
#2975 = CARTESIAN_POINT ( 'NONE',  ( 1.815571347776878600E-014, 8.759459086890575300E-015, 1.149999999999999900 ) ) ;
#2976 = ADVANCED_FACE ( 'NONE', ( #2562 ), #1993, .T. ) ;
#2977 = ORIENTED_EDGE ( 'NONE', *, *, #2050, .T. ) ;
#2978 = ORIENTED_EDGE ( 'NONE', *, *, #1406, .T. ) ;
#2979 = CARTESIAN_POINT ( 'NONE',  ( -3.749999999999961400, 5.605013523625469900E-015, -1.800000000000026500 ) ) ;
#2980 = EDGE_CURVE ( 'NONE', #1962, #2700, #1333, .T. ) ;
#2981 = VERTEX_POINT ( 'NONE', #1250 ) ;
#2982 = DIRECTION ( 'NONE',  ( -3.491483361109405700E-015, 1.000000000000000000, 3.369022725727119900E-015 ) ) ;
#2983 = AXIS2_PLACEMENT_3D ( 'NONE', #3024, #2839, #2825 ) ;
#2984 = VERTEX_POINT ( 'NONE', #2949 ) ;
#2985 = VERTEX_POINT ( 'NONE', #14 ) ;
#2986 = CARTESIAN_POINT ( 'NONE',  ( -1.899999999999977500, 4.780000000000011800, -1.849999999999997400 ) ) ;
#2987 = CARTESIAN_POINT ( 'NONE',  ( 1.849999999999992500, 2.150000000000007000, 3.750000000000020000 ) ) ;
#2988 = PLANE ( 'NONE',  #1488 ) ;
#2989 = CARTESIAN_POINT ( 'NONE',  ( -1.049999999999970100, 3.800000000000018000, -2.449999999999994800 ) ) ;
#2990 = AXIS2_PLACEMENT_3D ( 'NONE', #2265, #2022, #2014 ) ;
#2991 = FILL_AREA_STYLE ('',( #303 ) ) ;
#2992 = ORIENTED_EDGE ( 'NONE', *, *, #408, .F. ) ;
#2993 = MECHANICAL_DESIGN_GEOMETRIC_PRESENTATION_REPRESENTATION (  '', ( #2515 ), #3141 ) ;
#2994 = CARTESIAN_POINT ( 'NONE',  ( 3.300000000000021600, 3.250000000000028000, -0.9999999999999653600 ) ) ;
#2995 = ADVANCED_FACE ( 'NONE', ( #1256 ), #1511, .F. ) ;
#2996 = VERTEX_POINT ( 'NONE', #1756 ) ;
#2997 = MECHANICAL_DESIGN_GEOMETRIC_PRESENTATION_REPRESENTATION (  '', ( #2516 ), #3147 ) ;
#2998 = DIRECTION ( 'NONE',  ( 3.491483361109406500E-015, -1.000000000000000000, -3.491483361109357600E-015 ) ) ;
#2999 = FILL_AREA_STYLE ('',( #488 ) ) ;
#3000 = LINE ( 'NONE', #269, #480 ) ;
#3001 = ORIENTED_EDGE ( 'NONE', *, *, #2074, .T. ) ;
#3002 = EDGE_CURVE ( 'NONE', #2835, #1832, #3106, .T. ) ;
#3003 = EDGE_LOOP ( 'NONE', ( #1254, #842, #2108, #169 ) ) ;
#3004 = COLOUR_RGB ( '',0.7529411764705882200, 0.7529411764705882200, 0.7529411764705882200 ) ;
#3005 = FACE_OUTER_BOUND ( 'NONE', #2489, .T. ) ;
#3006 = FILL_AREA_STYLE_COLOUR ( '', #808 ) ;
#3007 = CARTESIAN_POINT ( 'NONE',  ( 2.900000000000031900, 0.3500000000000263500, -0.9999999999999792400 ) ) ;
#3008 = DIRECTION ( 'NONE',  ( 1.000000000000000000, 3.613943996491619800E-015, 6.982966722218776800E-015 ) ) ;
#3009 = DIRECTION ( 'NONE',  ( -6.982966722218764900E-015, -3.369022725727144300E-015, 1.000000000000000000 ) ) ;
#3010 = AXIS2_PLACEMENT_3D ( 'NONE', #2319, #2809, #2532 ) ;
#3011 = CARTESIAN_POINT ( 'NONE',  ( -0.8999999999999497300, -0.09999999999997839800, -3.350000000000006800 ) ) ;
#3012 = ORIENTED_EDGE ( 'NONE', *, *, #604, .T. ) ;
#3013 = ORIENTED_EDGE ( 'NONE', *, *, #417, .F. ) ;
#3014 = DIRECTION ( 'NONE',  ( 6.982966722218764100E-015, 3.491483361109382100E-015, -1.000000000000000000 ) ) ;
#3015 = DIRECTION ( 'NONE',  ( -6.982966722218764100E-015, -3.496323549379406800E-015, 1.000000000000000000 ) ) ;
#3016 = DIRECTION ( 'NONE',  ( -6.982966722218764100E-015, -3.491483361109382100E-015, 1.000000000000000000 ) ) ;
#3017 = EDGE_CURVE ( 'NONE', #1716, #1894, #588, .T. ) ;
#3018 = VERTEX_POINT ( 'NONE', #1520 ) ;
#3019 = DIRECTION ( 'NONE',  ( 6.982966722218764100E-015, 3.491483361109382100E-015, -1.000000000000000000 ) ) ;
#3020 =( LENGTH_UNIT ( ) NAMED_UNIT ( * ) SI_UNIT ( .MILLI., .METRE. ) );
#3021 = CARTESIAN_POINT ( 'NONE',  ( 3.300000000000033600, -0.09999999999997238900, -0.9999999999999765700 ) ) ;
#3022 = EDGE_CURVE ( 'NONE', #213, #2324, #1998, .T. ) ;
#3023 = VERTEX_POINT ( 'NONE', #275 ) ;
#3024 = CARTESIAN_POINT ( 'NONE',  ( -3.299999999999966500, 5.600000000000015600, -3.850000000000004500 ) ) ;
#3025 = ORIENTED_EDGE ( 'NONE', *, *, #321, .T. ) ;
#3026 = ORIENTED_EDGE ( 'NONE', *, *, #2346, .T. ) ;
#3027 = CARTESIAN_POINT ( 'NONE',  ( 2.499999999999979100, 5.800000000000008700, 3.750000000000036900 ) ) ;
#3028 = LINE ( 'NONE', #1947, #442 ) ;
#3029 = EDGE_LOOP ( 'NONE', ( #1749, #1046, #647, #2735 ) ) ;
#3030 = ADVANCED_FACE ( 'NONE', ( #2409 ), #1263, .F. ) ;
#3031 = ORIENTED_EDGE ( 'NONE', *, *, #2749, .T. ) ;
#3032 = SURFACE_SIDE_STYLE ('',( #581 ) ) ;
#3033 = VECTOR ( 'NONE', #523, 1000.000000000000000 ) ;
#3034 = CARTESIAN_POINT ( 'NONE',  ( 3.300000000000014000, -0.09999999999998218600, 1.800000000000022500 ) ) ;
#3035 = ORIENTED_EDGE ( 'NONE', *, *, #1622, .T. ) ;
#3036 = LINE ( 'NONE', #500, #2412 ) ;
#3037 = VECTOR ( 'NONE', #1414, 1000.000000000000000 ) ;
#3038 =( GEOMETRIC_REPRESENTATION_CONTEXT ( 3 ) GLOBAL_UNCERTAINTY_ASSIGNED_CONTEXT ( ( #106 ) ) GLOBAL_UNIT_ASSIGNED_CONTEXT ( ( #2170, #1708, #1694 ) ) REPRESENTATION_CONTEXT ( 'NONE', 'WORKASPACE' ) );
#3039 = CARTESIAN_POINT ( 'NONE',  ( 1.049999999999997600, 5.800000000000011400, 1.250000000000026600 ) ) ;
#3040 = LINE ( 'NONE', #2151, #1109 ) ;
#3041 = DIRECTION ( 'NONE',  ( 6.982966722218764100E-015, 3.491483361109382100E-015, -1.000000000000000000 ) ) ;
#3042 = LINE ( 'NONE', #392, #1778 ) ;
#3043 =( LENGTH_UNIT ( ) NAMED_UNIT ( * ) SI_UNIT ( .MILLI., .METRE. ) );
#3044 = ADVANCED_FACE ( 'NONE', ( #290 ), #494, .F. ) ;
#3045 = COLOUR_RGB ( '',0.7529411764705882200, 0.7529411764705882200, 0.7529411764705882200 ) ;
#3046 = CARTESIAN_POINT ( 'NONE',  ( -1.049999999999975400, 5.300000000000018500, -2.449999999999989500 ) ) ;
#3047 = COLOUR_RGB ( '',0.7529411764705882200, 0.7529411764705882200, 0.7529411764705882200 ) ;
#3048 = ADVANCED_FACE ( 'NONE', ( #711 ), #2015, .T. ) ;
#3049 = ORIENTED_EDGE ( 'NONE', *, *, #2497, .T. ) ;
#3050 = CARTESIAN_POINT ( 'NONE',  ( 2.499999999999986200, 5.800000000000011400, 2.750000000000037300 ) ) ;
#3051 = ORIENTED_EDGE ( 'NONE', *, *, #1240, .T. ) ;
#3052 = SURFACE_STYLE_USAGE ( .BOTH. , #3091 ) ;
#3053 = EDGE_CURVE ( 'NONE', #213, #1609, #3000, .T. ) ;
#3054 = CARTESIAN_POINT ( 'NONE',  ( 0.9000000000000613100, -0.09999999999996674000, -4.949999999999992200 ) ) ;
#3055 = CARTESIAN_POINT ( 'NONE',  ( 1.900000000000024800, 4.130000000000025700, -1.849999999999973200 ) ) ;
#3056 = DIRECTION ( 'NONE',  ( 1.000000000000000000, 3.491483361109382100E-015, 6.982966722218776000E-015 ) ) ;
#3057 = EDGE_LOOP ( 'NONE', ( #1141, #2548, #1682, #3025 ) ) ;
#3058 = EDGE_CURVE ( 'NONE', #475, #2111, #2370, .T. ) ;
#3059 = VECTOR ( 'NONE', #1485, 1000.000000000000000 ) ;
#3060 = EDGE_LOOP ( 'NONE', ( #1921, #87, #1762, #326 ) ) ;
#3061 = STYLED_ITEM ( 'NONE', ( #2550 ), #1157 ) ;
#3062 = CARTESIAN_POINT ( 'NONE',  ( 3.749999999999998700, 0.3500000000000131300, 3.750000000000027100 ) ) ;
#3063 = CARTESIAN_POINT ( 'NONE',  ( -0.5999999999999474600, 2.317278042628795500E-014, -3.750000000000004000 ) ) ;
#3064 = CARTESIAN_POINT ( 'NONE',  ( 1.850000000000013900, 1.150000000000015200, 1.150000000000016800 ) ) ;
#3065 = DIRECTION ( 'NONE',  ( -6.982966722218764900E-015, -3.369022725727144300E-015, 1.000000000000000000 ) ) ;
#3066 = ORIENTED_EDGE ( 'NONE', *, *, #1321, .T. ) ;
#3067 = DIRECTION ( 'NONE',  ( -6.982966722218765700E-015, -3.369022725727144700E-015, 1.000000000000000000 ) ) ;
#3068 = ORIENTED_EDGE ( 'NONE', *, *, #2806, .F. ) ;
#3069 = LINE ( 'NONE', #1705, #2518 ) ;
#3070 =( GEOMETRIC_REPRESENTATION_CONTEXT ( 3 ) GLOBAL_UNCERTAINTY_ASSIGNED_CONTEXT ( ( #1175 ) ) GLOBAL_UNIT_ASSIGNED_CONTEXT ( ( #2465, #1014, #2714 ) ) REPRESENTATION_CONTEXT ( 'NONE', 'WORKASPACE' ) );
#3071 = ORIENTED_EDGE ( 'NONE', *, *, #248, .T. ) ;
#3072 = VECTOR ( 'NONE', #2793, 1000.000000000000000 ) ;
#3073 = VECTOR ( 'NONE', #717, 1000.000000000000000 ) ;
#3074 = CARTESIAN_POINT ( 'NONE',  ( 3.750000000000012400, 0.3500000000000196800, 1.800000000000027600 ) ) ;
#3075 = DIRECTION ( 'NONE',  ( -6.982966722218764900E-015, -3.369022725727144300E-015, 1.000000000000000000 ) ) ;
#3076 = EDGE_CURVE ( 'NONE', #1955, #1280, #1725, .T. ) ;
#3077 =( NAMED_UNIT ( * ) SI_UNIT ( $, .STERADIAN. ) SOLID_ANGLE_UNIT ( ) );
#3078 = VECTOR ( 'NONE', #1595, 1000.000000000000000 ) ;
#3079 = AXIS2_PLACEMENT_3D ( 'NONE', #911, #684, #663 ) ;
#3080 =( LENGTH_UNIT ( ) NAMED_UNIT ( * ) SI_UNIT ( .MILLI., .METRE. ) );
#3081 = LINE ( 'NONE', #421, #1228 ) ;
#3082 = EDGE_CURVE ( 'NONE', #495, #447, #1065, .T. ) ;
#3083 = ORIENTED_EDGE ( 'NONE', *, *, #2494, .T. ) ;
#3084 = VERTEX_POINT ( 'NONE', #1522 ) ;
#3085 = CARTESIAN_POINT ( 'NONE',  ( 0.6000000000000502700, -0.09999999999997315200, -3.349999999999996100 ) ) ;
#3086 = MECHANICAL_DESIGN_GEOMETRIC_PRESENTATION_REPRESENTATION (  '', ( #2622 ), #81 ) ;
#3087 = ORIENTED_EDGE ( 'NONE', *, *, #962, .F. ) ;
#3088 = CARTESIAN_POINT ( 'NONE',  ( 2.350000000000041400, 2.500000000000032000, -3.449999999999975800 ) ) ;
#3089 = ORIENTED_EDGE ( 'NONE', *, *, #2713, .T. ) ;
#3090 = AXIS2_PLACEMENT_3D ( 'NONE', #980, #2683, #1218 ) ;
#3091 = SURFACE_SIDE_STYLE ('',( #2309 ) ) ;
#3092 = ADVANCED_FACE ( 'NONE', ( #322 ), #2723, .F. ) ;
#3093 = DIRECTION ( 'NONE',  ( 6.982966722218764900E-015, 3.369022725727144300E-015, -1.000000000000000000 ) ) ;
#3094 = ORIENTED_EDGE ( 'NONE', *, *, #1347, .F. ) ;
#3095 = DIRECTION ( 'NONE',  ( -6.982966722218764100E-015, -3.491483361109382100E-015, 1.000000000000000000 ) ) ;
#3096 = VECTOR ( 'NONE', #339, 1000.000000000000000 ) ;
#3097 = AXIS2_PLACEMENT_3D ( 'NONE', #1323, #572, #866 ) ;
#3098 = ORIENTED_EDGE ( 'NONE', *, *, #2526, .F. ) ;
#3099 = SURFACE_SIDE_STYLE ('',( #2710 ) ) ;
#3100 = CARTESIAN_POINT ( 'NONE',  ( 3.750000000000041300, 2.500000000000036900, -3.449999999999966000 ) ) ;
#3101 = VECTOR ( 'NONE', #2149, 1000.000000000000000 ) ;
#3102 = AXIS2_PLACEMENT_3D ( 'NONE', #1635, #1124, #123 ) ;
#3103 = SURFACE_SIDE_STYLE ('',( #455 ) ) ;
#3104 = ORIENTED_EDGE ( 'NONE', *, *, #914, .T. ) ;
#3105 = ORIENTED_EDGE ( 'NONE', *, *, #914, .F. ) ;
#3106 = LINE ( 'NONE', #764, #2481 ) ;
#3107 = ORIENTED_EDGE ( 'NONE', *, *, #3156, .T. ) ;
#3108 = LINE ( 'NONE', #351, #592 ) ;
#3109 =( NAMED_UNIT ( * ) PLANE_ANGLE_UNIT ( ) SI_UNIT ( $, .RADIAN. ) );
#3110 = COLOUR_RGB ( '',0.7529411764705882200, 0.7529411764705882200, 0.7529411764705882200 ) ;
#3111 = FILL_AREA_STYLE ('',( #476 ) ) ;
#3112 = FACE_OUTER_BOUND ( 'NONE', #2280, .T. ) ;
#3113 = DIRECTION ( 'NONE',  ( 6.982966722218764900E-015, 3.369022725727144300E-015, -1.000000000000000000 ) ) ;
#3114 = EDGE_CURVE ( 'NONE', #1370, #2892, #1649, .T. ) ;
#3115 = CARTESIAN_POINT ( 'NONE',  ( -2.449999999999975300, 4.130000000000010600, -1.850000000000003600 ) ) ;
#3116 = LINE ( 'NONE', #620, #2491 ) ;
#3117 = VECTOR ( 'NONE', #2110, 1000.000000000000000 ) ;
#3118 = COLOUR_RGB ( '',0.7529411764705882200, 0.7529411764705882200, 0.7529411764705882200 ) ;
#3119 = PLANE ( 'NONE',  #1811 ) ;
#3120 = SURFACE_STYLE_FILL_AREA ( #1851 ) ;
#3121 = EDGE_CURVE ( 'NONE', #1452, #2928, #2219, .T. ) ;
#3122 = ORIENTED_EDGE ( 'NONE', *, *, #2329, .T. ) ;
#3123 = EDGE_CURVE ( 'NONE', #2153, #2707, #2855, .T. ) ;
#3124 = DIRECTION ( 'NONE',  ( 6.982966722218764100E-015, 3.491483361109382100E-015, -1.000000000000000000 ) ) ;
#3125 = ORIENTED_EDGE ( 'NONE', *, *, #2811, .F. ) ;
#3126 = CARTESIAN_POINT ( 'NONE',  ( 1.850000000000012500, 1.550000000000015100, 1.150000000000018100 ) ) ;
#3127 = DIRECTION ( 'NONE',  ( -3.491483361109406500E-015, 1.000000000000000000, 3.491483361109357600E-015 ) ) ;
#3128 = ORIENTED_EDGE ( 'NONE', *, *, #1016, .F. ) ;
#3129 = PLANE ( 'NONE',  #2766 ) ;
#3130 = EDGE_CURVE ( 'NONE', #334, #891, #1569, .T. ) ;
#3131 = FACE_OUTER_BOUND ( 'NONE', #2797, .T. ) ;
#3132 = VERTEX_POINT ( 'NONE', #537 ) ;
#3133 = PRESENTATION_LAYER_ASSIGNMENT (  '', '', ( #2829 ) ) ;
#3134 = CARTESIAN_POINT ( 'NONE',  ( 1.050000000000030000, 3.800000000000025600, -2.449999999999980600 ) ) ;
#3135 = FACE_OUTER_BOUND ( 'NONE', #2098, .T. ) ;
#3136 = DIRECTION ( 'NONE',  ( 1.000000000000000000, 3.491483361109382100E-015, 6.982966722218776000E-015 ) ) ;
#3137 = ORIENTED_EDGE ( 'NONE', *, *, #2749, .F. ) ;
#3138 = STYLED_ITEM ( 'NONE', ( #2604 ), #653 ) ;
#3139 = DIRECTION ( 'NONE',  ( -3.491483361109405700E-015, 1.000000000000000000, 3.375835129377570300E-015 ) ) ;
#3140 = VERTEX_POINT ( 'NONE', #2270 ) ;
#3141 =( GEOMETRIC_REPRESENTATION_CONTEXT ( 3 ) GLOBAL_UNCERTAINTY_ASSIGNED_CONTEXT ( ( #1136 ) ) GLOBAL_UNIT_ASSIGNED_CONTEXT ( ( #1908, #1898, #1892 ) ) REPRESENTATION_CONTEXT ( 'NONE', 'WORKASPACE' ) );
#3142 = FACE_OUTER_BOUND ( 'NONE', #1979, .T. ) ;
#3144 = ORIENTED_EDGE ( 'NONE', *, *, #675, .F. ) ;
#3143 = FACE_OUTER_BOUND ( 'NONE', #2697, .T. ) ;
#3145 = SURFACE_STYLE_FILL_AREA ( #2296 ) ;
#3146 = LINE ( 'NONE', #2907, #1147 ) ;
#3147 =( GEOMETRIC_REPRESENTATION_CONTEXT ( 3 ) GLOBAL_UNCERTAINTY_ASSIGNED_CONTEXT ( ( #2898 ) ) GLOBAL_UNIT_ASSIGNED_CONTEXT ( ( #934, #2631, #1162 ) ) REPRESENTATION_CONTEXT ( 'NONE', 'WORKASPACE' ) );
#3148 = COLOUR_RGB ( '',0.7529411764705882200, 0.7529411764705882200, 0.7529411764705882200 ) ;
#3149 = VECTOR ( 'NONE', #1345, 1000.000000000000000 ) ;
#3150 = LINE ( 'NONE', #1799, #1225 ) ;
#3151 = FILL_AREA_STYLE ('',( #220 ) ) ;
#3152 = COLOUR_RGB ( '',0.7529411764705882200, 0.7529411764705882200, 0.7529411764705882200 ) ;
#3153 = EDGE_CURVE ( 'NONE', #324, #3023, #250, .T. ) ;
#3154 = VERTEX_POINT ( 'NONE', #795 ) ;
#3155 = DIRECTION ( 'NONE',  ( 3.491483361109406500E-015, -1.000000000000000000, -3.491483361109357600E-015 ) ) ;
#3156 = EDGE_CURVE ( 'NONE', #2794, #1172, #390, .T. ) ;
#3157 = CARTESIAN_POINT ( 'NONE',  ( -3.299999999999966500, -0.09999999999999542600, -1.000000000000023500 ) ) ;
#3158 = VERTEX_POINT ( 'NONE', #1544 ) ;
#3159 = DIRECTION ( 'NONE',  ( 1.000000000000000000, 3.491483361109382100E-015, 6.982966722218776000E-015 ) ) ;
#3160 = CARTESIAN_POINT ( 'NONE',  ( 1.049999999999997600, 5.800000000000011400, 1.250000000000026600 ) ) ;
#3161 = ORIENTED_EDGE ( 'NONE', *, *, #1479, .F. ) ;
#3162 = CARTESIAN_POINT ( 'NONE',  ( -1.349999999999972600, 3.330000000000014700, -1.849999999999998300 ) ) ;
#3163 = CARTESIAN_POINT ( 'NONE',  ( -1.850000000000003900, 1.149999999999993200, 3.749999999999990700 ) ) ;
#3164 = SURFACE_SIDE_STYLE ('',( #1179 ) ) ;
ENDSEC;
END-ISO-10303-21;
