ISO-10303-21;
HEADER;
FILE_DESCRIPTION (( 'STEP AP214' ),
    '1' );
FILE_NAME ('SM03B-ZESS.STEP',
    '2023-06-19T01:29:07',
    ( '' ),
    ( '' ),
    'SwSTEP 2.0',
    'SolidWorks 2017',
    '' );
FILE_SCHEMA (( 'AUTOMOTIVE_DESIGN' ));
ENDSEC;

DATA;
#1 = VECTOR ( 'NONE', #3636, 1000.000000000000000 ) ;
#2 = EDGE_CURVE ( 'NONE', #1045, #3540, #1031, .T. ) ;
#3 = EDGE_LOOP ( 'NONE', ( #486, #3856, #3955, #3710 ) ) ;
#4 = FACE_OUTER_BOUND ( 'NONE', #3803, .T. ) ;
#5 = SURFACE_SIDE_STYLE ('',( #1080 ) ) ;
#6 = PLANE ( 'NONE',  #3533 ) ;
#7 = FACE_OUTER_BOUND ( 'NONE', #1837, .T. ) ;
#8 = FILL_AREA_STYLE ('',( #636 ) ) ;
#9 = VECTOR ( 'NONE', #2980, 1000.000000000000000 ) ;
#10 = PRESENTATION_LAYER_ASSIGNMENT (  '', '', ( #3700 ) ) ;
#11 = DIRECTION ( 'NONE',  ( 6.982966722218763300E-015, 1.058857662780030400E-014, 1.000000000000000000 ) ) ;
#12 = AXIS2_PLACEMENT_3D ( 'NONE', #1761, #3982, #2065 ) ;
#13 =( NAMED_UNIT ( * ) SI_UNIT ( $, .STERADIAN. ) SOLID_ANGLE_UNIT ( ) );
#14 = EDGE_CURVE ( 'NONE', #2309, #1550, #2600, .T. ) ;
#15 = FACE_OUTER_BOUND ( 'NONE', #1774, .T. ) ;
#16 = VERTEX_POINT ( 'NONE', #2260 ) ;
#17 = EDGE_CURVE ( 'NONE', #1671, #3658, #92, .T. ) ;
#18 = ORIENTED_EDGE ( 'NONE', *, *, #1780, .F. ) ;
#19 = PRESENTATION_LAYER_ASSIGNMENT (  '', '', ( #3713 ) ) ;
#20 = PLANE ( 'NONE',  #2948 ) ;
#21 = SURFACE_STYLE_FILL_AREA ( #1617 ) ;
#22 =( LENGTH_UNIT ( ) NAMED_UNIT ( * ) SI_UNIT ( .MILLI., .METRE. ) );
#23 =( NAMED_UNIT ( * ) SI_UNIT ( $, .STERADIAN. ) SOLID_ANGLE_UNIT ( ) );
#24 = EDGE_CURVE ( 'NONE', #3800, #2512, #934, .T. ) ;
#25 = FACE_OUTER_BOUND ( 'NONE', #2619, .T. ) ;
#26 = FACE_OUTER_BOUND ( 'NONE', #1614, .T. ) ;
#27 = CARTESIAN_POINT ( 'NONE',  ( 3.099999999999938400, 2.499999999999931200, -3.750000000000048400 ) ) ;
#28 = COLOUR_RGB ( '',0.0000000000000000000, 0.0000000000000000000, 0.6274509803921568500 ) ;
#29 =( GEOMETRIC_REPRESENTATION_CONTEXT ( 3 ) GLOBAL_UNCERTAINTY_ASSIGNED_CONTEXT ( ( #2263 ) ) GLOBAL_UNIT_ASSIGNED_CONTEXT ( ( #825, #3667, #1762 ) ) REPRESENTATION_CONTEXT ( 'NONE', 'WORKASPACE' ) );
#30 =( GEOMETRIC_REPRESENTATION_CONTEXT ( 3 ) GLOBAL_UNCERTAINTY_ASSIGNED_CONTEXT ( ( #1143 ) ) GLOBAL_UNIT_ASSIGNED_CONTEXT ( ( #501, #489, #183 ) ) REPRESENTATION_CONTEXT ( 'NONE', 'WORKASPACE' ) );
#31 = COLOUR_RGB ( '',0.0000000000000000000, 0.0000000000000000000, 0.6274509803921568500 ) ;
#32 = DIRECTION ( 'NONE',  ( 6.982966722218763300E-015, 1.059691071871038400E-014, 1.000000000000000000 ) ) ;
#33 = ORIENTED_EDGE ( 'NONE', *, *, #3480, .T. ) ;
#34 = SURFACE_SIDE_STYLE ('',( #2000 ) ) ;
#35 = FACE_OUTER_BOUND ( 'NONE', #2764, .T. ) ;
#36 = EDGE_LOOP ( 'NONE', ( #3368, #3463, #3213, #900, #2973, #1813 ) ) ;
#37 = VERTEX_POINT ( 'NONE', #1596 ) ;
#38 =( NAMED_UNIT ( * ) SI_UNIT ( $, .STERADIAN. ) SOLID_ANGLE_UNIT ( ) );
#39 = CARTESIAN_POINT ( 'NONE',  ( -4.050000000000032700, 5.599999999999965900, 1.799999999999968300 ) ) ;
#40 = VERTEX_POINT ( 'NONE', #1612 ) ;
#41 = STYLED_ITEM ( 'NONE', ( #360 ), #3631 ) ;
#42 = STYLED_ITEM ( 'NONE', ( #3261 ), #43 ) ;
#43 = ADVANCED_FACE ( 'NONE', ( #2499 ), #1897, .T. ) ;
#44 = ORIENTED_EDGE ( 'NONE', *, *, #1367, .F. ) ;
#45 = CARTESIAN_POINT ( 'NONE',  ( 3.649999999999940400, 2.499999999999936100, -3.450000000000052100 ) ) ;
#46 = FILL_AREA_STYLE_COLOUR ( '', #3239 ) ;
#47 = DIRECTION ( 'NONE',  ( 1.000000000000000000, 3.491483361109333200E-015, -6.982966722218800400E-015 ) ) ;
#48 = DIRECTION ( 'NONE',  ( -1.000000000000000000, -3.491483361109333200E-015, 6.982966722218800400E-015 ) ) ;
#49 = CARTESIAN_POINT ( 'NONE',  ( -1.650000000000048800, -0.1000000000000801600, -3.349999999999988500 ) ) ;
#50 = ORIENTED_EDGE ( 'NONE', *, *, #995, .T. ) ;
#51 = ORIENTED_EDGE ( 'NONE', *, *, #1961, .F. ) ;
#52 = VECTOR ( 'NONE', #782, 1000.000000000000000 ) ;
#53 = FILL_AREA_STYLE ('',( #3842 ) ) ;
#54 =( LENGTH_UNIT ( ) NAMED_UNIT ( * ) SI_UNIT ( .MILLI., .METRE. ) );
#55 = CARTESIAN_POINT ( 'NONE',  ( -0.1500000000000617000, 0.3999999999999083200, -4.950000000000001100 ) ) ;
#56 = VECTOR ( 'NONE', #1749, 1000.000000000000000 ) ;
#57 = DIRECTION ( 'NONE',  ( -1.000000000000000000, -3.636043650774067300E-015, 6.982966722218802000E-015 ) ) ;
#58 = CARTESIAN_POINT ( 'NONE',  ( -1.650000000000052100, -8.523777793615828900E-014, -3.749999999999988500 ) ) ;
#59 = STYLED_ITEM ( 'NONE', ( #3599 ), #364 ) ;
#60 = VECTOR ( 'NONE', #3941, 1000.000000000000000 ) ;
#61 = COLOUR_RGB ( '',0.7529411764705882200, 0.7529411764705882200, 0.7529411764705882200 ) ;
#62 =( NAMED_UNIT ( * ) SI_UNIT ( $, .STERADIAN. ) SOLID_ANGLE_UNIT ( ) );
#63 = DIRECTION ( 'NONE',  ( 6.982966722218763300E-015, 1.059691071871038200E-014, 1.000000000000000000 ) ) ;
#64 = VECTOR ( 'NONE', #2609, 1000.000000000000000 ) ;
#65 = FACE_OUTER_BOUND ( 'NONE', #2553, .T. ) ;
#66 = ORIENTED_EDGE ( 'NONE', *, *, #2, .F. ) ;
#67 = CARTESIAN_POINT ( 'NONE',  ( -4.050000000000039800, 0.3499999999999270900, -1.799999999999975200 ) ) ;
#68 =( GEOMETRIC_REPRESENTATION_CONTEXT ( 3 ) GLOBAL_UNCERTAINTY_ASSIGNED_CONTEXT ( ( #1412 ) ) GLOBAL_UNIT_ASSIGNED_CONTEXT ( ( #3777, #1866, #4082 ) ) REPRESENTATION_CONTEXT ( 'NONE', 'WORKASPACE' ) );
#69 = FILL_AREA_STYLE ('',( #3222 ) ) ;
#70 = EDGE_CURVE ( 'NONE', #1333, #2049, #1657, .T. ) ;
#71 = FILL_AREA_STYLE_COLOUR ( '', #31 ) ;
#72 = EDGE_CURVE ( 'NONE', #1921, #3693, #533, .T. ) ;
#73 = ORIENTED_EDGE ( 'NONE', *, *, #244, .T. ) ;
#74 = VECTOR ( 'NONE', #988, 1000.000000000000000 ) ;
#75 = UNCERTAINTY_MEASURE_WITH_UNIT (LENGTH_MEASURE( 1.000000000000000100E-005 ), #3267, 'distance_accuracy_value', 'NONE');
#76 =( NAMED_UNIT ( * ) SI_UNIT ( $, .STERADIAN. ) SOLID_ANGLE_UNIT ( ) );
#77 = ORIENTED_EDGE ( 'NONE', *, *, #3701, .F. ) ;
#78 =( NAMED_UNIT ( * ) PLANE_ANGLE_UNIT ( ) SI_UNIT ( $, .RADIAN. ) );
#79 = LINE ( 'NONE', #611, #1646 ) ;
#80 = VECTOR ( 'NONE', #753, 1000.000000000000000 ) ;
#81 = VERTEX_POINT ( 'NONE', #352 ) ;
#82 = DIRECTION ( 'NONE',  ( -3.491483361109406900E-015, 1.000000000000000000, -1.059691071871035900E-014 ) ) ;
#83 = ADVANCED_FACE ( 'NONE', ( #3798 ), #719, .F. ) ;
#84 =( NAMED_UNIT ( * ) PLANE_ANGLE_UNIT ( ) SI_UNIT ( $, .RADIAN. ) );
#85 = VECTOR ( 'NONE', #3087, 1000.000000000000000 ) ;
#86 = PLANE ( 'NONE',  #2092 ) ;
#87 = ORIENTED_EDGE ( 'NONE', *, *, #412, .T. ) ;
#88 = DIRECTION ( 'NONE',  ( -3.491483361109406500E-015, 1.000000000000000000, -1.047445008332812100E-014 ) ) ;
#89 = VERTEX_POINT ( 'NONE', #1628 ) ;
#90 = CARTESIAN_POINT ( 'NONE',  ( 2.599999999999977400, 1.149999999999981500, 1.149999999999969700 ) ) ;
#91 =( NAMED_UNIT ( * ) PLANE_ANGLE_UNIT ( ) SI_UNIT ( $, .RADIAN. ) );
#92 = LINE ( 'NONE', #2009, #3354 ) ;
#93 = ORIENTED_EDGE ( 'NONE', *, *, #1779, .F. ) ;
#94 = ORIENTED_EDGE ( 'NONE', *, *, #655, .F. ) ;
#95 = AXIS2_PLACEMENT_3D ( 'NONE', #3481, #3470, #3459 ) ;
#96 = ORIENTED_EDGE ( 'NONE', *, *, #215, .T. ) ;
#97 = VERTEX_POINT ( 'NONE', #323 ) ;
#98 = EDGE_CURVE ( 'NONE', #4094, #2413, #2101, .T. ) ;
#99 = EDGE_CURVE ( 'NONE', #2051, #379, #3449, .T. ) ;
#100 = SURFACE_SIDE_STYLE ('',( #1966 ) ) ;
#101 = PLANE ( 'NONE',  #4061 ) ;
#102 = DIRECTION ( 'NONE',  ( 1.000000000000000000, 3.491483361109333600E-015, -6.982966722218800400E-015 ) ) ;
#103 = ADVANCED_FACE ( 'NONE', ( #1277 ), #447, .F. ) ;
#104 = DIRECTION ( 'NONE',  ( -6.982966722218763300E-015, -1.059691071871038400E-014, -1.000000000000000000 ) ) ;
#105 = ORIENTED_EDGE ( 'NONE', *, *, #14, .F. ) ;
#106 = PLANE ( 'NONE',  #1514 ) ;
#107 = AXIS2_PLACEMENT_3D ( 'NONE', #690, #673, #868 ) ;
#108 = CARTESIAN_POINT ( 'NONE',  ( 4.499999999999938700, 2.499999999999936100, -3.750000000000058200 ) ) ;
#109 = ORIENTED_EDGE ( 'NONE', *, *, #2641, .T. ) ;
#110 = EDGE_CURVE ( 'NONE', #535, #1234, #2547, .T. ) ;
#111 = PRESENTATION_STYLE_ASSIGNMENT (( #1589 ) ) ;
#112 = DIRECTION ( 'NONE',  ( 1.000000000000000000, 3.751172504219633700E-015, -6.982966722218802800E-015 ) ) ;
#113 = CARTESIAN_POINT ( 'NONE',  ( -0.1500000000000519300, -8.000055289449427900E-014, -3.749999999999999100 ) ) ;
#114 = LINE ( 'NONE', #2094, #860 ) ;
#115 = VECTOR ( 'NONE', #2630, 1000.000000000000000 ) ;
#116 = ORIENTED_EDGE ( 'NONE', *, *, #1463, .T. ) ;
#117 =( GEOMETRIC_REPRESENTATION_CONTEXT ( 3 ) GLOBAL_UNCERTAINTY_ASSIGNED_CONTEXT ( ( #3140 ) ) GLOBAL_UNIT_ASSIGNED_CONTEXT ( ( #2573, #693, #2908 ) ) REPRESENTATION_CONTEXT ( 'NONE', 'WORKASPACE' ) );
#118 = CARTESIAN_POINT ( 'NONE',  ( -1.350000000000061800, 0.3999999999999041000, -4.949999999999994000 ) ) ;
#119 = CARTESIAN_POINT ( 'NONE',  ( -1.200000000000061700, 5.299999999999930500, -2.450000000000047700 ) ) ;
#120 = MECHANICAL_DESIGN_GEOMETRIC_PRESENTATION_REPRESENTATION (  '', ( #3578 ), #324 ) ;
#121 = CARTESIAN_POINT ( 'NONE',  ( 3.099999999999926800, 5.799999999999930500, -3.750000000000083000 ) ) ;
#122 = ADVANCED_FACE ( 'NONE', ( #1708 ), #413, .F. ) ;
#123 = SURFACE_STYLE_USAGE ( .BOTH. , #326 ) ;
#124 = VERTEX_POINT ( 'NONE', #394 ) ;
#125 = CARTESIAN_POINT ( 'NONE',  ( -1.650000000000053400, 0.3999999999999156500, -3.749999999999992900 ) ) ;
#126 = EDGE_CURVE ( 'NONE', #1582, #945, #3850, .T. ) ;
#127 = CARTESIAN_POINT ( 'NONE',  ( -4.500000000000039100, -7.452452961383462500E-014, -1.799999999999969200 ) ) ;
#128 = VECTOR ( 'NONE', #357, 1000.000000000000000 ) ;
#129 = CARTESIAN_POINT ( 'NONE',  ( -2.650000000000056300, 4.779999999999930100, -1.850000000000033000 ) ) ;
#130 = FACE_OUTER_BOUND ( 'NONE', #245, .T. ) ;
#131 = UNCERTAINTY_MEASURE_WITH_UNIT (LENGTH_MEASURE( 1.000000000000000100E-005 ), #1114, 'distance_accuracy_value', 'NONE');
#132 = COLOUR_RGB ( '',0.7529411764705882200, 0.7529411764705882200, 0.7529411764705882200 ) ;
#133 = PRESENTATION_STYLE_ASSIGNMENT (( #2859 ) ) ;
#134 = DIRECTION ( 'NONE',  ( 6.982966722218763300E-015, 1.059691071871038400E-014, 1.000000000000000000 ) ) ;
#135 = ADVANCED_FACE ( 'NONE', ( #584 ), #2608, .T. ) ;
#136 = CARTESIAN_POINT ( 'NONE',  ( -0.1500000000000487900, -0.1000000000000749300, -3.349999999999998800 ) ) ;
#137 = VECTOR ( 'NONE', #2414, 1000.000000000000000 ) ;
#138 = STYLED_ITEM ( 'NONE', ( #3797 ), #2365 ) ;
#139 = FILL_AREA_STYLE_COLOUR ( '', #3375 ) ;
#140 = ORIENTED_EDGE ( 'NONE', *, *, #3461, .F. ) ;
#141 = PRESENTATION_STYLE_ASSIGNMENT (( #3224 ) ) ;
#142 = VERTEX_POINT ( 'NONE', #373 ) ;
#143 = VERTEX_POINT ( 'NONE', #3864 ) ;
#144 = SURFACE_SIDE_STYLE ('',( #449 ) ) ;
#145 = ORIENTED_EDGE ( 'NONE', *, *, #3492, .F. ) ;
#146 = ORIENTED_EDGE ( 'NONE', *, *, #3079, .T. ) ;
#147 =( GEOMETRIC_REPRESENTATION_CONTEXT ( 3 ) GLOBAL_UNCERTAINTY_ASSIGNED_CONTEXT ( ( #2348 ) ) GLOBAL_UNIT_ASSIGNED_CONTEXT ( ( #2515, #2527, #2583 ) ) REPRESENTATION_CONTEXT ( 'NONE', 'WORKASPACE' ) );
#148 = MECHANICAL_DESIGN_GEOMETRIC_PRESENTATION_REPRESENTATION (  '', ( #3615 ), #356 ) ;
#149 = UNCERTAINTY_MEASURE_WITH_UNIT (LENGTH_MEASURE( 1.000000000000000100E-005 ), #542, 'distance_accuracy_value', 'NONE');
#150 = EDGE_CURVE ( 'NONE', #3648, #1132, #241, .T. ) ;
#151 = ADVANCED_FACE ( 'NONE', ( #1804 ), #3509, .F. ) ;
#152 = EDGE_CURVE ( 'NONE', #3500, #3472, #3952, .T. ) ;
#153 = CARTESIAN_POINT ( 'NONE',  ( 0.1499999999999512600, -7.471434359867730600E-014, -3.349999999999999600 ) ) ;
#154 = CARTESIAN_POINT ( 'NONE',  ( -4.050000000000063800, 3.249999999999905900, -3.850000000000006300 ) ) ;
#155 = FILL_AREA_STYLE ('',( #2667 ) ) ;
#156 =( NAMED_UNIT ( * ) SI_UNIT ( $, .STERADIAN. ) SOLID_ANGLE_UNIT ( ) );
#157 = VERTEX_POINT ( 'NONE', #2292 ) ;
#158 = LINE ( 'NONE', #199, #52 ) ;
#159 = FILL_AREA_STYLE ('',( #2635 ) ) ;
#160 = ORIENTED_EDGE ( 'NONE', *, *, #3288, .F. ) ;
#161 =( GEOMETRIC_REPRESENTATION_CONTEXT ( 3 ) GLOBAL_UNCERTAINTY_ASSIGNED_CONTEXT ( ( #421 ) ) GLOBAL_UNIT_ASSIGNED_CONTEXT ( ( #759, #500, #488 ) ) REPRESENTATION_CONTEXT ( 'NONE', 'WORKASPACE' ) );
#162 = FILL_AREA_STYLE ('',( #2384 ) ) ;
#163 = CARTESIAN_POINT ( 'NONE',  ( -4.500000000000051500, -9.518850551531988400E-014, -3.749999999999968500 ) ) ;
#164 = VECTOR ( 'NONE', #3810, 1000.000000000000000 ) ;
#165 =( NAMED_UNIT ( * ) PLANE_ANGLE_UNIT ( ) SI_UNIT ( $, .RADIAN. ) );
#166 = VECTOR ( 'NONE', #2441, 1000.000000000000000 ) ;
#167 = STYLED_ITEM ( 'NONE', ( #2128 ), #1020 ) ;
#168 = ORIENTED_EDGE ( 'NONE', *, *, #215, .F. ) ;
#169 = VECTOR ( 'NONE', #2653, 1000.000000000000000 ) ;
#170 = ORIENTED_EDGE ( 'NONE', *, *, #450, .T. ) ;
#171 = LINE ( 'NONE', #113, #3436 ) ;
#172 = DIRECTION ( 'NONE',  ( 6.982966722218763300E-015, 1.059691071871038400E-014, 1.000000000000000000 ) ) ;
#173 = FACE_BOUND ( 'NONE', #3318, .T. ) ;
#174 = PRESENTATION_LAYER_ASSIGNMENT (  '', '', ( #3866 ) ) ;
#175 = AXIS2_PLACEMENT_3D ( 'NONE', #359, #102, #88 ) ;
#176 = DIRECTION ( 'NONE',  ( -1.000000000000000000, -3.491483361109333200E-015, 6.982966722218800400E-015 ) ) ;
#177 = DIRECTION ( 'NONE',  ( 1.000000000000000000, 3.491483361109333200E-015, -6.982966722218800400E-015 ) ) ;
#178 =( NAMED_UNIT ( * ) SI_UNIT ( $, .STERADIAN. ) SOLID_ANGLE_UNIT ( ) );
#179 = CARTESIAN_POINT ( 'NONE',  ( -1.800000000000037300, 5.799999999999967800, 1.249999999999950700 ) ) ;
#180 = SURFACE_STYLE_USAGE ( .BOTH. , #1209 ) ;
#181 = VECTOR ( 'NONE', #1476, 1000.000000000000000 ) ;
#182 = PLANE ( 'NONE',  #2048 ) ;
#183 =( NAMED_UNIT ( * ) SI_UNIT ( $, .STERADIAN. ) SOLID_ANGLE_UNIT ( ) );
#184 = FACE_OUTER_BOUND ( 'NONE', #1683, .T. ) ;
#185 = ORIENTED_EDGE ( 'NONE', *, *, #1563, .T. ) ;
#186 = CARTESIAN_POINT ( 'NONE',  ( 2.099999999999944600, 4.779999999999947000, -1.850000000000066000 ) ) ;
#187 = SURFACE_STYLE_FILL_AREA ( #279 ) ;
#188 = VECTOR ( 'NONE', #2213, 1000.000000000000000 ) ;
#189 = EDGE_LOOP ( 'NONE', ( #1095, #1128, #2807, #380 ) ) ;
#190 = VERTEX_POINT ( 'NONE', #2531 ) ;
#191 = ADVANCED_FACE ( 'NONE', ( #2357 ), #1054, .F. ) ;
#192 = LINE ( 'NONE', #179, #2303 ) ;
#193 = DIRECTION ( 'NONE',  ( -3.491483361109407300E-015, 1.000000000000000000, -1.060997535488881100E-014 ) ) ;
#194 = ORIENTED_EDGE ( 'NONE', *, *, #2951, .T. ) ;
#195 = CARTESIAN_POINT ( 'NONE',  ( -4.500000000000070200, 5.799999999999907500, -3.450000000000029500 ) ) ;
#196 = MECHANICAL_DESIGN_GEOMETRIC_PRESENTATION_REPRESENTATION (  '', ( #3666 ), #396 ) ;
#197 = PRESENTATION_LAYER_ASSIGNMENT (  '', '', ( #3885 ) ) ;
#198 = PRESENTATION_LAYER_ASSIGNMENT (  '', '', ( #3886 ) ) ;
#199 = CARTESIAN_POINT ( 'NONE',  ( -2.750000000000027100, 5.799999999999979400, 2.749999999999957800 ) ) ;
#200 = ORIENTED_EDGE ( 'NONE', *, *, #1983, .T. ) ;
#201 = STYLED_ITEM ( 'NONE', ( #3736 ), #3014 ) ;
#202 = EDGE_CURVE ( 'NONE', #2548, #1582, #3108, .T. ) ;
#203 = PLANE ( 'NONE',  #3924 ) ;
#204 = EDGE_LOOP ( 'NONE', ( #3622, #3516, #3927, #212 ) ) ;
#205 = SURFACE_STYLE_USAGE ( .BOTH. , #2081 ) ;
#206 = FACE_OUTER_BOUND ( 'NONE', #2242, .T. ) ;
#207 = APPLICATION_CONTEXT ( 'automotive_design' ) ;
#208 = SURFACE_STYLE_USAGE ( .BOTH. , #516 ) ;
#209 = LINE ( 'NONE', #3281, #115 ) ;
#210 = ADVANCED_FACE ( 'NONE', ( #1946 ), #1009, .F. ) ;
#211 = VERTEX_POINT ( 'NONE', #1320 ) ;
#212 = ORIENTED_EDGE ( 'NONE', *, *, #3616, .T. ) ;
#213 = SURFACE_STYLE_FILL_AREA ( #1928 ) ;
#214 = DIRECTION ( 'NONE',  ( 1.000000000000000000, 3.491483361109333200E-015, -6.982966722218800400E-015 ) ) ;
#215 = EDGE_CURVE ( 'NONE', #3205, #509, #1655, .T. ) ;
#216 = FILL_AREA_STYLE_COLOUR ( '', #1181 ) ;
#217 = SURFACE_SIDE_STYLE ('',( #1704 ) ) ;
#218 = CARTESIAN_POINT ( 'NONE',  ( 3.099999999999960600, 0.3499999999999522400, -1.800000000000025600 ) ) ;
#219 = PRESENTATION_STYLE_ASSIGNMENT (( #2439 ) ) ;
#220 = VERTEX_POINT ( 'NONE', #3164 ) ;
#221 = PRESENTATION_STYLE_ASSIGNMENT (( #1636 ) ) ;
#222 = VECTOR ( 'NONE', #2697, 1000.000000000000000 ) ;
#223 = MECHANICAL_DESIGN_GEOMETRIC_PRESENTATION_REPRESENTATION (  '', ( #3700 ), #433 ) ;
#224 = PRESENTATION_LAYER_ASSIGNMENT (  '', '', ( #3912 ) ) ;
#225 = EDGE_CURVE ( 'NONE', #2295, #2409, #4084, .T. ) ;
#226 = VECTOR ( 'NONE', #1556, 1000.000000000000000 ) ;
#227 = EDGE_CURVE ( 'NONE', #1964, #3531, #843, .T. ) ;
#228 = ADVANCED_FACE ( 'NONE', ( #2406 ), #1844, .T. ) ;
#229 = LINE ( 'NONE', #1152, #1076 ) ;
#230 = ORIENTED_EDGE ( 'NONE', *, *, #521, .F. ) ;
#231 = PLANE ( 'NONE',  #1599 ) ;
#232 = SURFACE_SIDE_STYLE ('',( #3841 ) ) ;
#233 = CARTESIAN_POINT ( 'NONE',  ( 3.199999999999948700, 3.399999999999951500, -1.850000000000058300 ) ) ;
#234 = VECTOR ( 'NONE', #565, 1000.000000000000000 ) ;
#235 = CARTESIAN_POINT ( 'NONE',  ( 1.349999999999939900, -0.1000000000000866700, -4.950000000000006400 ) ) ;
#236 = VECTOR ( 'NONE', #1283, 1000.000000000000000 ) ;
#237 = MECHANICAL_DESIGN_GEOMETRIC_PRESENTATION_REPRESENTATION (  '', ( #3713 ), #446 ) ;
#238 = PLANE ( 'NONE',  #2932 ) ;
#239 = ORIENTED_EDGE ( 'NONE', *, *, #276, .F. ) ;
#240 = VERTEX_POINT ( 'NONE', #940 ) ;
#241 = LINE ( 'NONE', #3847, #2660 ) ;
#242 = ORIENTED_EDGE ( 'NONE', *, *, #3279, .T. ) ;
#243 = ORIENTED_EDGE ( 'NONE', *, *, #3300, .T. ) ;
#244 = EDGE_CURVE ( 'NONE', #2170, #747, #3702, .T. ) ;
#245 = EDGE_LOOP ( 'NONE', ( #1428, #1511, #3403, #1086 ) ) ;
#246 = SURFACE_STYLE_USAGE ( .BOTH. , #257 ) ;
#247 = SURFACE_SIDE_STYLE ('',( #3538 ) ) ;
#248 = FILL_AREA_STYLE_COLOUR ( '', #1583 ) ;
#249 = DIRECTION ( 'NONE',  ( -1.000000000000000000, -3.491483361109339500E-015, 6.363422623655655500E-015 ) ) ;
#250 = CARTESIAN_POINT ( 'NONE',  ( -1.350000000000048900, -0.1000000000000791200, -3.349999999999990300 ) ) ;
#251 = UNCERTAINTY_MEASURE_WITH_UNIT (LENGTH_MEASURE( 1.000000000000000100E-005 ), #270, 'distance_accuracy_value', 'NONE');
#252 = EDGE_LOOP ( 'NONE', ( #2876, #787, #937, #1658 ) ) ;
#253 = SURFACE_STYLE_FILL_AREA ( #53 ) ;
#254 = VERTEX_POINT ( 'NONE', #2199 ) ;
#255 = AXIS2_PLACEMENT_3D ( 'NONE', #2613, #731, #2947 ) ;
#256 = PRESENTATION_LAYER_ASSIGNMENT (  '', '', ( #42 ) ) ;
#257 = SURFACE_SIDE_STYLE ('',( #3107 ) ) ;
#258 = PRESENTATION_STYLE_ASSIGNMENT (( #3457 ) ) ;
#259 =( LENGTH_UNIT ( ) NAMED_UNIT ( * ) SI_UNIT ( .MILLI., .METRE. ) );
#260 = CARTESIAN_POINT ( 'NONE',  ( -4.500000000000001800, 0.3499999999999842700, 3.750000000000027500 ) ) ;
#261 = CARTESIAN_POINT ( 'NONE',  ( 3.199999999999946900, 4.129999999999951000, -1.850000000000066900 ) ) ;
#262 = CARTESIAN_POINT ( 'NONE',  ( -3.200000000000014400, 4.129999999999988300, 3.749999999999978700 ) ) ;
#263 = FACE_OUTER_BOUND ( 'NONE', #609, .T. ) ;
#264 = CARTESIAN_POINT ( 'NONE',  ( -4.050000000000044200, 3.249999999999935600, -1.000000000000006000 ) ) ;
#265 = VECTOR ( 'NONE', #1072, 1000.000000000000000 ) ;
#266 = VECTOR ( 'NONE', #2983, 1000.000000000000000 ) ;
#267 = CARTESIAN_POINT ( 'NONE',  ( -2.600000000000044500, 1.549999999999931400, -1.849999999999998300 ) ) ;
#268 = CARTESIAN_POINT ( 'NONE',  ( -2.650000000000056300, 4.779999999999930100, -1.850000000000033000 ) ) ;
#269 = AXIS2_PLACEMENT_3D ( 'NONE', #2322, #2203, #2187 ) ;
#270 =( LENGTH_UNIT ( ) NAMED_UNIT ( * ) SI_UNIT ( .MILLI., .METRE. ) );
#271 = SURFACE_SIDE_STYLE ('',( #2433 ) ) ;
#272 = LINE ( 'NONE', #411, #1937 ) ;
#273 = DIRECTION ( 'NONE',  ( -3.491483361109407700E-015, 1.000000000000000000, -1.058857662780028000E-014 ) ) ;
#274 = PRESENTATION_STYLE_ASSIGNMENT (( #2449 ) ) ;
#275 = EDGE_CURVE ( 'NONE', #1555, #3648, #1178, .T. ) ;
#276 = EDGE_CURVE ( 'NONE', #1899, #3316, #427, .T. ) ;
#277 = COLOUR_RGB ( '',0.0000000000000000000, 0.0000000000000000000, 0.6274509803921568500 ) ;
#278 = EDGE_LOOP ( 'NONE', ( #3173, #858, #109, #1869, #4009, #3272, #3365, #200 ) ) ;
#279 = FILL_AREA_STYLE ('',( #902 ) ) ;
#280 = VECTOR ( 'NONE', #3732, 1000.000000000000000 ) ;
#281 = PRESENTATION_STYLE_ASSIGNMENT (( #745 ) ) ;
#282 = FACE_OUTER_BOUND ( 'NONE', #2839, .T. ) ;
#283 = ORIENTED_EDGE ( 'NONE', *, *, #883, .F. ) ;
#284 =( NAMED_UNIT ( * ) PLANE_ANGLE_UNIT ( ) SI_UNIT ( $, .RADIAN. ) );
#285 = ORIENTED_EDGE ( 'NONE', *, *, #437, .T. ) ;
#286 = ORIENTED_EDGE ( 'NONE', *, *, #2545, .F. ) ;
#287 = STYLED_ITEM ( 'NONE', ( #4001 ), #2195 ) ;
#288 = SURFACE_STYLE_FILL_AREA ( #1496 ) ;
#289 = VERTEX_POINT ( 'NONE', #3795 ) ;
#290 = DIRECTION ( 'NONE',  ( -6.982966722218763300E-015, -1.059691071871038400E-014, -1.000000000000000000 ) ) ;
#291 = PLANE ( 'NONE',  #707 ) ;
#292 = SURFACE_STYLE_USAGE ( .BOTH. , #316 ) ;
#293 = FILL_AREA_STYLE ('',( #1538 ) ) ;
#294 = CARTESIAN_POINT ( 'NONE',  ( -4.500000000000039100, -7.452452961383462500E-014, -1.799999999999969200 ) ) ;
#295 = ORIENTED_EDGE ( 'NONE', *, *, #3630, .T. ) ;
#296 = PLANE ( 'NONE',  #107 ) ;
#297 = PRESENTATION_STYLE_ASSIGNMENT (( #2289 ) ) ;
#298 = PRESENTATION_LAYER_ASSIGNMENT (  '', '', ( #3987 ) ) ;
#299 = ORIENTED_EDGE ( 'NONE', *, *, #523, .F. ) ;
#300 = VECTOR ( 'NONE', #3610, 1000.000000000000000 ) ;
#301 = DIRECTION ( 'NONE',  ( 6.982966722218764100E-015, 1.047445008332814600E-014, 1.000000000000000000 ) ) ;
#302 = CARTESIAN_POINT ( 'NONE',  ( -2.600000000000051200, 3.399999999999931500, -1.850000000000017400 ) ) ;
#303 = EDGE_CURVE ( 'NONE', #2418, #1964, #1993, .T. ) ;
#304 = EDGE_CURVE ( 'NONE', #1904, #1093, #3594, .T. ) ;
#305 = ORIENTED_EDGE ( 'NONE', *, *, #3617, .F. ) ;
#306 = CARTESIAN_POINT ( 'NONE',  ( -2.600000000000023200, 1.549999999999963400, 1.150000000000002100 ) ) ;
#307 = VECTOR ( 'NONE', #1586, 1000.000000000000000 ) ;
#308 = CARTESIAN_POINT ( 'NONE',  ( 1.649999999999940000, -0.1000000000000856300, -4.950000000000009900 ) ) ;
#309 = PRESENTATION_LAYER_ASSIGNMENT (  '', '', ( #3999 ) ) ;
#310 = ORIENTED_EDGE ( 'NONE', *, *, #3278, .T. ) ;
#311 = LINE ( 'NONE', #1274, #1587 ) ;
#312 = FILL_AREA_STYLE ('',( #1886 ) ) ;
#313 = DIRECTION ( 'NONE',  ( 1.000000000000000000, 4.214284809433003300E-015, -6.982966722218808300E-015 ) ) ;
#314 = EDGE_CURVE ( 'NONE', #3693, #3443, #2756, .T. ) ;
#315 = CARTESIAN_POINT ( 'NONE',  ( -4.500000000000051500, -9.518850551531988400E-014, -3.749999999999968500 ) ) ;
#316 = SURFACE_SIDE_STYLE ('',( #773 ) ) ;
#317 = FACE_OUTER_BOUND ( 'NONE', #2658, .T. ) ;
#318 = ADVANCED_FACE ( 'NONE', ( #975 ), #3100, .F. ) ;
#319 = EDGE_LOOP ( 'NONE', ( #699, #3564, #2826, #3121 ) ) ;
#320 = VECTOR ( 'NONE', #1084, 1000.000000000000000 ) ;
#321 = VECTOR ( 'NONE', #617, 1000.000000000000000 ) ;
#322 = SURFACE_SIDE_STYLE ('',( #3104 ) ) ;
#323 = CARTESIAN_POINT ( 'NONE',  ( -1.800000000000019400, 3.699999999999983700, 2.749999999999972900 ) ) ;
#324 =( GEOMETRIC_REPRESENTATION_CONTEXT ( 3 ) GLOBAL_UNCERTAINTY_ASSIGNED_CONTEXT ( ( #629 ) ) GLOBAL_UNIT_ASSIGNED_CONTEXT ( ( #3608, #3588, #3293 ) ) REPRESENTATION_CONTEXT ( 'NONE', 'WORKASPACE' ) );
#325 = CARTESIAN_POINT ( 'NONE',  ( 2.099999999999973000, 5.799999999999996300, 2.749999999999923600 ) ) ;
#326 = SURFACE_SIDE_STYLE ('',( #1326 ) ) ;
#327 = PLANE ( 'NONE',  #3575 ) ;
#328 = FACE_OUTER_BOUND ( 'NONE', #339, .T. ) ;
#329 = CARTESIAN_POINT ( 'NONE',  ( -4.050000000000063800, 3.249999999999905900, -3.850000000000006300 ) ) ;
#330 = FILL_AREA_STYLE ('',( #612 ) ) ;
#331 = VECTOR ( 'NONE', #1884, 1000.000000000000000 ) ;
#332 = DIRECTION ( 'NONE',  ( -3.491483361109406500E-015, 1.000000000000000000, -1.047445008332812100E-014 ) ) ;
#333 = PRESENTATION_STYLE_ASSIGNMENT (( #1479 ) ) ;
#334 = STYLED_ITEM ( 'NONE', ( #2391 ), #3582 ) ;
#335 = EDGE_CURVE ( 'NONE', #1523, #1392, #676, .T. ) ;
#336 = ORIENTED_EDGE ( 'NONE', *, *, #3418, .F. ) ;
#337 = COLOUR_RGB ( '',0.0000000000000000000, 0.0000000000000000000, 0.6274509803921568500 ) ;
#338 = PRESENTATION_STYLE_ASSIGNMENT (( #3605 ) ) ;
#339 = EDGE_LOOP ( 'NONE', ( #3601, #3708, #1855, #1129 ) ) ;
#340 = ORIENTED_EDGE ( 'NONE', *, *, #626, .T. ) ;
#341 = DIRECTION ( 'NONE',  ( 1.000000000000000000, 4.214284809433003300E-015, -6.982966722218808300E-015 ) ) ;
#342 = CARTESIAN_POINT ( 'NONE',  ( -4.050000000000072700, 5.599999999999906400, -3.850000000000031200 ) ) ;
#343 = FILL_AREA_STYLE ('',( #367 ) ) ;
#344 = AXIS2_PLACEMENT_3D ( 'NONE', #2435, #552, #2763 ) ;
#345 = CARTESIAN_POINT ( 'NONE',  ( -0.1500000000000491200, -7.581077286116300600E-014, -3.349999999999997900 ) ) ;
#346 = SURFACE_SIDE_STYLE ('',( #524 ) ) ;
#347 = DIRECTION ( 'NONE',  ( 1.000000000000000000, 3.491483361109333600E-015, -6.982966722218800400E-015 ) ) ;
#348 = DIRECTION ( 'NONE',  ( -6.982966722218764100E-015, -1.047445008332814600E-014, -1.000000000000000000 ) ) ;
#349 = VERTEX_POINT ( 'NONE', #308 ) ;
#350 = STYLED_ITEM ( 'NONE', ( #3159 ), #228 ) ;
#351 = ADVANCED_FACE ( 'NONE', ( #3947 ), #2525, .F. ) ;
#352 = CARTESIAN_POINT ( 'NONE',  ( 4.499999999999960900, 0.3499999999999569000, -1.800000000000035100 ) ) ;
#353 = FILL_AREA_STYLE ('',( #248 ) ) ;
#354 = VECTOR ( 'NONE', #1701, 1000.000000000000000 ) ;
#355 = CARTESIAN_POINT ( 'NONE',  ( -2.750000000000027100, 5.799999999999979400, 2.749999999999957800 ) ) ;
#356 =( GEOMETRIC_REPRESENTATION_CONTEXT ( 3 ) GLOBAL_UNCERTAINTY_ASSIGNED_CONTEXT ( ( #251 ) ) GLOBAL_UNIT_ASSIGNED_CONTEXT ( ( #270, #2472, #595 ) ) REPRESENTATION_CONTEXT ( 'NONE', 'WORKASPACE' ) );
#357 = DIRECTION ( 'NONE',  ( 3.491483361109407700E-015, -1.000000000000000000, 1.059691071871035900E-014 ) ) ;
#358 = EDGE_CURVE ( 'NONE', #3408, #2049, #2863, .T. ) ;
#359 = CARTESIAN_POINT ( 'NONE',  ( 1.199999999999938000, 5.299999999999939400, -2.450000000000065000 ) ) ;
#360 = PRESENTATION_STYLE_ASSIGNMENT (( #1375 ) ) ;
#361 = EDGE_CURVE ( 'NONE', #2372, #3321, #377, .T. ) ;
#362 = VECTOR ( 'NONE', #3879, 1000.000000000000000 ) ;
#363 = DIRECTION ( 'NONE',  ( -3.491483361109406900E-015, 1.000000000000000000, -1.059009831505990900E-014 ) ) ;
#364 = ADVANCED_FACE ( 'NONE', ( #3645 ), #674, .F. ) ;
#365 =( NAMED_UNIT ( * ) PLANE_ANGLE_UNIT ( ) SI_UNIT ( $, .RADIAN. ) );
#366 = VECTOR ( 'NONE', #1374, 1000.000000000000000 ) ;
#367 = FILL_AREA_STYLE_COLOUR ( '', #3742 ) ;
#368 = LINE ( 'NONE', #1721, #1935 ) ;
#369 = SURFACE_STYLE_USAGE ( .BOTH. , #2249 ) ;
#370 =( NAMED_UNIT ( * ) SI_UNIT ( $, .STERADIAN. ) SOLID_ANGLE_UNIT ( ) );
#371 = FACE_OUTER_BOUND ( 'NONE', #3359, .T. ) ;
#372 = VECTOR ( 'NONE', #1645, 1000.000000000000000 ) ;
#373 = CARTESIAN_POINT ( 'NONE',  ( 0.1499999999999480600, -7.895310788616149200E-014, -3.750000000000000900 ) ) ;
#374 = CARTESIAN_POINT ( 'NONE',  ( -1.200000000000035900, 5.299999999999970500, 1.249999999999951600 ) ) ;
#375 = UNCERTAINTY_MEASURE_WITH_UNIT (LENGTH_MEASURE( 1.000000000000000100E-005 ), #3525, 'distance_accuracy_value', 'NONE');
#376 = DIRECTION ( 'NONE',  ( 3.491483361109406500E-015, -1.000000000000000000, 1.047445008332812100E-014 ) ) ;
#377 = LINE ( 'NONE', #49, #1184 ) ;
#378 = AXIS2_PLACEMENT_3D ( 'NONE', #517, #2374, #1137 ) ;
#379 = VERTEX_POINT ( 'NONE', #3824 ) ;
#380 = ORIENTED_EDGE ( 'NONE', *, *, #2685, .T. ) ;
#381 = ORIENTED_EDGE ( 'NONE', *, *, #2432, .F. ) ;
#382 = CARTESIAN_POINT ( 'NONE',  ( -1.800000000000037300, 5.799999999999967800, 1.249999999999950700 ) ) ;
#383 = SURFACE_STYLE_USAGE ( .BOTH. , #2267 ) ;
#384 = EDGE_LOOP ( 'NONE', ( #3956, #3545, #3649, #2196 ) ) ;
#385 = MECHANICAL_DESIGN_GEOMETRIC_PRESENTATION_REPRESENTATION (  '', ( #3866 ), #602 ) ;
#386 = PRESENTATION_LAYER_ASSIGNMENT (  '', '', ( #4062 ) ) ;
#387 = VECTOR ( 'NONE', #3092, 1000.000000000000000 ) ;
#388 = VERTEX_POINT ( 'NONE', #965 ) ;
#389 = CARTESIAN_POINT ( 'NONE',  ( -4.050000000000032700, 5.599999999999964100, 1.799999999999968300 ) ) ;
#390 = CARTESIAN_POINT ( 'NONE',  ( 2.099999999999969000, 3.699999999999982000, 1.249999999999946000 ) ) ;
#391 = VERTEX_POINT ( 'NONE', #1299 ) ;
#392 = ADVANCED_FACE ( 'NONE', ( #1992 ), #3203, .F. ) ;
#393 = VECTOR ( 'NONE', #721, 1000.000000000000000 ) ;
#394 = CARTESIAN_POINT ( 'NONE',  ( -1.200000000000030400, 3.799999999999970100, 1.249999999999966500 ) ) ;
#395 = ORIENTED_EDGE ( 'NONE', *, *, #3913, .F. ) ;
#396 =( GEOMETRIC_REPRESENTATION_CONTEXT ( 3 ) GLOBAL_UNCERTAINTY_ASSIGNED_CONTEXT ( ( #1239 ) ) GLOBAL_UNIT_ASSIGNED_CONTEXT ( ( #1271, #3477, #1576 ) ) REPRESENTATION_CONTEXT ( 'NONE', 'WORKASPACE' ) );
#397 = FACE_OUTER_BOUND ( 'NONE', #3169, .T. ) ;
#398 = DIRECTION ( 'NONE',  ( 1.000000000000000000, 4.214284809433003300E-015, -6.982966722218808300E-015 ) ) ;
#399 = MECHANICAL_DESIGN_GEOMETRIC_PRESENTATION_REPRESENTATION (  '', ( #3885 ), #615 ) ;
#400 = MECHANICAL_DESIGN_GEOMETRIC_PRESENTATION_REPRESENTATION (  '', ( #3886 ), #616 ) ;
#401 = FACE_OUTER_BOUND ( 'NONE', #36, .T. ) ;
#402 = ORIENTED_EDGE ( 'NONE', *, *, #276, .T. ) ;
#403 = SURFACE_STYLE_FILL_AREA ( #3712 ) ;
#404 = ADVANCED_FACE ( 'NONE', ( #328 ), #2874, .F. ) ;
#405 = LINE ( 'NONE', #3528, #3779 ) ;
#406 = VERTEX_POINT ( 'NONE', #2229 ) ;
#407 =( LENGTH_UNIT ( ) NAMED_UNIT ( * ) SI_UNIT ( .MILLI., .METRE. ) );
#408 = ORIENTED_EDGE ( 'NONE', *, *, #2558, .F. ) ;
#409 = CARTESIAN_POINT ( 'NONE',  ( 4.499999999999999100, 0.3500000000000157400, 3.749999999999964900 ) ) ;
#410 = AXIS2_PLACEMENT_3D ( 'NONE', #694, #2911, #1007 ) ;
#411 = CARTESIAN_POINT ( 'NONE',  ( 4.049999999999967000, 5.599999999999994300, 1.799999999999911900 ) ) ;
#412 = EDGE_CURVE ( 'NONE', #40, #2678, #1415, .T. ) ;
#413 = PLANE ( 'NONE',  #175 ) ;
#414 = FACE_OUTER_BOUND ( 'NONE', #590, .T. ) ;
#415 = VECTOR ( 'NONE', #1741, 1000.000000000000000 ) ;
#416 = CARTESIAN_POINT ( 'NONE',  ( 4.049999999999959900, 0.3499999999999554000, -1.800000000000032500 ) ) ;
#417 = VECTOR ( 'NONE', #3815, 1000.000000000000000 ) ;
#418 = STYLED_ITEM ( 'NONE', ( #3953 ), #2323 ) ;
#419 = CARTESIAN_POINT ( 'NONE',  ( 3.199999999999986000, 4.130000000000011400, 3.749999999999933800 ) ) ;
#420 = CARTESIAN_POINT ( 'NONE',  ( 4.499999999999985800, 0.3499999999999949800, 1.799999999999964300 ) ) ;
#421 = UNCERTAINTY_MEASURE_WITH_UNIT (LENGTH_MEASURE( 1.000000000000000100E-005 ), #759, 'distance_accuracy_value', 'NONE');
#422 = DIRECTION ( 'NONE',  ( -3.491483361109407700E-015, 1.000000000000000000, -1.058857662780028000E-014 ) ) ;
#423 = EDGE_CURVE ( 'NONE', #1693, #220, #580, .T. ) ;
#424 = DIRECTION ( 'NONE',  ( 6.982966722218764100E-015, 1.059691071871038400E-014, 1.000000000000000000 ) ) ;
#425 = DIRECTION ( 'NONE',  ( 1.000000000000000000, 3.491483361109333600E-015, -6.982966722218800400E-015 ) ) ;
#426 = CARTESIAN_POINT ( 'NONE',  ( 4.499999999999979600, 5.800000000000014900, 3.749999999999907200 ) ) ;
#427 = LINE ( 'NONE', #960, #2854 ) ;
#428 = DIRECTION ( 'NONE',  ( -6.982966722218763300E-015, -1.059691071871038400E-014, -1.000000000000000000 ) ) ;
#429 = SURFACE_STYLE_FILL_AREA ( #1171 ) ;
#430 = VECTOR ( 'NONE', #1682, 1000.000000000000000 ) ;
#431 = ORIENTED_EDGE ( 'NONE', *, *, #1828, .F. ) ;
#432 = DIRECTION ( 'NONE',  ( 1.000000000000000000, 3.336597336468546900E-015, -6.982966722218798800E-015 ) ) ;
#433 =( GEOMETRIC_REPRESENTATION_CONTEXT ( 3 ) GLOBAL_UNCERTAINTY_ASSIGNED_CONTEXT ( ( #2649 ) ) GLOBAL_UNIT_ASSIGNED_CONTEXT ( ( #2280, #2255, #2235 ) ) REPRESENTATION_CONTEXT ( 'NONE', 'WORKASPACE' ) );
#434 = EDGE_LOOP ( 'NONE', ( #4034, #888, #2714, #2894 ) ) ;
#435 = EDGE_LOOP ( 'NONE', ( #2056, #492, #2375, #2463, #51, #904 ) ) ;
#436 = MECHANICAL_DESIGN_GEOMETRIC_PRESENTATION_REPRESENTATION (  '', ( #3912 ), #653 ) ;
#437 = EDGE_CURVE ( 'NONE', #1392, #3500, #3844, .T. ) ;
#438 = ADVANCED_FACE ( 'NONE', ( #2910 ), #650, .F. ) ;
#439 = EDGE_CURVE ( 'NONE', #1351, #1464, #2597, .T. ) ;
#440 = CARTESIAN_POINT ( 'NONE',  ( 3.099999999999938400, 2.499999999999931200, -3.750000000000048400 ) ) ;
#441 = DIRECTION ( 'NONE',  ( 3.231794217999107200E-015, -1.000000000000000000, 1.059691071871036000E-014 ) ) ;
#442 = FILL_AREA_STYLE_COLOUR ( '', #2761 ) ;
#443 =( NAMED_UNIT ( * ) PLANE_ANGLE_UNIT ( ) SI_UNIT ( $, .RADIAN. ) );
#444 = CARTESIAN_POINT ( 'NONE',  ( -2.100000000000051200, 3.329999999999934300, -1.850000000000020100 ) ) ;
#445 = CARTESIAN_POINT ( 'NONE',  ( 2.599999999999948600, 3.399999999999949700, -1.850000000000053800 ) ) ;
#446 =( GEOMETRIC_REPRESENTATION_CONTEXT ( 3 ) GLOBAL_UNCERTAINTY_ASSIGNED_CONTEXT ( ( #2183 ) ) GLOBAL_UNIT_ASSIGNED_CONTEXT ( ( #1437, #1387, #1371 ) ) REPRESENTATION_CONTEXT ( 'NONE', 'WORKASPACE' ) );
#447 = PLANE ( 'NONE',  #3023 ) ;
#448 = VERTEX_POINT ( 'NONE', #926 ) ;
#449 = SURFACE_STYLE_FILL_AREA ( #159 ) ;
#450 = EDGE_CURVE ( 'NONE', #89, #3130, #929, .T. ) ;
#451 = SURFACE_SIDE_STYLE ('',( #2431 ) ) ;
#452 = CARTESIAN_POINT ( 'NONE',  ( -4.500000000000070200, 5.599999999999909100, -3.450000000000027700 ) ) ;
#453 = DIRECTION ( 'NONE',  ( -6.982966722218824900E-015, 6.872784676440073800E-015, -1.000000000000000000 ) ) ;
#454 = LINE ( 'NONE', #2089, #3724 ) ;
#455 = DIRECTION ( 'NONE',  ( -1.000000000000000000, -3.491483361109326800E-015, 7.602510820781945400E-015 ) ) ;
#456 =( LENGTH_UNIT ( ) NAMED_UNIT ( * ) SI_UNIT ( .MILLI., .METRE. ) );
#457 = LINE ( 'NONE', #3009, #2120 ) ;
#458 = ORIENTED_EDGE ( 'NONE', *, *, #1983, .F. ) ;
#459 = DIRECTION ( 'NONE',  ( 1.000000000000000000, 3.491483361109333200E-015, -6.982966722218800400E-015 ) ) ;
#460 = STYLED_ITEM ( 'NONE', ( #1728 ), #1654 ) ;
#461 = FACE_OUTER_BOUND ( 'NONE', #1913, .T. ) ;
#462 = ADVANCED_FACE ( 'NONE', ( #1757 ), #2813, .F. ) ;
#463 = VECTOR ( 'NONE', #1668, 1000.000000000000000 ) ;
#464 = STYLED_ITEM ( 'NONE', ( #2693 ), #795 ) ;
#465 = VECTOR ( 'NONE', #1663, 1000.000000000000000 ) ;
#466 = CARTESIAN_POINT ( 'NONE',  ( 4.500000000000000000, 0.3500000000000157400, 3.749999999999964900 ) ) ;
#467 = ORIENTED_EDGE ( 'NONE', *, *, #495, .F. ) ;
#468 = DIRECTION ( 'NONE',  ( -6.982966722218764100E-015, -1.047445008332814600E-014, -1.000000000000000000 ) ) ;
#469 = PRESENTATION_LAYER_ASSIGNMENT (  '', '', ( #41 ) ) ;
#470 = MECHANICAL_DESIGN_GEOMETRIC_PRESENTATION_REPRESENTATION (  '', ( #42 ), #680 ) ;
#471 = CARTESIAN_POINT ( 'NONE',  ( 4.499999999999960900, -4.310117936385063500E-014, -1.800000000000031600 ) ) ;
#472 = COLOUR_RGB ( '',0.0000000000000000000, 0.0000000000000000000, 0.6274509803921568500 ) ;
#473 = DIRECTION ( 'NONE',  ( -3.491483361109406500E-015, 1.000000000000000000, -1.047445008332812100E-014 ) ) ;
#474 = VECTOR ( 'NONE', #2313, 1000.000000000000000 ) ;
#475 = SURFACE_STYLE_USAGE ( .BOTH. , #774 ) ;
#476 = COLOUR_RGB ( '',0.0000000000000000000, 0.0000000000000000000, 0.6274509803921568500 ) ;
#477 = VECTOR ( 'NONE', #692, 1000.000000000000000 ) ;
#478 = ADVANCED_FACE ( 'NONE', ( #3350 ), #2481, .T. ) ;
#479 = CARTESIAN_POINT ( 'NONE',  ( -4.500000000000000000, -1.571167512499199800E-014, 3.750000000000031100 ) ) ;
#480 = PLANE ( 'NONE',  #637 ) ;
#481 = ORIENTED_EDGE ( 'NONE', *, *, #3171, .F. ) ;
#482 = DIRECTION ( 'NONE',  ( 1.000000000000000000, 3.491483361109333200E-015, -6.982966722218800400E-015 ) ) ;
#483 = CARTESIAN_POINT ( 'NONE',  ( 1.799999999999962700, 5.799999999999980300, 1.249999999999925600 ) ) ;
#484 = DIRECTION ( 'NONE',  ( 4.158684698023564100E-015, -1.000000000000000000, 1.059691071871035400E-014 ) ) ;
#485 = ORIENTED_EDGE ( 'NONE', *, *, #1264, .F. ) ;
#486 = ORIENTED_EDGE ( 'NONE', *, *, #645, .T. ) ;
#487 = PRESENTATION_LAYER_ASSIGNMENT (  '', '', ( #59 ) ) ;
#488 =( NAMED_UNIT ( * ) SI_UNIT ( $, .STERADIAN. ) SOLID_ANGLE_UNIT ( ) );
#489 =( NAMED_UNIT ( * ) PLANE_ANGLE_UNIT ( ) SI_UNIT ( $, .RADIAN. ) );
#490 = VERTEX_POINT ( 'NONE', #2469 ) ;
#491 = VECTOR ( 'NONE', #2781, 1000.000000000000000 ) ;
#492 = ORIENTED_EDGE ( 'NONE', *, *, #2286, .F. ) ;
#493 = CARTESIAN_POINT ( 'NONE',  ( 2.099999999999979700, 3.699999999999997500, 2.749999999999946300 ) ) ;
#494 = STYLED_ITEM ( 'NONE', ( #1751 ), #2950 ) ;
#495 = EDGE_CURVE ( 'NONE', #1826, #3443, #625, .T. ) ;
#496 = DIRECTION ( 'NONE',  ( 3.491483361109406500E-015, -1.000000000000000000, 1.047445008332812100E-014 ) ) ;
#497 = EDGE_CURVE ( 'NONE', #190, #3034, #3896, .T. ) ;
#498 = PLANE ( 'NONE',  #3340 ) ;
#499 = ORIENTED_EDGE ( 'NONE', *, *, #2852, .T. ) ;
#500 =( NAMED_UNIT ( * ) PLANE_ANGLE_UNIT ( ) SI_UNIT ( $, .RADIAN. ) );
#501 =( LENGTH_UNIT ( ) NAMED_UNIT ( * ) SI_UNIT ( .MILLI., .METRE. ) );
#502 = ADVANCED_FACE ( 'NONE', ( #587 ), #939, .T. ) ;
#503 = AXIS2_PLACEMENT_3D ( 'NONE', #827, #811, #543 ) ;
#504 = ORIENTED_EDGE ( 'NONE', *, *, #3701, .T. ) ;
#505 = UNCERTAINTY_MEASURE_WITH_UNIT (LENGTH_MEASURE( 1.000000000000000100E-005 ), #3814, 'distance_accuracy_value', 'NONE');
#506 = LINE ( 'NONE', #2491, #2829 ) ;
#507 = VERTEX_POINT ( 'NONE', #1190 ) ;
#508 = VECTOR ( 'NONE', #2338, 1000.000000000000000 ) ;
#509 = VERTEX_POINT ( 'NONE', #3444 ) ;
#510 = VECTOR ( 'NONE', #1972, 1000.000000000000000 ) ;
#511 = DIRECTION ( 'NONE',  ( 3.491483361109406500E-015, -1.000000000000000000, 1.047445008332812100E-014 ) ) ;
#512 = LINE ( 'NONE', #999, #2172 ) ;
#513 = CARTESIAN_POINT ( 'NONE',  ( -2.600000000000051200, 3.399999999999931500, -1.850000000000017400 ) ) ;
#514 = FILL_AREA_STYLE ('',( #3041 ) ) ;
#515 = LINE ( 'NONE', #1824, #1253 ) ;
#516 = SURFACE_SIDE_STYLE ('',( #3161 ) ) ;
#517 = CARTESIAN_POINT ( 'NONE',  ( 2.099999999999973000, 5.799999999999996300, 2.749999999999923600 ) ) ;
#518 = DIRECTION ( 'NONE',  ( 6.982966722218764100E-015, 1.047445008332814600E-014, 1.000000000000000000 ) ) ;
#519 = MECHANICAL_DESIGN_GEOMETRIC_PRESENTATION_REPRESENTATION (  '', ( #3987 ), #733 ) ;
#520 = PRESENTATION_STYLE_ASSIGNMENT (( #3870 ) ) ;
#521 = EDGE_CURVE ( 'NONE', #1851, #240, #1853, .T. ) ;
#522 = VECTOR ( 'NONE', #3938, 1000.000000000000000 ) ;
#523 = EDGE_CURVE ( 'NONE', #3130, #2372, #2710, .T. ) ;
#524 = SURFACE_STYLE_FILL_AREA ( #2219 ) ;
#525 = SURFACE_STYLE_FILL_AREA ( #2901 ) ;
#526 = CARTESIAN_POINT ( 'NONE',  ( -0.1500000000000617000, 0.3999999999999083200, -4.950000000000001100 ) ) ;
#527 = ADVANCED_FACE ( 'NONE', ( #3445 ), #1526, .F. ) ;
#528 =( NAMED_UNIT ( * ) PLANE_ANGLE_UNIT ( ) SI_UNIT ( $, .RADIAN. ) );
#529 = CARTESIAN_POINT ( 'NONE',  ( -1.200000000000061700, 5.299999999999930500, -2.450000000000047700 ) ) ;
#530 = MECHANICAL_DESIGN_GEOMETRIC_PRESENTATION_REPRESENTATION (  '', ( #3999 ), #750 ) ;
#531 = EDGE_CURVE ( 'NONE', #748, #2076, #3158, .T. ) ;
#532 = SURFACE_STYLE_FILL_AREA ( #4039 ) ;
#533 = LINE ( 'NONE', #466, #2965 ) ;
#534 = ORIENTED_EDGE ( 'NONE', *, *, #872, .F. ) ;
#535 = VERTEX_POINT ( 'NONE', #2096 ) ;
#536 = ORIENTED_EDGE ( 'NONE', *, *, #3098, .T. ) ;
#537 = CARTESIAN_POINT ( 'NONE',  ( -2.600000000000011600, 3.399999999999991000, 3.749999999999982200 ) ) ;
#538 = CARTESIAN_POINT ( 'NONE',  ( -0.1500000000000599500, -0.1000000000000919200, -4.949999999999995700 ) ) ;
#539 = EDGE_LOOP ( 'NONE', ( #2285, #1215, #3579, #3378 ) ) ;
#540 =( LENGTH_UNIT ( ) NAMED_UNIT ( * ) SI_UNIT ( .MILLI., .METRE. ) );
#541 = STYLED_ITEM ( 'NONE', ( #3223 ), #3985 ) ;
#542 =( LENGTH_UNIT ( ) NAMED_UNIT ( * ) SI_UNIT ( .MILLI., .METRE. ) );
#543 = DIRECTION ( 'NONE',  ( 3.491483361109285400E-015, -1.000000000000000000, -6.872784676440098300E-015 ) ) ;
#544 = CARTESIAN_POINT ( 'NONE',  ( 3.099999999999926800, 5.799999999999930500, -3.750000000000083000 ) ) ;
#545 = FILL_AREA_STYLE ('',( #1474 ) ) ;
#546 = SURFACE_SIDE_STYLE ('',( #3527 ) ) ;
#547 = ORIENTED_EDGE ( 'NONE', *, *, #1991, .F. ) ;
#548 = AXIS2_PLACEMENT_3D ( 'NONE', #389, #2593, #716 ) ;
#549 = EDGE_CURVE ( 'NONE', #1107, #388, #1551, .T. ) ;
#550 = DIRECTION ( 'NONE',  ( -3.491483361109406500E-015, 1.000000000000000000, -1.047445008332812100E-014 ) ) ;
#551 = ORIENTED_EDGE ( 'NONE', *, *, #3300, .F. ) ;
#552 = DIRECTION ( 'NONE',  ( 1.000000000000000000, 3.491483361109333600E-015, -6.982966722218800400E-015 ) ) ;
#553 =( LENGTH_UNIT ( ) NAMED_UNIT ( * ) SI_UNIT ( .MILLI., .METRE. ) );
#554 = SURFACE_STYLE_USAGE ( .BOTH. , #271 ) ;
#555 = SURFACE_STYLE_FILL_AREA ( #1302 ) ;
#556 = FILL_AREA_STYLE_COLOUR ( '', #959 ) ;
#557 = FILL_AREA_STYLE ('',( #4075 ) ) ;
#558 = LINE ( 'NONE', #715, #2217 ) ;
#559 = UNCERTAINTY_MEASURE_WITH_UNIT (LENGTH_MEASURE( 1.000000000000000100E-005 ), #259, 'distance_accuracy_value', 'NONE');
#560 = PRESENTATION_LAYER_ASSIGNMENT (  '', '', ( #138 ) ) ;
#561 =( LENGTH_UNIT ( ) NAMED_UNIT ( * ) SI_UNIT ( .MILLI., .METRE. ) );
#562 = VECTOR ( 'NONE', #3872, 1000.000000000000000 ) ;
#563 =( NAMED_UNIT ( * ) PLANE_ANGLE_UNIT ( ) SI_UNIT ( $, .RADIAN. ) );
#564 = DIRECTION ( 'NONE',  ( -3.491483361109406100E-015, 1.000000000000000000, -1.047445008332812100E-014 ) ) ;
#565 = DIRECTION ( 'NONE',  ( 1.000000000000000000, 2.768681912785663400E-015, -6.982966722218792500E-015 ) ) ;
#566 = AXIS2_PLACEMENT_3D ( 'NONE', #55, #1818, #3741 ) ;
#567 =( LENGTH_UNIT ( ) NAMED_UNIT ( * ) SI_UNIT ( .MILLI., .METRE. ) );
#568 =( NAMED_UNIT ( * ) SI_UNIT ( $, .STERADIAN. ) SOLID_ANGLE_UNIT ( ) );
#569 = VECTOR ( 'NONE', #2174, 1000.000000000000000 ) ;
#570 = PRODUCT_DEFINITION_CONTEXT ( 'detailed design', #207, 'design' ) ;
#571 = VECTOR ( 'NONE', #1667, 1000.000000000000000 ) ;
#572 = STYLED_ITEM ( 'NONE', ( #2736 ), #1450 ) ;
#573 = EDGE_CURVE ( 'NONE', #142, #3911, #2297, .T. ) ;
#574 = LINE ( 'NONE', #2536, #1410 ) ;
#575 = EDGE_CURVE ( 'NONE', #2204, #2659, #630, .T. ) ;
#576 = PRESENTATION_STYLE_ASSIGNMENT (( #2436 ) ) ;
#577 = DIRECTION ( 'NONE',  ( 1.000000000000000000, 3.491483361109333600E-015, -6.982966722218800400E-015 ) ) ;
#578 =( NAMED_UNIT ( * ) SI_UNIT ( $, .STERADIAN. ) SOLID_ANGLE_UNIT ( ) );
#579 = DIRECTION ( 'NONE',  ( -3.491483361109406500E-015, 1.000000000000000000, -1.047445008332812100E-014 ) ) ;
#580 = LINE ( 'NONE', #1558, #2237 ) ;
#581 = FILL_AREA_STYLE_COLOUR ( '', #1457 ) ;
#582 = DIRECTION ( 'NONE',  ( -1.000000000000000000, -3.491483361109333200E-015, 6.982966722218800400E-015 ) ) ;
#583 = COLOUR_RGB ( '',0.7529411764705882200, 0.7529411764705882200, 0.7529411764705882200 ) ;
#584 = FACE_OUTER_BOUND ( 'NONE', #3633, .T. ) ;
#585 = STYLED_ITEM ( 'NONE', ( #2877 ), #2007 ) ;
#586 = VERTEX_POINT ( 'NONE', #260 ) ;
#587 = FACE_OUTER_BOUND ( 'NONE', #1522, .T. ) ;
#588 = FACE_OUTER_BOUND ( 'NONE', #2248, .T. ) ;
#589 = VERTEX_POINT ( 'NONE', #3424 ) ;
#590 = EDGE_LOOP ( 'NONE', ( #3559, #697, #1662, #2147 ) ) ;
#591 = ORIENTED_EDGE ( 'NONE', *, *, #1991, .T. ) ;
#592 = ORIENTED_EDGE ( 'NONE', *, *, #1697, .F. ) ;
#593 =( LENGTH_UNIT ( ) NAMED_UNIT ( * ) SI_UNIT ( .MILLI., .METRE. ) );
#594 = DIRECTION ( 'NONE',  ( 6.982966722218763300E-015, 1.059691071871038400E-014, 1.000000000000000000 ) ) ;
#595 =( NAMED_UNIT ( * ) SI_UNIT ( $, .STERADIAN. ) SOLID_ANGLE_UNIT ( ) );
#596 = CARTESIAN_POINT ( 'NONE',  ( 4.049999999999927000, 5.599999999999933900, -3.850000000000088500 ) ) ;
#597 = PRESENTATION_LAYER_ASSIGNMENT (  '', '', ( #167 ) ) ;
#598 = PLANE ( 'NONE',  #2592 ) ;
#599 = ORIENTED_EDGE ( 'NONE', *, *, #2934, .T. ) ;
#600 =( NAMED_UNIT ( * ) PLANE_ANGLE_UNIT ( ) SI_UNIT ( $, .RADIAN. ) );
#601 = EDGE_LOOP ( 'NONE', ( #2105, #1363, #1521, #230, #1713, #3402 ) ) ;
#602 =( GEOMETRIC_REPRESENTATION_CONTEXT ( 3 ) GLOBAL_UNCERTAINTY_ASSIGNED_CONTEXT ( ( #3439 ) ) GLOBAL_UNIT_ASSIGNED_CONTEXT ( ( #777, #2994, #1091 ) ) REPRESENTATION_CONTEXT ( 'NONE', 'WORKASPACE' ) );
#603 = MECHANICAL_DESIGN_GEOMETRIC_PRESENTATION_REPRESENTATION (  '', ( #4062 ), #822 ) ;
#604 = PRESENTATION_STYLE_ASSIGNMENT (( #180 ) ) ;
#605 = SURFACE_STYLE_USAGE ( .BOTH. , #3768 ) ;
#606 =( NAMED_UNIT ( * ) SI_UNIT ( $, .STERADIAN. ) SOLID_ANGLE_UNIT ( ) );
#607 = SURFACE_SIDE_STYLE ('',( #3146 ) ) ;
#608 = LINE ( 'NONE', #3664, #3046 ) ;
#609 = EDGE_LOOP ( 'NONE', ( #2166, #1141, #3337, #116 ) ) ;
#610 = FILL_AREA_STYLE_COLOUR ( '', #3229 ) ;
#611 = CARTESIAN_POINT ( 'NONE',  ( 1.349999999999950800, -7.057354781949900800E-014, -3.350000000000008500 ) ) ;
#612 = FILL_AREA_STYLE_COLOUR ( '', #2332 ) ;
#613 = LINE ( 'NONE', #1597, #2173 ) ;
#614 =( NAMED_UNIT ( * ) SI_UNIT ( $, .STERADIAN. ) SOLID_ANGLE_UNIT ( ) );
#615 =( GEOMETRIC_REPRESENTATION_CONTEXT ( 3 ) GLOBAL_UNCERTAINTY_ASSIGNED_CONTEXT ( ( #2836 ) ) GLOBAL_UNIT_ASSIGNED_CONTEXT ( ( #561, #1216, #1492 ) ) REPRESENTATION_CONTEXT ( 'NONE', 'WORKASPACE' ) );
#616 =( GEOMETRIC_REPRESENTATION_CONTEXT ( 3 ) GLOBAL_UNCERTAINTY_ASSIGNED_CONTEXT ( ( #744 ) ) GLOBAL_UNIT_ASSIGNED_CONTEXT ( ( #22, #3515, #3289 ) ) REPRESENTATION_CONTEXT ( 'NONE', 'WORKASPACE' ) );
#617 = DIRECTION ( 'NONE',  ( 1.000000000000000000, 3.491483361109333200E-015, -6.982966722218800400E-015 ) ) ;
#618 =( NAMED_UNIT ( * ) PLANE_ANGLE_UNIT ( ) SI_UNIT ( $, .RADIAN. ) );
#619 = LINE ( 'NONE', #3604, #3891 ) ;
#620 = FILL_AREA_STYLE_COLOUR ( '', #2853 ) ;
#621 = SURFACE_STYLE_FILL_AREA ( #755 ) ;
#622 = CARTESIAN_POINT ( 'NONE',  ( 0.1499999999999470600, 0.3999999999999219700, -3.750000000000004900 ) ) ;
#623 = DIRECTION ( 'NONE',  ( 3.491483361109406500E-015, -1.000000000000000000, 1.047445008332812100E-014 ) ) ;
#624 = PRESENTATION_LAYER_ASSIGNMENT (  '', '', ( #201 ) ) ;
#625 = LINE ( 'NONE', #1504, #1424 ) ;
#626 = EDGE_CURVE ( 'NONE', #2565, #2309, #1373, .T. ) ;
#627 = LINE ( 'NONE', #3334, #3898 ) ;
#628 = EDGE_LOOP ( 'NONE', ( #1278, #1336, #2003, #3262 ) ) ;
#629 = UNCERTAINTY_MEASURE_WITH_UNIT (LENGTH_MEASURE( 1.000000000000000100E-005 ), #3608, 'distance_accuracy_value', 'NONE');
#630 = LINE ( 'NONE', #2802, #2193 ) ;
#631 = ADVANCED_FACE ( 'NONE', ( #3997 ), #1807, .T. ) ;
#632 = CARTESIAN_POINT ( 'NONE',  ( -3.650000000000039400, 0.3499999999999285300, -1.799999999999978700 ) ) ;
#633 = DIRECTION ( 'NONE',  ( 6.982966722218763300E-015, 1.059691071871038400E-014, 1.000000000000000000 ) ) ;
#634 = CARTESIAN_POINT ( 'NONE',  ( -2.600000000000051200, 3.399999999999931500, -1.850000000000017400 ) ) ;
#635 = VERTEX_POINT ( 'NONE', #2412 ) ;
#636 = FILL_AREA_STYLE_COLOUR ( '', #28 ) ;
#637 = AXIS2_PLACEMENT_3D ( 'NONE', #3972, #2055, #176 ) ;
#638 = FACE_OUTER_BOUND ( 'NONE', #1478, .T. ) ;
#639 = ORIENTED_EDGE ( 'NONE', *, *, #2206, .F. ) ;
#640 = ORIENTED_EDGE ( 'NONE', *, *, #2881, .T. ) ;
#641 = PLANE ( 'NONE',  #1043 ) ;
#642 = PLANE ( 'NONE',  #1959 ) ;
#643 = PLANE ( 'NONE',  #2624 ) ;
#644 = ORIENTED_EDGE ( 'NONE', *, *, #1279, .F. ) ;
#645 = EDGE_CURVE ( 'NONE', #1550, #2462, #3494, .T. ) ;
#646 = STYLED_ITEM ( 'NONE', ( #141 ), #151 ) ;
#647 = ORIENTED_EDGE ( 'NONE', *, *, #2688, .T. ) ;
#648 = SURFACE_SIDE_STYLE ('',( #2535 ) ) ;
#649 = PRESENTATION_STYLE_ASSIGNMENT (( #1746 ) ) ;
#650 = PLANE ( 'NONE',  #1257 ) ;
#651 = ORIENTED_EDGE ( 'NONE', *, *, #2522, .F. ) ;
#652 = PLANE ( 'NONE',  #2296 ) ;
#653 =( GEOMETRIC_REPRESENTATION_CONTEXT ( 3 ) GLOBAL_UNCERTAINTY_ASSIGNED_CONTEXT ( ( #2447 ) ) GLOBAL_UNIT_ASSIGNED_CONTEXT ( ( #540, #2750, #866 ) ) REPRESENTATION_CONTEXT ( 'NONE', 'WORKASPACE' ) );
#654 = DIRECTION ( 'NONE',  ( -1.000000000000000000, -3.491483361109333200E-015, 6.982966722218800400E-015 ) ) ;
#655 = EDGE_CURVE ( 'NONE', #3321, #1343, #2652, .T. ) ;
#656 = CARTESIAN_POINT ( 'NONE',  ( -4.050000000000061100, 3.249999999999910300, -3.450000000000005100 ) ) ;
#657 = DIRECTION ( 'NONE',  ( -1.000000000000000000, -3.491483361109333200E-015, 6.982966722218800400E-015 ) ) ;
#658 = EDGE_CURVE ( 'NONE', #3308, #211, #1079, .T. ) ;
#659 = UNCERTAINTY_MEASURE_WITH_UNIT (LENGTH_MEASURE( 1.000000000000000100E-005 ), #2556, 'distance_accuracy_value', 'NONE');
#660 = ORIENTED_EDGE ( 'NONE', *, *, #2533, .F. ) ;
#661 = VERTEX_POINT ( 'NONE', #2749 ) ;
#662 = DIRECTION ( 'NONE',  ( 6.982966722218763300E-015, 1.059691071871038400E-014, 1.000000000000000000 ) ) ;
#663 = DIRECTION ( 'NONE',  ( 3.491483361109285400E-015, -1.000000000000000000, -6.872784676440098300E-015 ) ) ;
#664 = EDGE_CURVE ( 'NONE', #1517, #993, #2699, .T. ) ;
#665 =( LENGTH_UNIT ( ) NAMED_UNIT ( * ) SI_UNIT ( .MILLI., .METRE. ) );
#666 = LINE ( 'NONE', #2388, #2337 ) ;
#667 =( NAMED_UNIT ( * ) SI_UNIT ( $, .STERADIAN. ) SOLID_ANGLE_UNIT ( ) );
#668 = LINE ( 'NONE', #2612, #1407 ) ;
#669 = COLOUR_RGB ( '',0.0000000000000000000, 0.0000000000000000000, 0.6274509803921568500 ) ;
#670 = CARTESIAN_POINT ( 'NONE',  ( -1.350000000000049400, -8.000055289449420300E-014, -3.349999999999989400 ) ) ;
#671 = PRESENTATION_LAYER_ASSIGNMENT (  '', '', ( #460 ) ) ;
#672 = AXIS2_PLACEMENT_3D ( 'NONE', #2968, #3587, #455 ) ;
#673 = DIRECTION ( 'NONE',  ( -3.491483361109407700E-015, 1.000000000000000000, -1.062796543518447700E-014 ) ) ;
#674 = PLANE ( 'NONE',  #1531 ) ;
#675 = DIRECTION ( 'NONE',  ( 3.231794217999106000E-015, -1.000000000000000000, 1.047445008332812300E-014 ) ) ;
#676 = LINE ( 'NONE', #267, #2353 ) ;
#677 = FILL_AREA_STYLE_COLOUR ( '', #2077 ) ;
#678 = CARTESIAN_POINT ( 'NONE',  ( 3.649999999999935100, 3.249999999999932500, -3.850000000000060000 ) ) ;
#679 = MECHANICAL_DESIGN_GEOMETRIC_PRESENTATION_REPRESENTATION (  '', ( #41 ), #901 ) ;
#680 =( GEOMETRIC_REPRESENTATION_CONTEXT ( 3 ) GLOBAL_UNCERTAINTY_ASSIGNED_CONTEXT ( ( #2577 ) ) GLOBAL_UNIT_ASSIGNED_CONTEXT ( ( #1296, #1111, #62 ) ) REPRESENTATION_CONTEXT ( 'NONE', 'WORKASPACE' ) );
#681 = ORIENTED_EDGE ( 'NONE', *, *, #3926, .F. ) ;
#682 = UNCERTAINTY_MEASURE_WITH_UNIT (LENGTH_MEASURE( 1.000000000000000100E-005 ), #3805, 'distance_accuracy_value', 'NONE');
#683 = FILL_AREA_STYLE_COLOUR ( '', #964 ) ;
#684 = COLOUR_RGB ( '',0.7529411764705882200, 0.7529411764705882200, 0.7529411764705882200 ) ;
#685 = FILL_AREA_STYLE_COLOUR ( '', #1260 ) ;
#686 = VECTOR ( 'NONE', #3312, 1000.000000000000000 ) ;
#687 = ORIENTED_EDGE ( 'NONE', *, *, #1621, .F. ) ;
#688 = ORIENTED_EDGE ( 'NONE', *, *, #3461, .T. ) ;
#689 = EDGE_LOOP ( 'NONE', ( #2627, #242, #1186, #2808 ) ) ;
#690 = CARTESIAN_POINT ( 'NONE',  ( 4.049999999999967000, 5.599999999999994300, 1.799999999999911900 ) ) ;
#691 = ORIENTED_EDGE ( 'NONE', *, *, #2985, .F. ) ;
#692 = DIRECTION ( 'NONE',  ( -3.257061269761190000E-015, 1.000000000000000000, -1.059691071871036000E-014 ) ) ;
#693 =( NAMED_UNIT ( * ) PLANE_ANGLE_UNIT ( ) SI_UNIT ( $, .RADIAN. ) );
#694 = CARTESIAN_POINT ( 'NONE',  ( -4.500000000000000000, -1.571167512499199800E-014, 3.750000000000031100 ) ) ;
#695 =( NAMED_UNIT ( * ) PLANE_ANGLE_UNIT ( ) SI_UNIT ( $, .RADIAN. ) );
#696 = PLANE ( 'NONE',  #548 ) ;
#697 = ORIENTED_EDGE ( 'NONE', *, *, #3155, .T. ) ;
#698 = ORIENTED_EDGE ( 'NONE', *, *, #4088, .F. ) ;
#699 = ORIENTED_EDGE ( 'NONE', *, *, #126, .F. ) ;
#700 = MECHANICAL_DESIGN_GEOMETRIC_PRESENTATION_REPRESENTATION (  '', ( #59 ), #916 ) ;
#701 = LINE ( 'NONE', #67, #2377 ) ;
#702 = DIRECTION ( 'NONE',  ( 4.214284809433077500E-015, -1.000000000000000000, 1.059691071871035400E-014 ) ) ;
#703 = SURFACE_STYLE_FILL_AREA ( #545 ) ;
#704 = CARTESIAN_POINT ( 'NONE',  ( -4.500000000000040900, 0.3499999999999254800, -1.799999999999972700 ) ) ;
#705 = ADVANCED_FACE ( 'NONE', ( #1017, #173 ), #1408, .T. ) ;
#706 = SURFACE_SIDE_STYLE ('',( #1524 ) ) ;
#707 = AXIS2_PLACEMENT_3D ( 'NONE', #302, #2508, #623 ) ;
#708 =( NAMED_UNIT ( * ) PLANE_ANGLE_UNIT ( ) SI_UNIT ( $, .RADIAN. ) );
#709 = EDGE_CURVE ( 'NONE', #1693, #97, #1452, .T. ) ;
#710 = VECTOR ( 'NONE', #3367, 1000.000000000000000 ) ;
#711 = CARTESIAN_POINT ( 'NONE',  ( 4.500000000000000000, 1.571167512499199800E-014, 3.749999999999968500 ) ) ;
#712 = CARTESIAN_POINT ( 'NONE',  ( -3.100000000000000500, -1.074399900644048100E-014, 3.750000000000021800 ) ) ;
#713 = EDGE_CURVE ( 'NONE', #2051, #1475, #3986, .T. ) ;
#714 = ORIENTED_EDGE ( 'NONE', *, *, #1367, .T. ) ;
#715 = CARTESIAN_POINT ( 'NONE',  ( -3.100000000000058300, 2.499999999999912500, -3.450000000000005100 ) ) ;
#716 = DIRECTION ( 'NONE',  ( -3.491483361109406500E-015, 1.000000000000000000, -1.047445008332812100E-014 ) ) ;
#717 = DIRECTION ( 'NONE',  ( 1.000000000000000000, 2.824282024195176700E-015, -6.982966722218793300E-015 ) ) ;
#718 = LINE ( 'NONE', #3209, #2390 ) ;
#719 = PLANE ( 'NONE',  #1735 ) ;
#720 = PRESENTATION_LAYER_ASSIGNMENT (  '', '', ( #287 ) ) ;
#721 = DIRECTION ( 'NONE',  ( 3.491483361109407700E-015, -1.000000000000000000, 1.059691071871035900E-014 ) ) ;
#722 = PLANE ( 'NONE',  #2798 ) ;
#723 = DIRECTION ( 'NONE',  ( -3.491483361109407300E-015, 1.000000000000000000, -1.059691071871036000E-014 ) ) ;
#724 = LINE ( 'NONE', #1398, #2283 ) ;
#725 =( LENGTH_UNIT ( ) NAMED_UNIT ( * ) SI_UNIT ( .MILLI., .METRE. ) );
#726 = DIRECTION ( 'NONE',  ( -6.982966722218764100E-015, -1.047445008332814600E-014, -1.000000000000000000 ) ) ;
#727 = DIRECTION ( 'NONE',  ( -1.000000000000000000, -3.491483361109333200E-015, 6.982966722218800400E-015 ) ) ;
#728 = ADVANCED_FACE ( 'NONE', ( #2284 ), #780, .F. ) ;
#729 = LINE ( 'NONE', #1532, #2287 ) ;
#730 = LINE ( 'NONE', #261, #3990 ) ;
#731 = DIRECTION ( 'NONE',  ( 1.000000000000000000, 3.491483361109333600E-015, -6.982966722218800400E-015 ) ) ;
#732 = CARTESIAN_POINT ( 'NONE',  ( -3.200000000000050800, 3.399999999999929300, -1.850000000000013200 ) ) ;
#733 =( GEOMETRIC_REPRESENTATION_CONTEXT ( 3 ) GLOBAL_UNCERTAINTY_ASSIGNED_CONTEXT ( ( #3388 ) ) GLOBAL_UNIT_ASSIGNED_CONTEXT ( ( #1564, #1545, #1318 ) ) REPRESENTATION_CONTEXT ( 'NONE', 'WORKASPACE' ) );
#734 = LINE ( 'NONE', #1242, #2403 ) ;
#735 = ORIENTED_EDGE ( 'NONE', *, *, #4088, .T. ) ;
#736 = EDGE_CURVE ( 'NONE', #2409, #661, #2747, .T. ) ;
#737 = VECTOR ( 'NONE', #1172, 1000.000000000000000 ) ;
#738 = SURFACE_STYLE_FILL_AREA ( #1871 ) ;
#739 = EDGE_CURVE ( 'NONE', #2629, #915, #3580, .T. ) ;
#740 =( NAMED_UNIT ( * ) SI_UNIT ( $, .STERADIAN. ) SOLID_ANGLE_UNIT ( ) );
#741 = FILL_AREA_STYLE ('',( #2290 ) ) ;
#742 = DIRECTION ( 'NONE',  ( -6.982966722218764100E-015, -1.062796543518450100E-014, -1.000000000000000000 ) ) ;
#743 = ORIENTED_EDGE ( 'NONE', *, *, #1290, .F. ) ;
#744 = UNCERTAINTY_MEASURE_WITH_UNIT (LENGTH_MEASURE( 1.000000000000000100E-005 ), #22, 'distance_accuracy_value', 'NONE');
#745 = SURFACE_STYLE_USAGE ( .BOTH. , #2279 ) ;
#746 = VECTOR ( 'NONE', #249, 1000.000000000000000 ) ;
#747 = VERTEX_POINT ( 'NONE', #2047 ) ;
#748 = VERTEX_POINT ( 'NONE', #2362 ) ;
#749 = CARTESIAN_POINT ( 'NONE',  ( -4.050000000000063800, 3.249999999999905900, -3.850000000000006300 ) ) ;
#750 =( GEOMETRIC_REPRESENTATION_CONTEXT ( 3 ) GLOBAL_UNCERTAINTY_ASSIGNED_CONTEXT ( ( #4095 ) ) GLOBAL_UNIT_ASSIGNED_CONTEXT ( ( #2751, #3166, #3152 ) ) REPRESENTATION_CONTEXT ( 'NONE', 'WORKASPACE' ) );
#751 = EDGE_CURVE ( 'NONE', #747, #1826, #1792, .T. ) ;
#752 = ORIENTED_EDGE ( 'NONE', *, *, #664, .T. ) ;
#753 = DIRECTION ( 'NONE',  ( -2.897399978925569200E-015, 1.000000000000000000, -1.059691071871036300E-014 ) ) ;
#754 = LINE ( 'NONE', #2692, #2317 ) ;
#755 = FILL_AREA_STYLE ('',( #2356 ) ) ;
#756 = CARTESIAN_POINT ( 'NONE',  ( -2.100000000000029400, 3.329999999999967200, 1.249999999999979300 ) ) ;
#757 = EDGE_LOOP ( 'NONE', ( #752, #4101, #2405, #3597 ) ) ;
#758 = SURFACE_STYLE_FILL_AREA ( #1389 ) ;
#759 =( LENGTH_UNIT ( ) NAMED_UNIT ( * ) SI_UNIT ( .MILLI., .METRE. ) );
#760 = AXIS2_PLACEMENT_3D ( 'NONE', #3221, #1331, #3532 ) ;
#761 = CARTESIAN_POINT ( 'NONE',  ( -3.100000000000038700, -6.955685349528310200E-014, -1.799999999999978700 ) ) ;
#762 = ADVANCED_FACE ( 'NONE', ( #1887 ), #3624, .T. ) ;
#763 = STYLED_ITEM ( 'NONE', ( #2184 ), #728 ) ;
#764 = COLOUR_RGB ( '',0.0000000000000000000, 0.0000000000000000000, 0.6274509803921568500 ) ;
#765 = VECTOR ( 'NONE', #1571, 1000.000000000000000 ) ;
#766 = ORIENTED_EDGE ( 'NONE', *, *, #2194, .F. ) ;
#767 = CARTESIAN_POINT ( 'NONE',  ( 3.649999999999927100, 5.599999999999933000, -3.850000000000084900 ) ) ;
#768 = ADVANCED_FACE ( 'NONE', ( #3190, #2346 ), #831, .F. ) ;
#769 = PRESENTATION_LAYER_ASSIGNMENT (  '', '', ( #334 ) ) ;
#770 = EDGE_CURVE ( 'NONE', #4042, #993, #3637, .T. ) ;
#771 = DIRECTION ( 'NONE',  ( 1.000000000000000000, 3.548340084679657800E-015, -6.982966722218801200E-015 ) ) ;
#772 = CARTESIAN_POINT ( 'NONE',  ( 1.799999999999962700, 5.799999999999980300, 1.249999999999925600 ) ) ;
#773 = SURFACE_STYLE_FILL_AREA ( #330 ) ;
#774 = SURFACE_SIDE_STYLE ('',( #621 ) ) ;
#775 = DIRECTION ( 'NONE',  ( -6.982966722218763300E-015, -1.059009831505993400E-014, -1.000000000000000000 ) ) ;
#776 = MECHANICAL_DESIGN_GEOMETRIC_PRESENTATION_REPRESENTATION (  '', ( #138 ), #980 ) ;
#777 =( LENGTH_UNIT ( ) NAMED_UNIT ( * ) SI_UNIT ( .MILLI., .METRE. ) );
#778 = CARTESIAN_POINT ( 'NONE',  ( -2.750000000000020400, 5.799999999999990100, 3.749999999999957800 ) ) ;
#779 = CARTESIAN_POINT ( 'NONE',  ( 1.649999999999950800, -6.952610281116620900E-014, -3.350000000000010300 ) ) ;
#780 = PLANE ( 'NONE',  #2214 ) ;
#781 = PRESENTATION_LAYER_ASSIGNMENT (  '', '', ( #350 ) ) ;
#782 = DIRECTION ( 'NONE',  ( 3.231794217999107200E-015, -1.000000000000000000, 1.059691071871036000E-014 ) ) ;
#783 = SURFACE_STYLE_USAGE ( .BOTH. , #815 ) ;
#784 = VERTEX_POINT ( 'NONE', #129 ) ;
#785 = DIRECTION ( 'NONE',  ( -3.491483361109406500E-015, 1.000000000000000000, -1.047445008332812100E-014 ) ) ;
#786 = LINE ( 'NONE', #1104, #686 ) ;
#787 = ORIENTED_EDGE ( 'NONE', *, *, #1399, .F. ) ;
#788 = ORIENTED_EDGE ( 'NONE', *, *, #314, .T. ) ;
#789 = STYLED_ITEM ( 'NONE', ( #1546 ), #2673 ) ;
#790 = EDGE_CURVE ( 'NONE', #993, #1671, #368, .T. ) ;
#791 = ORIENTED_EDGE ( 'NONE', *, *, #3279, .F. ) ;
#792 = CARTESIAN_POINT ( 'NONE',  ( 3.649999999999965300, 0.3499999999999626200, -1.000000000000029500 ) ) ;
#793 = EDGE_CURVE ( 'NONE', #2758, #1272, #2795, .T. ) ;
#794 = ORIENTED_EDGE ( 'NONE', *, *, #2543, .T. ) ;
#795 = ADVANCED_FACE ( 'NONE', ( #1110 ), #2632, .F. ) ;
#796 = DIRECTION ( 'NONE',  ( -6.982966722218764100E-015, -1.047445008332814600E-014, -1.000000000000000000 ) ) ;
#797 = SURFACE_STYLE_USAGE ( .BOTH. , #1120 ) ;
#798 = ADVANCED_FACE ( 'NONE', ( #826 ), #1142, .F. ) ;
#799 = AXIS2_PLACEMENT_3D ( 'NONE', #444, #425, #2312 ) ;
#800 = CARTESIAN_POINT ( 'NONE',  ( 2.649999999999946600, 4.129999999999949300, -1.850000000000062500 ) ) ;
#801 =( NAMED_UNIT ( * ) SI_UNIT ( $, .STERADIAN. ) SOLID_ANGLE_UNIT ( ) );
#802 = ORIENTED_EDGE ( 'NONE', *, *, #1157, .F. ) ;
#803 = ORIENTED_EDGE ( 'NONE', *, *, #3585, .F. ) ;
#804 = VERTEX_POINT ( 'NONE', #3606 ) ;
#805 = COLOUR_RGB ( '',0.0000000000000000000, 0.0000000000000000000, 0.6274509803921568500 ) ;
#806 = DIRECTION ( 'NONE',  ( -1.000000000000000000, -3.491483361109333600E-015, 6.982966722218800400E-015 ) ) ;
#807 = SURFACE_SIDE_STYLE ('',( #3110 ) ) ;
#808 = LINE ( 'NONE', #678, #1737 ) ;
#809 = CARTESIAN_POINT ( 'NONE',  ( -3.650000000000071900, 5.599999999999907300, -3.850000000000034700 ) ) ;
#810 = SURFACE_STYLE_FILL_AREA ( #3139 ) ;
#811 = DIRECTION ( 'NONE',  ( -6.982966722218824900E-015, 6.872784676440073800E-015, -1.000000000000000000 ) ) ;
#812 =( NAMED_UNIT ( * ) PLANE_ANGLE_UNIT ( ) SI_UNIT ( $, .RADIAN. ) );
#813 = DIRECTION ( 'NONE',  ( 1.000000000000000000, 3.616583611780737800E-015, -6.982966722218802000E-015 ) ) ;
#814 = VECTOR ( 'NONE', #3106, 1000.000000000000000 ) ;
#815 = SURFACE_SIDE_STYLE ('',( #1501 ) ) ;
#816 = PRESENTATION_STYLE_ASSIGNMENT (( #3874 ) ) ;
#817 = MECHANICAL_DESIGN_GEOMETRIC_PRESENTATION_REPRESENTATION (  '', ( #167 ), #1018 ) ;
#818 = PRESENTATION_STYLE_ASSIGNMENT (( #2293 ) ) ;
#819 = UNCERTAINTY_MEASURE_WITH_UNIT (LENGTH_MEASURE( 1.000000000000000100E-005 ), #1958, 'distance_accuracy_value', 'NONE');
#820 = ORIENTED_EDGE ( 'NONE', *, *, #227, .T. ) ;
#821 = DIRECTION ( 'NONE',  ( -3.491483361109406900E-015, 1.000000000000000000, -1.059691071871035900E-014 ) ) ;
#822 =( GEOMETRIC_REPRESENTATION_CONTEXT ( 3 ) GLOBAL_UNCERTAINTY_ASSIGNED_CONTEXT ( ( #1113 ) ) GLOBAL_UNIT_ASSIGNED_CONTEXT ( ( #1909, #1349, #970 ) ) REPRESENTATION_CONTEXT ( 'NONE', 'WORKASPACE' ) );
#823 = FACE_OUTER_BOUND ( 'NONE', #1165, .T. ) ;
#824 = SURFACE_SIDE_STYLE ('',( #3992 ) ) ;
#825 =( LENGTH_UNIT ( ) NAMED_UNIT ( * ) SI_UNIT ( .MILLI., .METRE. ) );
#826 = FACE_OUTER_BOUND ( 'NONE', #982, .T. ) ;
#827 = CARTESIAN_POINT ( 'NONE',  ( 1.349999999999950800, -7.057354781949900800E-014, -3.350000000000008500 ) ) ;
#828 = ORIENTED_EDGE ( 'NONE', *, *, #2420, .T. ) ;
#829 = DIRECTION ( 'NONE',  ( 3.616583611780811900E-015, -1.000000000000000000, 1.059691071871035700E-014 ) ) ;
#830 = FACE_OUTER_BOUND ( 'NONE', #3607, .T. ) ;
#831 = PLANE ( 'NONE',  #672 ) ;
#832 = LINE ( 'NONE', #2981, #3984 ) ;
#833 = CARTESIAN_POINT ( 'NONE',  ( -1.650000000000049200, -8.104799790282701600E-014, -3.349999999999987700 ) ) ;
#834 = VECTOR ( 'NONE', #3734, 1000.000000000000000 ) ;
#835 = CARTESIAN_POINT ( 'NONE',  ( 2.099999999999949500, 3.329999999999949000, -1.850000000000049600 ) ) ;
#836 = FILL_AREA_STYLE_COLOUR ( '', #2407 ) ;
#837 = ORIENTED_EDGE ( 'NONE', *, *, #3971, .T. ) ;
#838 = ORIENTED_EDGE ( 'NONE', *, *, #3915, .T. ) ;
#839 = DIRECTION ( 'NONE',  ( 3.491483361109407700E-015, -1.000000000000000000, 1.059691071871035900E-014 ) ) ;
#840 = STYLED_ITEM ( 'NONE', ( #111 ), #3945 ) ;
#841 = SURFACE_STYLE_USAGE ( .BOTH. , #2721 ) ;
#842 = CARTESIAN_POINT ( 'NONE',  ( 4.499999999999938700, 2.499999999999936100, -3.750000000000058200 ) ) ;
#843 = LINE ( 'NONE', #2175, #2496 ) ;
#844 = CARTESIAN_POINT ( 'NONE',  ( -3.100000000000060500, 2.499999999999909400, -3.750000000000004900 ) ) ;
#845 = LINE ( 'NONE', #3056, #1948 ) ;
#846 = COLOUR_RGB ( '',0.7529411764705882200, 0.7529411764705882200, 0.7529411764705882200 ) ;
#847 = ORIENTED_EDGE ( 'NONE', *, *, #3926, .T. ) ;
#848 = ORIENTED_EDGE ( 'NONE', *, *, #4033, .F. ) ;
#849 = EDGE_LOOP ( 'NONE', ( #2796, #1014, #919, #73 ) ) ;
#850 = ORIENTED_EDGE ( 'NONE', *, *, #2606, .F. ) ;
#851 = ORIENTED_EDGE ( 'NONE', *, *, #99, .T. ) ;
#852 = UNCERTAINTY_MEASURE_WITH_UNIT (LENGTH_MEASURE( 1.000000000000000100E-005 ), #3132, 'distance_accuracy_value', 'NONE');
#853 = MECHANICAL_DESIGN_GEOMETRIC_PRESENTATION_REPRESENTATION (  '', ( #201 ), #1051 ) ;
#854 = EDGE_CURVE ( 'NONE', #1343, #2920, #2953, .T. ) ;
#855 = DIRECTION ( 'NONE',  ( 6.982966722218764100E-015, 1.059691071871038400E-014, 1.000000000000000000 ) ) ;
#856 = EDGE_LOOP ( 'NONE', ( #3035, #3085, #4012, #1676 ) ) ;
#857 = PRESENTATION_LAYER_ASSIGNMENT (  '', '', ( #418 ) ) ;
#858 = ORIENTED_EDGE ( 'NONE', *, *, #1827, .T. ) ;
#859 = COLOUR_RGB ( '',0.7529411764705882200, 0.7529411764705882200, 0.7529411764705882200 ) ;
#860 = VECTOR ( 'NONE', #172, 1000.000000000000000 ) ;
#861 = EDGE_CURVE ( 'NONE', #1904, #1851, #3784, .T. ) ;
#862 = LINE ( 'NONE', #2644, #9 ) ;
#863 = ORIENTED_EDGE ( 'NONE', *, *, #3119, .F. ) ;
#864 = CARTESIAN_POINT ( 'NONE',  ( -3.100000000000058300, 2.499999999999912500, -3.450000000000005100 ) ) ;
#865 = AXIS2_PLACEMENT_3D ( 'NONE', #711, #347, #332 ) ;
#866 =( NAMED_UNIT ( * ) SI_UNIT ( $, .STERADIAN. ) SOLID_ANGLE_UNIT ( ) );
#867 = VECTOR ( 'NONE', #32, 1000.000000000000000 ) ;
#868 = DIRECTION ( 'NONE',  ( -6.982966722218763300E-015, -1.062796543518450100E-014, -1.000000000000000000 ) ) ;
#869 = PLANE ( 'NONE',  #378 ) ;
#870 = UNCERTAINTY_MEASURE_WITH_UNIT (LENGTH_MEASURE( 1.000000000000000100E-005 ), #1703, 'distance_accuracy_value', 'NONE');
#871 = STYLED_ITEM ( 'NONE', ( #3682 ), #1254 ) ;
#872 = EDGE_CURVE ( 'NONE', #2629, #2659, #2087, .T. ) ;
#873 = EDGE_CURVE ( 'NONE', #3443, #2052, #1263, .T. ) ;
#874 = ORIENTED_EDGE ( 'NONE', *, *, #3714, .F. ) ;
#875 = VECTOR ( 'NONE', #3828, 1000.000000000000000 ) ;
#876 = ORIENTED_EDGE ( 'NONE', *, *, #3407, .T. ) ;
#877 = CARTESIAN_POINT ( 'NONE',  ( 2.599999999999976600, 1.549999999999981600, 1.149999999999965700 ) ) ;
#878 = SURFACE_SIDE_STYLE ('',( #532 ) ) ;
#879 =( NAMED_UNIT ( * ) SI_UNIT ( $, .STERADIAN. ) SOLID_ANGLE_UNIT ( ) );
#880 = COLOUR_RGB ( '',0.7529411764705882200, 0.7529411764705882200, 0.7529411764705882200 ) ;
#881 = STYLED_ITEM ( 'NONE', ( #604 ), #1933 ) ;
#882 = COLOUR_RGB ( '',0.7529411764705882200, 0.7529411764705882200, 0.7529411764705882200 ) ;
#883 = EDGE_CURVE ( 'NONE', #2359, #448, #3690, .T. ) ;
#884 = PRESENTATION_STYLE_ASSIGNMENT (( #2643 ) ) ;
#885 = DIRECTION ( 'NONE',  ( 3.491483361109406900E-015, -1.000000000000000000, 1.058857662780028000E-014 ) ) ;
#886 = SURFACE_STYLE_FILL_AREA ( #2927 ) ;
#887 = ORIENTED_EDGE ( 'NONE', *, *, #3185, .F. ) ;
#888 = ORIENTED_EDGE ( 'NONE', *, *, #1303, .F. ) ;
#889 = CARTESIAN_POINT ( 'NONE',  ( -3.100000000000060500, 2.499999999999909400, -3.750000000000004900 ) ) ;
#890 = VECTOR ( 'NONE', #2982, 1000.000000000000000 ) ;
#891 = ORIENTED_EDGE ( 'NONE', *, *, #3418, .T. ) ;
#892 = CARTESIAN_POINT ( 'NONE',  ( -3.650000000000014600, 0.3499999999999663400, 1.800000000000021400 ) ) ;
#893 = ORIENTED_EDGE ( 'NONE', *, *, #1487, .F. ) ;
#894 = UNCERTAINTY_MEASURE_WITH_UNIT (LENGTH_MEASURE( 1.000000000000000100E-005 ), #4056, 'distance_accuracy_value', 'NONE');
#895 =( NAMED_UNIT ( * ) SI_UNIT ( $, .STERADIAN. ) SOLID_ANGLE_UNIT ( ) );
#896 = MECHANICAL_DESIGN_GEOMETRIC_PRESENTATION_REPRESENTATION (  '', ( #460 ), #1097 ) ;
#897 = VERTEX_POINT ( 'NONE', #250 ) ;
#898 = CARTESIAN_POINT ( 'NONE',  ( 4.499999999999929800, 5.799999999999938500, -3.450000000000091700 ) ) ;
#899 = PRESENTATION_LAYER_ASSIGNMENT (  '', '', ( #464 ) ) ;
#900 = ORIENTED_EDGE ( 'NONE', *, *, #2340, .F. ) ;
#901 =( GEOMETRIC_REPRESENTATION_CONTEXT ( 3 ) GLOBAL_UNCERTAINTY_ASSIGNED_CONTEXT ( ( #1527 ) ) GLOBAL_UNIT_ASSIGNED_CONTEXT ( ( #3577, #1679, #3909 ) ) REPRESENTATION_CONTEXT ( 'NONE', 'WORKASPACE' ) );
#902 = FILL_AREA_STYLE_COLOUR ( '', #1125 ) ;
#903 = DIRECTION ( 'NONE',  ( 6.982966722218763300E-015, 1.059691071871038400E-014, 1.000000000000000000 ) ) ;
#904 = ORIENTED_EDGE ( 'NONE', *, *, #2773, .F. ) ;
#905 = CARTESIAN_POINT ( 'NONE',  ( 4.049999999999967000, -0.1000000000000362100, -1.000000000000028600 ) ) ;
#906 = FACE_BOUND ( 'NONE', #3715, .T. ) ;
#907 = DIRECTION ( 'NONE',  ( -1.000000000000000000, -3.491483361109333600E-015, 6.982966722218800400E-015 ) ) ;
#908 = CARTESIAN_POINT ( 'NONE',  ( 2.099999999999969000, 3.699999999999982000, 1.249999999999946000 ) ) ;
#909 = LINE ( 'NONE', #1138, #3419 ) ;
#910 = LINE ( 'NONE', #233, #2575 ) ;
#911 = FACE_OUTER_BOUND ( 'NONE', #1670, .T. ) ;
#912 = CARTESIAN_POINT ( 'NONE',  ( -2.100000000000030700, 3.699999999999966900, 1.249999999999975600 ) ) ;
#913 = COLOUR_RGB ( '',0.0000000000000000000, 0.0000000000000000000, 0.6274509803921568500 ) ;
#914 = CARTESIAN_POINT ( 'NONE',  ( 0.1499999999999508400, -7.476332785283021900E-014, -3.349999999999999600 ) ) ;
#915 = VERTEX_POINT ( 'NONE', #4043 ) ;
#916 =( GEOMETRIC_REPRESENTATION_CONTEXT ( 3 ) GLOBAL_UNCERTAINTY_ASSIGNED_CONTEXT ( ( #3858 ) ) GLOBAL_UNIT_ASSIGNED_CONTEXT ( ( #3916, #3811, #3790 ) ) REPRESENTATION_CONTEXT ( 'NONE', 'WORKASPACE' ) );
#917 = CARTESIAN_POINT ( 'NONE',  ( 1.199999999999938000, 5.299999999999939400, -2.450000000000065000 ) ) ;
#918 = DIRECTION ( 'NONE',  ( 6.982966722218763300E-015, 1.059691071871038400E-014, 1.000000000000000000 ) ) ;
#919 = ORIENTED_EDGE ( 'NONE', *, *, #2395, .F. ) ;
#920 = SURFACE_SIDE_STYLE ('',( #3517 ) ) ;
#921 = LINE ( 'NONE', #3593, #74 ) ;
#922 = PRESENTATION_LAYER_ASSIGNMENT (  '', '', ( #494 ) ) ;
#923 = EDGE_CURVE ( 'NONE', #2500, #3037, #1883, .T. ) ;
#924 = VECTOR ( 'NONE', #3469, 1000.000000000000000 ) ;
#925 = VECTOR ( 'NONE', #3584, 1000.000000000000000 ) ;
#926 = CARTESIAN_POINT ( 'NONE',  ( -3.100000000000001400, 0.3499999999999893800, 3.750000000000017800 ) ) ;
#927 = FILL_AREA_STYLE_COLOUR ( '', #3831 ) ;
#928 = DIRECTION ( 'NONE',  ( 6.982966722218763300E-015, 1.062399521056752400E-014, 1.000000000000000000 ) ) ;
#929 = LINE ( 'NONE', #3757, #85 ) ;
#930 =( LENGTH_UNIT ( ) NAMED_UNIT ( * ) SI_UNIT ( .MILLI., .METRE. ) );
#931 = MECHANICAL_DESIGN_GEOMETRIC_PRESENTATION_REPRESENTATION (  '', ( #287 ), #1140 ) ;
#932 = ORIENTED_EDGE ( 'NONE', *, *, #2545, .T. ) ;
#933 = DIRECTION ( 'NONE',  ( 6.982966722218764100E-015, 1.060997535488883400E-014, 1.000000000000000000 ) ) ;
#934 = LINE ( 'NONE', #1924, #1854 ) ;
#935 = ORIENTED_EDGE ( 'NONE', *, *, #2507, .T. ) ;
#936 = ORIENTED_EDGE ( 'NONE', *, *, #1290, .T. ) ;
#937 = ORIENTED_EDGE ( 'NONE', *, *, #3730, .T. ) ;
#938 = ORIENTED_EDGE ( 'NONE', *, *, #549, .T. ) ;
#939 = PLANE ( 'NONE',  #1256 ) ;
#940 = CARTESIAN_POINT ( 'NONE',  ( 2.649999999999978600, 4.129999999999999000, 2.749999999999937800 ) ) ;
#941 = DIRECTION ( 'NONE',  ( 1.000000000000000000, 3.491483361109333600E-015, -6.982966722218800400E-015 ) ) ;
#942 = CARTESIAN_POINT ( 'NONE',  ( 1.349999999999938400, 0.3999999999999135400, -4.950000000000011700 ) ) ;
#943 = CARTESIAN_POINT ( 'NONE',  ( -2.650000000000053200, 4.129999999999930600, -1.850000000000026100 ) ) ;
#944 = EDGE_CURVE ( 'NONE', #3210, #1517, #2742, .T. ) ;
#945 = VERTEX_POINT ( 'NONE', #544 ) ;
#946 = EDGE_CURVE ( 'NONE', #1999, #2071, #2636, .T. ) ;
#947 = ORIENTED_EDGE ( 'NONE', *, *, #3278, .F. ) ;
#948 = CARTESIAN_POINT ( 'NONE',  ( 2.749999999999979100, 4.129999999999999000, 2.749999999999936900 ) ) ;
#950 = ADVANCED_FACE ( 'NONE', ( #317 ), #869, .F. ) ;
#949 = CARTESIAN_POINT ( 'NONE',  ( 1.349999999999938400, 0.3999999999999135400, -4.950000000000011700 ) ) ;
#951 = CARTESIAN_POINT ( 'NONE',  ( 4.499999999999947600, -6.376515526533588700E-014, -3.750000000000031100 ) ) ;
#952 =( NAMED_UNIT ( * ) PLANE_ANGLE_UNIT ( ) SI_UNIT ( $, .RADIAN. ) );
#953 = LINE ( 'NONE', #1688, #2524 ) ;
#954 = SURFACE_SIDE_STYLE ('',( #1249 ) ) ;
#955 = EDGE_CURVE ( 'NONE', #3540, #2678, #666, .T. ) ;
#956 = DIRECTION ( 'NONE',  ( -6.982966722218763300E-015, -1.060997535488883400E-014, -1.000000000000000000 ) ) ;
#957 = FACE_OUTER_BOUND ( 'NONE', #3355, .T. ) ;
#958 = PRESENTATION_LAYER_ASSIGNMENT (  '', '', ( #541 ) ) ;
#959 = COLOUR_RGB ( '',0.0000000000000000000, 0.0000000000000000000, 0.6274509803921568500 ) ;
#960 = CARTESIAN_POINT ( 'NONE',  ( -4.500000000000060400, 2.499999999999904500, -3.749999999999995600 ) ) ;
#961 = AXIS2_PLACEMENT_3D ( 'NONE', #2997, #2970, #2677 ) ;
#962 =( LENGTH_UNIT ( ) NAMED_UNIT ( * ) SI_UNIT ( .MILLI., .METRE. ) );
#963 = LINE ( 'NONE', #1917, #875 ) ;
#964 = COLOUR_RGB ( '',0.7529411764705882200, 0.7529411764705882200, 0.7529411764705882200 ) ;
#965 = CARTESIAN_POINT ( 'NONE',  ( -0.1500000000000599500, -0.1000000000000919200, -4.949999999999995700 ) ) ;
#966 = VECTOR ( 'NONE', #1121, 1000.000000000000000 ) ;
#967 = DIRECTION ( 'NONE',  ( 1.000000000000000000, 3.491483361109333200E-015, -6.982966722218800400E-015 ) ) ;
#968 = SURFACE_STYLE_USAGE ( .BOTH. , #1619 ) ;
#969 = LINE ( 'NONE', #3786, #1698 ) ;
#970 =( NAMED_UNIT ( * ) SI_UNIT ( $, .STERADIAN. ) SOLID_ANGLE_UNIT ( ) );
#971 = MECHANICAL_DESIGN_GEOMETRIC_PRESENTATION_REPRESENTATION (  '', ( #334 ), #1188 ) ;
#972 = EDGE_CURVE ( 'NONE', #2840, #3020, #3187, .T. ) ;
#973 = LINE ( 'NONE', #529, #2539 ) ;
#974 = VECTOR ( 'NONE', #3370, 1000.000000000000000 ) ;
#975 = FACE_OUTER_BOUND ( 'NONE', #4000, .T. ) ;
#976 = DIRECTION ( 'NONE',  ( 6.982966722218763300E-015, 1.059691071871038400E-014, 1.000000000000000000 ) ) ;
#977 = ORIENTED_EDGE ( 'NONE', *, *, #412, .F. ) ;
#978 = ORIENTED_EDGE ( 'NONE', *, *, #3558, .T. ) ;
#979 = COLOUR_RGB ( '',0.0000000000000000000, 0.0000000000000000000, 0.6274509803921568500 ) ;
#980 =( GEOMETRIC_REPRESENTATION_CONTEXT ( 3 ) GLOBAL_UNCERTAINTY_ASSIGNED_CONTEXT ( ( #1294 ) ) GLOBAL_UNIT_ASSIGNED_CONTEXT ( ( #1806, #4026, #2121 ) ) REPRESENTATION_CONTEXT ( 'NONE', 'WORKASPACE' ) );
#981 = ORIENTED_EDGE ( 'NONE', *, *, #3480, .F. ) ;
#982 = EDGE_LOOP ( 'NONE', ( #3305, #2551, #2661, #2762, #2865, #2972, #96, #847, #935, #1032, #285, #3750, #3019, #3113, #1808, #243 ) ) ;
#983 =( NAMED_UNIT ( * ) SI_UNIT ( $, .STERADIAN. ) SOLID_ANGLE_UNIT ( ) );
#984 = FILL_AREA_STYLE ('',( #1919 ) ) ;
#985 = DIRECTION ( 'NONE',  ( -3.491483361109406900E-015, 1.000000000000000000, -1.059691071871035900E-014 ) ) ;
#986 = EDGE_LOOP ( 'NONE', ( #2969, #2149, #591, #2455 ) ) ;
#987 = UNCERTAINTY_MEASURE_WITH_UNIT (LENGTH_MEASURE( 1.000000000000000100E-005 ), #567, 'distance_accuracy_value', 'NONE');
#988 = DIRECTION ( 'NONE',  ( 6.982966722218763300E-015, 1.059691071871038400E-014, 1.000000000000000000 ) ) ;
#989 = ORIENTED_EDGE ( 'NONE', *, *, #3288, .T. ) ;
#990 = MECHANICAL_DESIGN_GEOMETRIC_PRESENTATION_REPRESENTATION (  '', ( #350 ), #1204 ) ;
#991 = DIRECTION ( 'NONE',  ( -1.000000000000000000, -3.491483361109333600E-015, 6.982966722218800400E-015 ) ) ;
#992 = ORIENTED_EDGE ( 'NONE', *, *, #4015, .T. ) ;
#993 = VERTEX_POINT ( 'NONE', #3670 ) ;
#994 = AXIS2_PLACEMENT_3D ( 'NONE', #917, #3123, #1233 ) ;
#995 = EDGE_CURVE ( 'NONE', #2197, #349, #1405, .T. ) ;
#996 = DIRECTION ( 'NONE',  ( -3.491483361109407300E-015, 1.000000000000000000, -1.060997535488881100E-014 ) ) ;
#997 = PRESENTATION_STYLE_ASSIGNMENT (( #369 ) ) ;
#998 = DIRECTION ( 'NONE',  ( 1.000000000000000000, 2.768681912785663400E-015, -6.982966722218792500E-015 ) ) ;
#999 = CARTESIAN_POINT ( 'NONE',  ( 1.349999999999948100, -7.476332785283029400E-014, -3.750000000000009300 ) ) ;
#1000 = EDGE_CURVE ( 'NONE', #1901, #3306, #3935, .T. ) ;
#1001 = DIRECTION ( 'NONE',  ( -6.982966722218764100E-015, -1.047445008332814600E-014, -1.000000000000000000 ) ) ;
#1002 = SURFACE_SIDE_STYLE ('',( #525 ) ) ;
#1003 = FILL_AREA_STYLE ('',( #46 ) ) ;
#1004 = PRESENTATION_LAYER_ASSIGNMENT (  '', '', ( #585 ) ) ;
#1005 = PLANE ( 'NONE',  #1377 ) ;
#1006 = LINE ( 'NONE', #3745, #1740 ) ;
#1007 = DIRECTION ( 'NONE',  ( 3.491483361109406900E-015, -1.000000000000000000, 1.059691071871035900E-014 ) ) ;
#1008 = LINE ( 'NONE', #306, #166 ) ;
#1009 = PLANE ( 'NONE',  #566 ) ;
#1010 = ORIENTED_EDGE ( 'NONE', *, *, #225, .T. ) ;
#1011 = CARTESIAN_POINT ( 'NONE',  ( 2.649999999999946600, 4.129999999999949300, -1.850000000000062500 ) ) ;
#1012 = LINE ( 'NONE', #27, #2584 ) ;
#1013 = DIRECTION ( 'NONE',  ( 6.982966722218764100E-015, 1.047445008332814600E-014, 1.000000000000000000 ) ) ;
#1014 = ORIENTED_EDGE ( 'NONE', *, *, #2043, .F. ) ;
#1015 = CARTESIAN_POINT ( 'NONE',  ( 1.349999999999951200, -0.1000000000000696900, -3.350000000000009400 ) ) ;
#1016 = VECTOR ( 'NONE', #2277, 1000.000000000000000 ) ;
#1017 = FACE_OUTER_BOUND ( 'NONE', #384, .T. ) ;
#1018 =( GEOMETRIC_REPRESENTATION_CONTEXT ( 3 ) GLOBAL_UNCERTAINTY_ASSIGNED_CONTEXT ( ( #852 ) ) GLOBAL_UNIT_ASSIGNED_CONTEXT ( ( #3132, #3446, #2456 ) ) REPRESENTATION_CONTEXT ( 'NONE', 'WORKASPACE' ) );
#1019 = SURFACE_SIDE_STYLE ('',( #2886 ) ) ;
#1020 = ADVANCED_FACE ( 'NONE', ( #3001 ), #2483, .F. ) ;
#1021 =( LENGTH_UNIT ( ) NAMED_UNIT ( * ) SI_UNIT ( .MILLI., .METRE. ) );
#1022 = SURFACE_STYLE_FILL_AREA ( #2495 ) ;
#1023 = CARTESIAN_POINT ( 'NONE',  ( 2.599999999999988100, 3.400000000000009200, 3.749999999999945800 ) ) ;
#1024 = CARTESIAN_POINT ( 'NONE',  ( -1.800000000000029800, 3.699999999999968200, 1.249999999999973400 ) ) ;
#1025 = SURFACE_STYLE_FILL_AREA ( #3760 ) ;
#1026 = CARTESIAN_POINT ( 'NONE',  ( -4.500000000000040000, 0.3499999999999256500, -1.799999999999972700 ) ) ;
#1027 = ORIENTED_EDGE ( 'NONE', *, *, #2850, .F. ) ;
#1028 = VECTOR ( 'NONE', #3707, 1000.000000000000000 ) ;
#1029 = CARTESIAN_POINT ( 'NONE',  ( -4.500000000000058600, 2.499999999999907600, -3.449999999999994800 ) ) ;
#1030 = PLANE ( 'NONE',  #255 ) ;
#1031 = LINE ( 'NONE', #2333, #188 ) ;
#1032 = ORIENTED_EDGE ( 'NONE', *, *, #335, .T. ) ;
#1033 = ORIENTED_EDGE ( 'NONE', *, *, #110, .T. ) ;
#1034 = CARTESIAN_POINT ( 'NONE',  ( 3.649999999999966600, 5.599999999999991700, 1.799999999999914600 ) ) ;
#1035 = COLOUR_RGB ( '',0.7529411764705882200, 0.7529411764705882200, 0.7529411764705882200 ) ;
#1036 = ORIENTED_EDGE ( 'NONE', *, *, #2728, .T. ) ;
#1037 = ORIENTED_EDGE ( 'NONE', *, *, #2040, .T. ) ;
#1038 = DIRECTION ( 'NONE',  ( 6.982966722218763300E-015, 1.059691071871038400E-014, 1.000000000000000000 ) ) ;
#1039 = DIRECTION ( 'NONE',  ( 6.982966722218764100E-015, 1.047445008332814600E-014, 1.000000000000000000 ) ) ;
#1040 = CARTESIAN_POINT ( 'NONE',  ( -3.100000000000000500, -1.074399900644048100E-014, 3.750000000000021800 ) ) ;
#1041 = UNCERTAINTY_MEASURE_WITH_UNIT (LENGTH_MEASURE( 1.000000000000000100E-005 ), #3059, 'distance_accuracy_value', 'NONE');
#1042 = CARTESIAN_POINT ( 'NONE',  ( -4.500000000000001800, 0.3499999999999842700, 3.750000000000027500 ) ) ;
#1043 = AXIS2_PLACEMENT_3D ( 'NONE', #1889, #11, #2205 ) ;
#1044 = DIRECTION ( 'NONE',  ( 6.982966722218763300E-015, 1.059691071871038400E-014, 1.000000000000000000 ) ) ;
#1045 = VERTEX_POINT ( 'NONE', #3144 ) ;
#1046 = STYLED_ITEM ( 'NONE', ( #3546 ), #527 ) ;
#1047 =( NAMED_UNIT ( * ) PLANE_ANGLE_UNIT ( ) SI_UNIT ( $, .RADIAN. ) );
#1048 = VERTEX_POINT ( 'NONE', #2155 ) ;
#1049 = SURFACE_STYLE_FILL_AREA ( #2389 ) ;
#1050 = SURFACE_STYLE_USAGE ( .BOTH. , #2954 ) ;
#1051 =( GEOMETRIC_REPRESENTATION_CONTEXT ( 3 ) GLOBAL_UNCERTAINTY_ASSIGNED_CONTEXT ( ( #2570 ) ) GLOBAL_UNIT_ASSIGNED_CONTEXT ( ( #2587, #708, #2926 ) ) REPRESENTATION_CONTEXT ( 'NONE', 'WORKASPACE' ) );
#1052 = CARTESIAN_POINT ( 'NONE',  ( 0.1499999999999512000, -0.1000000000000738800, -3.350000000000000500 ) ) ;
#1053 = EDGE_CURVE ( 'NONE', #2367, #289, #1008, .T. ) ;
#1054 = PLANE ( 'NONE',  #3394 ) ;
#1055 = ORIENTED_EDGE ( 'NONE', *, *, #2168, .F. ) ;
#1056 = CARTESIAN_POINT ( 'NONE',  ( -2.750000000000027100, 5.799999999999979400, 2.749999999999957800 ) ) ;
#1057 = FILL_AREA_STYLE ('',( #3895 ) ) ;
#1058 = VECTOR ( 'NONE', #2220, 1000.000000000000000 ) ;
#1059 = MECHANICAL_DESIGN_GEOMETRIC_PRESENTATION_REPRESENTATION (  '', ( #418 ), #1270 ) ;
#1060 = UNCERTAINTY_MEASURE_WITH_UNIT (LENGTH_MEASURE( 1.000000000000000100E-005 ), #2996, 'distance_accuracy_value', 'NONE');
#1061 = VECTOR ( 'NONE', #2138, 1000.000000000000000 ) ;
#1062 = ADVANCED_FACE ( 'NONE', ( #263 ), #238, .T. ) ;
#1063 = DIRECTION ( 'NONE',  ( -1.000000000000000000, -3.491483361109333200E-015, 6.982966722218800400E-015 ) ) ;
#1064 = ORIENTED_EDGE ( 'NONE', *, *, #314, .F. ) ;
#1065 = DIRECTION ( 'NONE',  ( 1.000000000000000000, 3.491483361109333200E-015, -6.982966722218800400E-015 ) ) ;
#1066 = CARTESIAN_POINT ( 'NONE',  ( -1.650000000000061900, 0.3999999999999031000, -4.949999999999991300 ) ) ;
#1067 = CARTESIAN_POINT ( 'NONE',  ( 4.049999999999927000, 5.599999999999933900, -3.850000000000088500 ) ) ;
#1068 = EDGE_CURVE ( 'NONE', #2372, #2320, #718, .T. ) ;
#1069 = PRESENTATION_LAYER_ASSIGNMENT (  '', '', ( #646 ) ) ;
#1070 = CARTESIAN_POINT ( 'NONE',  ( 4.499999999999938700, 2.499999999999936100, -3.750000000000058200 ) ) ;
#1071 = LINE ( 'NONE', #1267, #3389 ) ;
#1072 = DIRECTION ( 'NONE',  ( 6.982966722218763300E-015, 1.059691071871038400E-014, 1.000000000000000000 ) ) ;
#1073 = ADVANCED_FACE ( 'NONE', ( #1537, #3980 ), #2559, .F. ) ;
#1074 = DIRECTION ( 'NONE',  ( -1.000000000000000000, -3.491483361109333600E-015, 6.982966722218801200E-015 ) ) ;
#1075 = AXIS2_PLACEMENT_3D ( 'NONE', #1929, #1691, #1604 ) ;
#1076 = VECTOR ( 'NONE', #3683, 1000.000000000000000 ) ;
#1077 = STYLED_ITEM ( 'NONE', ( #576 ), #2582 ) ;
#1078 = EDGE_CURVE ( 'NONE', #3020, #1333, #1160, .T. ) ;
#1079 = LINE ( 'NONE', #3393, #3397 ) ;
#1080 = SURFACE_STYLE_FILL_AREA ( #1860 ) ;
#1081 = EDGE_CURVE ( 'NONE', #4094, #3069, #3688, .T. ) ;
#1082 = DIRECTION ( 'NONE',  ( 3.491483361109406500E-015, -1.000000000000000000, 1.047445008332812100E-014 ) ) ;
#1083 = ORIENTED_EDGE ( 'NONE', *, *, #1213, .T. ) ;
#1084 = DIRECTION ( 'NONE',  ( -3.491483361109406900E-015, 1.000000000000000000, -1.059691071871035900E-014 ) ) ;
#1085 = EDGE_LOOP ( 'NONE', ( #2516, #3467, #299, #2823 ) ) ;
#1086 = ORIENTED_EDGE ( 'NONE', *, *, #275, .T. ) ;
#1087 = ORIENTED_EDGE ( 'NONE', *, *, #3185, .T. ) ;
#1088 = AXIS2_PLACEMENT_3D ( 'NONE', #1350, #1335, #1321 ) ;
#1089 = VERTEX_POINT ( 'NONE', #2519 ) ;
#1090 = EDGE_CURVE ( 'NONE', #3800, #589, #1881, .T. ) ;
#1091 =( NAMED_UNIT ( * ) SI_UNIT ( $, .STERADIAN. ) SOLID_ANGLE_UNIT ( ) );
#1092 = CARTESIAN_POINT ( 'NONE',  ( 2.099999999999949500, 3.329999999999949000, -1.850000000000049600 ) ) ;
#1093 = VERTEX_POINT ( 'NONE', #2492 ) ;
#1094 = CARTESIAN_POINT ( 'NONE',  ( 3.099999999999999200, 0.3500000000000110800, 3.749999999999974700 ) ) ;
#1095 = ORIENTED_EDGE ( 'NONE', *, *, #2773, .T. ) ;
#1096 = DIRECTION ( 'NONE',  ( -3.491483361109406100E-015, 1.000000000000000000, -1.047445008332812100E-014 ) ) ;
#1097 =( GEOMETRIC_REPRESENTATION_CONTEXT ( 3 ) GLOBAL_UNCERTAINTY_ASSIGNED_CONTEXT ( ( #1041 ) ) GLOBAL_UNIT_ASSIGNED_CONTEXT ( ( #3059, #1153, #3361 ) ) REPRESENTATION_CONTEXT ( 'NONE', 'WORKASPACE' ) );
#1098 = LINE ( 'NONE', #1316, #2672 ) ;
#1099 = FILL_AREA_STYLE ('',( #3657 ) ) ;
#1100 = MECHANICAL_DESIGN_GEOMETRIC_PRESENTATION_REPRESENTATION (  '', ( #464 ), #1310 ) ;
#1101 = VECTOR ( 'NONE', #273, 1000.000000000000000 ) ;
#1102 =( NAMED_UNIT ( * ) PLANE_ANGLE_UNIT ( ) SI_UNIT ( $, .RADIAN. ) );
#1103 = FILL_AREA_STYLE ('',( #3958 ) ) ;
#1104 = CARTESIAN_POINT ( 'NONE',  ( 0.1499999999999480600, -7.895310788616149200E-014, -3.750000000000000900 ) ) ;
#1105 = CARTESIAN_POINT ( 'NONE',  ( -2.100000000000056000, 4.779999999999932700, -1.850000000000036500 ) ) ;
#1106 = CARTESIAN_POINT ( 'NONE',  ( -4.050000000000032700, -0.1000000000000644800, -0.9999999999999713600 ) ) ;
#1107 = VERTEX_POINT ( 'NONE', #3182 ) ;
#1108 = LINE ( 'NONE', #761, #265 ) ;
#1109 = UNCERTAINTY_MEASURE_WITH_UNIT (LENGTH_MEASURE( 1.000000000000000100E-005 ), #3867, 'distance_accuracy_value', 'NONE');
#1110 = FACE_OUTER_BOUND ( 'NONE', #4003, .T. ) ;
#1111 =( NAMED_UNIT ( * ) PLANE_ANGLE_UNIT ( ) SI_UNIT ( $, .RADIAN. ) );
#1112 = LINE ( 'NONE', #3890, #3535 ) ;
#1113 = UNCERTAINTY_MEASURE_WITH_UNIT (LENGTH_MEASURE( 1.000000000000000100E-005 ), #1909, 'distance_accuracy_value', 'NONE');
#1114 =( LENGTH_UNIT ( ) NAMED_UNIT ( * ) SI_UNIT ( .MILLI., .METRE. ) );
#1115 = STYLED_ITEM ( 'NONE', ( #2679 ), #3869 ) ;
#1116 = CARTESIAN_POINT ( 'NONE',  ( 4.049999999999984700, 0.3499999999999934800, 1.799999999999967600 ) ) ;
#1117 = CARTESIAN_POINT ( 'NONE',  ( 4.499999999999940500, 2.499999999999938700, -3.450000000000057000 ) ) ;
#1118 = FACE_OUTER_BOUND ( 'NONE', #1196, .T. ) ;
#1119 = CARTESIAN_POINT ( 'NONE',  ( 3.199999999999946900, 4.129999999999951000, -1.850000000000066900 ) ) ;
#1120 = SURFACE_SIDE_STYLE ('',( #758 ) ) ;
#1121 = DIRECTION ( 'NONE',  ( -3.751172504219707800E-015, 1.000000000000000000, -1.059691071871035700E-014 ) ) ;
#1122 = ADVANCED_FACE ( 'NONE', ( #1978 ), #2509, .F. ) ;
#1123 = LINE ( 'NONE', #1833, #2804 ) ;
#1124 = ORIENTED_EDGE ( 'NONE', *, *, #1214, .F. ) ;
#1125 = COLOUR_RGB ( '',0.7529411764705882200, 0.7529411764705882200, 0.7529411764705882200 ) ;
#1126 = COLOUR_RGB ( '',0.7529411764705882200, 0.7529411764705882200, 0.7529411764705882200 ) ;
#1127 = COLOUR_RGB ( '',0.7529411764705882200, 0.7529411764705882200, 0.7529411764705882200 ) ;
#1128 = ORIENTED_EDGE ( 'NONE', *, *, #1618, .F. ) ;
#1129 = ORIENTED_EDGE ( 'NONE', *, *, #1489, .T. ) ;
#1130 = MECHANICAL_DESIGN_GEOMETRIC_PRESENTATION_REPRESENTATION (  '', ( #494 ), #1346 ) ;
#1131 = EDGE_CURVE ( 'NONE', #349, #1503, #311, .T. ) ;
#1132 = VERTEX_POINT ( 'NONE', #656 ) ;
#1133 = VECTOR ( 'NONE', #2371, 1000.000000000000000 ) ;
#1134 = SURFACE_STYLE_USAGE ( .BOTH. , #3038 ) ;
#1135 = EDGE_LOOP ( 'NONE', ( #1858, #1624, #788, #467, #2585, #1557, #863, #2706, #105, #2986, #691, #1281, #2723, #651, #1507, #2457, #1764, #2992, #1566, #3093 ) ) ;
#1136 =( LENGTH_UNIT ( ) NAMED_UNIT ( * ) SI_UNIT ( .MILLI., .METRE. ) );
#1137 = DIRECTION ( 'NONE',  ( 3.491483361109406900E-015, -1.000000000000000000, 1.059691071871035900E-014 ) ) ;
#1138 = CARTESIAN_POINT ( 'NONE',  ( 1.649999999999948000, -7.371588284449748200E-014, -3.750000000000011100 ) ) ;
#1139 = PLANE ( 'NONE',  #2350 ) ;
#1140 =( GEOMETRIC_REPRESENTATION_CONTEXT ( 3 ) GLOBAL_UNCERTAINTY_ASSIGNED_CONTEXT ( ( #1580 ) ) GLOBAL_UNIT_ASSIGNED_CONTEXT ( ( #1409, #165, #614 ) ) REPRESENTATION_CONTEXT ( 'NONE', 'WORKASPACE' ) );
#1141 = ORIENTED_EDGE ( 'NONE', *, *, #2760, .F. ) ;
#1142 = PLANE ( 'NONE',  #3217 ) ;
#1143 = UNCERTAINTY_MEASURE_WITH_UNIT (LENGTH_MEASURE( 1.000000000000000100E-005 ), #501, 'distance_accuracy_value', 'NONE');
#1144 = ORIENTED_EDGE ( 'NONE', *, *, #3988, .F. ) ;
#1145 = VECTOR ( 'NONE', #1038, 1000.000000000000000 ) ;
#1146 = ADVANCED_FACE ( 'NONE', ( #3184 ), #643, .F. ) ;
#1147 =( LENGTH_UNIT ( ) NAMED_UNIT ( * ) SI_UNIT ( .MILLI., .METRE. ) );
#1148 = ORIENTED_EDGE ( 'NONE', *, *, #3364, .F. ) ;
#1149 = DIRECTION ( 'NONE',  ( 3.491483361109406500E-015, -1.000000000000000000, 1.047445008332812100E-014 ) ) ;
#1150 = VECTOR ( 'NONE', #2975, 1000.000000000000000 ) ;
#1151 = DIRECTION ( 'NONE',  ( 6.982966722218763300E-015, 1.059691071871038400E-014, 1.000000000000000000 ) ) ;
#1152 = CARTESIAN_POINT ( 'NONE',  ( -2.100000000000056000, 4.779999999999932700, -1.850000000000036500 ) ) ;
#1153 =( NAMED_UNIT ( * ) PLANE_ANGLE_UNIT ( ) SI_UNIT ( $, .RADIAN. ) );
#1154 = CARTESIAN_POINT ( 'NONE',  ( 2.099999999999972100, 3.329999999999982300, 1.249999999999950000 ) ) ;
#1155 = STYLED_ITEM ( 'NONE', ( #4024 ), #1146 ) ;
#1156 = ORIENTED_EDGE ( 'NONE', *, *, #1779, .T. ) ;
#1157 = EDGE_CURVE ( 'NONE', #157, #1964, #3731, .T. ) ;
#1158 = COLOUR_RGB ( '',0.0000000000000000000, 0.0000000000000000000, 0.6274509803921568500 ) ;
#1159 = EDGE_CURVE ( 'NONE', #2204, #1272, #2891, .T. ) ;
#1160 = LINE ( 'NONE', #2898, #2841 ) ;
#1161 = CARTESIAN_POINT ( 'NONE',  ( -3.100000000000060500, 2.499999999999909400, -3.750000000000004900 ) ) ;
#1162 = DIRECTION ( 'NONE',  ( -1.000000000000000000, -3.491483361109333600E-015, 6.982966722218800400E-015 ) ) ;
#1163 = VECTOR ( 'NONE', #775, 1000.000000000000000 ) ;
#1164 = STYLED_ITEM ( 'NONE', ( #1973 ), #1718 ) ;
#1165 = EDGE_LOOP ( 'NONE', ( #3551, #170, #1727, #3410, #1195, #3740 ) ) ;
#1166 = UNCERTAINTY_MEASURE_WITH_UNIT (LENGTH_MEASURE( 1.000000000000000100E-005 ), #2349, 'distance_accuracy_value', 'NONE');
#1167 = ADVANCED_FACE ( 'NONE', ( #2788 ), #3894, .F. ) ;
#1168 = EDGE_CURVE ( 'NONE', #1468, #2360, #2478, .T. ) ;
#1169 = LINE ( 'NONE', #3151, #1891 ) ;
#1170 = ADVANCED_FACE ( 'NONE', ( #911 ), #2591, .F. ) ;
#1171 = FILL_AREA_STYLE ('',( #216 ) ) ;
#1172 = DIRECTION ( 'NONE',  ( 1.000000000000000000, 3.491483361109333200E-015, -6.982966722218800400E-015 ) ) ;
#1173 = SURFACE_STYLE_FILL_AREA ( #8 ) ;
#1174 = CARTESIAN_POINT ( 'NONE',  ( -4.050000000000032700, 5.599999999999965900, 1.799999999999968300 ) ) ;
#1175 = MECHANICAL_DESIGN_GEOMETRIC_PRESENTATION_REPRESENTATION (  '', ( #541 ), #1390 ) ;
#1176 = DIRECTION ( 'NONE',  ( 1.000000000000000000, 3.491483361109333200E-015, -6.982966722218800400E-015 ) ) ;
#1177 =( NAMED_UNIT ( * ) SI_UNIT ( $, .STERADIAN. ) SOLID_ANGLE_UNIT ( ) );
#1178 = LINE ( 'NONE', #2157, #331 ) ;
#1179 =( LENGTH_UNIT ( ) NAMED_UNIT ( * ) SI_UNIT ( .MILLI., .METRE. ) );
#1180 = PRESENTATION_LAYER_ASSIGNMENT (  '', '', ( #763 ) ) ;
#1181 = COLOUR_RGB ( '',0.0000000000000000000, 0.0000000000000000000, 0.6274509803921568500 ) ;
#1182 = PRESENTATION_STYLE_ASSIGNMENT (( #3940 ) ) ;
#1183 = ORIENTED_EDGE ( 'NONE', *, *, #3407, .F. ) ;
#1184 = VECTOR ( 'NONE', #1686, 1000.000000000000000 ) ;
#1185 = SURFACE_STYLE_FILL_AREA ( #3291 ) ;
#1186 = ORIENTED_EDGE ( 'NONE', *, *, #575, .T. ) ;
#1187 = VERTEX_POINT ( 'NONE', #1024 ) ;
#1188 =( GEOMETRIC_REPRESENTATION_CONTEXT ( 3 ) GLOBAL_UNCERTAINTY_ASSIGNED_CONTEXT ( ( #375 ) ) GLOBAL_UNIT_ASSIGNED_CONTEXT ( ( #3525, #1625, #3853 ) ) REPRESENTATION_CONTEXT ( 'NONE', 'WORKASPACE' ) );
#1189 = EDGE_CURVE ( 'NONE', #1955, #2359, #3051, .T. ) ;
#1190 = CARTESIAN_POINT ( 'NONE',  ( -4.050000000000014900, 0.3499999999999648900, 1.800000000000024000 ) ) ;
#1191 = PLANE ( 'NONE',  #2895 ) ;
#1192 = CARTESIAN_POINT ( 'NONE',  ( -1.200000000000056400, 3.799999999999930500, -2.450000000000032200 ) ) ;
#1193 =( NAMED_UNIT ( * ) PLANE_ANGLE_UNIT ( ) SI_UNIT ( $, .RADIAN. ) );
#1194 = VECTOR ( 'NONE', #2709, 1000.000000000000000 ) ;
#1195 = ORIENTED_EDGE ( 'NONE', *, *, #655, .T. ) ;
#1196 = EDGE_LOOP ( 'NONE', ( #3756, #893, #850, #1760 ) ) ;
#1197 = PRODUCT ( 'SM03B-ZESS', 'SM03B-ZESS', '', ( #2086 ) ) ;
#1198 = COLOUR_RGB ( '',0.0000000000000000000, 0.0000000000000000000, 0.6274509803921568500 ) ;
#1199 = CARTESIAN_POINT ( 'NONE',  ( 1.199999999999943300, 3.799999999999939900, -2.450000000000049500 ) ) ;
#1200 = LINE ( 'NONE', #3942, #354 ) ;
#1201 = ORIENTED_EDGE ( 'NONE', *, *, #495, .T. ) ;
#1202 = DIRECTION ( 'NONE',  ( 3.491483361109406500E-015, -1.000000000000000000, 1.047445008332812100E-014 ) ) ;
#1203 = CARTESIAN_POINT ( 'NONE',  ( -2.100000000000051200, 3.329999999999934300, -1.850000000000020100 ) ) ;
#1204 =( GEOMETRIC_REPRESENTATION_CONTEXT ( 3 ) GLOBAL_UNCERTAINTY_ASSIGNED_CONTEXT ( ( #2810 ) ) GLOBAL_UNIT_ASSIGNED_CONTEXT ( ( #1553, #2134, #1529 ) ) REPRESENTATION_CONTEXT ( 'NONE', 'WORKASPACE' ) );
#1205 = CARTESIAN_POINT ( 'NONE',  ( -3.650000000000032800, 5.599999999999965000, 1.799999999999965600 ) ) ;
#1206 = PRESENTATION_STYLE_ASSIGNMENT (( #1207 ) ) ;
#1207 = SURFACE_STYLE_USAGE ( .BOTH. , #1019 ) ;
#1208 =( LENGTH_UNIT ( ) NAMED_UNIT ( * ) SI_UNIT ( .MILLI., .METRE. ) );
#1209 = SURFACE_SIDE_STYLE ('',( #703 ) ) ;
#1210 = VECTOR ( 'NONE', #1977, 1000.000000000000000 ) ;
#1211 = SURFACE_STYLE_FILL_AREA ( #3589 ) ;
#1212 = PRESENTATION_LAYER_ASSIGNMENT (  '', '', ( #789 ) ) ;
#1213 = EDGE_CURVE ( 'NONE', #3400, #3878, #512, .T. ) ;
#1214 = EDGE_CURVE ( 'NONE', #143, #124, #2944, .T. ) ;
#1215 = ORIENTED_EDGE ( 'NONE', *, *, #3193, .T. ) ;
#1216 =( NAMED_UNIT ( * ) PLANE_ANGLE_UNIT ( ) SI_UNIT ( $, .RADIAN. ) );
#1217 = LINE ( 'NONE', #1989, #474 ) ;
#1218 = VECTOR ( 'NONE', #2326, 1000.000000000000000 ) ;
#1219 = DIRECTION ( 'NONE',  ( 1.000000000000000000, 3.491483361109333200E-015, -6.982966722218800400E-015 ) ) ;
#1220 = PLANE ( 'NONE',  #994 ) ;
#1221 = FILL_AREA_STYLE_COLOUR ( '', #2028 ) ;
#1222 = VECTOR ( 'NONE', #3763, 1000.000000000000000 ) ;
#1223 = LINE ( 'NONE', #2616, #1016 ) ;
#1224 = MECHANICAL_DESIGN_GEOMETRIC_PRESENTATION_REPRESENTATION (  '', ( #585 ), #1432 ) ;
#1225 = ORIENTED_EDGE ( 'NONE', *, *, #3079, .F. ) ;
#1226 = ORIENTED_EDGE ( 'NONE', *, *, #2107, .F. ) ;
#1227 = DIRECTION ( 'NONE',  ( 1.000000000000000000, 3.491483361109333200E-015, -6.982966722218800400E-015 ) ) ;
#1228 = FILL_AREA_STYLE_COLOUR ( '', #3199 ) ;
#1229 = VERTEX_POINT ( 'NONE', #712 ) ;
#1230 = PLANE ( 'NONE',  #2848 ) ;
#1231 = FILL_AREA_STYLE_COLOUR ( '', #3794 ) ;
#1232 = ORIENTED_EDGE ( 'NONE', *, *, #1368, .F. ) ;
#1233 = DIRECTION ( 'NONE',  ( 3.491483361109406900E-015, -1.000000000000000000, 1.059691071871035900E-014 ) ) ;
#1234 = VERTEX_POINT ( 'NONE', #374 ) ;
#1235 = LINE ( 'NONE', #3082, #387 ) ;
#1236 = ORIENTED_EDGE ( 'NONE', *, *, #3380, .F. ) ;
#1237 =( LENGTH_UNIT ( ) NAMED_UNIT ( * ) SI_UNIT ( .MILLI., .METRE. ) );
#1238 = CARTESIAN_POINT ( 'NONE',  ( 4.499999999999960900, -4.310117936385063500E-014, -1.800000000000031600 ) ) ;
#1239 = UNCERTAINTY_MEASURE_WITH_UNIT (LENGTH_MEASURE( 1.000000000000000100E-005 ), #1271, 'distance_accuracy_value', 'NONE');
#1240 = ORIENTED_EDGE ( 'NONE', *, *, #3483, .T. ) ;
#1241 =( NAMED_UNIT ( * ) PLANE_ANGLE_UNIT ( ) SI_UNIT ( $, .RADIAN. ) );
#1242 = CARTESIAN_POINT ( 'NONE',  ( 3.099999999999938400, 2.499999999999931200, -3.750000000000048400 ) ) ;
#1243 =( NAMED_UNIT ( * ) SI_UNIT ( $, .STERADIAN. ) SOLID_ANGLE_UNIT ( ) );
#1244 = CARTESIAN_POINT ( 'NONE',  ( -3.650000000000032800, 5.599999999999966800, 1.799999999999965600 ) ) ;
#1245 = LINE ( 'NONE', #2937, #3561 ) ;
#1246 = EDGE_LOOP ( 'NONE', ( #2264, #2809, #1388, #802 ) ) ;
#1247 = SURFACE_SIDE_STYLE ('',( #810 ) ) ;
#1248 = FILL_AREA_STYLE ('',( #2821 ) ) ;
#1249 = SURFACE_STYLE_FILL_AREA ( #2847 ) ;
#1250 = LINE ( 'NONE', #2079, #3677 ) ;
#1251 = VECTOR ( 'NONE', #424, 1000.000000000000000 ) ;
#1252 = PRESENTATION_LAYER_ASSIGNMENT (  '', '', ( #840 ) ) ;
#1253 = VECTOR ( 'NONE', #3102, 1000.000000000000000 ) ;
#1254 = ADVANCED_FACE ( 'NONE', ( #1358 ), #1649, .F. ) ;
#1255 = CARTESIAN_POINT ( 'NONE',  ( -0.1500000000000519300, -8.000055289449427900E-014, -3.749999999999999100 ) ) ;
#1256 = AXIS2_PLACEMENT_3D ( 'NONE', #1829, #2131, #3381 ) ;
#1257 = AXIS2_PLACEMENT_3D ( 'NONE', #264, #4063, #4035 ) ;
#1258 = CARTESIAN_POINT ( 'NONE',  ( 2.599999999999954800, 1.549999999999950300, -1.850000000000034700 ) ) ;
#1259 = DIRECTION ( 'NONE',  ( -6.982966722218764100E-015, -1.047445008332814600E-014, -1.000000000000000000 ) ) ;
#1260 = COLOUR_RGB ( '',0.0000000000000000000, 0.0000000000000000000, 0.6274509803921568500 ) ;
#1261 = CARTESIAN_POINT ( 'NONE',  ( 1.349999999999939900, -0.1000000000000866700, -4.950000000000006400 ) ) ;
#1262 = CARTESIAN_POINT ( 'NONE',  ( -0.1500000000000487900, -0.1000000000000749300, -3.349999999999998800 ) ) ;
#1263 = LINE ( 'NONE', #1434, #1163 ) ;
#1264 = EDGE_CURVE ( 'NONE', #388, #3687, #2998, .T. ) ;
#1265 = COLOUR_RGB ( '',0.0000000000000000000, 0.0000000000000000000, 0.6274509803921568500 ) ;
#1266 = SURFACE_STYLE_USAGE ( .BOTH. , #322 ) ;
#1267 = CARTESIAN_POINT ( 'NONE',  ( 4.500000000000000000, 1.571167512499199800E-014, 3.749999999999968500 ) ) ;
#1268 = CARTESIAN_POINT ( 'NONE',  ( -1.200000000000061700, 5.299999999999930500, -2.450000000000047700 ) ) ;
#1269 = ADVANCED_FACE ( 'NONE', ( #1798 ), #3822, .T. ) ;
#1270 =( GEOMETRIC_REPRESENTATION_CONTEXT ( 3 ) GLOBAL_UNCERTAINTY_ASSIGNED_CONTEXT ( ( #3488 ) ) GLOBAL_UNIT_ASSIGNED_CONTEXT ( ( #3346, #1444, #3665 ) ) REPRESENTATION_CONTEXT ( 'NONE', 'WORKASPACE' ) );
#1271 =( LENGTH_UNIT ( ) NAMED_UNIT ( * ) SI_UNIT ( .MILLI., .METRE. ) );
#1272 = VERTEX_POINT ( 'NONE', #2890 ) ;
#1273 = FILL_AREA_STYLE ('',( #1878 ) ) ;
#1274 = CARTESIAN_POINT ( 'NONE',  ( 1.649999999999951300, -0.1000000000000686500, -3.350000000000010700 ) ) ;
#1275 = VECTOR ( 'NONE', #903, 1000.000000000000000 ) ;
#1276 = LINE ( 'NONE', #4007, #2964 ) ;
#1277 = FACE_OUTER_BOUND ( 'NONE', #3614, .T. ) ;
#1278 = ORIENTED_EDGE ( 'NONE', *, *, #770, .F. ) ;
#1279 = EDGE_CURVE ( 'NONE', #915, #2758, #2682, .T. ) ;
#1280 = ORIENTED_EDGE ( 'NONE', *, *, #1690, .F. ) ;
#1281 = ORIENTED_EDGE ( 'NONE', *, *, #3326, .F. ) ;
#1282 = MECHANICAL_DESIGN_GEOMETRIC_PRESENTATION_REPRESENTATION (  '', ( #646 ), #1481 ) ;
#1283 = DIRECTION ( 'NONE',  ( 6.982966722218763300E-015, 1.059691071871038400E-014, 1.000000000000000000 ) ) ;
#1284 =( NAMED_UNIT ( * ) SI_UNIT ( $, .STERADIAN. ) SOLID_ANGLE_UNIT ( ) );
#1285 = CARTESIAN_POINT ( 'NONE',  ( -2.600000000000044500, 1.549999999999931400, -1.849999999999998300 ) ) ;
#1286 = PRESENTATION_LAYER_ASSIGNMENT (  '', '', ( #871 ) ) ;
#1287 = FILL_AREA_STYLE ('',( #2517 ) ) ;
#1288 = AXIS2_PLACEMENT_3D ( 'NONE', #1174, #3383, #1482 ) ;
#1289 = CARTESIAN_POINT ( 'NONE',  ( -4.500000000000040900, 0.3499999999999254800, -1.799999999999972700 ) ) ;
#1290 = EDGE_CURVE ( 'NONE', #1433, #535, #1831, .T. ) ;
#1291 = FILL_AREA_STYLE ('',( #2958 ) ) ;
#1292 = EDGE_CURVE ( 'NONE', #3073, #1921, #1006, .T. ) ;
#1293 = ADVANCED_FACE ( 'NONE', ( #65 ), #3721, .F. ) ;
#1294 = UNCERTAINTY_MEASURE_WITH_UNIT (LENGTH_MEASURE( 1.000000000000000100E-005 ), #1806, 'distance_accuracy_value', 'NONE');
#1295 = ORIENTED_EDGE ( 'NONE', *, *, #1563, .F. ) ;
#1296 =( LENGTH_UNIT ( ) NAMED_UNIT ( * ) SI_UNIT ( .MILLI., .METRE. ) );
#1297 = PRESENTATION_LAYER_ASSIGNMENT (  '', '', ( #881 ) ) ;
#1298 = LINE ( 'NONE', #479, #1401 ) ;
#1299 = CARTESIAN_POINT ( 'NONE',  ( -1.350000000000053400, 0.3999999999999167000, -3.749999999999994700 ) ) ;
#1300 = VECTOR ( 'NONE', #468, 1000.000000000000000 ) ;
#1301 = ORIENTED_EDGE ( 'NONE', *, *, #2852, .F. ) ;
#1302 = FILL_AREA_STYLE ('',( #3181 ) ) ;
#1303 = EDGE_CURVE ( 'NONE', #3749, #2051, #1446, .T. ) ;
#1304 = CARTESIAN_POINT ( 'NONE',  ( -2.100000000000051200, 3.329999999999934300, -1.850000000000020100 ) ) ;
#1305 = LINE ( 'NONE', #3218, #765 ) ;
#1306 = CARTESIAN_POINT ( 'NONE',  ( -1.200000000000035900, 5.299999999999970500, 1.249999999999951600 ) ) ;
#1307 = SURFACE_STYLE_FILL_AREA ( #1057 ) ;
#1308 = PRESENTATION_STYLE_ASSIGNMENT (( #2569 ) ) ;
#1309 = CARTESIAN_POINT ( 'NONE',  ( 4.049999999999986500, -0.1000000000000068900, 1.799999999999972500 ) ) ;
#1310 =( GEOMETRIC_REPRESENTATION_CONTEXT ( 3 ) GLOBAL_UNCERTAINTY_ASSIGNED_CONTEXT ( ( #1060 ) ) GLOBAL_UNIT_ASSIGNED_CONTEXT ( ( #2996, #2647, #1385 ) ) REPRESENTATION_CONTEXT ( 'NONE', 'WORKASPACE' ) );
#1311 = CARTESIAN_POINT ( 'NONE',  ( -2.100000000000030700, 3.699999999999966900, 1.249999999999975600 ) ) ;
#1312 = LINE ( 'NONE', #1630, #3004 ) ;
#1313 = VECTOR ( 'NONE', #2946, 1000.000000000000000 ) ;
#1314 = CARTESIAN_POINT ( 'NONE',  ( 2.599999999999948600, 3.399999999999949700, -1.850000000000053800 ) ) ;
#1315 = ORIENTED_EDGE ( 'NONE', *, *, #3833, .T. ) ;
#1316 = CARTESIAN_POINT ( 'NONE',  ( 2.099999999999949500, 3.329999999999949000, -1.850000000000049600 ) ) ;
#1317 = FILL_AREA_STYLE_COLOUR ( '', #2443 ) ;
#1318 =( NAMED_UNIT ( * ) SI_UNIT ( $, .STERADIAN. ) SOLID_ANGLE_UNIT ( ) );
#1319 = VECTOR ( 'NONE', #3440, 1000.000000000000000 ) ;
#1320 = CARTESIAN_POINT ( 'NONE',  ( 1.799999999999973000, 5.799999999999996300, 2.749999999999926300 ) ) ;
#1321 = DIRECTION ( 'NONE',  ( 6.982966722218763300E-015, 1.059009831505993400E-014, 1.000000000000000000 ) ) ;
#1322 = STYLED_ITEM ( 'NONE', ( #816 ), #3659 ) ;
#1323 = AXIS2_PLACEMENT_3D ( 'NONE', #1034, #991, #785 ) ;
#1324 =( LENGTH_UNIT ( ) NAMED_UNIT ( * ) SI_UNIT ( .MILLI., .METRE. ) );
#1325 = SURFACE_STYLE_USAGE ( .BOTH. , #3216 ) ;
#1326 = SURFACE_STYLE_FILL_AREA ( #343 ) ;
#1327 = CARTESIAN_POINT ( 'NONE',  ( 4.049999999999935900, 3.249999999999934300, -3.850000000000063600 ) ) ;
#1328 = ORIENTED_EDGE ( 'NONE', *, *, #2967, .T. ) ;
#1329 = VERTEX_POINT ( 'NONE', #1268 ) ;
#1330 = ORIENTED_EDGE ( 'NONE', *, *, #575, .F. ) ;
#1331 = DIRECTION ( 'NONE',  ( 3.336597336468621100E-015, -1.000000000000000000, 1.059691071871036000E-014 ) ) ;
#1332 = CARTESIAN_POINT ( 'NONE',  ( 1.199999999999968900, 3.799999999999979400, 1.249999999999951200 ) ) ;
#1333 = VERTEX_POINT ( 'NONE', #3787 ) ;
#1334 = CARTESIAN_POINT ( 'NONE',  ( 3.099999999999940600, 2.499999999999934300, -3.450000000000048600 ) ) ;
#1335 = DIRECTION ( 'NONE',  ( 3.491483361109407300E-015, -1.000000000000000000, 1.059009831505991000E-014 ) ) ;
#1336 = ORIENTED_EDGE ( 'NONE', *, *, #3380, .T. ) ;
#1337 = AXIS2_PLACEMENT_3D ( 'NONE', #1406, #3618, #1719 ) ;
#1338 = FILL_AREA_STYLE ('',( #683 ) ) ;
#1339 = FILL_AREA_STYLE ('',( #2580 ) ) ;
#1340 = STYLED_ITEM ( 'NONE', ( #2755 ), #392 ) ;
#1341 = SURFACE_STYLE_USAGE ( .BOTH. , #1394 ) ;
#1342 = CARTESIAN_POINT ( 'NONE',  ( -2.100000000000020100, 3.699999999999982400, 2.749999999999975600 ) ) ;
#1343 = VERTEX_POINT ( 'NONE', #2872 ) ;
#1344 =( NAMED_UNIT ( * ) SI_UNIT ( $, .STERADIAN. ) SOLID_ANGLE_UNIT ( ) );
#1345 = FILL_AREA_STYLE_COLOUR ( '', #61 ) ;
#1346 =( GEOMETRIC_REPRESENTATION_CONTEXT ( 3 ) GLOBAL_UNCERTAINTY_ASSIGNED_CONTEXT ( ( #682 ) ) GLOBAL_UNIT_ASSIGNED_CONTEXT ( ( #3805, #1890, #13 ) ) REPRESENTATION_CONTEXT ( 'NONE', 'WORKASPACE' ) );
#1347 = DIRECTION ( 'NONE',  ( 6.982966722218763300E-015, 1.059691071871038200E-014, 1.000000000000000000 ) ) ;
#1348 = EDGE_CURVE ( 'NONE', #2920, #3678, #3052, .T. ) ;
#1349 =( NAMED_UNIT ( * ) PLANE_ANGLE_UNIT ( ) SI_UNIT ( $, .RADIAN. ) );
#1350 = CARTESIAN_POINT ( 'NONE',  ( -4.500000000000019500, 5.799999999999983800, 3.749999999999969800 ) ) ;
#1351 = VERTEX_POINT ( 'NONE', #2461 ) ;
#1352 = LINE ( 'NONE', #942, #2067 ) ;
#1353 = CARTESIAN_POINT ( 'NONE',  ( 2.099999999999944600, 4.779999999999947000, -1.850000000000066000 ) ) ;
#1354 = VECTOR ( 'NONE', #3345, 1000.000000000000000 ) ;
#1355 = ORIENTED_EDGE ( 'NONE', *, *, #2991, .T. ) ;
#1356 = LINE ( 'NONE', #3888, #1782 ) ;
#1357 = ORIENTED_EDGE ( 'NONE', *, *, #2850, .T. ) ;
#1358 = FACE_OUTER_BOUND ( 'NONE', #3117, .T. ) ;
#1359 = VECTOR ( 'NONE', #2136, 1000.000000000000000 ) ;
#1360 = FILL_AREA_STYLE ('',( #3961 ) ) ;
#1361 = CARTESIAN_POINT ( 'NONE',  ( 0.1499999999999400400, -0.1000000000000908600, -4.949999999999999300 ) ) ;
#1362 = CARTESIAN_POINT ( 'NONE',  ( -4.500000000000058600, 2.499999999999907600, -3.449999999999994800 ) ) ;
#1363 = ORIENTED_EDGE ( 'NONE', *, *, #244, .F. ) ;
#1364 = VECTOR ( 'NONE', #3836, 1000.000000000000000 ) ;
#1365 = AXIS2_PLACEMENT_3D ( 'NONE', #1262, #996, #956 ) ;
#1366 = UNCERTAINTY_MEASURE_WITH_UNIT (LENGTH_MEASURE( 1.000000000000000100E-005 ), #456, 'distance_accuracy_value', 'NONE');
#1367 = EDGE_CURVE ( 'NONE', #1605, #1899, #613, .T. ) ;
#1368 = EDGE_CURVE ( 'NONE', #2373, #1787, #3882, .T. ) ;
#1369 =( NAMED_UNIT ( * ) PLANE_ANGLE_UNIT ( ) SI_UNIT ( $, .RADIAN. ) );
#1370 = PRESENTATION_STYLE_ASSIGNMENT (( #3039 ) ) ;
#1371 =( NAMED_UNIT ( * ) SI_UNIT ( $, .STERADIAN. ) SOLID_ANGLE_UNIT ( ) );
#1372 = CARTESIAN_POINT ( 'NONE',  ( -2.600000000000044500, 1.549999999999931400, -1.849999999999998300 ) ) ;
#1373 = LINE ( 'NONE', #3681, #3071 ) ;
#1374 = DIRECTION ( 'NONE',  ( -1.000000000000000000, -3.491483361109333200E-015, 6.982966722218800400E-015 ) ) ;
#1375 = SURFACE_STYLE_USAGE ( .BOTH. , #3273 ) ;
#1376 = VECTOR ( 'NONE', #1074, 1000.000000000000000 ) ;
#1377 = AXIS2_PLACEMENT_3D ( 'NONE', #325, #3474, #3465 ) ;
#1378 = ORIENTED_EDGE ( 'NONE', *, *, #497, .T. ) ;
#1379 = ORIENTED_EDGE ( 'NONE', *, *, #1189, .F. ) ;
#1380 = ORIENTED_EDGE ( 'NONE', *, *, #3078, .F. ) ;
#1381 = EDGE_CURVE ( 'NONE', #3669, #3088, #515, .T. ) ;
#1382 = DIRECTION ( 'NONE',  ( -1.000000000000000000, -3.491483361109333200E-015, 6.982966722218800400E-015 ) ) ;
#1383 = DIRECTION ( 'NONE',  ( 1.000000000000000000, 3.672183723190250300E-015, -6.982966722218802000E-015 ) ) ;
#1384 = CARTESIAN_POINT ( 'NONE',  ( -2.650000000000056300, 4.779999999999930100, -1.850000000000033000 ) ) ;
#1385 =( NAMED_UNIT ( * ) SI_UNIT ( $, .STERADIAN. ) SOLID_ANGLE_UNIT ( ) );
#1386 = CARTESIAN_POINT ( 'NONE',  ( -4.500000000000035500, 0.3499999999999339200, -0.9999999999999731300 ) ) ;
#1387 =( NAMED_UNIT ( * ) PLANE_ANGLE_UNIT ( ) SI_UNIT ( $, .RADIAN. ) );
#1388 = ORIENTED_EDGE ( 'NONE', *, *, #303, .T. ) ;
#1389 = FILL_AREA_STYLE ('',( #2650 ) ) ;
#1390 =( GEOMETRIC_REPRESENTATION_CONTEXT ( 3 ) GLOBAL_UNCERTAINTY_ASSIGNED_CONTEXT ( ( #2400 ) ) GLOBAL_UNIT_ASSIGNED_CONTEXT ( ( #1021, #3234, #1344 ) ) REPRESENTATION_CONTEXT ( 'NONE', 'WORKASPACE' ) );
#1391 = CARTESIAN_POINT ( 'NONE',  ( 3.199999999999948700, 3.399999999999951500, -1.850000000000058300 ) ) ;
#1392 = VERTEX_POINT ( 'NONE', #1258 ) ;
#1393 = MECHANICAL_DESIGN_GEOMETRIC_PRESENTATION_REPRESENTATION (  '', ( #763 ), #1584 ) ;
#1394 = SURFACE_SIDE_STYLE ('',( #4086 ) ) ;
#1395 = EDGE_LOOP ( 'NONE', ( #3914, #3421, #3819, #1357 ) ) ;
#1396 = PRESENTATION_STYLE_ASSIGNMENT (( #1600 ) ) ;
#1397 = CARTESIAN_POINT ( 'NONE',  ( -2.650000000000053200, 4.129999999999930600, -1.850000000000026100 ) ) ;
#1398 = CARTESIAN_POINT ( 'NONE',  ( -2.100000000000018700, 3.329999999999982800, 2.749999999999979100 ) ) ;
#1399 = EDGE_CURVE ( 'NONE', #1429, #254, #3685, .T. ) ;
#1400 = SURFACE_SIDE_STYLE ('',( #1185 ) ) ;
#1401 = VECTOR ( 'NONE', #214, 1000.000000000000000 ) ;
#1402 = CARTESIAN_POINT ( 'NONE',  ( 4.049999999999941200, 2.499999999999937400, -3.450000000000054800 ) ) ;
#1403 = FILL_AREA_STYLE ('',( #1639 ) ) ;
#1404 = STYLED_ITEM ( 'NONE', ( #3949 ), #2382 ) ;
#1405 = LINE ( 'NONE', #2046, #569 ) ;
#1406 = CARTESIAN_POINT ( 'NONE',  ( 3.199999999999948700, 3.399999999999951500, -1.850000000000058300 ) ) ;
#1407 = VECTOR ( 'NONE', #1044, 1000.000000000000000 ) ;
#1408 = PLANE ( 'NONE',  #961 ) ;
#1409 =( LENGTH_UNIT ( ) NAMED_UNIT ( * ) SI_UNIT ( .MILLI., .METRE. ) );
#1410 = VECTOR ( 'NONE', #1852, 1000.000000000000000 ) ;
#1411 = ORIENTED_EDGE ( 'NONE', *, *, #3155, .F. ) ;
#1412 = UNCERTAINTY_MEASURE_WITH_UNIT (LENGTH_MEASURE( 1.000000000000000100E-005 ), #3777, 'distance_accuracy_value', 'NONE');
#1413 = FACE_OUTER_BOUND ( 'NONE', #2305, .T. ) ;
#1414 = MECHANICAL_DESIGN_GEOMETRIC_PRESENTATION_REPRESENTATION (  '', ( #789 ), #1616 ) ;
#1415 = LINE ( 'NONE', #1588, #3011 ) ;
#1416 = EDGE_CURVE ( 'NONE', #3331, #2367, #405, .T. ) ;
#1417 = UNCERTAINTY_MEASURE_WITH_UNIT (LENGTH_MEASURE( 1.000000000000000100E-005 ), #2941, 'distance_accuracy_value', 'NONE');
#1418 = EDGE_CURVE ( 'NONE', #1747, #4049, #1976, .T. ) ;
#1419 = SURFACE_STYLE_FILL_AREA ( #1291 ) ;
#1420 = CARTESIAN_POINT ( 'NONE',  ( -4.050000000000013100, -0.1000000000000351600, 1.800000000000028700 ) ) ;
#1421 = FILL_AREA_STYLE_COLOUR ( '', #2246 ) ;
#1422 = ORIENTED_EDGE ( 'NONE', *, *, #3492, .T. ) ;
#1423 = DIRECTION ( 'NONE',  ( -6.982966722218763300E-015, -1.059691071871038400E-014, -1.000000000000000000 ) ) ;
#1424 = VECTOR ( 'NONE', #1227, 1000.000000000000000 ) ;
#1425 = PRESENTATION_STYLE_ASSIGNMENT (( #2234 ) ) ;
#1426 = DIRECTION ( 'NONE',  ( -1.000000000000000000, -3.646369385750119400E-015, 6.982966722218802000E-015 ) ) ;
#1427 = SURFACE_STYLE_FILL_AREA ( #162 ) ;
#1428 = ORIENTED_EDGE ( 'NONE', *, *, #150, .T. ) ;
#1429 = VERTEX_POINT ( 'NONE', #2162 ) ;
#1430 = FILL_AREA_STYLE_COLOUR ( '', #669 ) ;
#1431 = EDGE_LOOP ( 'NONE', ( #295, #2061, #1436, #838 ) ) ;
#1432 =( GEOMETRIC_REPRESENTATION_CONTEXT ( 3 ) GLOBAL_UNCERTAINTY_ASSIGNED_CONTEXT ( ( #3801 ) ) GLOBAL_UNIT_ASSIGNED_CONTEXT ( ( #3908, #3338, #2713 ) ) REPRESENTATION_CONTEXT ( 'NONE', 'WORKASPACE' ) );
#1433 = VERTEX_POINT ( 'NONE', #2438 ) ;
#1434 = CARTESIAN_POINT ( 'NONE',  ( 4.499999999999979600, 5.800000000000014900, 3.749999999999907200 ) ) ;
#1435 =( NAMED_UNIT ( * ) SI_UNIT ( $, .STERADIAN. ) SOLID_ANGLE_UNIT ( ) );
#1436 = ORIENTED_EDGE ( 'NONE', *, *, #1565, .T. ) ;
#1437 =( LENGTH_UNIT ( ) NAMED_UNIT ( * ) SI_UNIT ( .MILLI., .METRE. ) );
#1438 = ORIENTED_EDGE ( 'NONE', *, *, #450, .F. ) ;
#1439 = DIRECTION ( 'NONE',  ( 3.491483361109406500E-015, -1.000000000000000000, 1.047445008332812100E-014 ) ) ;
#1440 = FILL_AREA_STYLE_COLOUR ( '', #2393 ) ;
#1441 = STYLED_ITEM ( 'NONE', ( #2686 ), #1062 ) ;
#1442 = FACE_OUTER_BOUND ( 'NONE', #434, .T. ) ;
#1443 = LINE ( 'NONE', #4005, #3876 ) ;
#1444 =( NAMED_UNIT ( * ) PLANE_ANGLE_UNIT ( ) SI_UNIT ( $, .RADIAN. ) );
#1445 =( NAMED_UNIT ( * ) SI_UNIT ( $, .STERADIAN. ) SOLID_ANGLE_UNIT ( ) );
#1446 = LINE ( 'NONE', #2860, #2274 ) ;
#1447 =( NAMED_UNIT ( * ) SI_UNIT ( $, .STERADIAN. ) SOLID_ANGLE_UNIT ( ) );
#1448 = SURFACE_STYLE_USAGE ( .BOTH. , #1634 ) ;
#1449 = PRESENTATION_STYLE_ASSIGNMENT (( #968 ) ) ;
#1450 = ADVANCED_FACE ( 'NONE', ( #2078 ), #20, .T. ) ;
#1451 = VECTOR ( 'NONE', #441, 1000.000000000000000 ) ;
#1452 = LINE ( 'NONE', #2018, #3143 ) ;
#1453 = DIRECTION ( 'NONE',  ( -1.000000000000000000, -3.491483361109333200E-015, 6.982966722218800400E-015 ) ) ;
#1454 = MECHANICAL_DESIGN_GEOMETRIC_PRESENTATION_REPRESENTATION (  '', ( #840 ), #1666 ) ;
#1455 = COLOUR_RGB ( '',0.0000000000000000000, 0.0000000000000000000, 0.6274509803921568500 ) ;
#1456 = SURFACE_STYLE_USAGE ( .BOTH. , #1483 ) ;
#1457 = COLOUR_RGB ( '',0.0000000000000000000, 0.0000000000000000000, 0.6274509803921568500 ) ;
#1458 = PRESENTATION_LAYER_ASSIGNMENT (  '', '', ( #1046 ) ) ;
#1459 = UNCERTAINTY_MEASURE_WITH_UNIT (LENGTH_MEASURE( 1.000000000000000100E-005 ), #2862, 'distance_accuracy_value', 'NONE');
#1460 = VECTOR ( 'NONE', #177, 1000.000000000000000 ) ;
#1461 = ORIENTED_EDGE ( 'NONE', *, *, #2915, .F. ) ;
#1462 = VECTOR ( 'NONE', #2791, 1000.000000000000000 ) ;
#1463 = EDGE_CURVE ( 'NONE', #661, #1921, #3285, .T. ) ;
#1464 = VERTEX_POINT ( 'NONE', #1342 ) ;
#1465 = CARTESIAN_POINT ( 'NONE',  ( -1.650000000000048800, -0.1000000000000801600, -3.349999999999988500 ) ) ;
#1466 = ADVANCED_FACE ( 'NONE', ( #15 ), #296, .T. ) ;
#1467 = COLOUR_RGB ( '',0.0000000000000000000, 0.0000000000000000000, 0.6274509803921568500 ) ;
#1468 = VERTEX_POINT ( 'NONE', #634 ) ;
#1469 = PLANE ( 'NONE',  #344 ) ;
#1470 = CARTESIAN_POINT ( 'NONE',  ( 3.649999999999966600, 5.599999999999991700, 1.799999999999914600 ) ) ;
#1471 = ORIENTED_EDGE ( 'NONE', *, *, #3330, .F. ) ;
#1472 = FILL_AREA_STYLE_COLOUR ( '', #882 ) ;
#1473 =( NAMED_UNIT ( * ) PLANE_ANGLE_UNIT ( ) SI_UNIT ( $, .RADIAN. ) );
#1474 = FILL_AREA_STYLE_COLOUR ( '', #2268 ) ;
#1475 = VERTEX_POINT ( 'NONE', #951 ) ;
#1476 = DIRECTION ( 'NONE',  ( 6.982966722218763300E-015, 1.059691071871038400E-014, 1.000000000000000000 ) ) ;
#1477 = EDGE_CURVE ( 'NONE', #1901, #586, #2122, .T. ) ;
#1478 = EDGE_LOOP ( 'NONE', ( #828, #2185, #3065, #874 ) ) ;
#1479 = SURFACE_STYLE_USAGE ( .BOTH. , #3382 ) ;
#1480 = UNCERTAINTY_MEASURE_WITH_UNIT (LENGTH_MEASURE( 1.000000000000000100E-005 ), #4047, 'distance_accuracy_value', 'NONE');
#1481 =( GEOMETRIC_REPRESENTATION_CONTEXT ( 3 ) GLOBAL_UNCERTAINTY_ASSIGNED_CONTEXT ( ( #1417 ) ) GLOBAL_UNIT_ASSIGNED_CONTEXT ( ( #2941, #2914, #2899 ) ) REPRESENTATION_CONTEXT ( 'NONE', 'WORKASPACE' ) );
#1482 = DIRECTION ( 'NONE',  ( 6.982966722218763300E-015, 1.062796543518450100E-014, 1.000000000000000000 ) ) ;
#1483 = SURFACE_SIDE_STYLE ('',( #288 ) ) ;
#1484 = MECHANICAL_DESIGN_GEOMETRIC_PRESENTATION_REPRESENTATION (  '', ( #871 ), #1695 ) ;
#1485 = EDGE_LOOP ( 'NONE', ( #3276, #1232, #2442, #1877 ) ) ;
#1486 = PRESENTATION_LAYER_ASSIGNMENT (  '', '', ( #1077 ) ) ;
#1487 = EDGE_CURVE ( 'NONE', #1802, #3030, #1305, .T. ) ;
#1488 = ADVANCED_FACE ( 'NONE', ( #461 ), #1005, .F. ) ;
#1489 = EDGE_CURVE ( 'NONE', #3472, #2462, #910, .T. ) ;
#1490 = ORIENTED_EDGE ( 'NONE', *, *, #1348, .T. ) ;
#1491 = PRODUCT_DEFINITION ( 'UNKNOWN', '', #1700, #570 ) ;
#1492 =( NAMED_UNIT ( * ) SI_UNIT ( $, .STERADIAN. ) SOLID_ANGLE_UNIT ( ) );
#1493 = SURFACE_SIDE_STYLE ('',( #2856 ) ) ;
#1494 = DIRECTION ( 'NONE',  ( 1.000000000000000000, 3.672183723190250300E-015, -6.982966722218802000E-015 ) ) ;
#1495 = SURFACE_STYLE_FILL_AREA ( #2815 ) ;
#1496 = FILL_AREA_STYLE ('',( #3668 ) ) ;
#1497 = SURFACE_SIDE_STYLE ('',( #3482 ) ) ;
#1498 = MECHANICAL_DESIGN_GEOMETRIC_PRESENTATION_REPRESENTATION (  '', ( #881 ), #1709 ) ;
#1499 = FILL_AREA_STYLE ('',( #3698 ) ) ;
#1500 = VECTOR ( 'NONE', #3556, 1000.000000000000000 ) ;
#1501 = SURFACE_STYLE_FILL_AREA ( #3963 ) ;
#1502 = EDGE_CURVE ( 'NONE', #1187, #1351, #3426, .T. ) ;
#1503 = VERTEX_POINT ( 'NONE', #2201 ) ;
#1504 = CARTESIAN_POINT ( 'NONE',  ( -4.500000000000019500, 5.799999999999983800, 3.749999999999969800 ) ) ;
#1505 = DIRECTION ( 'NONE',  ( -3.491483361109406500E-015, 1.000000000000000000, -1.047445008332812100E-014 ) ) ;
#1506 = VECTOR ( 'NONE', #2833, 1000.000000000000000 ) ;
#1507 = ORIENTED_EDGE ( 'NONE', *, *, #3254, .F. ) ;
#1508 = ORIENTED_EDGE ( 'NONE', *, *, #3536, .T. ) ;
#1509 = VECTOR ( 'NONE', #998, 1000.000000000000000 ) ;
#1510 = VECTOR ( 'NONE', #2045, 1000.000000000000000 ) ;
#1511 = ORIENTED_EDGE ( 'NONE', *, *, #1715, .T. ) ;
#1512 = EDGE_LOOP ( 'NONE', ( #932, #185, #1124, #1226 ) ) ;
#1513 = ORIENTED_EDGE ( 'NONE', *, *, #3197, .F. ) ;
#1514 = AXIS2_PLACEMENT_3D ( 'NONE', #119, #2316, #428 ) ;
#1515 = STYLED_ITEM ( 'NONE', ( #1182 ), #103 ) ;
#1516 = EDGE_LOOP ( 'NONE', ( #4091, #2611, #2924, #3025 ) ) ;
#1517 = VERTEX_POINT ( 'NONE', #2178 ) ;
#1518 = DIRECTION ( 'NONE',  ( -1.000000000000000000, -3.491483361109333600E-015, 6.982966722218800400E-015 ) ) ;
#1519 = CARTESIAN_POINT ( 'NONE',  ( 3.649999999999927100, 5.599999999999933000, -3.850000000000084900 ) ) ;
#1520 = CARTESIAN_POINT ( 'NONE',  ( -2.100000000000051200, 3.329999999999934300, -1.850000000000020100 ) ) ;
#1521 = ORIENTED_EDGE ( 'NONE', *, *, #2785, .F. ) ;
#1522 = EDGE_LOOP ( 'NONE', ( #3764, #1422, #3263, #3356 ) ) ;
#1523 = VERTEX_POINT ( 'NONE', #1285 ) ;
#1524 = SURFACE_STYLE_FILL_AREA ( #2586 ) ;
#1525 = VECTOR ( 'NONE', #1426, 1000.000000000000000 ) ;
#1526 = PLANE ( 'NONE',  #2513 ) ;
#1527 = UNCERTAINTY_MEASURE_WITH_UNIT (LENGTH_MEASURE( 1.000000000000000100E-005 ), #3577, 'distance_accuracy_value', 'NONE');
#1528 = PRESENTATION_LAYER_ASSIGNMENT (  '', '', ( #1115 ) ) ;
#1529 =( NAMED_UNIT ( * ) SI_UNIT ( $, .STERADIAN. ) SOLID_ANGLE_UNIT ( ) );
#1530 = DIRECTION ( 'NONE',  ( -3.491483361109406900E-015, 1.000000000000000000, -1.059009831505990900E-014 ) ) ;
#1531 = AXIS2_PLACEMENT_3D ( 'NONE', #3506, #3489, #3280 ) ;
#1532 = CARTESIAN_POINT ( 'NONE',  ( -0.1500000000000491200, -7.581077286116300600E-014, -3.349999999999997900 ) ) ;
#1533 = LINE ( 'NONE', #1465, #508 ) ;
#1534 =( NAMED_UNIT ( * ) SI_UNIT ( $, .STERADIAN. ) SOLID_ANGLE_UNIT ( ) );
#1535 = DIRECTION ( 'NONE',  ( 1.013306966856825600E-015, -1.000000000000000000, 1.059691071871037600E-014 ) ) ;
#1536 = EDGE_CURVE ( 'NONE', #1093, #747, #2473, .T. ) ;
#1537 = FACE_OUTER_BOUND ( 'NONE', #3629, .T. ) ;
#1538 = FILL_AREA_STYLE_COLOUR ( '', #3852 ) ;
#1539 = ORIENTED_EDGE ( 'NONE', *, *, #739, .F. ) ;
#1540 = CARTESIAN_POINT ( 'NONE',  ( -4.500000000000000000, -1.571167512499199800E-014, 3.750000000000031100 ) ) ;
#1541 = VECTOR ( 'NONE', #2324, 1000.000000000000000 ) ;
#1542 = STYLED_ITEM ( 'NONE', ( #338 ), #2216 ) ;
#1543 =( LENGTH_UNIT ( ) NAMED_UNIT ( * ) SI_UNIT ( .MILLI., .METRE. ) );
#1544 = SURFACE_STYLE_USAGE ( .BOTH. , #3458 ) ;
#1545 =( NAMED_UNIT ( * ) PLANE_ANGLE_UNIT ( ) SI_UNIT ( $, .RADIAN. ) );
#1546 = PRESENTATION_STYLE_ASSIGNMENT (( #2819 ) ) ;
#1547 = FACE_OUTER_BOUND ( 'NONE', #1431, .T. ) ;
#1548 = LINE ( 'NONE', #2471, #2294 ) ;
#1549 = ORIENTED_EDGE ( 'NONE', *, *, #2558, .T. ) ;
#1550 = VERTEX_POINT ( 'NONE', #1023 ) ;
#1551 = LINE ( 'NONE', #538, #1462 ) ;
#1552 = VECTOR ( 'NONE', #2470, 1000.000000000000000 ) ;
#1553 =( LENGTH_UNIT ( ) NAMED_UNIT ( * ) SI_UNIT ( .MILLI., .METRE. ) );
#1554 = PRESENTATION_STYLE_ASSIGNMENT (( #205 ) ) ;
#1555 = VERTEX_POINT ( 'NONE', #1795 ) ;
#1556 = DIRECTION ( 'NONE',  ( -3.491483361109406900E-015, 1.000000000000000000, -1.059009831505990900E-014 ) ) ;
#1557 = ORIENTED_EDGE ( 'NONE', *, *, #1536, .F. ) ;
#1558 = CARTESIAN_POINT ( 'NONE',  ( -2.750000000000027100, 5.799999999999979400, 2.749999999999957800 ) ) ;
#1559 = PRESENTATION_LAYER_ASSIGNMENT (  '', '', ( #1155 ) ) ;
#1560 = ORIENTED_EDGE ( 'NONE', *, *, #1487, .T. ) ;
#1561 = ORIENTED_EDGE ( 'NONE', *, *, #2774, .F. ) ;
#1562 = CARTESIAN_POINT ( 'NONE',  ( -1.350000000000049400, -7.995156864034130300E-014, -3.349999999999989400 ) ) ;
#1563 = EDGE_CURVE ( 'NONE', #1234, #124, #1739, .T. ) ;
#1564 =( LENGTH_UNIT ( ) NAMED_UNIT ( * ) SI_UNIT ( .MILLI., .METRE. ) );
#1565 = EDGE_CURVE ( 'NONE', #143, #190, #1631, .T. ) ;
#1566 = ORIENTED_EDGE ( 'NONE', *, *, #3054, .F. ) ;
#1567 = EDGE_LOOP ( 'NONE', ( #977, #992, #3596, #887, #3497, #2875 ) ) ;
#1568 = SURFACE_SIDE_STYLE ('',( #738 ) ) ;
#1569 = PRESENTATION_LAYER_ASSIGNMENT (  '', '', ( #1164 ) ) ;
#1570 = DIRECTION ( 'NONE',  ( 6.982966722218763300E-015, 1.059691071871038400E-014, 1.000000000000000000 ) ) ;
#1571 = DIRECTION ( 'NONE',  ( 6.982966722218764100E-015, 1.047445008332814600E-014, 1.000000000000000000 ) ) ;
#1572 = SURFACE_STYLE_FILL_AREA ( #1360 ) ;
#1573 = DIRECTION ( 'NONE',  ( -3.491483361109406500E-015, 1.000000000000000000, -1.047445008332812100E-014 ) ) ;
#1574 = ORIENTED_EDGE ( 'NONE', *, *, #872, .T. ) ;
#1575 = VECTOR ( 'NONE', #1439, 1000.000000000000000 ) ;
#1576 =( NAMED_UNIT ( * ) SI_UNIT ( $, .STERADIAN. ) SOLID_ANGLE_UNIT ( ) );
#1577 = EDGE_CURVE ( 'NONE', #1851, #490, #4059, .T. ) ;
#1578 = SURFACE_STYLE_USAGE ( .BOTH. , #3479 ) ;
#1579 = SURFACE_STYLE_USAGE ( .BOTH. , #1602 ) ;
#1580 = UNCERTAINTY_MEASURE_WITH_UNIT (LENGTH_MEASURE( 1.000000000000000100E-005 ), #1409, 'distance_accuracy_value', 'NONE');
#1581 = VECTOR ( 'NONE', #3917, 1000.000000000000000 ) ;
#1582 = VERTEX_POINT ( 'NONE', #2352 ) ;
#1583 = COLOUR_RGB ( '',0.7529411764705882200, 0.7529411764705882200, 0.7529411764705882200 ) ;
#1584 =( GEOMETRIC_REPRESENTATION_CONTEXT ( 3 ) GLOBAL_UNCERTAINTY_ASSIGNED_CONTEXT ( ( #1366 ) ) GLOBAL_UNIT_ASSIGNED_CONTEXT ( ( #456, #443, #156 ) ) REPRESENTATION_CONTEXT ( 'NONE', 'WORKASPACE' ) );
#1585 = CARTESIAN_POINT ( 'NONE',  ( 4.049999999999967000, 5.599999999999992500, 1.799999999999911900 ) ) ;
#1586 = DIRECTION ( 'NONE',  ( -6.982966722218764100E-015, -1.062796543518450100E-014, -1.000000000000000000 ) ) ;
#1587 = VECTOR ( 'NONE', #933, 1000.000000000000000 ) ;
#1588 = CARTESIAN_POINT ( 'NONE',  ( -2.750000000000021300, 4.129999999999980400, 2.749999999999975600 ) ) ;
#1589 = SURFACE_STYLE_USAGE ( .BOTH. , #3491 ) ;
#1590 = FILL_AREA_STYLE_COLOUR ( '', #1265 ) ;
#1591 = DIRECTION ( 'NONE',  ( -3.491483361109406900E-015, 1.000000000000000000, -1.059009831505990900E-014 ) ) ;
#1592 = STYLED_ITEM ( 'NONE', ( #520 ), #3595 ) ;
#1593 = EDGE_CURVE ( 'NONE', #3034, #535, #3232, .T. ) ;
#1594 = FACE_OUTER_BOUND ( 'NONE', #1135, .T. ) ;
#1595 = ORIENTED_EDGE ( 'NONE', *, *, #1916, .T. ) ;
#1596 = CARTESIAN_POINT ( 'NONE',  ( -2.600000000000021800, 1.149999999999963300, 1.150000000000006100 ) ) ;
#1597 = CARTESIAN_POINT ( 'NONE',  ( -4.500000000000060400, 2.499999999999904500, -3.749999999999995600 ) ) ;
#1598 = DIRECTION ( 'NONE',  ( 1.000000000000000000, 3.491483361109333200E-015, -6.982966722218800400E-015 ) ) ;
#1599 = AXIS2_PLACEMENT_3D ( 'NONE', #2448, #564, #2778 ) ;
#1600 = SURFACE_STYLE_USAGE ( .BOTH. , #3507 ) ;
#1601 = DIRECTION ( 'NONE',  ( -6.982966722218763300E-015, -1.059691071871038400E-014, -1.000000000000000000 ) ) ;
#1602 = SURFACE_SIDE_STYLE ('',( #213 ) ) ;
#1603 = DIRECTION ( 'NONE',  ( 3.491483361109406500E-015, -1.000000000000000000, 1.047445008332812100E-014 ) ) ;
#1604 = DIRECTION ( 'NONE',  ( 3.491483361109406500E-015, -1.000000000000000000, 1.047445008332812100E-014 ) ) ;
#1605 = VERTEX_POINT ( 'NONE', #1161 ) ;
#1606 = DIRECTION ( 'NONE',  ( -3.491483361109285400E-015, 1.000000000000000000, 6.872784676440101400E-015 ) ) ;
#1607 = VECTOR ( 'NONE', #2031, 1000.000000000000000 ) ;
#1608 = ORIENTED_EDGE ( 'NONE', *, *, #3353, .F. ) ;
#1609 = EDGE_LOOP ( 'NONE', ( #3451, #93, #1608, #3861 ) ) ;
#1610 = STYLED_ITEM ( 'NONE', ( #3495 ), #318 ) ;
#1611 = ORIENTED_EDGE ( 'NONE', *, *, #3829, .F. ) ;
#1612 = CARTESIAN_POINT ( 'NONE',  ( -2.750000000000021300, 4.129999999999980400, 2.749999999999975600 ) ) ;
#1613 = FILL_AREA_STYLE_COLOUR ( '', #1158 ) ;
#1614 = EDGE_LOOP ( 'NONE', ( #1687, #310, #1633, #1027 ) ) ;
#1615 = DIRECTION ( 'NONE',  ( 3.491483361109406900E-015, -1.000000000000000000, 1.059691071871035900E-014 ) ) ;
#1616 =( GEOMETRIC_REPRESENTATION_CONTEXT ( 3 ) GLOBAL_UNCERTAINTY_ASSIGNED_CONTEXT ( ( #3620 ) ) GLOBAL_UNIT_ASSIGNED_CONTEXT ( ( #930, #3136, #1243 ) ) REPRESENTATION_CONTEXT ( 'NONE', 'WORKASPACE' ) );
#1617 = FILL_AREA_STYLE ('',( #1317 ) ) ;
#1618 = EDGE_CURVE ( 'NONE', #1107, #635, #3977, .T. ) ;
#1619 = SURFACE_SIDE_STYLE ('',( #2278 ) ) ;
#1620 = DIRECTION ( 'NONE',  ( -1.000000000000000000, -3.491483361109333600E-015, 6.982966722218800400E-015 ) ) ;
#1621 = EDGE_CURVE ( 'NONE', #2373, #2922, #1443, .T. ) ;
#1622 = DIRECTION ( 'NONE',  ( 1.000000000000000000, 3.491483361109333200E-015, -6.982966722218800400E-015 ) ) ;
#1623 =( NAMED_UNIT ( * ) SI_UNIT ( $, .STERADIAN. ) SOLID_ANGLE_UNIT ( ) );
#1624 = ORIENTED_EDGE ( 'NONE', *, *, #72, .T. ) ;
#1625 =( NAMED_UNIT ( * ) PLANE_ANGLE_UNIT ( ) SI_UNIT ( $, .RADIAN. ) );
#1626 = ORIENTED_EDGE ( 'NONE', *, *, #854, .T. ) ;
#1627 = FACE_OUTER_BOUND ( 'NONE', #278, .T. ) ;
#1628 = CARTESIAN_POINT ( 'NONE',  ( -1.650000000000053000, 0.3999999999999156500, -3.749999999999992900 ) ) ;
#1629 = VECTOR ( 'NONE', #796, 1000.000000000000000 ) ;
#1630 = CARTESIAN_POINT ( 'NONE',  ( -1.350000000000060000, -0.1000000000000961100, -4.949999999999989500 ) ) ;
#1631 = LINE ( 'NONE', #2450, #2381 ) ;
#1632 = COLOUR_RGB ( '',0.0000000000000000000, 0.0000000000000000000, 0.6274509803921568500 ) ;
#1633 = ORIENTED_EDGE ( 'NONE', *, *, #1418, .T. ) ;
#1634 = SURFACE_SIDE_STYLE ('',( #2882 ) ) ;
#1635 = COLOUR_RGB ( '',0.7529411764705882200, 0.7529411764705882200, 0.7529411764705882200 ) ;
#1636 = SURFACE_STYLE_USAGE ( .BOTH. , #3537 ) ;
#1637 = SURFACE_SIDE_STYLE ('',( #2952 ) ) ;
#1638 = ORIENTED_EDGE ( 'NONE', *, *, #1981, .F. ) ;
#1639 = FILL_AREA_STYLE_COLOUR ( '', #846 ) ;
#1640 = AXIS2_PLACEMENT_3D ( 'NONE', #3462, #3406, #885 ) ;
#1641 = ORIENTED_EDGE ( 'NONE', *, *, #713, .F. ) ;
#1642 = LINE ( 'NONE', #1309, #4069 ) ;
#1643 = CARTESIAN_POINT ( 'NONE',  ( -1.650000000000060100, -0.1000000000000971500, -4.949999999999986000 ) ) ;
#1644 = SURFACE_SIDE_STYLE ('',( #3329 ) ) ;
#1645 = DIRECTION ( 'NONE',  ( -3.491483361109406900E-015, 1.000000000000000000, -1.059691071871035900E-014 ) ) ;
#1646 = VECTOR ( 'NONE', #3792, 1000.000000000000000 ) ;
#1647 = VECTOR ( 'NONE', #1383, 1000.000000000000000 ) ;
#1648 = CARTESIAN_POINT ( 'NONE',  ( 0.1499999999999480600, -7.895310788616149200E-014, -3.750000000000000900 ) ) ;
#1649 = PLANE ( 'NONE',  #2334 ) ;
#1650 = SURFACE_SIDE_STYLE ('',( #2634 ) ) ;
#1651 = AXIS2_PLACEMENT_3D ( 'NONE', #2803, #2820, #3091 ) ;
#1652 = ORIENTED_EDGE ( 'NONE', *, *, #3254, .T. ) ;
#1653 = EDGE_LOOP ( 'NONE', ( #2510, #534, #2705, #1355 ) ) ;
#1654 = ADVANCED_BREP_SHAPE_REPRESENTATION ( 'SM03B-ZESS', ( #4048, #1724 ), #29 ) ;
#1655 = LINE ( 'NONE', #3148, #3258 ) ;
#1656 = SURFACE_STYLE_FILL_AREA ( #3993 ) ;
#1657 = LINE ( 'NONE', #493, #1376 ) ;
#1658 = ORIENTED_EDGE ( 'NONE', *, *, #944, .T. ) ;
#1659 = FILL_AREA_STYLE_COLOUR ( '', #2725 ) ;
#1660 = CARTESIAN_POINT ( 'NONE',  ( -3.100000000000070300, 5.799999999999912800, -3.450000000000039700 ) ) ;
#1661 = CARTESIAN_POINT ( 'NONE',  ( -0.1500000000000495400, -7.576178860701010500E-014, -3.349999999999997900 ) ) ;
#1662 = ORIENTED_EDGE ( 'NONE', *, *, #1674, .F. ) ;
#1663 = DIRECTION ( 'NONE',  ( 1.000000000000000000, 3.646369385750119400E-015, -6.982966722218802000E-015 ) ) ;
#1664 = ORIENTED_EDGE ( 'NONE', *, *, #3991, .F. ) ;
#1665 = ORIENTED_EDGE ( 'NONE', *, *, #437, .F. ) ;
#1666 =( GEOMETRIC_REPRESENTATION_CONTEXT ( 3 ) GLOBAL_UNCERTAINTY_ASSIGNED_CONTEXT ( ( #505 ) ) GLOBAL_UNIT_ASSIGNED_CONTEXT ( ( #3814, #1905, #23 ) ) REPRESENTATION_CONTEXT ( 'NONE', 'WORKASPACE' ) );
#1667 = DIRECTION ( 'NONE',  ( 1.000000000000000000, 3.491483361109326800E-015, -7.602510820781945400E-015 ) ) ;
#1668 = DIRECTION ( 'NONE',  ( 6.982966722218763300E-015, 1.059691071871038400E-014, 1.000000000000000000 ) ) ;
#1669 = MECHANICAL_DESIGN_GEOMETRIC_PRESENTATION_REPRESENTATION (  '', ( #1046 ), #1872 ) ;
#1670 = EDGE_LOOP ( 'NONE', ( #336, #431, #3753, #3116, #3862, #305 ) ) ;
#1671 = VERTEX_POINT ( 'NONE', #792 ) ;
#1672 = AXIS2_PLACEMENT_3D ( 'NONE', #3236, #1347, #3550 ) ;
#1673 = DIRECTION ( 'NONE',  ( -6.982966722218764100E-015, -1.047445008332814600E-014, -1.000000000000000000 ) ) ;
#1674 = EDGE_CURVE ( 'NONE', #490, #2840, #2169, .T. ) ;
#1675 = FILL_AREA_STYLE ('',( #2417 ) ) ;
#1676 = ORIENTED_EDGE ( 'NONE', *, *, #335, .F. ) ;
#1677 = CARTESIAN_POINT ( 'NONE',  ( 4.049999999999955400, 3.249999999999964500, -1.000000000000063300 ) ) ;
#1678 = LINE ( 'NONE', #2867, #3373 ) ;
#1679 =( NAMED_UNIT ( * ) PLANE_ANGLE_UNIT ( ) SI_UNIT ( $, .RADIAN. ) );
#1680 = PRESENTATION_STYLE_ASSIGNMENT (( #2729 ) ) ;
#1681 = VECTOR ( 'NONE', #1082, 1000.000000000000000 ) ;
#1682 = DIRECTION ( 'NONE',  ( 6.982966722218764900E-015, 1.047445008332814600E-014, 1.000000000000000000 ) ) ;
#1683 = EDGE_LOOP ( 'NONE', ( #77, #3008, #3887, #3442, #1900, #3405, #848, #2301, #481, #2805, #2614, #3813, #44, #3907, #2106, #381, #3548, #2601, #981, #891 ) ) ;
#1684 = STYLED_ITEM ( 'NONE', ( #1554 ), #2339 ) ;
#1685 = ORIENTED_EDGE ( 'NONE', *, *, #2327, .F. ) ;
#1686 = DIRECTION ( 'NONE',  ( 6.982966722218764100E-015, 1.060997535488883400E-014, 1.000000000000000000 ) ) ;
#1687 = ORIENTED_EDGE ( 'NONE', *, *, #2993, .F. ) ;
#1688 = CARTESIAN_POINT ( 'NONE',  ( 4.049999999999967000, -0.1000000000000362100, -1.000000000000028600 ) ) ;
#1689 = DIRECTION ( 'NONE',  ( 4.158684698023563300E-015, -1.000000000000000000, 1.047445008332811600E-014 ) ) ;
#1690 = EDGE_CURVE ( 'NONE', #661, #81, #608, .T. ) ;
#1691 = DIRECTION ( 'NONE',  ( -1.000000000000000000, -3.491483361109333600E-015, 6.982966722218800400E-015 ) ) ;
#1692 = DIRECTION ( 'NONE',  ( 1.000000000000000000, 3.491483361109333200E-015, -6.982966722218800400E-015 ) ) ;
#1693 = VERTEX_POINT ( 'NONE', #3036 ) ;
#1694 = LINE ( 'NONE', #39, #3292 ) ;
#1695 =( GEOMETRIC_REPRESENTATION_CONTEXT ( 3 ) GLOBAL_UNCERTAINTY_ASSIGNED_CONTEXT ( ( #3820 ) ) GLOBAL_UNIT_ASSIGNED_CONTEXT ( ( #3412, #365, #3233 ) ) REPRESENTATION_CONTEXT ( 'NONE', 'WORKASPACE' ) );
#1696 = MECHANICAL_DESIGN_GEOMETRIC_PRESENTATION_REPRESENTATION (  '', ( #1077 ), #1906 ) ;
#1697 = EDGE_CURVE ( 'NONE', #3408, #3308, #2940, .T. ) ;
#1698 = VECTOR ( 'NONE', #3799, 1000.000000000000000 ) ;
#1699 = EDGE_CURVE ( 'NONE', #3321, #897, #1533, .T. ) ;
#1700 = PRODUCT_DEFINITION_FORMATION_WITH_SPECIFIED_SOURCE ( 'ANY', '', #1197, .NOT_KNOWN. ) ;
#1701 = DIRECTION ( 'NONE',  ( -1.000000000000000000, -3.491483361109339500E-015, 6.363422623655655500E-015 ) ) ;
#1702 = DIRECTION ( 'NONE',  ( -3.491483361109406900E-015, 1.000000000000000000, -1.059691071871035900E-014 ) ) ;
#1703 =( LENGTH_UNIT ( ) NAMED_UNIT ( * ) SI_UNIT ( .MILLI., .METRE. ) );
#1704 = SURFACE_STYLE_FILL_AREA ( #2097 ) ;
#1705 = CARTESIAN_POINT ( 'NONE',  ( 2.749999999999979600, 5.800000000000008700, 3.749999999999919200 ) ) ;
#1706 = PLANE ( 'NONE',  #799 ) ;
#1707 = COLOUR_RGB ( '',0.0000000000000000000, 0.0000000000000000000, 0.6274509803921568500 ) ;
#1708 = FACE_OUTER_BOUND ( 'NONE', #1815, .T. ) ;
#1709 =( GEOMETRIC_REPRESENTATION_CONTEXT ( 3 ) GLOBAL_UNCERTAINTY_ASSIGNED_CONTEXT ( ( #1882 ) ) GLOBAL_UNIT_ASSIGNED_CONTEXT ( ( #3031, #2696, #2669 ) ) REPRESENTATION_CONTEXT ( 'NONE', 'WORKASPACE' ) );
#1710 = VERTEX_POINT ( 'NONE', #2398 ) ;
#1711 = UNCERTAINTY_MEASURE_WITH_UNIT (LENGTH_MEASURE( 1.000000000000000100E-005 ), #553, 'distance_accuracy_value', 'NONE');
#1712 = DIRECTION ( 'NONE',  ( -6.982966722218763300E-015, -1.059009831505993400E-014, -1.000000000000000000 ) ) ;
#1713 = ORIENTED_EDGE ( 'NONE', *, *, #861, .F. ) ;
#1714 = ORIENTED_EDGE ( 'NONE', *, *, #1090, .T. ) ;
#1715 = EDGE_CURVE ( 'NONE', #1132, #1710, #1250, .T. ) ;
#1716 = ORIENTED_EDGE ( 'NONE', *, *, #709, .F. ) ;
#1717 = SURFACE_STYLE_USAGE ( .BOTH. , #1732 ) ;
#1718 = ADVANCED_FACE ( 'NONE', ( #401 ), #2010, .F. ) ;
#1719 = DIRECTION ( 'NONE',  ( 1.000000000000000000, 2.768681912785663400E-015, -6.982966722218792500E-015 ) ) ;
#1720 = DIRECTION ( 'NONE',  ( 3.491483361109407300E-015, -1.000000000000000000, 1.059691071871036000E-014 ) ) ;
#1721 = CARTESIAN_POINT ( 'NONE',  ( 3.649999999999959500, 0.3499999999999540100, -1.800000000000028900 ) ) ;
#1722 = ORIENTED_EDGE ( 'NONE', *, *, #658, .F. ) ;
#1723 = DIRECTION ( 'NONE',  ( 3.491483361109406900E-015, -1.000000000000000000, 1.059691071871035900E-014 ) ) ;
#1724 = AXIS2_PLACEMENT_3D ( 'NONE', #3684, #1772, #3996 ) ;
#1725 = DIRECTION ( 'NONE',  ( 1.000000000000000000, 3.491483361109333200E-015, -6.982966722218800400E-015 ) ) ;
#1726 = STYLED_ITEM ( 'NONE', ( #4070 ), #798 ) ;
#1727 = ORIENTED_EDGE ( 'NONE', *, *, #523, .T. ) ;
#1728 = PRESENTATION_STYLE_ASSIGNMENT (( #841 ) ) ;
#1729 = DIRECTION ( 'NONE',  ( 1.000000000000000000, 3.336597336468546900E-015, -6.982966722218798800E-015 ) ) ;
#1730 = ORIENTED_EDGE ( 'NONE', *, *, #3617, .T. ) ;
#1731 = LINE ( 'NONE', #3722, #3417 ) ;
#1732 = SURFACE_SIDE_STYLE ('',( #3771 ) ) ;
#1733 = CARTESIAN_POINT ( 'NONE',  ( 4.499999999999940500, 2.499999999999938700, -3.450000000000057000 ) ) ;
#1734 = PRESENTATION_LAYER_ASSIGNMENT (  '', '', ( #1322 ) ) ;
#1735 = AXIS2_PLACEMENT_3D ( 'NONE', #390, #1979, #2226 ) ;
#1736 = CARTESIAN_POINT ( 'NONE',  ( -1.800000000000037300, 5.799999999999967800, 1.249999999999950700 ) ) ;
#1737 = VECTOR ( 'NONE', #518, 1000.000000000000000 ) ;
#1738 = CARTESIAN_POINT ( 'NONE',  ( -2.750000000000021300, 4.129999999999980400, 2.749999999999975600 ) ) ;
#1739 = LINE ( 'NONE', #1920, #60 ) ;
#1740 = VECTOR ( 'NONE', #3543, 1000.000000000000000 ) ;
#1741 = DIRECTION ( 'NONE',  ( -1.000000000000000000, -3.491483361109333200E-015, 6.982966722218800400E-015 ) ) ;
#1742 = CARTESIAN_POINT ( 'NONE',  ( -1.350000000000060000, -0.1000000000000961100, -4.949999999999989500 ) ) ;
#1743 = VECTOR ( 'NONE', #3512, 1000.000000000000000 ) ;
#1744 = DIRECTION ( 'NONE',  ( -3.491483361109406900E-015, 1.000000000000000000, -1.059691071871035900E-014 ) ) ;
#1745 = MECHANICAL_DESIGN_GEOMETRIC_PRESENTATION_REPRESENTATION (  '', ( #1115 ), #1944 ) ;
#1746 = SURFACE_STYLE_USAGE ( .BOTH. , #3651 ) ;
#1747 = VERTEX_POINT ( 'NONE', #2042 ) ;
#1748 = PLANE ( 'NONE',  #503 ) ;
#1749 = DIRECTION ( 'NONE',  ( -8.179925188073755200E-015, 1.000000000000000000, -1.047445008332808800E-014 ) ) ;
#1750 = PRESENTATION_LAYER_ASSIGNMENT (  '', '', ( #1340 ) ) ;
#1751 = PRESENTATION_STYLE_ASSIGNMENT (( #1578 ) ) ;
#1752 = DIRECTION ( 'NONE',  ( -6.982966722218764100E-015, -1.047445008332814600E-014, -1.000000000000000000 ) ) ;
#1753 = LINE ( 'NONE', #125, #3247 ) ;
#1754 = PRESENTATION_STYLE_ASSIGNMENT (( #3933 ) ) ;
#1755 = DIRECTION ( 'NONE',  ( 6.982966722218763300E-015, 1.059691071871038400E-014, 1.000000000000000000 ) ) ;
#1756 = STYLED_ITEM ( 'NONE', ( #2844 ), #2978 ) ;
#1757 = FACE_OUTER_BOUND ( 'NONE', #1516, .T. ) ;
#1758 = EDGE_CURVE ( 'NONE', #1523, #289, #114, .T. ) ;
#1759 = FILL_AREA_STYLE ('',( #2062 ) ) ;
#1760 = ORIENTED_EDGE ( 'NONE', *, *, #1418, .F. ) ;
#1761 = CARTESIAN_POINT ( 'NONE',  ( 1.349999999999951200, -0.1000000000000696900, -3.350000000000009400 ) ) ;
#1762 =( NAMED_UNIT ( * ) SI_UNIT ( $, .STERADIAN. ) SOLID_ANGLE_UNIT ( ) );
#1763 = VECTOR ( 'NONE', #2855, 1000.000000000000000 ) ;
#1764 = ORIENTED_EDGE ( 'NONE', *, *, #2967, .F. ) ;
#1765 = CARTESIAN_POINT ( 'NONE',  ( -3.200000000000014400, 4.129999999999988300, 3.749999999999978700 ) ) ;
#1766 = ORIENTED_EDGE ( 'NONE', *, *, #946, .T. ) ;
#1767 = UNCERTAINTY_MEASURE_WITH_UNIT (LENGTH_MEASURE( 1.000000000000000100E-005 ), #593, 'distance_accuracy_value', 'NONE');
#1768 = AXIS2_PLACEMENT_3D ( 'NONE', #1384, #3586, #1689 ) ;
#1769 = EDGE_LOOP ( 'NONE', ( #1236, #2671, #2777, #547 ) ) ;
#1770 = UNCERTAINTY_MEASURE_WITH_UNIT (LENGTH_MEASURE( 1.000000000000000100E-005 ), #725, 'distance_accuracy_value', 'NONE');
#1771 = PLANE ( 'NONE',  #3180 ) ;
#1772 = DIRECTION ( 'NONE',  ( 0.0000000000000000000, 0.0000000000000000000, 1.000000000000000000 ) ) ;
#1773 = DIRECTION ( 'NONE',  ( 6.982966722218763300E-015, 1.059691071871038400E-014, 1.000000000000000000 ) ) ;
#1774 = EDGE_LOOP ( 'NONE', ( #1330, #3163, #146, #1574 ) ) ;
#1775 = DIRECTION ( 'NONE',  ( 1.000000000000000000, 3.491483361109333200E-015, -6.982966722218800400E-015 ) ) ;
#1776 = ADVANCED_FACE ( 'NONE', ( #7 ), #203, .F. ) ;
#1777 = MECHANICAL_DESIGN_GEOMETRIC_PRESENTATION_REPRESENTATION (  '', ( #1155 ), #1980 ) ;
#1778 = ORIENTED_EDGE ( 'NONE', *, *, #2985, .T. ) ;
#1779 = EDGE_CURVE ( 'NONE', #2363, #3669, #558, .T. ) ;
#1780 = EDGE_CURVE ( 'NONE', #2076, #2418, #3818, .T. ) ;
#1781 = CARTESIAN_POINT ( 'NONE',  ( 1.199999999999964000, 5.299999999999979400, 1.249999999999935200 ) ) ;
#1782 = VECTOR ( 'NONE', #1382, 1000.000000000000000 ) ;
#1783 = ORIENTED_EDGE ( 'NONE', *, *, #2117, .T. ) ;
#1784 = UNCERTAINTY_MEASURE_WITH_UNIT (LENGTH_MEASURE( 1.000000000000000100E-005 ), #3643, 'distance_accuracy_value', 'NONE');
#1785 = CARTESIAN_POINT ( 'NONE',  ( -2.600000000000003600, 1.149999999999990800, 3.750000000000005800 ) ) ;
#1786 = MECHANICAL_DESIGN_GEOMETRIC_PRESENTATION_REPRESENTATION (  '', ( #1164 ), #1990 ) ;
#1787 = VERTEX_POINT ( 'NONE', #1975 ) ;
#1788 = EDGE_CURVE ( 'NONE', #3130, #3454, #454, .T. ) ;
#1789 = COLOUR_RGB ( '',0.0000000000000000000, 0.0000000000000000000, 0.6274509803921568500 ) ;
#1790 = VECTOR ( 'NONE', #3413, 1000.000000000000000 ) ;
#1791 = LINE ( 'NONE', #2918, #3484 ) ;
#1792 = LINE ( 'NONE', #2378, #966 ) ;
#1793 =( NAMED_UNIT ( * ) PLANE_ANGLE_UNIT ( ) SI_UNIT ( $, .RADIAN. ) );
#1794 = STYLED_ITEM ( 'NONE', ( #297 ), #4006 ) ;
#1795 = CARTESIAN_POINT ( 'NONE',  ( -4.050000000000072700, 5.599999999999906400, -3.850000000000031200 ) ) ;
#1796 = VECTOR ( 'NONE', #633, 1000.000000000000000 ) ;
#1797 = LINE ( 'NONE', #2084, #137 ) ;
#1798 = FACE_OUTER_BOUND ( 'NONE', #1653, .T. ) ;
#1799 = COLOUR_RGB ( '',0.0000000000000000000, 0.0000000000000000000, 0.6274509803921568500 ) ;
#1800 = AXIS2_PLACEMENT_3D ( 'NONE', #58, #2259, #376 ) ;
#1801 = EDGE_CURVE ( 'NONE', #1229, #3073, #1298, .T. ) ;
#1802 = VERTEX_POINT ( 'NONE', #1930 ) ;
#1803 = DIRECTION ( 'NONE',  ( -3.491483361109406500E-015, 1.000000000000000000, -1.047445008332812100E-014 ) ) ;
#1804 = FACE_OUTER_BOUND ( 'NONE', #2002, .T. ) ;
#1805 = ORIENTED_EDGE ( 'NONE', *, *, #1674, .T. ) ;
#1806 =( LENGTH_UNIT ( ) NAMED_UNIT ( * ) SI_UNIT ( .MILLI., .METRE. ) );
#1807 = PLANE ( 'NONE',  #3796 ) ;
#1808 = ORIENTED_EDGE ( 'NONE', *, *, #1577, .T. ) ;
#1809 = CARTESIAN_POINT ( 'NONE',  ( 1.349999999999951200, -0.1000000000000696900, -3.350000000000009400 ) ) ;
#1810 = DIRECTION ( 'NONE',  ( -2.407281188623902500E-015, 1.000000000000000000, -1.059691071871036700E-014 ) ) ;
#1811 = CARTESIAN_POINT ( 'NONE',  ( 1.349999999999946800, 0.3999999999999261400, -3.750000000000013800 ) ) ;
#1812 = CARTESIAN_POINT ( 'NONE',  ( 4.049999999999986500, -0.1000000000000068900, 1.799999999999972500 ) ) ;
#1813 = ORIENTED_EDGE ( 'NONE', *, *, #2168, .T. ) ;
#1814 = PRESENTATION_LAYER_ASSIGNMENT (  '', '', ( #1404 ) ) ;
#1815 = EDGE_LOOP ( 'NONE', ( #1378, #3904, #743, #2503 ) ) ;
#1816 = ADVANCED_FACE ( 'NONE', ( #2023 ), #1942, .F. ) ;
#1817 = DIRECTION ( 'NONE',  ( 1.000000000000000000, 3.491483361109333600E-015, -6.982966722218800400E-015 ) ) ;
#1818 = DIRECTION ( 'NONE',  ( 3.491483361109406100E-015, -1.000000000000000000, 1.047445008332812100E-014 ) ) ;
#1819 = ORIENTED_EDGE ( 'NONE', *, *, #3991, .T. ) ;
#1820 = FILL_AREA_STYLE ('',( #3733 ) ) ;
#1821 =( NAMED_UNIT ( * ) SI_UNIT ( $, .STERADIAN. ) SOLID_ANGLE_UNIT ( ) );
#1822 = AXIS2_PLACEMENT_3D ( 'NONE', #1255, #1518, #1202 ) ;
#1823 = CARTESIAN_POINT ( 'NONE',  ( -3.650000000000071900, 5.599999999999907300, -3.850000000000034700 ) ) ;
#1824 = CARTESIAN_POINT ( 'NONE',  ( -3.100000000000072000, 5.799999999999909200, -3.750000000000040000 ) ) ;
#1825 = COLOUR_RGB ( '',0.0000000000000000000, 0.0000000000000000000, 0.6274509803921568500 ) ;
#1826 = VERTEX_POINT ( 'NONE', #1705 ) ;
#1827 = EDGE_CURVE ( 'NONE', #2921, #3868, #2568, .T. ) ;
#1828 = EDGE_CURVE ( 'NONE', #3966, #3921, #909, .T. ) ;
#1829 = CARTESIAN_POINT ( 'NONE',  ( 4.049999999999935900, 3.249999999999934300, -3.850000000000063600 ) ) ;
#1830 = UNCERTAINTY_MEASURE_WITH_UNIT (LENGTH_MEASURE( 1.000000000000000100E-005 ), #1324, 'distance_accuracy_value', 'NONE');
#1831 = LINE ( 'NONE', #2111, #3523 ) ;
#1832 = SURFACE_STYLE_USAGE ( .BOTH. , #1568 ) ;
#1833 = CARTESIAN_POINT ( 'NONE',  ( 2.749999999999972500, 5.799999999999998900, 2.749999999999919200 ) ) ;
#1834 = FILL_AREA_STYLE ('',( #581 ) ) ;
#1835 = CARTESIAN_POINT ( 'NONE',  ( 4.049999999999967000, -0.1000000000000362100, -1.000000000000028600 ) ) ;
#1836 = UNCERTAINTY_MEASURE_WITH_UNIT (LENGTH_MEASURE( 1.000000000000000100E-005 ), #3897, 'distance_accuracy_value', 'NONE');
#1837 = EDGE_LOOP ( 'NONE', ( #1873, #1863, #160, #1595 ) ) ;
#1838 = STYLED_ITEM ( 'NONE', ( #4053 ), #2080 ) ;
#1839 = LINE ( 'NONE', #2331, #169 ) ;
#1840 = ORIENTED_EDGE ( 'NONE', *, *, #1000, .F. ) ;
#1841 = LINE ( 'NONE', #1052, #2588 ) ;
#1842 = VECTOR ( 'NONE', #422, 1000.000000000000000 ) ;
#1843 = CARTESIAN_POINT ( 'NONE',  ( -3.650000000000032800, 5.599999999999965000, 1.799999999999965600 ) ) ;
#1844 = PLANE ( 'NONE',  #1822 ) ;
#1845 = SURFACE_SIDE_STYLE ('',( #1025 ) ) ;
#1846 = FILL_AREA_STYLE_COLOUR ( '', #1455 ) ;
#1847 = FILL_AREA_STYLE ('',( #1613 ) ) ;
#1848 = PRESENTATION_LAYER_ASSIGNMENT (  '', '', ( #1441 ) ) ;
#1849 = VECTOR ( 'NONE', #594, 1000.000000000000000 ) ;
#1850 = CARTESIAN_POINT ( 'NONE',  ( 1.349999999999948100, -7.476332785283029400E-014, -3.750000000000009300 ) ) ;
#1851 = VERTEX_POINT ( 'NONE', #1011 ) ;
#1852 = DIRECTION ( 'NONE',  ( 6.982966722218764100E-015, 1.060997535488883400E-014, 1.000000000000000000 ) ) ;
#1853 = LINE ( 'NONE', #4016, #1028 ) ;
#1854 = VECTOR ( 'NONE', #1712, 1000.000000000000000 ) ;
#1855 = ORIENTED_EDGE ( 'NONE', *, *, #2628, .F. ) ;
#1856 = ORIENTED_EDGE ( 'NONE', *, *, #2351, .F. ) ;
#1857 = VECTOR ( 'NONE', #2068, 1000.000000000000000 ) ;
#1858 = ORIENTED_EDGE ( 'NONE', *, *, #1292, .T. ) ;
#1859 = CARTESIAN_POINT ( 'NONE',  ( -1.650000000000060100, -0.1000000000000971500, -4.949999999999986000 ) ) ;
#1860 = FILL_AREA_STYLE ('',( #2790 ) ) ;
#1861 = PRESENTATION_LAYER_ASSIGNMENT (  '', '', ( #572 ) ) ;
#1862 = DIRECTION ( 'NONE',  ( -6.982966722218763300E-015, -1.059691071871038400E-014, -1.000000000000000000 ) ) ;
#1863 = ORIENTED_EDGE ( 'NONE', *, *, #531, .F. ) ;
#1864 = ORIENTED_EDGE ( 'NONE', *, *, #2327, .T. ) ;
#1865 =( NAMED_UNIT ( * ) SI_UNIT ( $, .STERADIAN. ) SOLID_ANGLE_UNIT ( ) );
#1866 =( NAMED_UNIT ( * ) PLANE_ANGLE_UNIT ( ) SI_UNIT ( $, .RADIAN. ) );
#1867 = ORIENTED_EDGE ( 'NONE', *, *, #2881, .F. ) ;
#1868 = FACE_OUTER_BOUND ( 'NONE', #2115, .T. ) ;
#1869 = ORIENTED_EDGE ( 'NONE', *, *, #1697, .T. ) ;
#1870 = VECTOR ( 'NONE', #3922, 1000.000000000000000 ) ;
#1871 = FILL_AREA_STYLE ('',( #2497 ) ) ;
#1872 =( GEOMETRIC_REPRESENTATION_CONTEXT ( 3 ) GLOBAL_UNCERTAINTY_ASSIGNED_CONTEXT ( ( #2083 ) ) GLOBAL_UNIT_ASSIGNED_CONTEXT ( ( #2119, #3782, #3766 ) ) REPRESENTATION_CONTEXT ( 'NONE', 'WORKASPACE' ) );
#1873 = ORIENTED_EDGE ( 'NONE', *, *, #1981, .T. ) ;
#1874 = CARTESIAN_POINT ( 'NONE',  ( -3.650000000000058500, 2.499999999999910700, -3.450000000000001500 ) ) ;
#1875 = SURFACE_SIDE_STYLE ('',( #3571 ) ) ;
#1876 = DIRECTION ( 'NONE',  ( 1.000000000000000000, 2.897399978925495400E-015, -6.982966722218794100E-015 ) ) ;
#1877 = ORIENTED_EDGE ( 'NONE', *, *, #2340, .T. ) ;
#1878 = FILL_AREA_STYLE_COLOUR ( '', #2396 ) ;
#1879 = STYLED_ITEM ( 'NONE', ( #3062 ), #3286 ) ;
#1880 = EDGE_CURVE ( 'NONE', #2363, #1605, #3323, .T. ) ;
#1881 = LINE ( 'NONE', #2530, #1058 ) ;
#1882 = UNCERTAINTY_MEASURE_WITH_UNIT (LENGTH_MEASURE( 1.000000000000000100E-005 ), #3031, 'distance_accuracy_value', 'NONE');
#1883 = LINE ( 'NONE', #2113, #1061 ) ;
#1884 = DIRECTION ( 'NONE',  ( 3.491483361109406500E-015, -1.000000000000000000, 1.047445008332812100E-014 ) ) ;
#1885 = SURFACE_STYLE_USAGE ( .BOTH. , #1875 ) ;
#1886 = FILL_AREA_STYLE_COLOUR ( '', #337 ) ;
#1887 = FACE_OUTER_BOUND ( 'NONE', #986, .T. ) ;
#1888 = AXIS2_PLACEMENT_3D ( 'NONE', #2064, #193, #2399 ) ;
#1889 = CARTESIAN_POINT ( 'NONE',  ( 4.049999999999986500, -0.1000000000000068900, 1.799999999999972500 ) ) ;
#1890 =( NAMED_UNIT ( * ) PLANE_ANGLE_UNIT ( ) SI_UNIT ( $, .RADIAN. ) );
#1891 = VECTOR ( 'NONE', #2501, 1000.000000000000000 ) ;
#1892 = EDGE_CURVE ( 'NONE', #2921, #1787, #2468, .T. ) ;
#1893 = LINE ( 'NONE', #513, #2754 ) ;
#1894 = ORIENTED_EDGE ( 'NONE', *, *, #423, .T. ) ;
#1895 = STYLED_ITEM ( 'NONE', ( #1425 ), #191 ) ;
#1896 = VECTOR ( 'NONE', #3464, 1000.000000000000000 ) ;
#1897 = PLANE ( 'NONE',  #1323 ) ;
#1898 = DIRECTION ( 'NONE',  ( -3.491483361109406500E-015, 1.000000000000000000, -1.047445008332812100E-014 ) ) ;
#1899 = VERTEX_POINT ( 'NONE', #2069 ) ;
#1900 = ORIENTED_EDGE ( 'NONE', *, *, #2685, .F. ) ;
#1901 = VERTEX_POINT ( 'NONE', #1026 ) ;
#1902 = CARTESIAN_POINT ( 'NONE',  ( 3.199999999999946900, 4.129999999999951000, -1.850000000000066900 ) ) ;
#1903 = ORIENTED_EDGE ( 'NONE', *, *, #2868, .F. ) ;
#1904 = VERTEX_POINT ( 'NONE', #1119 ) ;
#1905 =( NAMED_UNIT ( * ) PLANE_ANGLE_UNIT ( ) SI_UNIT ( $, .RADIAN. ) );
#1906 =( GEOMETRIC_REPRESENTATION_CONTEXT ( 3 ) GLOBAL_UNCERTAINTY_ASSIGNED_CONTEXT ( ( #1711 ) ) GLOBAL_UNIT_ASSIGNED_CONTEXT ( ( #553, #2766, #879 ) ) REPRESENTATION_CONTEXT ( 'NONE', 'WORKASPACE' ) );
#1907 = UNCERTAINTY_MEASURE_WITH_UNIT (LENGTH_MEASURE( 1.000000000000000100E-005 ), #3553, 'distance_accuracy_value', 'NONE');
#1908 = EDGE_CURVE ( 'NONE', #448, #586, #3228, .T. ) ;
#1909 =( LENGTH_UNIT ( ) NAMED_UNIT ( * ) SI_UNIT ( .MILLI., .METRE. ) );
#1910 = EDGE_CURVE ( 'NONE', #3950, #16, #808, .T. ) ;
#1911 = PRODUCT_RELATED_PRODUCT_CATEGORY ( 'part', '', ( #1197 ) ) ;
#1912 = ORIENTED_EDGE ( 'NONE', *, *, #1788, .F. ) ;
#1913 = EDGE_LOOP ( 'NONE', ( #3301, #3994, #3271, #2564, #1411, #3840, #3061, #876 ) ) ;
#1914 = ORIENTED_EDGE ( 'NONE', *, *, #1593, .F. ) ;
#1915 =( NAMED_UNIT ( * ) PLANE_ANGLE_UNIT ( ) SI_UNIT ( $, .RADIAN. ) );
#1916 = EDGE_CURVE ( 'NONE', #406, #3531, #2379, .T. ) ;
#1917 = CARTESIAN_POINT ( 'NONE',  ( 4.049999999999935900, 3.249999999999934300, -3.850000000000063600 ) ) ;
#1918 = FACE_BOUND ( 'NONE', #628, .T. ) ;
#1919 = FILL_AREA_STYLE_COLOUR ( '', #1126 ) ;
#1920 = CARTESIAN_POINT ( 'NONE',  ( -1.200000000000035900, 5.299999999999970500, 1.249999999999951600 ) ) ;
#1921 = VERTEX_POINT ( 'NONE', #1094 ) ;
#1922 = FACE_OUTER_BOUND ( 'NONE', #1567, .T. ) ;
#1923 = COLOUR_RGB ( '',0.0000000000000000000, 0.0000000000000000000, 0.6274509803921568500 ) ;
#1924 = CARTESIAN_POINT ( 'NONE',  ( -4.500000000000019500, 5.799999999999983800, 3.749999999999969800 ) ) ;
#1925 = AXIS2_PLACEMENT_3D ( 'NONE', #772, #2016, #473 ) ;
#1926 = PLANE ( 'NONE',  #760 ) ;
#1927 = SURFACE_STYLE_USAGE ( .BOTH. , #3845 ) ;
#1928 = FILL_AREA_STYLE ('',( #2181 ) ) ;
#1929 = CARTESIAN_POINT ( 'NONE',  ( 1.649999999999948000, -7.371588284449748200E-014, -3.750000000000011100 ) ) ;
#1930 = CARTESIAN_POINT ( 'NONE',  ( -3.650000000000064300, 3.249999999999907600, -3.850000000000009900 ) ) ;
#1931 = MECHANICAL_DESIGN_GEOMETRIC_PRESENTATION_REPRESENTATION (  '', ( #1322 ), #2141 ) ;
#1932 = PRESENTATION_LAYER_ASSIGNMENT (  '', '', ( #1515 ) ) ;
#1933 = ADVANCED_FACE ( 'NONE', ( #1442 ), #1139, .T. ) ;
#1934 = VECTOR ( 'NONE', #134, 1000.000000000000000 ) ;
#1935 = VECTOR ( 'NONE', #2676, 1000.000000000000000 ) ;
#1936 = CARTESIAN_POINT ( 'NONE',  ( -1.200000000000061700, 5.299999999999930500, -2.450000000000047700 ) ) ;
#1937 = VECTOR ( 'NONE', #742, 1000.000000000000000 ) ;
#1938 = PLANE ( 'NONE',  #2005 ) ;
#1939 = PLANE ( 'NONE',  #1672 ) ;
#1940 =( NAMED_UNIT ( * ) SI_UNIT ( $, .STERADIAN. ) SOLID_ANGLE_UNIT ( ) );
#1941 = PRESENTATION_STYLE_ASSIGNMENT (( #4065 ) ) ;
#1942 = PLANE ( 'NONE',  #1088 ) ;
#1943 = ORIENTED_EDGE ( 'NONE', *, *, #1168, .T. ) ;
#1944 =( GEOMETRIC_REPRESENTATION_CONTEXT ( 3 ) GLOBAL_UNCERTAINTY_ASSIGNED_CONTEXT ( ( #2707 ) ) GLOBAL_UNIT_ASSIGNED_CONTEXT ( ( #1237, #3438, #1534 ) ) REPRESENTATION_CONTEXT ( 'NONE', 'WORKASPACE' ) );
#1945 =( NAMED_UNIT ( * ) PLANE_ANGLE_UNIT ( ) SI_UNIT ( $, .RADIAN. ) );
#1946 = FACE_OUTER_BOUND ( 'NONE', #189, .T. ) ;
#1947 =( LENGTH_UNIT ( ) NAMED_UNIT ( * ) SI_UNIT ( .MILLI., .METRE. ) );
#1948 = VECTOR ( 'NONE', #1149, 1000.000000000000000 ) ;
#1949 = VERTEX_POINT ( 'NONE', #2004 ) ;
#1950 = EDGE_LOOP ( 'NONE', ( #2552, #3501, #938, #1036, #2717, #3661 ) ) ;
#1951 = MECHANICAL_DESIGN_GEOMETRIC_PRESENTATION_REPRESENTATION (  '', ( #1340 ), #2160 ) ;
#1952 = ORIENTED_EDGE ( 'NONE', *, *, #4033, .T. ) ;
#1953 = LINE ( 'NONE', #2124, #3554 ) ;
#1954 = DIRECTION ( 'NONE',  ( 6.982966722218764100E-015, 1.059691071871038400E-014, 1.000000000000000000 ) ) ;
#1955 = VERTEX_POINT ( 'NONE', #3671 ) ;
#1956 = UNCERTAINTY_MEASURE_WITH_UNIT (LENGTH_MEASURE( 1.000000000000000100E-005 ), #1543, 'distance_accuracy_value', 'NONE');
#1957 = DIRECTION ( 'NONE',  ( -1.000000000000000000, -3.491483361109333200E-015, 6.982966722218800400E-015 ) ) ;
#1958 =( LENGTH_UNIT ( ) NAMED_UNIT ( * ) SI_UNIT ( .MILLI., .METRE. ) );
#1959 = AXIS2_PLACEMENT_3D ( 'NONE', #329, #2529, #654 ) ;
#1960 = CARTESIAN_POINT ( 'NONE',  ( -0.1500000000000537300, 0.3999999999999208600, -3.750000000000003600 ) ) ;
#1961 = EDGE_CURVE ( 'NONE', #635, #3687, #2827, .T. ) ;
#1962 =( NAMED_UNIT ( * ) PLANE_ANGLE_UNIT ( ) SI_UNIT ( $, .RADIAN. ) );
#1963 = CARTESIAN_POINT ( 'NONE',  ( 1.649999999999946600, 0.3999999999999271400, -3.750000000000015500 ) ) ;
#1964 = VERTEX_POINT ( 'NONE', #3656 ) ;
#1965 =( LENGTH_UNIT ( ) NAMED_UNIT ( * ) SI_UNIT ( .MILLI., .METRE. ) );
#1966 = SURFACE_STYLE_FILL_AREA ( #1971 ) ;
#1967 = PRESENTATION_LAYER_ASSIGNMENT (  '', '', ( #1542 ) ) ;
#1968 = VERTEX_POINT ( 'NONE', #3638 ) ;
#1969 = COLOUR_RGB ( '',0.0000000000000000000, 0.0000000000000000000, 0.6274509803921568500 ) ;
#1970 = COLOUR_RGB ( '',0.7529411764705882200, 0.7529411764705882200, 0.7529411764705882200 ) ;
#1971 = FILL_AREA_STYLE ('',( #1659 ) ) ;
#1972 = DIRECTION ( 'NONE',  ( -3.491483361109406500E-015, 1.000000000000000000, -1.047445008332812100E-014 ) ) ;
#1973 = PRESENTATION_STYLE_ASSIGNMENT (( #1717 ) ) ;
#1974 =( LENGTH_UNIT ( ) NAMED_UNIT ( * ) SI_UNIT ( .MILLI., .METRE. ) );
#1975 = CARTESIAN_POINT ( 'NONE',  ( -2.100000000000029400, 3.329999999999967700, 1.249999999999979300 ) ) ;
#1976 = LINE ( 'NONE', #1244, #307 ) ;
#1977 = DIRECTION ( 'NONE',  ( -6.982966722218764100E-015, -1.047445008332814600E-014, -1.000000000000000000 ) ) ;
#1978 = FACE_OUTER_BOUND ( 'NONE', #4087, .T. ) ;
#1979 = DIRECTION ( 'NONE',  ( -3.491483361109407300E-015, 1.000000000000000000, -1.059691071871036000E-014 ) ) ;
#1980 =( GEOMETRIC_REPRESENTATION_CONTEXT ( 3 ) GLOBAL_UNCERTAINTY_ASSIGNED_CONTEXT ( ( #3060 ) ) GLOBAL_UNIT_ASSIGNED_CONTEXT ( ( #2936, #3250, #3848 ) ) REPRESENTATION_CONTEXT ( 'NONE', 'WORKASPACE' ) );
#1981 = EDGE_CURVE ( 'NONE', #3531, #2076, #2727, .T. ) ;
#1982 = VECTOR ( 'NONE', #582, 1000.000000000000000 ) ;
#1983 = EDGE_CURVE ( 'NONE', #1351, #1787, #3565, .T. ) ;
#1984 = CARTESIAN_POINT ( 'NONE',  ( 2.749999999999972500, 5.799999999999998900, 2.749999999999919200 ) ) ;
#1985 = DIRECTION ( 'NONE',  ( -3.491483361109407700E-015, 1.000000000000000000, -1.058857662780028000E-014 ) ) ;
#1986 = ADVANCED_FACE ( 'NONE', ( #206 ), #2999, .F. ) ;
#1987 = DIRECTION ( 'NONE',  ( 3.491483361109406500E-015, -1.000000000000000000, 1.047445008332812100E-014 ) ) ;
#1988 = LINE ( 'NONE', #3761, #321 ) ;
#1989 = CARTESIAN_POINT ( 'NONE',  ( 1.649999999999946600, 0.3999999999999271400, -3.750000000000015500 ) ) ;
#1990 =( GEOMETRIC_REPRESENTATION_CONTEXT ( 3 ) GLOBAL_UNCERTAINTY_ASSIGNED_CONTEXT ( ( #3366 ) ) GLOBAL_UNIT_ASSIGNED_CONTEXT ( ( #1147, #1102, #3644 ) ) REPRESENTATION_CONTEXT ( 'NONE', 'WORKASPACE' ) );
#1991 = EDGE_CURVE ( 'NONE', #3658, #1429, #4013, .T. ) ;
#1992 = FACE_OUTER_BOUND ( 'NONE', #2783, .T. ) ;
#1993 = LINE ( 'NONE', #632, #1896 ) ;
#1994 = ADVANCED_FACE ( 'NONE', ( #2321 ), #1706, .F. ) ;
#1995 = FACE_OUTER_BOUND ( 'NONE', #319, .T. ) ;
#1996 = CARTESIAN_POINT ( 'NONE',  ( -3.100000000000038700, -6.955685349528310200E-014, -1.799999999999978700 ) ) ;
#1997 = COLOUR_RGB ( '',0.0000000000000000000, 0.0000000000000000000, 0.6274509803921568500 ) ;
#1998 = DIRECTION ( 'NONE',  ( 6.982966722218764100E-015, 1.047445008332814600E-014, 1.000000000000000000 ) ) ;
#1999 = VERTEX_POINT ( 'NONE', #1765 ) ;
#2000 = SURFACE_STYLE_FILL_AREA ( #312 ) ;
#2001 = LINE ( 'NONE', #127, #3600 ) ;
#2002 = EDGE_LOOP ( 'NONE', ( #1805, #2770, #1055, #551 ) ) ;
#2003 = ORIENTED_EDGE ( 'NONE', *, *, #17, .F. ) ;
#2004 = CARTESIAN_POINT ( 'NONE',  ( -4.500000000000051500, -9.518850551531988400E-014, -3.749999999999968500 ) ) ;
#2005 = AXIS2_PLACEMENT_3D ( 'NONE', #1643, #3873, #1957 ) ;
#2006 = STYLED_ITEM ( 'NONE', ( #3485 ), #762 ) ;
#2007 = ADVANCED_FACE ( 'NONE', ( #3717 ), #182, .F. ) ;
#2008 = UNCERTAINTY_MEASURE_WITH_UNIT (LENGTH_MEASURE( 1.000000000000000100E-005 ), #3709, 'distance_accuracy_value', 'NONE');
#2009 = CARTESIAN_POINT ( 'NONE',  ( 4.499999999999966200, 0.3499999999999653400, -1.000000000000035500 ) ) ;
#2010 = PLANE ( 'NONE',  #2638 ) ;
#2011 = PLANE ( 'NONE',  #1337 ) ;
#2012 = PRESENTATION_LAYER_ASSIGNMENT (  '', '', ( #1592 ) ) ;
#2013 = CARTESIAN_POINT ( 'NONE',  ( -3.200000000000053500, 4.129999999999928800, -1.850000000000021800 ) ) ;
#2014 = EDGE_CURVE ( 'NONE', #1089, #89, #1731, .T. ) ;
#2015 =( NAMED_UNIT ( * ) SI_UNIT ( $, .STERADIAN. ) SOLID_ANGLE_UNIT ( ) );
#2016 = DIRECTION ( 'NONE',  ( 1.000000000000000000, 3.491483361109333600E-015, -6.982966722218800400E-015 ) ) ;
#2017 = LINE ( 'NONE', #3335, #1194 ) ;
#2018 = CARTESIAN_POINT ( 'NONE',  ( -1.800000000000026900, 5.799999999999982900, 2.749999999999951200 ) ) ;
#2019 = CARTESIAN_POINT ( 'NONE',  ( -3.650000000000013200, -0.1000000000000337700, 1.800000000000026200 ) ) ;
#2020 = ORIENTED_EDGE ( 'NONE', *, *, #3141, .F. ) ;
#2021 = COLOUR_RGB ( '',0.0000000000000000000, 0.0000000000000000000, 0.6274509803921568500 ) ;
#2022 = DIRECTION ( 'NONE',  ( -1.000000000000000000, -3.491483361109333600E-015, 6.982966722218800400E-015 ) ) ;
#2023 = FACE_OUTER_BOUND ( 'NONE', #2257, .T. ) ;
#2024 = ORIENTED_EDGE ( 'NONE', *, *, #2420, .F. ) ;
#2025 = COLOUR_RGB ( '',0.0000000000000000000, 0.0000000000000000000, 0.6274509803921568500 ) ;
#2026 = CARTESIAN_POINT ( 'NONE',  ( 2.599999999999988100, 3.400000000000009200, 3.749999999999945800 ) ) ;
#2027 = MECHANICAL_DESIGN_GEOMETRIC_PRESENTATION_REPRESENTATION (  '', ( #1404 ), #2230 ) ;
#2028 = COLOUR_RGB ( '',0.0000000000000000000, 0.0000000000000000000, 0.6274509803921568500 ) ;
#2029 = FACE_OUTER_BOUND ( 'NONE', #3758, .T. ) ;
#2030 = CARTESIAN_POINT ( 'NONE',  ( -4.500000000000019500, 5.799999999999983800, 3.749999999999969800 ) ) ;
#2031 = DIRECTION ( 'NONE',  ( 1.000000000000000000, 3.491483361109333200E-015, -6.982966722218800400E-015 ) ) ;
#2032 = PRESENTATION_STYLE_ASSIGNMENT (( #3563 ) ) ;
#2033 = DIRECTION ( 'NONE',  ( 3.491483361109407700E-015, -1.000000000000000000, 1.062399521056750000E-014 ) ) ;
#2034 = DIRECTION ( 'NONE',  ( -3.491483361109406900E-015, 1.000000000000000000, -1.059009831505990900E-014 ) ) ;
#2035 = PRESENTATION_LAYER_ASSIGNMENT (  '', '', ( #1610 ) ) ;
#2036 = CARTESIAN_POINT ( 'NONE',  ( -1.800000000000037300, 5.799999999999967800, 1.249999999999950700 ) ) ;
#2037 = VECTOR ( 'NONE', #3270, 1000.000000000000000 ) ;
#2038 = SURFACE_STYLE_FILL_AREA ( #155 ) ;
#2039 = STYLED_ITEM ( 'NONE', ( #133 ), #2787 ) ;
#2040 = EDGE_CURVE ( 'NONE', #220, #40, #158, .T. ) ;
#2041 = SURFACE_STYLE_FILL_AREA ( #1248 ) ;
#2042 = CARTESIAN_POINT ( 'NONE',  ( -3.650000000000069600, 5.599999999999912600, -3.450000000000034800 ) ) ;
#2043 = EDGE_CURVE ( 'NONE', #2314, #1826, #2566, .T. ) ;
#2044 = DIRECTION ( 'NONE',  ( -3.491483361109406900E-015, 1.000000000000000000, -1.059009831505990900E-014 ) ) ;
#2045 = DIRECTION ( 'NONE',  ( 3.491483361109406900E-015, -1.000000000000000000, 1.059691071871035900E-014 ) ) ;
#2046 = CARTESIAN_POINT ( 'NONE',  ( 1.349999999999939900, -0.1000000000000866700, -4.950000000000006400 ) ) ;
#2047 = CARTESIAN_POINT ( 'NONE',  ( 2.749999999999985800, 4.130000000000009700, 3.749999999999936900 ) ) ;
#2048 = AXIS2_PLACEMENT_3D ( 'NONE', #1372, #829, #813 ) ;
#2049 = VERTEX_POINT ( 'NONE', #3385 ) ;
#2050 = ORIENTED_EDGE ( 'NONE', *, *, #1961, .T. ) ;
#2051 = VERTEX_POINT ( 'NONE', #842 ) ;
#2052 = VERTEX_POINT ( 'NONE', #898 ) ;
#2053 = DIRECTION ( 'NONE',  ( -3.491483361109406900E-015, 1.000000000000000000, -1.059009831505990900E-014 ) ) ;
#2054 = LINE ( 'NONE', #2737, #1857 ) ;
#2055 = DIRECTION ( 'NONE',  ( 6.982966722218764100E-015, 1.047445008332814600E-014, 1.000000000000000000 ) ) ;
#2056 = ORIENTED_EDGE ( 'NONE', *, *, #573, .F. ) ;
#2057 = CARTESIAN_POINT ( 'NONE',  ( -0.1500000000000523100, -8.000055289449427900E-014, -3.749999999999999100 ) ) ;
#2058 =( NAMED_UNIT ( * ) PLANE_ANGLE_UNIT ( ) SI_UNIT ( $, .RADIAN. ) );
#2059 = CARTESIAN_POINT ( 'NONE',  ( 4.049999999999955400, 3.249999999999964500, -1.000000000000063300 ) ) ;
#2060 = MECHANICAL_DESIGN_GEOMETRIC_PRESENTATION_REPRESENTATION (  '', ( #1441 ), #2272 ) ;
#2061 = ORIENTED_EDGE ( 'NONE', *, *, #2107, .T. ) ;
#2062 = FILL_AREA_STYLE_COLOUR ( '', #2831 ) ;
#2063 = ORIENTED_EDGE ( 'NONE', *, *, #2760, .T. ) ;
#2064 = CARTESIAN_POINT ( 'NONE',  ( -1.650000000000048800, -0.1000000000000801600, -3.349999999999988500 ) ) ;
#2065 = DIRECTION ( 'NONE',  ( -6.982966722218763300E-015, -1.060997535488883400E-014, -1.000000000000000000 ) ) ;
#2066 = APPLICATION_PROTOCOL_DEFINITION ( 'draft international standard', 'automotive_design', 1998, #2401 ) ;
#2067 = VECTOR ( 'NONE', #1259, 1000.000000000000000 ) ;
#2068 = DIRECTION ( 'NONE',  ( 6.982966722218763300E-015, 1.059691071871038400E-014, 1.000000000000000000 ) ) ;
#2069 = CARTESIAN_POINT ( 'NONE',  ( -4.500000000000060400, 2.499999999999904500, -3.749999999999994700 ) ) ;
#2070 = MECHANICAL_DESIGN_GEOMETRIC_PRESENTATION_REPRESENTATION (  '', ( #572 ), #2282 ) ;
#2071 = VERTEX_POINT ( 'NONE', #2722 ) ;
#2072 =( NAMED_UNIT ( * ) SI_UNIT ( $, .STERADIAN. ) SOLID_ANGLE_UNIT ( ) );
#2073 = VECTOR ( 'NONE', #2663, 1000.000000000000000 ) ;
#2074 = ORIENTED_EDGE ( 'NONE', *, *, #1477, .T. ) ;
#2075 = PRESENTATION_STYLE_ASSIGNMENT (( #1050 ) ) ;
#2076 = VERTEX_POINT ( 'NONE', #3652 ) ;
#2077 = COLOUR_RGB ( '',0.0000000000000000000, 0.0000000000000000000, 0.6274509803921568500 ) ;
#2078 = FACE_OUTER_BOUND ( 'NONE', #2453, .T. ) ;
#2079 = CARTESIAN_POINT ( 'NONE',  ( -4.050000000000058400, 2.499999999999909000, -3.449999999999997500 ) ) ;
#2080 = ADVANCED_FACE ( 'NONE', ( #906, #1627 ), #498, .F. ) ;
#2081 = SURFACE_SIDE_STYLE ('',( #1656 ) ) ;
#2082 = LINE ( 'NONE', #1015, #3783 ) ;
#2083 = UNCERTAINTY_MEASURE_WITH_UNIT (LENGTH_MEASURE( 1.000000000000000100E-005 ), #2119, 'distance_accuracy_value', 'NONE');
#2084 = CARTESIAN_POINT ( 'NONE',  ( 2.599999999999954800, 1.549999999999950300, -1.850000000000034700 ) ) ;
#2085 = STYLED_ITEM ( 'NONE', ( #1396 ), #3948 ) ;
#2086 = PRODUCT_CONTEXT ( 'NONE', #2401, 'mechanical' ) ;
#2087 = LINE ( 'NONE', #3964, #2842 ) ;
#2088 = DIRECTION ( 'NONE',  ( 6.982966722218763300E-015, 1.059691071871038400E-014, 1.000000000000000000 ) ) ;
#2089 = CARTESIAN_POINT ( 'NONE',  ( -1.650000000000061900, 0.3999999999999031000, -4.949999999999991300 ) ) ;
#2090 = LINE ( 'NONE', #1289, #3788 ) ;
#2091 = FACE_OUTER_BOUND ( 'NONE', #1512, .T. ) ;
#2092 = AXIS2_PLACEMENT_3D ( 'NONE', #2605, #723, #2939 ) ;
#2093 = EDGE_CURVE ( 'NONE', #254, #1517, #2923, .T. ) ;
#2094 = CARTESIAN_POINT ( 'NONE',  ( -2.600000000000044500, 1.549999999999931400, -1.849999999999998300 ) ) ;
#2095 = DIRECTION ( 'NONE',  ( 6.982966722218763300E-015, 1.059691071871038400E-014, 1.000000000000000000 ) ) ;
#2096 = CARTESIAN_POINT ( 'NONE',  ( 1.199999999999964000, 5.299999999999979400, 1.249999999999935200 ) ) ;
#2097 = FILL_AREA_STYLE ('',( #1472 ) ) ;
#2098 =( NAMED_UNIT ( * ) PLANE_ANGLE_UNIT ( ) SI_UNIT ( $, .RADIAN. ) );
#2099 = PLANE ( 'NONE',  #1768 ) ;
#2100 = LINE ( 'NONE', #3680, #3704 ) ;
#2101 = LINE ( 'NONE', #136, #3705 ) ;
#2102 = ORIENTED_EDGE ( 'NONE', *, *, #1565, .F. ) ;
#2103 = PRESENTATION_STYLE_ASSIGNMENT (( #2221 ) ) ;
#2104 = PRESENTATION_LAYER_ASSIGNMENT (  '', '', ( #1684 ) ) ;
#2105 = ORIENTED_EDGE ( 'NONE', *, *, #1536, .T. ) ;
#2106 = ORIENTED_EDGE ( 'NONE', *, *, #2467, .T. ) ;
#2107 = EDGE_CURVE ( 'NONE', #1329, #143, #1235, .T. ) ;
#2108 =( NAMED_UNIT ( * ) PLANE_ANGLE_UNIT ( ) SI_UNIT ( $, .RADIAN. ) );
#2109 = AXIS2_PLACEMENT_3D ( 'NONE', #2870, #2617, #2576 ) ;
#2110 = FILL_AREA_STYLE ('',( #3719 ) ) ;
#2111 = CARTESIAN_POINT ( 'NONE',  ( 1.199999999999938000, 5.299999999999939400, -2.450000000000065000 ) ) ;
#2112 = CARTESIAN_POINT ( 'NONE',  ( 2.749999999999979100, 4.129999999999999000, 2.749999999999936900 ) ) ;
#2113 = CARTESIAN_POINT ( 'NONE',  ( -0.1500000000000533400, 0.3999999999999208600, -3.750000000000003600 ) ) ;
#2114 = STYLED_ITEM ( 'NONE', ( #1308 ), #1269 ) ;
#2115 = EDGE_LOOP ( 'NONE', ( #2793, #3925, #2024, #660 ) ) ;
#2116 = EDGE_CURVE ( 'NONE', #3878, #2176, #3755, .T. ) ;
#2117 = EDGE_CURVE ( 'NONE', #3030, #1132, #3660, .T. ) ;
#2118 = VECTOR ( 'NONE', #1985, 1000.000000000000000 ) ;
#2119 =( LENGTH_UNIT ( ) NAMED_UNIT ( * ) SI_UNIT ( .MILLI., .METRE. ) );
#2120 = VECTOR ( 'NONE', #2674, 1000.000000000000000 ) ;
#2121 =( NAMED_UNIT ( * ) SI_UNIT ( $, .STERADIAN. ) SOLID_ANGLE_UNIT ( ) );
#2122 = LINE ( 'NONE', #704, #3726 ) ;
#2123 =( LENGTH_UNIT ( ) NAMED_UNIT ( * ) SI_UNIT ( .MILLI., .METRE. ) );
#2124 = CARTESIAN_POINT ( 'NONE',  ( -2.100000000000056000, 4.779999999999932700, -1.850000000000036500 ) ) ;
#2125 = STYLED_ITEM ( 'NONE', ( #3973 ), #1986 ) ;
#2126 = COLOUR_RGB ( '',0.7529411764705882200, 0.7529411764705882200, 0.7529411764705882200 ) ;
#2127 = EDGE_CURVE ( 'NONE', #2922, #1045, #1953, .T. ) ;
#2128 = PRESENTATION_STYLE_ASSIGNMENT (( #605 ) ) ;
#2129 = ORIENTED_EDGE ( 'NONE', *, *, #3676, .F. ) ;
#2130 = SURFACE_STYLE_FILL_AREA ( #69 ) ;
#2131 = DIRECTION ( 'NONE',  ( 3.491483361109406100E-015, -1.000000000000000000, 1.047445008332812100E-014 ) ) ;
#2132 = LINE ( 'NONE', #416, #3738 ) ;
#2133 = UNCERTAINTY_MEASURE_WITH_UNIT (LENGTH_MEASURE( 1.000000000000000100E-005 ), #962, 'distance_accuracy_value', 'NONE');
#2134 =( NAMED_UNIT ( * ) PLANE_ANGLE_UNIT ( ) SI_UNIT ( $, .RADIAN. ) );
#2135 = SURFACE_STYLE_USAGE ( .BOTH. , #4038 ) ;
#2136 = DIRECTION ( 'NONE',  ( -6.982966722218764100E-015, -1.047445008332814600E-014, -1.000000000000000000 ) ) ;
#2137 = LINE ( 'NONE', #1238, #2905 ) ;
#2138 = DIRECTION ( 'NONE',  ( -3.491483361109406500E-015, 1.000000000000000000, -1.047445008332812100E-014 ) ) ;
#2139 = PRESENTATION_LAYER_ASSIGNMENT (  '', '', ( #1726 ) ) ;
#2140 = PRESENTATION_STYLE_ASSIGNMENT (( #123 ) ) ;
#2141 =( GEOMETRIC_REPRESENTATION_CONTEXT ( 3 ) GLOBAL_UNCERTAINTY_ASSIGNED_CONTEXT ( ( #819 ) ) GLOBAL_UNIT_ASSIGNED_CONTEXT ( ( #1958, #84, #2276 ) ) REPRESENTATION_CONTEXT ( 'NONE', 'WORKASPACE' ) );
#2142 = MECHANICAL_DESIGN_GEOMETRIC_PRESENTATION_REPRESENTATION (  '', ( #1515 ), #2370 ) ;
#2143 = ORIENTED_EDGE ( 'NONE', *, *, #1214, .T. ) ;
#2144 =( NAMED_UNIT ( * ) SI_UNIT ( $, .STERADIAN. ) SOLID_ANGLE_UNIT ( ) );
#2145 = ORIENTED_EDGE ( 'NONE', *, *, #2252, .T. ) ;
#2146 = CARTESIAN_POINT ( 'NONE',  ( 3.099999999999961900, -4.790965665640524000E-014, -1.800000000000022000 ) ) ;
#2147 = ORIENTED_EDGE ( 'NONE', *, *, #1577, .F. ) ;
#2148 = SURFACE_STYLE_USAGE ( .BOTH. , #4055 ) ;
#2149 = ORIENTED_EDGE ( 'NONE', *, *, #17, .T. ) ;
#2150 = EDGE_LOOP ( 'NONE', ( #2163, #3808, #3083, #647 ) ) ;
#2151 = CARTESIAN_POINT ( 'NONE',  ( 2.099999999999969000, 3.699999999999982000, 1.249999999999946000 ) ) ;
#2152 = ORIENTED_EDGE ( 'NONE', *, *, #1463, .F. ) ;
#2153 = ORIENTED_EDGE ( 'NONE', *, *, #2915, .T. ) ;
#2154 =( NAMED_UNIT ( * ) PLANE_ANGLE_UNIT ( ) SI_UNIT ( $, .RADIAN. ) );
#2155 = CARTESIAN_POINT ( 'NONE',  ( 2.099999999999944600, 4.779999999999947000, -1.850000000000066000 ) ) ;
#2156 = ORIENTED_EDGE ( 'NONE', *, *, #2507, .F. ) ;
#2157 = CARTESIAN_POINT ( 'NONE',  ( -4.050000000000072700, 5.599999999999906400, -3.850000000000031200 ) ) ;
#2158 = ORIENTED_EDGE ( 'NONE', *, *, #2824, .F. ) ;
#2159 =( LENGTH_UNIT ( ) NAMED_UNIT ( * ) SI_UNIT ( .MILLI., .METRE. ) );
#2160 =( GEOMETRIC_REPRESENTATION_CONTEXT ( 3 ) GLOBAL_UNCERTAINTY_ASSIGNED_CONTEXT ( ( #1459 ) ) GLOBAL_UNIT_ASSIGNED_CONTEXT ( ( #2862, #2571, #2537 ) ) REPRESENTATION_CONTEXT ( 'NONE', 'WORKASPACE' ) );
#2161 = PLANE ( 'NONE',  #2250 ) ;
#2162 = CARTESIAN_POINT ( 'NONE',  ( 4.049999999999967000, -0.1000000000000362100, -1.000000000000028600 ) ) ;
#2163 = ORIENTED_EDGE ( 'NONE', *, *, #2336, .T. ) ;
#2164 = DIRECTION ( 'NONE',  ( -3.491483361109407300E-015, 1.000000000000000000, -1.059691071871036000E-014 ) ) ;
#2165 = CARTESIAN_POINT ( 'NONE',  ( -2.600000000000021800, 1.149999999999963300, 1.150000000000006100 ) ) ;
#2166 = ORIENTED_EDGE ( 'NONE', *, *, #1292, .F. ) ;
#2167 = PRESENTATION_LAYER_ASSIGNMENT (  '', '', ( #1756 ) ) ;
#2168 = EDGE_CURVE ( 'NONE', #1048, #3020, #2054, .T. ) ;
#2169 = LINE ( 'NONE', #3632, #1354 ) ;
#2170 = VERTEX_POINT ( 'NONE', #2112 ) ;
#2171 = VECTOR ( 'NONE', #1065, 1000.000000000000000 ) ;
#2172 = VECTOR ( 'NONE', #726, 1000.000000000000000 ) ;
#2173 = VECTOR ( 'NONE', #48, 1000.000000000000000 ) ;
#2174 = DIRECTION ( 'NONE',  ( 1.000000000000000000, 3.491483361109333200E-015, -6.982966722218800400E-015 ) ) ;
#2175 = CARTESIAN_POINT ( 'NONE',  ( -3.650000000000044300, 3.249999999999937400, -1.000000000000009500 ) ) ;
#2176 = VERTEX_POINT ( 'NONE', #1811 ) ;
#2177 = ADVANCED_FACE ( 'NONE', ( #3455 ), #1748, .F. ) ;
#2178 = CARTESIAN_POINT ( 'NONE',  ( 3.649999999999986100, -0.1000000000000082900, 1.799999999999975000 ) ) ;
#2179 = MECHANICAL_DESIGN_GEOMETRIC_PRESENTATION_REPRESENTATION (  '', ( #1542 ), #2404 ) ;
#2180 = CARTESIAN_POINT ( 'NONE',  ( -4.050000000000072700, 5.599999999999906400, -3.850000000000031200 ) ) ;
#2181 = FILL_AREA_STYLE_COLOUR ( '', #2741 ) ;
#2182 = LINE ( 'NONE', #45, #3789 ) ;
#2183 = UNCERTAINTY_MEASURE_WITH_UNIT (LENGTH_MEASURE( 1.000000000000000100E-005 ), #1437, 'distance_accuracy_value', 'NONE');
#2184 = PRESENTATION_STYLE_ASSIGNMENT (( #475 ) ) ;
#2185 = ORIENTED_EDGE ( 'NONE', *, *, #955, .T. ) ;
#2186 = CARTESIAN_POINT ( 'NONE',  ( 4.049999999999938500, 3.249999999999938700, -3.450000000000062400 ) ) ;
#2187 = DIRECTION ( 'NONE',  ( 3.491483361109406500E-015, -1.000000000000000000, 1.047445008332812100E-014 ) ) ;
#2188 = COLOUR_RGB ( '',0.7529411764705882200, 0.7529411764705882200, 0.7529411764705882200 ) ;
#2189 = ORIENTED_EDGE ( 'NONE', *, *, #664, .F. ) ;
#2190 = ORIENTED_EDGE ( 'NONE', *, *, #1801, .F. ) ;
#2191 = CARTESIAN_POINT ( 'NONE',  ( -2.100000000000056000, 4.779999999999932700, -1.850000000000036500 ) ) ;
#2192 = EDGE_CURVE ( 'NONE', #379, #2548, #2716, .T. ) ;
#2193 = VECTOR ( 'NONE', #3718, 1000.000000000000000 ) ;
#2194 = EDGE_CURVE ( 'NONE', #3308, #1968, #192, .T. ) ;
#2195 = ADVANCED_FACE ( 'NONE', ( #638 ), #2099, .F. ) ;
#2196 = ORIENTED_EDGE ( 'NONE', *, *, #202, .T. ) ;
#2197 = VERTEX_POINT ( 'NONE', #235 ) ;
#2198 = ORIENTED_EDGE ( 'NONE', *, *, #14, .T. ) ;
#2199 = CARTESIAN_POINT ( 'NONE',  ( 3.649999999999966600, -0.1000000000000376100, -1.000000000000025100 ) ) ;
#2200 = FILL_AREA_STYLE_COLOUR ( '', #880 ) ;
#2201 = CARTESIAN_POINT ( 'NONE',  ( 1.649999999999951300, -0.1000000000000686500, -3.350000000000010700 ) ) ;
#2202 = ORIENTED_EDGE ( 'NONE', *, *, #1381, .F. ) ;
#2203 = DIRECTION ( 'NONE',  ( -1.000000000000000000, -3.491483361109333600E-015, 6.982966722218800400E-015 ) ) ;
#2204 = VERTEX_POINT ( 'NONE', #3919 ) ;
#2205 = DIRECTION ( 'NONE',  ( -3.491483361109406900E-015, 1.000000000000000000, -1.058857662780028000E-014 ) ) ;
#2206 = EDGE_CURVE ( 'NONE', #3306, #1955, #2001, .T. ) ;
#2207 = UNCERTAINTY_MEASURE_WITH_UNIT (LENGTH_MEASURE( 1.000000000000000100E-005 ), #4100, 'distance_accuracy_value', 'NONE');
#2208 = ORIENTED_EDGE ( 'NONE', *, *, #2043, .T. ) ;
#2209 = SURFACE_SIDE_STYLE ('',( #1419 ) ) ;
#2210 = ORIENTED_EDGE ( 'NONE', *, *, #110, .F. ) ;
#2211 = PRESENTATION_LAYER_ASSIGNMENT (  '', '', ( #1794 ) ) ;
#2212 = FACE_OUTER_BOUND ( 'NONE', #4089, .T. ) ;
#2213 = DIRECTION ( 'NONE',  ( -1.000000000000000000, -3.491483361109333200E-015, 6.982966722218800400E-015 ) ) ;
#2214 = AXIS2_PLACEMENT_3D ( 'NONE', #3621, #3303, #2984 ) ;
#2216 = ADVANCED_FACE ( 'NONE', ( #2864 ), #2325, .F. ) ;
#2215 = CARTESIAN_POINT ( 'NONE',  ( -1.800000000000029800, 3.699999999999968200, 1.249999999999973400 ) ) ;
#2217 = VECTOR ( 'NONE', #2034, 1000.000000000000000 ) ;
#2218 = ORIENTED_EDGE ( 'NONE', *, *, #4004, .F. ) ;
#2219 = FILL_AREA_STYLE ('',( #1590 ) ) ;
#2220 = DIRECTION ( 'NONE',  ( 1.000000000000000000, 3.491483361109333200E-015, -6.982966722218800400E-015 ) ) ;
#2221 = SURFACE_STYLE_USAGE ( .BOTH. , #2209 ) ;
#2222 = MECHANICAL_DESIGN_GEOMETRIC_PRESENTATION_REPRESENTATION (  '', ( #1592 ), #2444 ) ;
#2223 = EDGE_CURVE ( 'NONE', #1503, #3966, #3304, .T. ) ;
#2224 = ADVANCED_FACE ( 'NONE', ( #35 ), #3619, .F. ) ;
#2225 = VECTOR ( 'NONE', #4064, 1000.000000000000000 ) ;
#2226 = DIRECTION ( 'NONE',  ( -6.982966722218763300E-015, -1.059691071871038400E-014, -1.000000000000000000 ) ) ;
#2227 = ORIENTED_EDGE ( 'NONE', *, *, #3570, .T. ) ;
#2228 = LINE ( 'NONE', #3567, #1313 ) ;
#2229 = CARTESIAN_POINT ( 'NONE',  ( -4.050000000000032700, -0.1000000000000644800, -0.9999999999999713600 ) ) ;
#2230 =( GEOMETRIC_REPRESENTATION_CONTEXT ( 3 ) GLOBAL_UNCERTAINTY_ASSIGNED_CONTEXT ( ( #559 ) ) GLOBAL_UNIT_ASSIGNED_CONTEXT ( ( #259, #2459, #578 ) ) REPRESENTATION_CONTEXT ( 'NONE', 'WORKASPACE' ) );
#2231 = CARTESIAN_POINT ( 'NONE',  ( -2.600000000000011600, 3.399999999999991000, 3.749999999999982200 ) ) ;
#2232 = CARTESIAN_POINT ( 'NONE',  ( 3.099999999999961900, -4.790965665640524000E-014, -1.800000000000022000 ) ) ;
#2233 = LINE ( 'NONE', #2215, #3007 ) ;
#2234 = SURFACE_STYLE_USAGE ( .BOTH. , #2254 ) ;
#2235 =( NAMED_UNIT ( * ) SI_UNIT ( $, .STERADIAN. ) SOLID_ANGLE_UNIT ( ) );
#2236 = PLANE ( 'NONE',  #3379 ) ;
#2237 = VECTOR ( 'NONE', #1063, 1000.000000000000000 ) ;
#2238 = MECHANICAL_DESIGN_GEOMETRIC_PRESENTATION_REPRESENTATION (  '', ( #1610 ), #2460 ) ;
#2239 = PRESENTATION_STYLE_ASSIGNMENT (( #1266 ) ) ;
#2240 = FACE_OUTER_BOUND ( 'NONE', #252, .T. ) ;
#2241 =( NAMED_UNIT ( * ) SI_UNIT ( $, .STERADIAN. ) SOLID_ANGLE_UNIT ( ) );
#2242 = EDGE_LOOP ( 'NONE', ( #2668, #2158, #2265, #1819 ) ) ;
#2243 = DIRECTION ( 'NONE',  ( -2.897399978925568400E-015, 1.000000000000000000, -1.047445008332812600E-014 ) ) ;
#2244 = VECTOR ( 'NONE', #3420, 1000.000000000000000 ) ;
#2245 = SURFACE_STYLE_FILL_AREA ( #3520 ) ;
#2246 = COLOUR_RGB ( '',0.7529411764705882200, 0.7529411764705882200, 0.7529411764705882200 ) ;
#2247 = ORIENTED_EDGE ( 'NONE', *, *, #24, .F. ) ;
#2248 = EDGE_LOOP ( 'NONE', ( #2050, #485, #3855, #3111 ) ) ;
#2249 = SURFACE_SIDE_STYLE ('',( #253 ) ) ;
#2250 = AXIS2_PLACEMENT_3D ( 'NONE', #1540, #3770, #1862 ) ;
#2251 =( NAMED_UNIT ( * ) PLANE_ANGLE_UNIT ( ) SI_UNIT ( $, .RADIAN. ) );
#2252 = EDGE_CURVE ( 'NONE', #3648, #1802, #2452, .T. ) ;
#2253 = ORIENTED_EDGE ( 'NONE', *, *, #126, .T. ) ;
#2254 = SURFACE_SIDE_STYLE ('',( #2245 ) ) ;
#2255 =( NAMED_UNIT ( * ) PLANE_ANGLE_UNIT ( ) SI_UNIT ( $, .RADIAN. ) );
#2256 = EDGE_CURVE ( 'NONE', #2512, #3669, #4036, .T. ) ;
#2257 = EDGE_LOOP ( 'NONE', ( #3737, #2253, #3513, #2202, #2410, #2247, #1714, #408, #3018, #1664, #766, #3995, #1183, #2208, #1201, #3428 ) ) ;
#2258 = DIRECTION ( 'NONE',  ( 3.636043650774140700E-015, -1.000000000000000000, 1.047445008332811900E-014 ) ) ;
#2259 = DIRECTION ( 'NONE',  ( -1.000000000000000000, -3.491483361109333600E-015, 6.982966722218800400E-015 ) ) ;
#2260 = CARTESIAN_POINT ( 'NONE',  ( 3.649999999999938200, 3.249999999999936900, -3.450000000000059700 ) ) ;
#2261 = PRESENTATION_LAYER_ASSIGNMENT (  '', '', ( #1838 ) ) ;
#2262 = FILL_AREA_STYLE ('',( #2832 ) ) ;
#2263 = UNCERTAINTY_MEASURE_WITH_UNIT (LENGTH_MEASURE( 1.000000000000000100E-005 ), #825, 'distance_accuracy_value', 'NONE');
#2264 = ORIENTED_EDGE ( 'NONE', *, *, #3971, .F. ) ;
#2265 = ORIENTED_EDGE ( 'NONE', *, *, #2308, .F. ) ;
#2266 = DIRECTION ( 'NONE',  ( -6.982966722218763300E-015, -1.059691071871038400E-014, -1.000000000000000000 ) ) ;
#2267 = SURFACE_SIDE_STYLE ('',( #2130 ) ) ;
#2268 = COLOUR_RGB ( '',0.0000000000000000000, 0.0000000000000000000, 0.6274509803921568500 ) ;
#2269 =( NAMED_UNIT ( * ) SI_UNIT ( $, .STERADIAN. ) SOLID_ANGLE_UNIT ( ) );
#2270 = VECTOR ( 'NONE', #821, 1000.000000000000000 ) ;
#2271 = ORIENTED_EDGE ( 'NONE', *, *, #439, .F. ) ;
#2272 =( GEOMETRIC_REPRESENTATION_CONTEXT ( 3 ) GLOBAL_UNCERTAINTY_ASSIGNED_CONTEXT ( ( #1480 ) ) GLOBAL_UNIT_ASSIGNED_CONTEXT ( ( #4047, #600, #3892 ) ) REPRESENTATION_CONTEXT ( 'NONE', 'WORKASPACE' ) );
#2273 =( NAMED_UNIT ( * ) SI_UNIT ( $, .STERADIAN. ) SOLID_ANGLE_UNIT ( ) );
#2274 = VECTOR ( 'NONE', #2767, 1000.000000000000000 ) ;
#2275 = DIRECTION ( 'NONE',  ( -3.491483361109406900E-015, 1.000000000000000000, -1.059009831505990900E-014 ) ) ;
#2276 =( NAMED_UNIT ( * ) SI_UNIT ( $, .STERADIAN. ) SOLID_ANGLE_UNIT ( ) );
#2277 = DIRECTION ( 'NONE',  ( -3.491483361109406900E-015, 1.000000000000000000, -1.059009831505990900E-014 ) ) ;
#2278 = SURFACE_STYLE_FILL_AREA ( #1499 ) ;
#2279 = SURFACE_SIDE_STYLE ('',( #2806 ) ) ;
#2280 =( LENGTH_UNIT ( ) NAMED_UNIT ( * ) SI_UNIT ( .MILLI., .METRE. ) );
#2281 =( NAMED_UNIT ( * ) SI_UNIT ( $, .STERADIAN. ) SOLID_ANGLE_UNIT ( ) );
#2282 =( GEOMETRIC_REPRESENTATION_CONTEXT ( 3 ) GLOBAL_UNCERTAINTY_ASSIGNED_CONTEXT ( ( #3095 ) ) GLOBAL_UNIT_ASSIGNED_CONTEXT ( ( #2123, #2098, #2241 ) ) REPRESENTATION_CONTEXT ( 'NONE', 'WORKASPACE' ) );
#2283 = VECTOR ( 'NONE', #1702, 1000.000000000000000 ) ;
#2284 = FACE_OUTER_BOUND ( 'NONE', #3076, .T. ) ;
#2285 = ORIENTED_EDGE ( 'NONE', *, *, #1780, .T. ) ;
#2286 = EDGE_CURVE ( 'NONE', #3804, #142, #786, .T. ) ;
#2287 = VECTOR ( 'NONE', #4066, 1000.000000000000000 ) ;
#2288 = VECTOR ( 'NONE', #3425, 1000.000000000000000 ) ;
#2289 = SURFACE_STYLE_USAGE ( .BOTH. , #100 ) ;
#2290 = FILL_AREA_STYLE_COLOUR ( '', #1632 ) ;
#2291 = DIRECTION ( 'NONE',  ( 1.000000000000000000, 3.491483361109333200E-015, -6.982966722218800400E-015 ) ) ;
#2292 = CARTESIAN_POINT ( 'NONE',  ( -4.050000000000034500, 0.3499999999999357000, -0.9999999999999756900 ) ) ;
#2293 = SURFACE_STYLE_USAGE ( .BOTH. , #2311 ) ;
#2294 = VECTOR ( 'NONE', #3450, 1000.000000000000000 ) ;
#2295 = VERTEX_POINT ( 'NONE', #471 ) ;
#2296 = AXIS2_PLACEMENT_3D ( 'NONE', #345, #2540, #663 ) ;
#2297 = LINE ( 'NONE', #3120, #3902 ) ;
#2298 = CARTESIAN_POINT ( 'NONE',  ( 1.799999999999968300, 3.699999999999980600, 1.249999999999948300 ) ) ;
#2299 = CARTESIAN_POINT ( 'NONE',  ( 1.649999999999938200, 0.3999999999999145900, -4.950000000000015300 ) ) ;
#2300 = STYLED_ITEM ( 'NONE', ( #2963 ), #631 ) ;
#2301 = ORIENTED_EDGE ( 'NONE', *, *, #3676, .T. ) ;
#2302 = FILL_AREA_STYLE_COLOUR ( '', #1997 ) ;
#2303 = VECTOR ( 'NONE', #3029, 1000.000000000000000 ) ;
#2304 = ORIENTED_EDGE ( 'NONE', *, *, #2728, .F. ) ;
#2305 = EDGE_LOOP ( 'NONE', ( #2143, #2355, #3706, #2102 ) ) ;
#2306 = DIRECTION ( 'NONE',  ( -3.751172504219707000E-015, 1.000000000000000000, -1.047445008332811900E-014 ) ) ;
#2307 = PRESENTATION_LAYER_ASSIGNMENT (  '', '', ( #1879 ) ) ;
#2308 = EDGE_CURVE ( 'NONE', #1968, #1187, #3204, .T. ) ;
#2309 = VERTEX_POINT ( 'NONE', #3959 ) ;
#2310 = CARTESIAN_POINT ( 'NONE',  ( 3.099999999999961900, -4.790965665640524000E-014, -1.800000000000022000 ) ) ;
#2311 = SURFACE_SIDE_STYLE ('',( #3333 ) ) ;
#2312 = DIRECTION ( 'NONE',  ( -3.491483361109406500E-015, 1.000000000000000000, -1.047445008332812100E-014 ) ) ;
#2313 = DIRECTION ( 'NONE',  ( -3.491483361109406500E-015, 1.000000000000000000, -1.047445008332812100E-014 ) ) ;
#2314 = VERTEX_POINT ( 'NONE', #3634 ) ;
#2315 = ADVANCED_FACE ( 'NONE', ( #588 ), #480, .F. ) ;
#2316 = DIRECTION ( 'NONE',  ( -3.491483361109407300E-015, 1.000000000000000000, -1.059691071871036000E-014 ) ) ;
#2317 = VECTOR ( 'NONE', #3028, 1000.000000000000000 ) ;
#2318 = UNCERTAINTY_MEASURE_WITH_UNIT (LENGTH_MEASURE( 1.000000000000000100E-005 ), #1208, 'distance_accuracy_value', 'NONE');
#2319 = MECHANICAL_DESIGN_GEOMETRIC_PRESENTATION_REPRESENTATION (  '', ( #1684 ), #2528 ) ;
#2320 = VERTEX_POINT ( 'NONE', #1742 ) ;
#2321 = FACE_OUTER_BOUND ( 'NONE', #2712, .T. ) ;
#2322 = CARTESIAN_POINT ( 'NONE',  ( -1.350000000000052000, -8.419033292782547700E-014, -3.749999999999990200 ) ) ;
#2323 = ADVANCED_FACE ( 'NONE', ( #282 ), #2704, .F. ) ;
#2324 = DIRECTION ( 'NONE',  ( 6.982966722218763300E-015, 1.059691071871038400E-014, 1.000000000000000000 ) ) ;
#2325 = PLANE ( 'NONE',  #3064 ) ;
#2326 = DIRECTION ( 'NONE',  ( -1.000000000000000000, -3.336597336468546900E-015, 6.982966722218798800E-015 ) ) ;
#2327 = EDGE_CURVE ( 'NONE', #157, #406, #845, .T. ) ;
#2328 = ORIENTED_EDGE ( 'NONE', *, *, #1828, .T. ) ;
#2329 = PRESENTATION_LAYER_ASSIGNMENT (  '', '', ( #1895 ) ) ;
#2330 =( NAMED_UNIT ( * ) PLANE_ANGLE_UNIT ( ) SI_UNIT ( $, .RADIAN. ) );
#2331 = CARTESIAN_POINT ( 'NONE',  ( 4.499999999999937800, 3.249999999999940000, -3.450000000000065000 ) ) ;
#2332 = COLOUR_RGB ( '',0.7529411764705882200, 0.7529411764705882200, 0.7529411764705882200 ) ;
#2333 = CARTESIAN_POINT ( 'NONE',  ( -2.100000000000024100, 4.779999999999982500, 2.749999999999963600 ) ) ;
#2334 = AXIS2_PLACEMENT_3D ( 'NONE', #3188, #3177, #3115 ) ;
#2335 = STYLED_ITEM ( 'NONE', ( #274 ), #2596 ) ;
#2336 = EDGE_CURVE ( 'NONE', #3628, #349, #2498, .T. ) ;
#2337 = VECTOR ( 'NONE', #484, 1000.000000000000000 ) ;
#2338 = DIRECTION ( 'NONE',  ( 1.000000000000000000, 3.491483361109333200E-015, -6.982966722218800400E-015 ) ) ;
#2339 = ADVANCED_FACE ( 'NONE', ( #4085 ), #1771, .T. ) ;
#2340 = EDGE_CURVE ( 'NONE', #3265, #2921, #1276, .T. ) ;
#2341 = FILL_AREA_STYLE ('',( #3603 ) ) ;
#2342 = DIRECTION ( 'NONE',  ( 3.491483361109406500E-015, -1.000000000000000000, 1.047445008332812100E-014 ) ) ;
#2343 = CARTESIAN_POINT ( 'NONE',  ( -1.650000000000049200, -8.104799790282701600E-014, -3.349999999999987700 ) ) ;
#2344 = LINE ( 'NONE', #2961, #2037 ) ;
#2345 = FILL_AREA_STYLE_COLOUR ( '', #3437 ) ;
#2346 = FACE_BOUND ( 'NONE', #3654, .T. ) ;
#2347 = CARTESIAN_POINT ( 'NONE',  ( -4.050000000000032700, -0.1000000000000644800, -0.9999999999999713600 ) ) ;
#2348 = UNCERTAINTY_MEASURE_WITH_UNIT (LENGTH_MEASURE( 1.000000000000000100E-005 ), #2515, 'distance_accuracy_value', 'NONE');
#2349 =( LENGTH_UNIT ( ) NAMED_UNIT ( * ) SI_UNIT ( .MILLI., .METRE. ) );
#2350 = AXIS2_PLACEMENT_3D ( 'NONE', #1070, #1096, #459 ) ;
#2351 = EDGE_CURVE ( 'NONE', #509, #2071, #2100, .T. ) ;
#2352 = CARTESIAN_POINT ( 'NONE',  ( 3.099999999999928600, 5.799999999999934100, -3.450000000000083200 ) ) ;
#2353 = VECTOR ( 'NONE', #3487, 1000.000000000000000 ) ;
#2354 = CARTESIAN_POINT ( 'NONE',  ( -1.650000000000052100, -8.523777793615828900E-014, -3.749999999999988500 ) ) ;
#2355 = ORIENTED_EDGE ( 'NONE', *, *, #3141, .T. ) ;
#2356 = FILL_AREA_STYLE_COLOUR ( '', #3063 ) ;
#2357 = FACE_OUTER_BOUND ( 'NONE', #435, .T. ) ;
#2358 = VECTOR ( 'NONE', #2675, 1000.000000000000000 ) ;
#2359 = VERTEX_POINT ( 'NONE', #2748 ) ;
#2360 = VERTEX_POINT ( 'NONE', #537 ) ;
#2361 = SURFACE_STYLE_USAGE ( .BOTH. , #2376 ) ;
#2362 = CARTESIAN_POINT ( 'NONE',  ( -4.050000000000013100, -0.1000000000000351600, 1.800000000000028700 ) ) ;
#2363 = VERTEX_POINT ( 'NONE', #864 ) ;
#2364 = ADVANCED_FACE ( 'NONE', ( #1995 ), #1469, .T. ) ;
#2365 = ADVANCED_FACE ( 'NONE', ( #2546 ), #231, .T. ) ;
#2366 = MECHANICAL_DESIGN_GEOMETRIC_PRESENTATION_REPRESENTATION (  '', ( #1726 ), #2567 ) ;
#2367 = VERTEX_POINT ( 'NONE', #877 ) ;
#2368 =( NAMED_UNIT ( * ) PLANE_ANGLE_UNIT ( ) SI_UNIT ( $, .RADIAN. ) );
#2369 = CARTESIAN_POINT ( 'NONE',  ( 2.649999999999944400, 4.779999999999949600, -1.850000000000069400 ) ) ;
#2370 =( GEOMETRIC_REPRESENTATION_CONTEXT ( 3 ) GLOBAL_UNCERTAINTY_ASSIGNED_CONTEXT ( ( #1836 ) ) GLOBAL_UNIT_ASSIGNED_CONTEXT ( ( #3897, #1047, #801 ) ) REPRESENTATION_CONTEXT ( 'NONE', 'WORKASPACE' ) );
#2371 = DIRECTION ( 'NONE',  ( -1.000000000000000000, -3.491483361109326800E-015, 7.602510820781945400E-015 ) ) ;
#2372 = VERTEX_POINT ( 'NONE', #3101 ) ;
#2373 = VERTEX_POINT ( 'NONE', #1203 ) ;
#2374 = DIRECTION ( 'NONE',  ( -6.982966722218763300E-015, -1.059691071871038200E-014, -1.000000000000000000 ) ) ;
#2375 = ORIENTED_EDGE ( 'NONE', *, *, #2422, .F. ) ;
#2376 = SURFACE_SIDE_STYLE ('',( #1049 ) ) ;
#2377 = VECTOR ( 'NONE', #2266, 1000.000000000000000 ) ;
#2378 = CARTESIAN_POINT ( 'NONE',  ( 2.749999999999979600, 5.800000000000008700, 3.749999999999919200 ) ) ;
#2379 = LINE ( 'NONE', #1106, #3126 ) ;
#2380 = FILL_AREA_STYLE ('',( #1440 ) ) ;
#2381 = VECTOR ( 'NONE', #2746, 1000.000000000000000 ) ;
#2382 = ADVANCED_FACE ( 'NONE', ( #2240 ), #1191, .T. ) ;
#2383 = CLOSED_SHELL ( 'NONE', ( #705, #3970, #768, #1073, #135, #2673, #3002, #1816, #2424, #2978, #3611, #1718, #151, #3595, #364, #404, #3785, #1293, #2007, #2903, #103, #1254, #3869, #2195, #4006, #1994, #798, #2224, #462, #795, #1986, #2080, #2655, #3286, #2582, #122, #3631, #950, #3948, #1488, #3699, #83, #3048, #318, #2365, #392, #1450, #2364, #1933, #1062, #3014, #527, #3985, #2323, #2216, #3582, #351, #210, #2315, #1122, #3945, #228, #191, #728, #3659, #2489, #2177, #2339, #1170, #1776, #1167, #478, #1020, #438, #2574, #2950, #3297, #2596, #3900, #2382, #1146, #43, #762, #3928, #2787, #631, #1466, #502, #1269 ) ) ;
#2384 = FILL_AREA_STYLE_COLOUR ( '', #1127 ) ;
#2385 = PLANE ( 'NONE',  #12 ) ;
#2386 = STYLED_ITEM ( 'NONE', ( #258 ), #3900 ) ;
#2387 = DIRECTION ( 'NONE',  ( -6.982966722218763300E-015, -1.059691071871038200E-014, -1.000000000000000000 ) ) ;
#2388 = CARTESIAN_POINT ( 'NONE',  ( -2.650000000000024300, 4.779999999999979800, 2.749999999999967100 ) ) ;
#2389 = FILL_AREA_STYLE ('',( #2681 ) ) ;
#2390 = VECTOR ( 'NONE', #2822, 1000.000000000000000 ) ;
#2391 = PRESENTATION_STYLE_ASSIGNMENT (( #1325 ) ) ;
#2392 = CARTESIAN_POINT ( 'NONE',  ( -3.100000000000040100, 0.3499999999999305300, -1.799999999999982100 ) ) ;
#2393 = COLOUR_RGB ( '',0.0000000000000000000, 0.0000000000000000000, 0.6274509803921568500 ) ;
#2394 = MECHANICAL_DESIGN_GEOMETRIC_PRESENTATION_REPRESENTATION (  '', ( #1756 ), #2604 ) ;
#2395 = EDGE_CURVE ( 'NONE', #2170, #2314, #1123, .T. ) ;
#2396 = COLOUR_RGB ( '',0.7529411764705882200, 0.7529411764705882200, 0.7529411764705882200 ) ;
#2397 = LINE ( 'NONE', #778, #1451 ) ;
#2398 = CARTESIAN_POINT ( 'NONE',  ( -4.050000000000070000, 5.599999999999910800, -3.450000000000028600 ) ) ;
#2399 = DIRECTION ( 'NONE',  ( -6.982966722218763300E-015, -1.060997535488883400E-014, -1.000000000000000000 ) ) ;
#2400 = UNCERTAINTY_MEASURE_WITH_UNIT (LENGTH_MEASURE( 1.000000000000000100E-005 ), #1021, 'distance_accuracy_value', 'NONE');
#2401 = APPLICATION_CONTEXT ( 'automotive_design' ) ;
#2402 = LINE ( 'NONE', #908, #2288 ) ;
#2403 = VECTOR ( 'NONE', #1530, 1000.000000000000000 ) ;
#2404 =( GEOMETRIC_REPRESENTATION_CONTEXT ( 3 ) GLOBAL_UNCERTAINTY_ASSIGNED_CONTEXT ( ( #870 ) ) GLOBAL_UNIT_ASSIGNED_CONTEXT ( ( #1703, #3930, #2015 ) ) REPRESENTATION_CONTEXT ( 'NONE', 'WORKASPACE' ) );
#2405 = ORIENTED_EDGE ( 'NONE', *, *, #3207, .T. ) ;
#2406 = FACE_OUTER_BOUND ( 'NONE', #1950, .T. ) ;
#2407 = COLOUR_RGB ( '',0.7529411764705882200, 0.7529411764705882200, 0.7529411764705882200 ) ;
#2408 = EDGE_LOOP ( 'NONE', ( #1508, #2451, #94, #2607 ) ) ;
#2409 = VERTEX_POINT ( 'NONE', #2146 ) ;
#2410 = ORIENTED_EDGE ( 'NONE', *, *, #2256, .F. ) ;
#2411 =( LENGTH_UNIT ( ) NAMED_UNIT ( * ) SI_UNIT ( .MILLI., .METRE. ) );
#2412 = CARTESIAN_POINT ( 'NONE',  ( 0.1499999999999382700, 0.3999999999999093700, -4.950000000000004600 ) ) ;
#2413 = VERTEX_POINT ( 'NONE', #3423 ) ;
#2414 = DIRECTION ( 'NONE',  ( 6.982966722218763300E-015, 1.059691071871038400E-014, 1.000000000000000000 ) ) ;
#2415 = APPLICATION_PROTOCOL_DEFINITION ( 'draft international standard', 'automotive_design', 1998, #207 ) ;
#2416 = CARTESIAN_POINT ( 'NONE',  ( -4.500000000000061300, 3.249999999999909000, -3.450000000000002400 ) ) ;
#2417 = FILL_AREA_STYLE_COLOUR ( '', #1198 ) ;
#2418 = VERTEX_POINT ( 'NONE', #892 ) ;
#2419 = STYLED_ITEM ( 'NONE', ( #2032 ), #1167 ) ;
#2420 = EDGE_CURVE ( 'NONE', #784, #3540, #2703, .T. ) ;
#2421 = ORIENTED_EDGE ( 'NONE', *, *, #1131, .T. ) ;
#2422 = EDGE_CURVE ( 'NONE', #2413, #3804, #3541, .T. ) ;
#2423 = LINE ( 'NONE', #163, #4011 ) ;
#2424 = ADVANCED_FACE ( 'NONE', ( #184 ), #1230, .F. ) ;
#2425 = ORIENTED_EDGE ( 'NONE', *, *, #3171, .T. ) ;
#2426 = DIRECTION ( 'NONE',  ( 6.982966722218763300E-015, 1.059691071871038400E-014, 1.000000000000000000 ) ) ;
#2427 = PRESENTATION_STYLE_ASSIGNMENT (( #797 ) ) ;
#2428 = SURFACE_STYLE_USAGE ( .BOTH. , #217 ) ;
#2429 = DIRECTION ( 'NONE',  ( -3.491483361109406500E-015, 1.000000000000000000, -1.047445008332812100E-014 ) ) ;
#2430 = STYLED_ITEM ( 'NONE', ( #1680 ), #1776 ) ;
#2431 = SURFACE_STYLE_FILL_AREA ( #2341 ) ;
#2432 = EDGE_CURVE ( 'NONE', #3749, #945, #734, .T. ) ;
#2433 = SURFACE_STYLE_FILL_AREA ( #353 ) ;
#2434 =( LENGTH_UNIT ( ) NAMED_UNIT ( * ) SI_UNIT ( .MILLI., .METRE. ) );
#2435 = CARTESIAN_POINT ( 'NONE',  ( 3.099999999999938400, 2.499999999999931200, -3.750000000000048400 ) ) ;
#2436 = SURFACE_STYLE_USAGE ( .BOTH. , #232 ) ;
#2437 = MECHANICAL_DESIGN_GEOMETRIC_PRESENTATION_REPRESENTATION (  '', ( #1794 ), #2651 ) ;
#2438 = CARTESIAN_POINT ( 'NONE',  ( 1.199999999999938000, 5.299999999999939400, -2.450000000000065000 ) ) ;
#2439 = SURFACE_STYLE_USAGE ( .BOTH. , #1497 ) ;
#2440 = PRESENTATION_LAYER_ASSIGNMENT (  '', '', ( #2006 ) ) ;
#2441 = DIRECTION ( 'NONE',  ( -1.000000000000000000, -3.491483361109333200E-015, 6.982966722218800400E-015 ) ) ;
#2442 = ORIENTED_EDGE ( 'NONE', *, *, #3703, .F. ) ;
#2443 = COLOUR_RGB ( '',0.0000000000000000000, 0.0000000000000000000, 0.6274509803921568500 ) ;
#2444 =( GEOMETRIC_REPRESENTATION_CONTEXT ( 3 ) GLOBAL_UNCERTAINTY_ASSIGNED_CONTEXT ( ( #3747 ) ) GLOBAL_UNIT_ASSIGNED_CONTEXT ( ( #1947, #78, #2269 ) ) REPRESENTATION_CONTEXT ( 'NONE', 'WORKASPACE' ) );
#2445 = EDGE_CURVE ( 'NONE', #2933, #3205, #1548, .T. ) ;
#2446 = SURFACE_STYLE_USAGE ( .BOTH. , #2458 ) ;
#2447 = UNCERTAINTY_MEASURE_WITH_UNIT (LENGTH_MEASURE( 1.000000000000000100E-005 ), #540, 'distance_accuracy_value', 'NONE');
#2448 = CARTESIAN_POINT ( 'NONE',  ( -4.500000000000060400, 2.499999999999904500, -3.749999999999995600 ) ) ;
#2449 = SURFACE_STYLE_USAGE ( .BOTH. , #247 ) ;
#2450 = CARTESIAN_POINT ( 'NONE',  ( -1.200000000000056400, 3.799999999999930500, -2.450000000000032200 ) ) ;
#2451 = ORIENTED_EDGE ( 'NONE', *, *, #854, .F. ) ;
#2452 = LINE ( 'NONE', #154, #1607 ) ;
#2453 = EDGE_LOOP ( 'NONE', ( #3206, #2505, #194, #3871 ) ) ;
#2454 = ORIENTED_EDGE ( 'NONE', *, *, #98, .T. ) ;
#2455 = ORIENTED_EDGE ( 'NONE', *, *, #1399, .T. ) ;
#2456 =( NAMED_UNIT ( * ) SI_UNIT ( $, .STERADIAN. ) SOLID_ANGLE_UNIT ( ) );
#2457 = ORIENTED_EDGE ( 'NONE', *, *, #1090, .F. ) ;
#2458 = SURFACE_SIDE_STYLE ('',( #1022 ) ) ;
#2459 =( NAMED_UNIT ( * ) PLANE_ANGLE_UNIT ( ) SI_UNIT ( $, .RADIAN. ) );
#2460 =( GEOMETRIC_REPRESENTATION_CONTEXT ( 3 ) GLOBAL_UNCERTAINTY_ASSIGNED_CONTEXT ( ( #1767 ) ) GLOBAL_UNIT_ASSIGNED_CONTEXT ( ( #593, #563, #606 ) ) REPRESENTATION_CONTEXT ( 'NONE', 'WORKASPACE' ) );
#2461 = CARTESIAN_POINT ( 'NONE',  ( -2.100000000000030700, 3.699999999999966900, 1.249999999999975600 ) ) ;
#2462 = VERTEX_POINT ( 'NONE', #2691 ) ;
#2463 = ORIENTED_EDGE ( 'NONE', *, *, #3098, .F. ) ;
#2464 = VECTOR ( 'NONE', #1773, 1000.000000000000000 ) ;
#2465 = PRESENTATION_LAYER_ASSIGNMENT (  '', '', ( #2039 ) ) ;
#2466 = EDGE_CURVE ( 'NONE', #2049, #211, #627, .T. ) ;
#2467 = EDGE_CURVE ( 'NONE', #3088, #945, #3153, .T. ) ;
#2468 = LINE ( 'NONE', #756, #4057 ) ;
#2469 = CARTESIAN_POINT ( 'NONE',  ( 2.649999999999944400, 4.779999999999949600, -1.850000000000069400 ) ) ;
#2470 = DIRECTION ( 'NONE',  ( -1.000000000000000000, -3.434626637539008600E-015, 6.982966722218799600E-015 ) ) ;
#2471 = CARTESIAN_POINT ( 'NONE',  ( -2.650000000000053200, 4.129999999999930600, -1.850000000000026100 ) ) ;
#2472 =( NAMED_UNIT ( * ) PLANE_ANGLE_UNIT ( ) SI_UNIT ( $, .RADIAN. ) );
#2473 = LINE ( 'NONE', #4093, #814 ) ;
#2474 = FILL_AREA_STYLE ('',( #3504 ) ) ;
#2475 = FACE_OUTER_BOUND ( 'NONE', #2150, .T. ) ;
#2476 = MECHANICAL_DESIGN_GEOMETRIC_PRESENTATION_REPRESENTATION (  '', ( #1838 ), #2700 ) ;
#2477 = PLANE ( 'NONE',  #3881 ) ;
#2478 = LINE ( 'NONE', #2618, #64 ) ;
#2479 = ORIENTED_EDGE ( 'NONE', *, *, #150, .F. ) ;
#2480 = ORIENTED_EDGE ( 'NONE', *, *, #1348, .F. ) ;
#2481 = PLANE ( 'NONE',  #4077 ) ;
#2482 = SURFACE_STYLE_FILL_AREA ( #1003 ) ;
#2483 = PLANE ( 'NONE',  #1640 ) ;
#2484 =( NAMED_UNIT ( * ) SI_UNIT ( $, .STERADIAN. ) SOLID_ANGLE_UNIT ( ) );
#2485 =( NAMED_UNIT ( * ) SI_UNIT ( $, .STERADIAN. ) SOLID_ANGLE_UNIT ( ) );
#2486 = FILL_AREA_STYLE ('',( #1846 ) ) ;
#2487 = SURFACE_SIDE_STYLE ('',( #2579 ) ) ;
#2488 = SURFACE_STYLE_FILL_AREA ( #1273 ) ;
#2489 = ADVANCED_FACE ( 'NONE', ( #3066 ), #2385, .F. ) ;
#2490 = LINE ( 'NONE', #2631, #1647 ) ;
#2491 = CARTESIAN_POINT ( 'NONE',  ( -3.200000000000050800, 3.399999999999929300, -1.850000000000013200 ) ) ;
#2492 = CARTESIAN_POINT ( 'NONE',  ( 3.199999999999986000, 4.130000000000011400, 3.749999999999933800 ) ) ;
#2493 = COLOUR_RGB ( '',0.7529411764705882200, 0.7529411764705882200, 0.7529411764705882200 ) ;
#2494 = ORIENTED_EDGE ( 'NONE', *, *, #3913, .T. ) ;
#2495 = FILL_AREA_STYLE ('',( #2775 ) ) ;
#2496 = VECTOR ( 'NONE', #3109, 1000.000000000000000 ) ;
#2497 = FILL_AREA_STYLE_COLOUR ( '', #3998 ) ;
#2498 = LINE ( 'NONE', #2720, #3260 ) ;
#2499 = FACE_OUTER_BOUND ( 'NONE', #757, .T. ) ;
#2500 = VERTEX_POINT ( 'NONE', #2057 ) ;
#2501 = DIRECTION ( 'NONE',  ( 6.982966722218764100E-015, 1.060997535488883400E-014, 1.000000000000000000 ) ) ;
#2502 = SURFACE_STYLE_USAGE ( .BOTH. , #2487 ) ;
#2503 = ORIENTED_EDGE ( 'NONE', *, *, #3915, .F. ) ;
#2504 = EDGE_LOOP ( 'NONE', ( #3774, #1903, #1280, #3655 ) ) ;
#2505 = ORIENTED_EDGE ( 'NONE', *, *, #1189, .T. ) ;
#2506 = DIRECTION ( 'NONE',  ( -1.000000000000000000, -3.491483361109333200E-015, 6.982966722218800400E-015 ) ) ;
#2507 = EDGE_CURVE ( 'NONE', #1468, #1523, #1893, .T. ) ;
#2508 = DIRECTION ( 'NONE',  ( -1.000000000000000000, -3.491483361109333600E-015, 6.982966722218800400E-015 ) ) ;
#2509 = PLANE ( 'NONE',  #1365 ) ;
#2510 = ORIENTED_EDGE ( 'NONE', *, *, #3754, .F. ) ;
#2511 = PRESENTATION_LAYER_ASSIGNMENT (  '', '', ( #2085 ) ) ;
#2512 = VERTEX_POINT ( 'NONE', #195 ) ;
#2513 = AXIS2_PLACEMENT_3D ( 'NONE', #3390, #3145, #3131 ) ;
#2514 = CARTESIAN_POINT ( 'NONE',  ( 0.1499999999999382700, 0.3999999999999093700, -4.950000000000004600 ) ) ;
#2515 =( LENGTH_UNIT ( ) NAMED_UNIT ( * ) SI_UNIT ( .MILLI., .METRE. ) );
#2516 = ORIENTED_EDGE ( 'NONE', *, *, #3006, .T. ) ;
#2517 = FILL_AREA_STYLE_COLOUR ( '', #859 ) ;
#2518 = UNCERTAINTY_MEASURE_WITH_UNIT (LENGTH_MEASURE( 1.000000000000000100E-005 ), #3047, 'distance_accuracy_value', 'NONE');
#2519 = CARTESIAN_POINT ( 'NONE',  ( -1.650000000000052100, -8.523777793615828900E-014, -3.749999999999988500 ) ) ;
#2520 = SURFACE_STYLE_FILL_AREA ( #1287 ) ;
#2521 = MECHANICAL_DESIGN_GEOMETRIC_PRESENTATION_REPRESENTATION (  '', ( #1879 ), #2743 ) ;
#2522 = EDGE_CURVE ( 'NONE', #804, #1999, #3490, .T. ) ;
#2523 = SURFACE_STYLE_FILL_AREA ( #3311 ) ;
#2524 = VECTOR ( 'NONE', #1998, 1000.000000000000000 ) ;
#2525 = PLANE ( 'NONE',  #269 ) ;
#2526 = FILL_AREA_STYLE ('',( #2200 ) ) ;
#2527 =( NAMED_UNIT ( * ) PLANE_ANGLE_UNIT ( ) SI_UNIT ( $, .RADIAN. ) );
#2528 =( GEOMETRIC_REPRESENTATION_CONTEXT ( 3 ) GLOBAL_UNCERTAINTY_ASSIGNED_CONTEXT ( ( #2759 ) ) GLOBAL_UNIT_ASSIGNED_CONTEXT ( ( #2411, #528, #2732 ) ) REPRESENTATION_CONTEXT ( 'NONE', 'WORKASPACE' ) );
#2529 = DIRECTION ( 'NONE',  ( -3.491483361109406100E-015, 1.000000000000000000, -1.047445008332812100E-014 ) ) ;
#2530 = CARTESIAN_POINT ( 'NONE',  ( -4.500000000000019500, 5.799999999999983800, 3.749999999999969800 ) ) ;
#2531 = CARTESIAN_POINT ( 'NONE',  ( 1.199999999999943300, 3.799999999999939900, -2.450000000000049500 ) ) ;
#2532 = LINE ( 'NONE', #2231, #128 ) ;
#2533 = EDGE_CURVE ( 'NONE', #2922, #784, #229, .T. ) ;
#2534 = MECHANICAL_DESIGN_GEOMETRIC_PRESENTATION_REPRESENTATION (  '', ( #1895 ), #2765 ) ;
#2535 = SURFACE_STYLE_FILL_AREA ( #2526 ) ;
#2536 = CARTESIAN_POINT ( 'NONE',  ( -1.350000000000048900, -0.1000000000000791200, -3.349999999999990300 ) ) ;
#2537 =( NAMED_UNIT ( * ) SI_UNIT ( $, .STERADIAN. ) SOLID_ANGLE_UNIT ( ) );
#2538 = PRESENTATION_LAYER_ASSIGNMENT (  '', '', ( #2114 ) ) ;
#2539 = VECTOR ( 'NONE', #855, 1000.000000000000000 ) ;
#2540 = DIRECTION ( 'NONE',  ( -6.982966722218824900E-015, 6.872784676440073800E-015, -1.000000000000000000 ) ) ;
#2541 = AXIS2_PLACEMENT_3D ( 'NONE', #1192, #3395, #1494 ) ;
#2542 = SURFACE_STYLE_USAGE ( .BOTH. , #346 ) ;
#2543 = EDGE_CURVE ( 'NONE', #1392, #2367, #1797, .T. ) ;
#2544 = SURFACE_SIDE_STYLE ('',( #886 ) ) ;
#2545 = EDGE_CURVE ( 'NONE', #1329, #1234, #973, .T. ) ;
#2546 = FACE_OUTER_BOUND ( 'NONE', #3094, .T. ) ;
#2547 = LINE ( 'NONE', #1306, #3399 ) ;
#2548 = VERTEX_POINT ( 'NONE', #3058 ) ;
#2549 = ORIENTED_EDGE ( 'NONE', *, *, #3585, .T. ) ;
#2550 = CARTESIAN_POINT ( 'NONE',  ( -3.650000000000032800, -0.1000000000000630900, -0.9999999999999749100 ) ) ;
#2551 = ORIENTED_EDGE ( 'NONE', *, *, #3703, .T. ) ;
#2552 = ORIENTED_EDGE ( 'NONE', *, *, #923, .T. ) ;
#2553 = EDGE_LOOP ( 'NONE', ( #2198, #1471, #1665, #794, #2555, #3505 ) ) ;
#2554 = PRESENTATION_LAYER_ASSIGNMENT (  '', '', ( #2125 ) ) ;
#2555 = ORIENTED_EDGE ( 'NONE', *, *, #1416, .F. ) ;
#2556 =( LENGTH_UNIT ( ) NAMED_UNIT ( * ) SI_UNIT ( .MILLI., .METRE. ) );
#2557 = DIRECTION ( 'NONE',  ( -1.000000000000000000, -3.231794217999033000E-015, 6.982966722218798100E-015 ) ) ;
#2558 = EDGE_CURVE ( 'NONE', #220, #589, #3391, .T. ) ;
#2559 = PLANE ( 'NONE',  #95 ) ;
#2560 = FILL_AREA_STYLE_COLOUR ( '', #684 ) ;
#2561 = FILL_AREA_STYLE ('',( #2928 ) ) ;
#2562 = SURFACE_STYLE_FILL_AREA ( #514 ) ;
#2563 = FILL_AREA_STYLE_COLOUR ( '', #2957 ) ;
#2564 = ORIENTED_EDGE ( 'NONE', *, *, #972, .F. ) ;
#2565 = VERTEX_POINT ( 'NONE', #1785 ) ;
#2566 = LINE ( 'NONE', #3042, #2464 ) ;
#2567 =( GEOMETRIC_REPRESENTATION_CONTEXT ( 3 ) GLOBAL_UNCERTAINTY_ASSIGNED_CONTEXT ( ( #1784 ) ) GLOBAL_UNIT_ASSIGNED_CONTEXT ( ( #3643, #2368, #3016 ) ) REPRESENTATION_CONTEXT ( 'NONE', 'WORKASPACE' ) );
#2568 = LINE ( 'NONE', #1154, #56 ) ;
#2569 = SURFACE_STYLE_USAGE ( .BOTH. , #4022 ) ;
#2570 = UNCERTAINTY_MEASURE_WITH_UNIT (LENGTH_MEASURE( 1.000000000000000100E-005 ), #2587, 'distance_accuracy_value', 'NONE');
#2571 =( NAMED_UNIT ( * ) PLANE_ANGLE_UNIT ( ) SI_UNIT ( $, .RADIAN. ) );
#2572 = ORIENTED_EDGE ( 'NONE', *, *, #3404, .F. ) ;
#2573 =( LENGTH_UNIT ( ) NAMED_UNIT ( * ) SI_UNIT ( .MILLI., .METRE. ) );
#2574 = ADVANCED_FACE ( 'NONE', ( #26 ), #3070, .F. ) ;
#2575 = VECTOR ( 'NONE', #3200, 1000.000000000000000 ) ;
#2576 = DIRECTION ( 'NONE',  ( -6.982966722218763300E-015, -1.059691071871038400E-014, -1.000000000000000000 ) ) ;
#2577 = UNCERTAINTY_MEASURE_WITH_UNIT (LENGTH_MEASURE( 1.000000000000000100E-005 ), #1296, 'distance_accuracy_value', 'NONE');
#2578 = STYLED_ITEM ( 'NONE', ( #2075 ), #3699 ) ;
#2579 = SURFACE_STYLE_FILL_AREA ( #2474 ) ;
#2580 = FILL_AREA_STYLE_COLOUR ( '', #1789 ) ;
#2581 = ORIENTED_EDGE ( 'NONE', *, *, #1916, .F. ) ;
#2582 = ADVANCED_FACE ( 'NONE', ( #1413 ), #4020, .F. ) ;
#2583 =( NAMED_UNIT ( * ) SI_UNIT ( $, .STERADIAN. ) SOLID_ANGLE_UNIT ( ) );
#2584 = VECTOR ( 'NONE', #348, 1000.000000000000000 ) ;
#2585 = ORIENTED_EDGE ( 'NONE', *, *, #751, .F. ) ;
#2586 = FILL_AREA_STYLE ('',( #3191 ) ) ;
#2587 =( LENGTH_UNIT ( ) NAMED_UNIT ( * ) SI_UNIT ( .MILLI., .METRE. ) );
#2588 = VECTOR ( 'NONE', #3903, 1000.000000000000000 ) ;
#2589 = SURFACE_STYLE_USAGE ( .BOTH. , #2544 ) ;
#2590 = SURFACE_STYLE_FILL_AREA ( #3920 ) ;
#2591 = PLANE ( 'NONE',  #1075 ) ;
#2592 = AXIS2_PLACEMENT_3D ( 'NONE', #4068, #2164, #290 ) ;
#2593 = DIRECTION ( 'NONE',  ( 1.000000000000000000, 3.491483361109333600E-015, -6.982966722218800400E-015 ) ) ;
#2594 = CARTESIAN_POINT ( 'NONE',  ( 2.649999999999944400, 4.779999999999949600, -1.850000000000069400 ) ) ;
#2595 = STYLED_ITEM ( 'NONE', ( #3441 ), #478 ) ;
#2596 = ADVANCED_FACE ( 'NONE', ( #1118 ), #4028, .T. ) ;
#2597 = LINE ( 'NONE', #912, #181 ) ;
#2598 = STYLED_ITEM ( 'NONE', ( #884 ), #404 ) ;
#2599 = ORIENTED_EDGE ( 'NONE', *, *, #72, .F. ) ;
#2600 = LINE ( 'NONE', #2026, #1763 ) ;
#2601 = ORIENTED_EDGE ( 'NONE', *, *, #713, .T. ) ;
#2602 = CARTESIAN_POINT ( 'NONE',  ( -2.600000000000023200, 1.549999999999963400, 1.150000000000002100 ) ) ;
#2603 = CARTESIAN_POINT ( 'NONE',  ( -1.350000000000053400, 0.3999999999999167000, -3.749999999999994700 ) ) ;
#2604 =( GEOMETRIC_REPRESENTATION_CONTEXT ( 3 ) GLOBAL_UNCERTAINTY_ASSIGNED_CONTEXT ( ( #4046 ) ) GLOBAL_UNIT_ASSIGNED_CONTEXT ( ( #665, #2879, #983 ) ) REPRESENTATION_CONTEXT ( 'NONE', 'WORKASPACE' ) );
#2605 = CARTESIAN_POINT ( 'NONE',  ( -2.100000000000030700, 3.699999999999966900, 1.249999999999975600 ) ) ;
#2606 = EDGE_CURVE ( 'NONE', #4049, #1802, #4076, .T. ) ;
#2607 = ORIENTED_EDGE ( 'NONE', *, *, #1699, .T. ) ;
#2608 = PLANE ( 'NONE',  #865 ) ;
#2609 = DIRECTION ( 'NONE',  ( 6.982966722218763300E-015, 1.059691071871038400E-014, 1.000000000000000000 ) ) ;
#2610 = PRESENTATION_STYLE_ASSIGNMENT (( #1456 ) ) ;
#2611 = ORIENTED_EDGE ( 'NONE', *, *, #3988, .T. ) ;
#2612 = CARTESIAN_POINT ( 'NONE',  ( 2.599999999999948600, 3.399999999999949700, -1.850000000000053800 ) ) ;
#2613 = CARTESIAN_POINT ( 'NONE',  ( -4.500000000000000000, -1.571167512499199800E-014, 3.750000000000031100 ) ) ;
#2614 = ORIENTED_EDGE ( 'NONE', *, *, #3943, .F. ) ;
#2615 =( NAMED_UNIT ( * ) PLANE_ANGLE_UNIT ( ) SI_UNIT ( $, .RADIAN. ) );
#2616 = CARTESIAN_POINT ( 'NONE',  ( -4.500000000000058600, 2.499999999999907600, -3.449999999999994800 ) ) ;
#2617 = DIRECTION ( 'NONE',  ( -3.491483361109407300E-015, 1.000000000000000000, -1.059691071871036000E-014 ) ) ;
#2618 = CARTESIAN_POINT ( 'NONE',  ( -2.600000000000051200, 3.399999999999931500, -1.850000000000017400 ) ) ;
#2619 = EDGE_LOOP ( 'NONE', ( #3780, #644, #1539, #1225 ) ) ;
#2620 = CARTESIAN_POINT ( 'NONE',  ( 1.349999999999950800, -7.052456356534610800E-014, -3.350000000000008500 ) ) ;
#2621 = DIRECTION ( 'NONE',  ( -1.000000000000000000, -3.491483361109333200E-015, 6.982966722218800400E-015 ) ) ;
#2622 = UNCERTAINTY_MEASURE_WITH_UNIT (LENGTH_MEASURE( 1.000000000000000100E-005 ), #407, 'distance_accuracy_value', 'NONE');
#2623 = LINE ( 'NONE', #1397, #1581 ) ;
#2624 = AXIS2_PLACEMENT_3D ( 'NONE', #3238, #3212, #3196 ) ;
#2625 = VERTEX_POINT ( 'NONE', #1809 ) ;
#2626 = STYLED_ITEM ( 'NONE', ( #1370 ), #2489 ) ;
#2627 = ORIENTED_EDGE ( 'NONE', *, *, #1910, .T. ) ;
#2628 = EDGE_CURVE ( 'NONE', #3472, #1904, #730, .T. ) ;
#2629 = VERTEX_POINT ( 'NONE', #4041 ) ;
#2630 = DIRECTION ( 'NONE',  ( 4.158684698023564100E-015, -1.000000000000000000, 1.059691071871035400E-014 ) ) ;
#2631 = CARTESIAN_POINT ( 'NONE',  ( -1.200000000000030400, 3.799999999999970100, 1.249999999999967800 ) ) ;
#2632 = PLANE ( 'NONE',  #1925 ) ;
#2633 = CARTESIAN_POINT ( 'NONE',  ( 4.499999999999947600, -6.376515526533588700E-014, -3.750000000000031100 ) ) ;
#2634 = SURFACE_STYLE_FILL_AREA ( #1339 ) ;
#2635 = FILL_AREA_STYLE_COLOUR ( '', #2021 ) ;
#2636 = LINE ( 'NONE', #262, #1790 ) ;
#2637 = CARTESIAN_POINT ( 'NONE',  ( 4.049999999999965200, 0.3499999999999638400, -1.000000000000033100 ) ) ;
#2638 = AXIS2_PLACEMENT_3D ( 'NONE', #835, #806, #496 ) ;
#2639 = SURFACE_STYLE_FILL_AREA ( #1338 ) ;
#2640 = SURFACE_STYLE_FILL_AREA ( #1099 ) ;
#2641 = EDGE_CURVE ( 'NONE', #3868, #3408, #2402, .T. ) ;
#2642 = LINE ( 'NONE', #4092, #1796 ) ;
#2643 = SURFACE_STYLE_USAGE ( .BOTH. , #2845 ) ;
#2644 = CARTESIAN_POINT ( 'NONE',  ( -0.1500000000000617000, 0.3999999999999083200, -4.950000000000001100 ) ) ;
#2645 = CARTESIAN_POINT ( 'NONE',  ( -3.200000000000053500, 4.129999999999928800, -1.850000000000021800 ) ) ;
#2646 = CARTESIAN_POINT ( 'NONE',  ( -4.500000000000070200, 5.799999999999907500, -3.450000000000029500 ) ) ;
#2647 =( NAMED_UNIT ( * ) PLANE_ANGLE_UNIT ( ) SI_UNIT ( $, .RADIAN. ) );
#2648 = VECTOR ( 'NONE', #1453, 1000.000000000000000 ) ;
#2649 = UNCERTAINTY_MEASURE_WITH_UNIT (LENGTH_MEASURE( 1.000000000000000100E-005 ), #2280, 'distance_accuracy_value', 'NONE');
#2650 = FILL_AREA_STYLE_COLOUR ( '', #3174 ) ;
#2651 =( GEOMETRIC_REPRESENTATION_CONTEXT ( 3 ) GLOBAL_UNCERTAINTY_ASSIGNED_CONTEXT ( ( #2622 ) ) GLOBAL_UNIT_ASSIGNED_CONTEXT ( ( #407, #2615, #740 ) ) REPRESENTATION_CONTEXT ( 'NONE', 'WORKASPACE' ) );
#2652 = LINE ( 'NONE', #4019, #974 ) ;
#2653 = DIRECTION ( 'NONE',  ( -1.000000000000000000, -3.491483361109339500E-015, 6.363422623655655500E-015 ) ) ;
#2654 = VECTOR ( 'NONE', #3175, 1000.000000000000000 ) ;
#2655 = ADVANCED_FACE ( 'NONE', ( #1547 ), #1220, .F. ) ;
#2656 = MECHANICAL_DESIGN_GEOMETRIC_PRESENTATION_REPRESENTATION (  '', ( #2006 ), #2871 ) ;
#2657 = ORIENTED_EDGE ( 'NONE', *, *, #24, .T. ) ;
#2658 = EDGE_LOOP ( 'NONE', ( #1513, #1611, #1716, #1894, #1037, #87, #3033, #66 ) ) ;
#2659 = VERTEX_POINT ( 'NONE', #1519 ) ;
#2660 = VECTOR ( 'NONE', #3552, 1000.000000000000000 ) ;
#2661 = ORIENTED_EDGE ( 'NONE', *, *, #1621, .T. ) ;
#2662 = EDGE_LOOP ( 'NONE', ( #3901, #1461, #3156, #735 ) ) ;
#2663 = DIRECTION ( 'NONE',  ( -3.491483361109406900E-015, 1.000000000000000000, -1.059691071871035900E-014 ) ) ;
#2664 = SURFACE_STYLE_USAGE ( .BOTH. , #451 ) ;
#2665 = EDGE_CURVE ( 'NONE', #3069, #3804, #729, .T. ) ;
#2666 = DIRECTION ( 'NONE',  ( 3.491483361109285400E-015, -1.000000000000000000, -6.872784676440098300E-015 ) ) ;
#2667 = FILL_AREA_STYLE_COLOUR ( '', #3530 ) ;
#2668 = ORIENTED_EDGE ( 'NONE', *, *, #709, .T. ) ;
#2669 =( NAMED_UNIT ( * ) SI_UNIT ( $, .STERADIAN. ) SOLID_ANGLE_UNIT ( ) );
#2670 = STYLED_ITEM ( 'NONE', ( #1941 ), #2424 ) ;
#2671 = ORIENTED_EDGE ( 'NONE', *, *, #3570, .F. ) ;
#2672 = VECTOR ( 'NONE', #1615, 1000.000000000000000 ) ;
#2673 = ADVANCED_FACE ( 'NONE', ( #3989 ), #2161, .F. ) ;
#2674 = DIRECTION ( 'NONE',  ( -1.000000000000000000, -3.491483361109333600E-015, 6.982966722218801200E-015 ) ) ;
#2675 = DIRECTION ( 'NONE',  ( 1.000000000000000000, 3.491483361109326800E-015, -7.602510820781945400E-015 ) ) ;
#2676 = DIRECTION ( 'NONE',  ( -6.982966722218763300E-015, -1.059691071871038400E-014, -1.000000000000000000 ) ) ;
#2677 = DIRECTION ( 'NONE',  ( 1.000000000000000000, 3.491483361109339500E-015, -6.363422623655655500E-015 ) ) ;
#2678 = VERTEX_POINT ( 'NONE', #3744 ) ;
#2679 = PRESENTATION_STYLE_ASSIGNMENT (( #3127 ) ) ;
#2680 = DIRECTION ( 'NONE',  ( -1.000000000000000000, -3.491483361109333200E-015, 6.982966722218800400E-015 ) ) ;
#2681 = FILL_AREA_STYLE_COLOUR ( '', #1969 ) ;
#2682 = LINE ( 'NONE', #1327, #164 ) ;
#2683 = DIRECTION ( 'NONE',  ( -6.982966722218763300E-015, -1.059691071871038200E-014, -1.000000000000000000 ) ) ;
#2684 = MECHANICAL_DESIGN_GEOMETRIC_PRESENTATION_REPRESENTATION (  '', ( #2039 ), #2909 ) ;
#2685 = EDGE_CURVE ( 'NONE', #3037, #3911, #1988, .T. ) ;
#2686 = PRESENTATION_STYLE_ASSIGNMENT (( #3748 ) ) ;
#2687 =( NAMED_UNIT ( * ) PLANE_ANGLE_UNIT ( ) SI_UNIT ( $, .RADIAN. ) );
#2688 = EDGE_CURVE ( 'NONE', #2812, #3628, #2851, .T. ) ;
#2689 = FILL_AREA_STYLE ('',( #1421 ) ) ;
#2690 = VECTOR ( 'NONE', #1692, 1000.000000000000000 ) ;
#2691 = CARTESIAN_POINT ( 'NONE',  ( 3.199999999999988200, 3.400000000000011000, 3.749999999999941400 ) ) ;
#2692 = CARTESIAN_POINT ( 'NONE',  ( -4.500000000000051500, -9.518850551531988400E-014, -3.749999999999968500 ) ) ;
#2693 = PRESENTATION_STYLE_ASSIGNMENT (( #3283 ) ) ;
#2694 = CARTESIAN_POINT ( 'NONE',  ( 1.349999999999946800, 0.3999999999999261400, -3.750000000000013800 ) ) ;
#2695 = DIRECTION ( 'NONE',  ( -3.491483361109406100E-015, 1.000000000000000000, -1.047445008332812100E-014 ) ) ;
#2696 =( NAMED_UNIT ( * ) PLANE_ANGLE_UNIT ( ) SI_UNIT ( $, .RADIAN. ) );
#2697 = DIRECTION ( 'NONE',  ( 3.491483361109406500E-015, -1.000000000000000000, 1.047445008332812100E-014 ) ) ;
#2698 = LINE ( 'NONE', #419, #80 ) ;
#2699 = LINE ( 'NONE', #3695, #1842 ) ;
#2700 =( GEOMETRIC_REPRESENTATION_CONTEXT ( 3 ) GLOBAL_UNCERTAINTY_ASSIGNED_CONTEXT ( ( #3081 ) ) GLOBAL_UNIT_ASSIGNED_CONTEXT ( ( #2753, #1473, #1447 ) ) REPRESENTATION_CONTEXT ( 'NONE', 'WORKASPACE' ) );
#2701 = SURFACE_STYLE_USAGE ( .BOTH. , #3612 ) ;
#2702 = COLOUR_RGB ( '',0.7529411764705882200, 0.7529411764705882200, 0.7529411764705882200 ) ;
#2703 = LINE ( 'NONE', #268, #1849 ) ;
#2704 = PLANE ( 'NONE',  #1888 ) ;
#2705 = ORIENTED_EDGE ( 'NONE', *, *, #739, .T. ) ;
#2706 = ORIENTED_EDGE ( 'NONE', *, *, #645, .F. ) ;
#2707 = UNCERTAINTY_MEASURE_WITH_UNIT (LENGTH_MEASURE( 1.000000000000000100E-005 ), #1237, 'distance_accuracy_value', 'NONE');
#2708 = FILL_AREA_STYLE ('',( #3027 ) ) ;
#2709 = DIRECTION ( 'NONE',  ( 1.000000000000000000, 3.491483361109333200E-015, -6.982966722218800400E-015 ) ) ;
#2710 = LINE ( 'NONE', #1859, #280 ) ;
#2711 = ORIENTED_EDGE ( 'NONE', *, *, #2286, .T. ) ;
#2712 = EDGE_LOOP ( 'NONE', ( #458, #4060, #3179, #3050, #687, #4037 ) ) ;
#2713 =( NAMED_UNIT ( * ) SI_UNIT ( $, .STERADIAN. ) SOLID_ANGLE_UNIT ( ) );
#2714 = ORIENTED_EDGE ( 'NONE', *, *, #3511, .F. ) ;
#2715 = STYLED_ITEM ( 'NONE', ( #1449 ), #1073 ) ;
#2716 = LINE ( 'NONE', #1117, #746 ) ;
#2717 = ORIENTED_EDGE ( 'NONE', *, *, #1081, .T. ) ;
#2718 = ORIENTED_EDGE ( 'NONE', *, *, #4015, .F. ) ;
#2719 =( LENGTH_UNIT ( ) NAMED_UNIT ( * ) SI_UNIT ( .MILLI., .METRE. ) );
#2720 = CARTESIAN_POINT ( 'NONE',  ( 1.649999999999940000, -0.1000000000000856300, -4.950000000000009900 ) ) ;
#2721 = SURFACE_SIDE_STYLE ('',( #2562 ) ) ;
#2722 = CARTESIAN_POINT ( 'NONE',  ( -3.200000000000011300, 3.399999999999988400, 3.749999999999985800 ) ) ;
#2723 = ORIENTED_EDGE ( 'NONE', *, *, #946, .F. ) ;
#2724 = STYLED_ITEM ( 'NONE', ( #4021 ), #1466 ) ;
#2725 = COLOUR_RGB ( '',0.0000000000000000000, 0.0000000000000000000, 0.6274509803921568500 ) ;
#2726 = ORIENTED_EDGE ( 'NONE', *, *, #1908, .T. ) ;
#2727 = LINE ( 'NONE', #3592, #1870 ) ;
#2728 = EDGE_CURVE ( 'NONE', #388, #4094, #1169, .T. ) ;
#2729 = SURFACE_STYLE_USAGE ( .BOTH. , #3021 ) ;
#2730 = ORIENTED_EDGE ( 'NONE', *, *, #2824, .T. ) ;
#2731 = ORIENTED_EDGE ( 'NONE', *, *, #3006, .F. ) ;
#2732 =( NAMED_UNIT ( * ) SI_UNIT ( $, .STERADIAN. ) SOLID_ANGLE_UNIT ( ) );
#2733 = CARTESIAN_POINT ( 'NONE',  ( -4.050000000000013100, -0.1000000000000351600, 1.800000000000028700 ) ) ;
#2734 = DIRECTION ( 'NONE',  ( 6.982966722218763300E-015, 1.059691071871038400E-014, 1.000000000000000000 ) ) ;
#2735 = MECHANICAL_DESIGN_GEOMETRIC_PRESENTATION_REPRESENTATION (  '', ( #2085 ), #2960 ) ;
#2736 = PRESENTATION_STYLE_ASSIGNMENT (( #1885 ) ) ;
#2737 = CARTESIAN_POINT ( 'NONE',  ( 2.099999999999944600, 4.779999999999947000, -1.850000000000066000 ) ) ;
#2738 = ORIENTED_EDGE ( 'NONE', *, *, #2774, .T. ) ;
#2739 = PRESENTATION_LAYER_ASSIGNMENT (  '', '', ( #2300 ) ) ;
#2740 = ORIENTED_EDGE ( 'NONE', *, *, #3536, .F. ) ;
#2741 = COLOUR_RGB ( '',0.7529411764705882200, 0.7529411764705882200, 0.7529411764705882200 ) ;
#2742 = LINE ( 'NONE', #1812, #1982 ) ;
#2743 =( GEOMETRIC_REPRESENTATION_CONTEXT ( 3 ) GLOBAL_UNCERTAINTY_ASSIGNED_CONTEXT ( ( #1830 ) ) GLOBAL_UNIT_ASSIGNED_CONTEXT ( ( #1324, #3524, #1623 ) ) REPRESENTATION_CONTEXT ( 'NONE', 'WORKASPACE' ) );
#2744 = EDGE_CURVE ( 'NONE', #3030, #1747, #2752, .T. ) ;
#2745 = ORIENTED_EDGE ( 'NONE', *, *, #3843, .T. ) ;
#2746 = DIRECTION ( 'NONE',  ( 1.000000000000000000, 3.672183723190250300E-015, -6.982966722218802000E-015 ) ) ;
#2747 = LINE ( 'NONE', #2310, #320 ) ;
#2748 = CARTESIAN_POINT ( 'NONE',  ( -3.100000000000040100, 0.3499999999999305300, -1.799999999999982100 ) ) ;
#2749 = CARTESIAN_POINT ( 'NONE',  ( 3.099999999999960600, 0.3499999999999522400, -1.800000000000025600 ) ) ;
#2750 =( NAMED_UNIT ( * ) PLANE_ANGLE_UNIT ( ) SI_UNIT ( $, .RADIAN. ) );
#2751 =( LENGTH_UNIT ( ) NAMED_UNIT ( * ) SI_UNIT ( .MILLI., .METRE. ) );
#2752 = LINE ( 'NONE', #1874, #226 ) ;
#2753 =( LENGTH_UNIT ( ) NAMED_UNIT ( * ) SI_UNIT ( .MILLI., .METRE. ) );
#2754 = VECTOR ( 'NONE', #839, 1000.000000000000000 ) ;
#2755 = PRESENTATION_STYLE_ASSIGNMENT (( #2893 ) ) ;
#2756 = LINE ( 'NONE', #3759, #2654 ) ;
#2757 = ORIENTED_EDGE ( 'NONE', *, *, #3404, .T. ) ;
#2758 = VERTEX_POINT ( 'NONE', #2186 ) ;
#2759 = UNCERTAINTY_MEASURE_WITH_UNIT (LENGTH_MEASURE( 1.000000000000000100E-005 ), #2411, 'distance_accuracy_value', 'NONE');
#2760 = EDGE_CURVE ( 'NONE', #2409, #3073, #2642, .T. ) ;
#2761 = COLOUR_RGB ( '',0.7529411764705882200, 0.7529411764705882200, 0.7529411764705882200 ) ;
#2762 = ORIENTED_EDGE ( 'NONE', *, *, #2533, .T. ) ;
#2763 = DIRECTION ( 'NONE',  ( -3.491483361109406500E-015, 1.000000000000000000, -1.047445008332812100E-014 ) ) ;
#2764 = EDGE_LOOP ( 'NONE', ( #340, #2866, #1380, #640 ) ) ;
#2765 =( GEOMETRIC_REPRESENTATION_CONTEXT ( 3 ) GLOBAL_UNCERTAINTY_ASSIGNED_CONTEXT ( ( #3248 ) ) GLOBAL_UNIT_ASSIGNED_CONTEXT ( ( #1974, #1962, #1940 ) ) REPRESENTATION_CONTEXT ( 'NONE', 'WORKASPACE' ) );
#2766 =( NAMED_UNIT ( * ) PLANE_ANGLE_UNIT ( ) SI_UNIT ( $, .RADIAN. ) );
#2767 = DIRECTION ( 'NONE',  ( 1.000000000000000000, 3.491483361109333200E-015, -6.982966722218800400E-015 ) ) ;
#2768 = SURFACE_STYLE_USAGE ( .BOTH. , #3349 ) ;
#2769 = FILL_AREA_STYLE ('',( #556 ) ) ;
#2770 = ORIENTED_EDGE ( 'NONE', *, *, #972, .T. ) ;
#2771 = MECHANICAL_DESIGN_GEOMETRIC_PRESENTATION_REPRESENTATION (  '', ( #2114 ), #2988 ) ;
#2772 = PRESENTATION_LAYER_ASSIGNMENT (  '', '', ( #2335 ) ) ;
#2773 = EDGE_CURVE ( 'NONE', #3911, #635, #3581, .T. ) ;
#2774 = EDGE_CURVE ( 'NONE', #1475, #2295, #1071, .T. ) ;
#2775 = FILL_AREA_STYLE_COLOUR ( '', #2493 ) ;
#2776 = DIRECTION ( 'NONE',  ( -3.491483361109406500E-015, 1.000000000000000000, -1.047445008332812100E-014 ) ) ;
#2777 = ORIENTED_EDGE ( 'NONE', *, *, #3730, .F. ) ;
#2778 = DIRECTION ( 'NONE',  ( -1.000000000000000000, -3.491483361109333200E-015, 6.982966722218800400E-015 ) ) ;
#2779 =( NAMED_UNIT ( * ) PLANE_ANGLE_UNIT ( ) SI_UNIT ( $, .RADIAN. ) );
#2780 = DIRECTION ( 'NONE',  ( -1.000000000000000000, -3.491483361109333200E-015, 6.982966722218800400E-015 ) ) ;
#2781 = DIRECTION ( 'NONE',  ( 6.982966722218764100E-015, 1.047445008332814600E-014, 1.000000000000000000 ) ) ;
#2782 = MECHANICAL_DESIGN_GEOMETRIC_PRESENTATION_REPRESENTATION (  '', ( #2125 ), #3003 ) ;
#2783 = EDGE_LOOP ( 'NONE', ( #3377, #283, #1379, #688 ) ) ;
#2784 = VECTOR ( 'NONE', #2044, 1000.000000000000000 ) ;
#2785 = EDGE_CURVE ( 'NONE', #240, #2170, #969, .T. ) ;
#2786 = VECTOR ( 'NONE', #2621, 1000.000000000000000 ) ;
#2787 = ADVANCED_FACE ( 'NONE', ( #25 ), #6, .F. ) ;
#2788 = FACE_OUTER_BOUND ( 'NONE', #2916, .T. ) ;
#2789 = DIRECTION ( 'NONE',  ( 3.491483361109406900E-015, -1.000000000000000000, 1.059691071871035900E-014 ) ) ;
#2790 = FILL_AREA_STYLE_COLOUR ( '', #1799 ) ;
#2791 = DIRECTION ( 'NONE',  ( 3.491483361109406500E-015, -1.000000000000000000, 1.047445008332812100E-014 ) ) ;
#2792 = DIRECTION ( 'NONE',  ( -2.897399978925569200E-015, 1.000000000000000000, -1.059691071871036300E-014 ) ) ;
#2793 = ORIENTED_EDGE ( 'NONE', *, *, #2127, .T. ) ;
#2794 = LINE ( 'NONE', #2976, #2690 ) ;
#2795 = LINE ( 'NONE', #1402, #266 ) ;
#2796 = ORIENTED_EDGE ( 'NONE', *, *, #751, .T. ) ;
#2797 = FACE_OUTER_BOUND ( 'NONE', #3315, .T. ) ;
#2798 = AXIS2_PLACEMENT_3D ( 'NONE', #2938, #1039, #3251 ) ;
#2799 = STYLED_ITEM ( 'NONE', ( #3298 ), #122 ) ;
#2800 = DIRECTION ( 'NONE',  ( -6.982966722218763300E-015, -1.059691071871038200E-014, -1.000000000000000000 ) ) ;
#2801 = DIRECTION ( 'NONE',  ( -3.491483361109285400E-015, 1.000000000000000000, 6.872784676440101400E-015 ) ) ;
#2802 = CARTESIAN_POINT ( 'NONE',  ( 3.649999999999966600, 5.599999999999993400, 1.799999999999914600 ) ) ;
#2803 = CARTESIAN_POINT ( 'NONE',  ( 2.599999999999948600, 3.399999999999949700, -1.850000000000053800 ) ) ;
#2804 = VECTOR ( 'NONE', #4052, 1000.000000000000000 ) ;
#2805 = ORIENTED_EDGE ( 'NONE', *, *, #2014, .F. ) ;
#2806 = SURFACE_STYLE_FILL_AREA ( #984 ) ;
#2807 = ORIENTED_EDGE ( 'NONE', *, *, #3752, .F. ) ;
#2808 = ORIENTED_EDGE ( 'NONE', *, *, #3754, .T. ) ;
#2809 = ORIENTED_EDGE ( 'NONE', *, *, #3193, .F. ) ;
#2810 = UNCERTAINTY_MEASURE_WITH_UNIT (LENGTH_MEASURE( 1.000000000000000100E-005 ), #1553, 'distance_accuracy_value', 'NONE');
#2811 = VECTOR ( 'NONE', #2429, 1000.000000000000000 ) ;
#2812 = VERTEX_POINT ( 'NONE', #949 ) ;
#2813 = PLANE ( 'NONE',  #2816 ) ;
#2814 = PRESENTATION_LAYER_ASSIGNMENT (  '', '', ( #2386 ) ) ;
#2815 = FILL_AREA_STYLE ('',( #927 ) ) ;
#2816 = AXIS2_PLACEMENT_3D ( 'NONE', #2828, #2800, #2789 ) ;
#2817 = CARTESIAN_POINT ( 'NONE',  ( -4.500000000000051500, -9.518850551531988400E-014, -3.749999999999968500 ) ) ;
#2818 = AXIS2_PLACEMENT_3D ( 'NONE', #1996, #941, #1573 ) ;
#2819 = SURFACE_STYLE_USAGE ( .BOTH. , #607 ) ;
#2820 = DIRECTION ( 'NONE',  ( 1.000000000000000000, 3.257061269761116200E-015, -6.982966722218798100E-015 ) ) ;
#2821 = FILL_AREA_STYLE_COLOUR ( '', #476 ) ;
#2822 = DIRECTION ( 'NONE',  ( 1.000000000000000000, 3.491483361109333200E-015, -6.982966722218800400E-015 ) ) ;
#2823 = ORIENTED_EDGE ( 'NONE', *, *, #1788, .T. ) ;
#2824 = EDGE_CURVE ( 'NONE', #1187, #97, #2233, .T. ) ;
#2825 = LINE ( 'NONE', #2602, #393 ) ;
#2826 = ORIENTED_EDGE ( 'NONE', *, *, #3511, .T. ) ;
#2827 = LINE ( 'NONE', #3983, #300 ) ;
#2828 = CARTESIAN_POINT ( 'NONE',  ( -1.815571347776878600E-014, -2.755196786864699700E-014, 1.149999999999999900 ) ) ;
#2829 = VECTOR ( 'NONE', #313, 1000.000000000000000 ) ;
#2830 = CARTESIAN_POINT ( 'NONE',  ( 1.349999999999938400, 0.3999999999999135400, -4.950000000000011700 ) ) ;
#2831 = COLOUR_RGB ( '',0.0000000000000000000, 0.0000000000000000000, 0.6274509803921568500 ) ;
#2832 = FILL_AREA_STYLE_COLOUR ( '', #2126 ) ;
#2833 = DIRECTION ( 'NONE',  ( 6.982966722218763300E-015, 1.059691071871038400E-014, 1.000000000000000000 ) ) ;
#2834 = VECTOR ( 'NONE', #3211, 1000.000000000000000 ) ;
#2835 = CARTESIAN_POINT ( 'NONE',  ( 1.649999999999948000, -7.371588284449748200E-014, -3.750000000000011100 ) ) ;
#2836 = UNCERTAINTY_MEASURE_WITH_UNIT (LENGTH_MEASURE( 1.000000000000000100E-005 ), #561, 'distance_accuracy_value', 'NONE');
#2837 = DIRECTION ( 'NONE',  ( 3.491483361109406900E-015, -1.000000000000000000, 1.059691071871035900E-014 ) ) ;
#2838 = VECTOR ( 'NONE', #2780, 1000.000000000000000 ) ;
#2839 = EDGE_LOOP ( 'NONE', ( #499, #3965, #3746, #3105 ) ) ;
#2840 = VERTEX_POINT ( 'NONE', #3128 ) ;
#2841 = VECTOR ( 'NONE', #2837, 1000.000000000000000 ) ;
#2842 = VECTOR ( 'NONE', #3342, 1000.000000000000000 ) ;
#2843 = DIRECTION ( 'NONE',  ( -6.982966722218764100E-015, -1.047445008332814600E-014, -1.000000000000000000 ) ) ;
#2844 = PRESENTATION_STYLE_ASSIGNMENT (( #2542 ) ) ;
#2845 = SURFACE_SIDE_STYLE ('',( #1173 ) ) ;
#2846 = PRESENTATION_LAYER_ASSIGNMENT (  '', '', ( #2419 ) ) ;
#2847 = FILL_AREA_STYLE ('',( #4098 ) ) ;
#2848 = AXIS2_PLACEMENT_3D ( 'NONE', #2817, #928, #3134 ) ;
#2849 = DIRECTION ( 'NONE',  ( 3.491483361109407700E-015, -1.000000000000000000, 1.062399521056750000E-014 ) ) ;
#2850 = EDGE_CURVE ( 'NONE', #1555, #4049, #3838, .T. ) ;
#2851 = LINE ( 'NONE', #2830, #3696 ) ;
#2852 = EDGE_CURVE ( 'NONE', #2320, #897, #574, .T. ) ;
#2853 = COLOUR_RGB ( '',0.0000000000000000000, 0.0000000000000000000, 0.6274509803921568500 ) ;
#2854 = VECTOR ( 'NONE', #3769, 1000.000000000000000 ) ;
#2855 = DIRECTION ( 'NONE',  ( -3.257061269761190000E-015, 1.000000000000000000, -1.059691071871036000E-014 ) ) ;
#2856 = SURFACE_STYLE_FILL_AREA ( #3392 ) ;
#2857 = SURFACE_STYLE_FILL_AREA ( #3979 ) ;
#2858 = PRESENTATION_LAYER_ASSIGNMENT (  '', '', ( #2430 ) ) ;
#2859 = SURFACE_STYLE_USAGE ( .BOTH. , #648 ) ;
#2860 = CARTESIAN_POINT ( 'NONE',  ( 4.499999999999938700, 2.499999999999936100, -3.750000000000058200 ) ) ;
#2861 = EDGE_LOOP ( 'NONE', ( #1685, #3727, #820, #2581 ) ) ;
#2862 =( LENGTH_UNIT ( ) NAMED_UNIT ( * ) SI_UNIT ( .MILLI., .METRE. ) );
#2863 = LINE ( 'NONE', #3802, #1506 ) ;
#2864 = FACE_OUTER_BOUND ( 'NONE', #2408, .T. ) ;
#2865 = ORIENTED_EDGE ( 'NONE', *, *, #3714, .T. ) ;
#2866 = ORIENTED_EDGE ( 'NONE', *, *, #3534, .F. ) ;
#2867 = CARTESIAN_POINT ( 'NONE',  ( -4.500000000000051500, -9.518850551531988400E-014, -3.749999999999968500 ) ) ;
#2868 = EDGE_CURVE ( 'NONE', #81, #2295, #2137, .T. ) ;
#2869 = PLANE ( 'NONE',  #3252 ) ;
#2870 = CARTESIAN_POINT ( 'NONE',  ( 2.099999999999944600, 4.779999999999947000, -1.850000000000066000 ) ) ;
#2871 =( GEOMETRIC_REPRESENTATION_CONTEXT ( 3 ) GLOBAL_UNCERTAINTY_ASSIGNED_CONTEXT ( ( #2518 ) ) GLOBAL_UNIT_ASSIGNED_CONTEXT ( ( #3047, #3032, #3000 ) ) REPRESENTATION_CONTEXT ( 'NONE', 'WORKASPACE' ) );
#2872 = CARTESIAN_POINT ( 'NONE',  ( -1.650000000000048800, -8.099901364867411500E-014, -3.349999999999987700 ) ) ;
#2873 = SHAPE_DEFINITION_REPRESENTATION ( #2889, #1654 ) ;
#2874 = PLANE ( 'NONE',  #4078 ) ;
#2875 = ORIENTED_EDGE ( 'NONE', *, *, #3778, .T. ) ;
#2876 = ORIENTED_EDGE ( 'NONE', *, *, #2093, .F. ) ;
#2877 = PRESENTATION_STYLE_ASSIGNMENT (( #3962 ) ) ;
#2878 = CARTESIAN_POINT ( 'NONE',  ( 3.649999999999935100, 3.249999999999932500, -3.850000000000060000 ) ) ;
#2879 =( NAMED_UNIT ( * ) PLANE_ANGLE_UNIT ( ) SI_UNIT ( $, .RADIAN. ) );
#2880 = STYLED_ITEM ( 'NONE', ( #3183 ), #3611 ) ;
#2881 = EDGE_CURVE ( 'NONE', #37, #2565, #3739, .T. ) ;
#2882 = SURFACE_STYLE_FILL_AREA ( #1675 ) ;
#2883 = LINE ( 'NONE', #1733, #2784 ) ;
#2884 = ORIENTED_EDGE ( 'NONE', *, *, #1880, .F. ) ;
#2885 = CARTESIAN_POINT ( 'NONE',  ( -2.650000000000024300, 4.779999999999979800, 2.749999999999967100 ) ) ;
#2886 = SURFACE_STYLE_FILL_AREA ( #3396 ) ;
#2887 = ORIENTED_EDGE ( 'NONE', *, *, #1502, .F. ) ;
#2888 = LINE ( 'NONE', #3568, #463 ) ;
#2889 = PRODUCT_DEFINITION_SHAPE ( 'NONE', 'NONE',  #1491 ) ;
#2890 = CARTESIAN_POINT ( 'NONE',  ( 4.049999999999929700, 5.599999999999938400, -3.450000000000087700 ) ) ;
#2891 = LINE ( 'NONE', #3905, #362 ) ;
#2892 = UNCERTAINTY_MEASURE_WITH_UNIT (LENGTH_MEASURE( 1.000000000000000100E-005 ), #3975, 'distance_accuracy_value', 'NONE');
#2893 = SURFACE_STYLE_USAGE ( .BOTH. , #2907 ) ;
#2894 = ORIENTED_EDGE ( 'NONE', *, *, #2192, .F. ) ;
#2895 = AXIS2_PLACEMENT_3D ( 'NONE', #905, #3112, #1219 ) ;
#2896 = CARTESIAN_POINT ( 'NONE',  ( 1.649999999999950800, -6.947711855701330900E-014, -3.350000000000010300 ) ) ;
#2897 = DIRECTION ( 'NONE',  ( -6.982966722218764100E-015, -1.062796543518450100E-014, -1.000000000000000000 ) ) ;
#2898 = CARTESIAN_POINT ( 'NONE',  ( 2.099999999999981400, 3.329999999999997400, 2.749999999999949400 ) ) ;
#2899 =( NAMED_UNIT ( * ) SI_UNIT ( $, .STERADIAN. ) SOLID_ANGLE_UNIT ( ) );
#2900 = LINE ( 'NONE', #1056, #366 ) ;
#2901 = FILL_AREA_STYLE ('',( #2563 ) ) ;
#2902 = PLANE ( 'NONE',  #1800 ) ;
#2903 = ADVANCED_FACE ( 'NONE', ( #371 ), #291, .F. ) ;
#2904 = STYLED_ITEM ( 'NONE', ( #2239 ), #351 ) ;
#2905 = VECTOR ( 'NONE', #1535, 1000.000000000000000 ) ;
#2906 = CARTESIAN_POINT ( 'NONE',  ( -0.1500000000000599500, -0.1000000000000919200, -4.949999999999995700 ) ) ;
#2907 = SURFACE_SIDE_STYLE ('',( #3591 ) ) ;
#2908 =( NAMED_UNIT ( * ) SI_UNIT ( $, .STERADIAN. ) SOLID_ANGLE_UNIT ( ) );
#2909 =( GEOMETRIC_REPRESENTATION_CONTEXT ( 3 ) GLOBAL_UNCERTAINTY_ASSIGNED_CONTEXT ( ( #2133 ) ) GLOBAL_UNIT_ASSIGNED_CONTEXT ( ( #962, #3176, #1284 ) ) REPRESENTATION_CONTEXT ( 'NONE', 'WORKASPACE' ) );
#2910 = FACE_OUTER_BOUND ( 'NONE', #2861, .T. ) ;
#2911 = DIRECTION ( 'NONE',  ( -6.982966722218763300E-015, -1.059691071871038200E-014, -1.000000000000000000 ) ) ;
#2912 = EDGE_CURVE ( 'NONE', #2812, #2197, #3343, .T. ) ;
#2913 = DIRECTION ( 'NONE',  ( -3.491483361109406500E-015, 1.000000000000000000, -1.047445008332812100E-014 ) ) ;
#2914 =( NAMED_UNIT ( * ) PLANE_ANGLE_UNIT ( ) SI_UNIT ( $, .RADIAN. ) );
#2915 = EDGE_CURVE ( 'NONE', #3400, #3966, #79, .T. ) ;
#2916 = EDGE_LOOP ( 'NONE', ( #2745, #837, #1864, #989 ) ) ;
#2917 = ORIENTED_EDGE ( 'NONE', *, *, #3326, .T. ) ;
#2918 = CARTESIAN_POINT ( 'NONE',  ( -4.050000000000032700, -0.1000000000000644800, -0.9999999999999713600 ) ) ;
#2919 = PLANE ( 'NONE',  #3097 ) ;
#2920 = VERTEX_POINT ( 'NONE', #1562 ) ;
#2921 = VERTEX_POINT ( 'NONE', #4099 ) ;
#2922 = VERTEX_POINT ( 'NONE', #2191 ) ;
#2923 = LINE ( 'NONE', #3072, #491 ) ;
#2924 = ORIENTED_EDGE ( 'NONE', *, *, #3078, .T. ) ;
#2925 = SURFACE_STYLE_USAGE ( .BOTH. , #706 ) ;
#2926 =( NAMED_UNIT ( * ) SI_UNIT ( $, .STERADIAN. ) SOLID_ANGLE_UNIT ( ) );
#2927 = FILL_AREA_STYLE ('',( #71 ) ) ;
#2928 = FILL_AREA_STYLE_COLOUR ( '', #1635 ) ;
#2929 = CARTESIAN_POINT ( 'NONE',  ( 1.799999999999962700, 5.799999999999980300, 1.249999999999925600 ) ) ;
#2930 = ORIENTED_EDGE ( 'NONE', *, *, #1758, .F. ) ;
#2931 = DIRECTION ( 'NONE',  ( -2.824282024195249700E-015, 1.000000000000000000, -1.047445008332812600E-014 ) ) ;
#2932 = AXIS2_PLACEMENT_3D ( 'NONE', #2232, #3846, #2913 ) ;
#2933 = VERTEX_POINT ( 'NONE', #943 ) ;
#2934 = EDGE_CURVE ( 'NONE', #1899, #1949, #4071, .T. ) ;
#2935 = VECTOR ( 'NONE', #3154, 1000.000000000000000 ) ;
#2936 =( LENGTH_UNIT ( ) NAMED_UNIT ( * ) SI_UNIT ( .MILLI., .METRE. ) );
#2937 = CARTESIAN_POINT ( 'NONE',  ( -3.100000000000060500, 2.499999999999909400, -3.750000000000004900 ) ) ;
#2938 = CARTESIAN_POINT ( 'NONE',  ( 1.349999999999939900, -0.1000000000000866700, -4.950000000000006400 ) ) ;
#2939 = DIRECTION ( 'NONE',  ( -6.982966722218763300E-015, -1.059691071871038400E-014, -1.000000000000000000 ) ) ;
#2940 = LINE ( 'NONE', #3055, #2073 ) ;
#2941 =( LENGTH_UNIT ( ) NAMED_UNIT ( * ) SI_UNIT ( .MILLI., .METRE. ) );
#2942 = SURFACE_STYLE_FILL_AREA ( #741 ) ;
#2943 = DIRECTION ( 'NONE',  ( -3.491483361109406500E-015, 1.000000000000000000, -1.047445008332812100E-014 ) ) ;
#2944 = LINE ( 'NONE', #3832, #1251 ) ;
#2945 = VECTOR ( 'NONE', #918, 1000.000000000000000 ) ;
#2946 = DIRECTION ( 'NONE',  ( -6.982966722218764100E-015, -1.047445008332814600E-014, -1.000000000000000000 ) ) ;
#2947 = DIRECTION ( 'NONE',  ( -3.491483361109406500E-015, 1.000000000000000000, -1.047445008332812100E-014 ) ) ;
#2948 = AXIS2_PLACEMENT_3D ( 'NONE', #3735, #63, #82 ) ;
#2949 = UNCERTAINTY_MEASURE_WITH_UNIT (LENGTH_MEASURE( 1.000000000000000100E-005 ), #2719, 'distance_accuracy_value', 'NONE');
#2950 = ADVANCED_FACE ( 'NONE', ( #830 ), #642, .F. ) ;
#2951 = EDGE_CURVE ( 'NONE', #2359, #1901, #2090, .T. ) ;
#2952 = SURFACE_STYLE_FILL_AREA ( #3539 ) ;
#2953 = LINE ( 'NONE', #833, #522 ) ;
#2954 = SURFACE_SIDE_STYLE ('',( #2942 ) ) ;
#2955 = CARTESIAN_POINT ( 'NONE',  ( -3.100000000000072000, 5.799999999999909200, -3.750000000000040000 ) ) ;
#2956 = LINE ( 'NONE', #3168, #417 ) ;
#2957 = COLOUR_RGB ( '',0.0000000000000000000, 0.0000000000000000000, 0.6274509803921568500 ) ;
#2958 = FILL_AREA_STYLE_COLOUR ( '', #3013 ) ;
#2959 = DIRECTION ( 'NONE',  ( 1.000000000000000000, 3.491483361109333600E-015, -6.982966722218800400E-015 ) ) ;
#2960 =( GEOMETRIC_REPRESENTATION_CONTEXT ( 3 ) GLOBAL_UNCERTAINTY_ASSIGNED_CONTEXT ( ( #3880 ) ) GLOBAL_UNIT_ASSIGNED_CONTEXT ( ( #3826, #1915, #38 ) ) REPRESENTATION_CONTEXT ( 'NONE', 'WORKASPACE' ) );
#2961 = CARTESIAN_POINT ( 'NONE',  ( 4.499999999999960900, 0.3499999999999569000, -1.800000000000035100 ) ) ;
#2962 = MECHANICAL_DESIGN_GEOMETRIC_PRESENTATION_REPRESENTATION (  '', ( #2300 ), #3165 ) ;
#2963 = PRESENTATION_STYLE_ASSIGNMENT (( #3057 ) ) ;
#2964 = VECTOR ( 'NONE', #2095, 1000.000000000000000 ) ;
#2965 = VECTOR ( 'NONE', #432, 1000.000000000000000 ) ;
#2966 = CARTESIAN_POINT ( 'NONE',  ( 1.349999999999946800, 0.3999999999999261400, -3.750000000000013800 ) ) ;
#2967 = EDGE_CURVE ( 'NONE', #586, #3800, #2956, .T. ) ;
#2968 = CARTESIAN_POINT ( 'NONE',  ( -4.500000000000058600, 2.499999999999907600, -3.449999999999994800 ) ) ;
#2969 = ORIENTED_EDGE ( 'NONE', *, *, #3207, .F. ) ;
#2970 = DIRECTION ( 'NONE',  ( -6.363422623655618400E-015, -1.059009831505993200E-014, -1.000000000000000000 ) ) ;
#2971 = CARTESIAN_POINT ( 'NONE',  ( -3.100000000000038700, -6.955685349528310200E-014, -1.799999999999978700 ) ) ;
#2972 = ORIENTED_EDGE ( 'NONE', *, *, #2445, .T. ) ;
#2973 = ORIENTED_EDGE ( 'NONE', *, *, #3968, .F. ) ;
#2974 = UNCERTAINTY_MEASURE_WITH_UNIT (LENGTH_MEASURE( 1.000000000000000100E-005 ), #1179, 'distance_accuracy_value', 'NONE');
#2975 = DIRECTION ( 'NONE',  ( 3.491483361109406500E-015, -1.000000000000000000, 1.047445008332812100E-014 ) ) ;
#2976 = CARTESIAN_POINT ( 'NONE',  ( -4.500000000000051500, -9.518850551531988400E-014, -3.749999999999968500 ) ) ;
#2977 = STYLED_ITEM ( 'NONE', ( #333 ), #2364 ) ;
#2978 = ADVANCED_FACE ( 'NONE', ( #3691 ), #2869, .F. ) ;
#2979 = FILL_AREA_STYLE ('',( #620 ) ) ;
#2980 = DIRECTION ( 'NONE',  ( -6.982966722218764100E-015, -1.047445008332814600E-014, -1.000000000000000000 ) ) ;
#2981 = CARTESIAN_POINT ( 'NONE',  ( -4.500000000000015100, 0.3499999999999635600, 1.800000000000027400 ) ) ;
#2982 = DIRECTION ( 'NONE',  ( -3.491483361109285400E-015, 1.000000000000000000, 6.872784676440101400E-015 ) ) ;
#2983 = DIRECTION ( 'NONE',  ( -3.491483361109406900E-015, 1.000000000000000000, -1.059009831505990900E-014 ) ) ;
#2984 = DIRECTION ( 'NONE',  ( 1.000000000000000000, 3.491483361109333200E-015, -6.982966722218800400E-015 ) ) ;
#2985 = EDGE_CURVE ( 'NONE', #2360, #2565, #2532, .T. ) ;
#2986 = ORIENTED_EDGE ( 'NONE', *, *, #626, .F. ) ;
#2987 = PRESENTATION_STYLE_ASSIGNMENT (( #1448 ) ) ;
#2988 =( GEOMETRIC_REPRESENTATION_CONTEXT ( 3 ) GLOBAL_UNCERTAINTY_ASSIGNED_CONTEXT ( ( #894 ) ) GLOBAL_UNIT_ASSIGNED_CONTEXT ( ( #4056, #4029, #2273 ) ) REPRESENTATION_CONTEXT ( 'NONE', 'WORKASPACE' ) );
#2989 = ORIENTED_EDGE ( 'NONE', *, *, #1880, .T. ) ;
#2990 = MECHANICAL_DESIGN_GEOMETRIC_PRESENTATION_REPRESENTATION (  '', ( #2335 ), #3192 ) ;
#2991 = EDGE_CURVE ( 'NONE', #915, #3950, #963, .T. ) ;
#2992 = ORIENTED_EDGE ( 'NONE', *, *, #1908, .F. ) ;
#2993 = EDGE_CURVE ( 'NONE', #1710, #1555, #1694, .T. ) ;
#2994 =( NAMED_UNIT ( * ) PLANE_ANGLE_UNIT ( ) SI_UNIT ( $, .RADIAN. ) );
#2995 = CARTESIAN_POINT ( 'NONE',  ( -2.600000000000021800, 1.149999999999963300, 1.150000000000006100 ) ) ;
#2996 =( LENGTH_UNIT ( ) NAMED_UNIT ( * ) SI_UNIT ( .MILLI., .METRE. ) );
#2997 = CARTESIAN_POINT ( 'NONE',  ( 4.499999999999940500, 2.499999999999938700, -3.450000000000057000 ) ) ;
#2998 = LINE ( 'NONE', #2906, #562 ) ;
#2999 = PLANE ( 'NONE',  #3626 ) ;
#3000 =( NAMED_UNIT ( * ) SI_UNIT ( $, .STERADIAN. ) SOLID_ANGLE_UNIT ( ) );
#3001 = FACE_OUTER_BOUND ( 'NONE', #539, .T. ) ;
#3002 = ADVANCED_FACE ( 'NONE', ( #1594 ), #3208, .F. ) ;
#3003 =( GEOMETRIC_REPRESENTATION_CONTEXT ( 3 ) GLOBAL_UNCERTAINTY_ASSIGNED_CONTEXT ( ( #1166 ) ) GLOBAL_UNIT_ASSIGNED_CONTEXT ( ( #2349, #2330, #2072 ) ) REPRESENTATION_CONTEXT ( 'NONE', 'WORKASPACE' ) );
#3004 = VECTOR ( 'NONE', #3863, 1000.000000000000000 ) ;
#3005 = LINE ( 'NONE', #1362, #571 ) ;
#3006 = EDGE_CURVE ( 'NONE', #3454, #2320, #1312, .T. ) ;
#3007 = VECTOR ( 'NONE', #662, 1000.000000000000000 ) ;
#3008 = ORIENTED_EDGE ( 'NONE', *, *, #2116, .F. ) ;
#3009 = CARTESIAN_POINT ( 'NONE',  ( -2.100000000000020100, 3.699999999999982400, 2.749999999999975600 ) ) ;
#3010 = COLOUR_RGB ( '',0.0000000000000000000, 0.0000000000000000000, 0.6274509803921568500 ) ;
#3011 = VECTOR ( 'NONE', #1598, 1000.000000000000000 ) ;
#3012 = STYLED_ITEM ( 'NONE', ( #219 ), #950 ) ;
#3013 = COLOUR_RGB ( '',0.0000000000000000000, 0.0000000000000000000, 0.6274509803921568500 ) ;
#3014 = ADVANCED_FACE ( 'NONE', ( #3834 ), #1939, .T. ) ;
#3015 = ORIENTED_EDGE ( 'NONE', *, *, #1715, .F. ) ;
#3016 =( NAMED_UNIT ( * ) SI_UNIT ( $, .STERADIAN. ) SOLID_ANGLE_UNIT ( ) );
#3017 = PRESENTATION_STYLE_ASSIGNMENT (( #246 ) ) ;
#3018 = ORIENTED_EDGE ( 'NONE', *, *, #423, .F. ) ;
#3019 = ORIENTED_EDGE ( 'NONE', *, *, #2628, .T. ) ;
#3020 = VERTEX_POINT ( 'NONE', #3519 ) ;
#3021 = SURFACE_SIDE_STYLE ('',( #2523 ) ) ;
#3022 = PRESENTATION_LAYER_ASSIGNMENT (  '', '', ( #2578 ) ) ;
#3023 = AXIS2_PLACEMENT_3D ( 'NONE', #732, #702, #341 ) ;
#3024 = SURFACE_STYLE_USAGE ( .BOTH. , #807 ) ;
#3025 = ORIENTED_EDGE ( 'NONE', *, *, #1416, .T. ) ;
#3026 = UNCERTAINTY_MEASURE_WITH_UNIT (LENGTH_MEASURE( 1.000000000000000100E-005 ), #1965, 'distance_accuracy_value', 'NONE');
#3027 = FILL_AREA_STYLE_COLOUR ( '', #2188 ) ;
#3028 = DIRECTION ( 'NONE',  ( 1.000000000000000000, 3.491483361109333200E-015, -6.982966722218800400E-015 ) ) ;
#3029 = DIRECTION ( 'NONE',  ( -1.000000000000000000, -3.732417177217222700E-015, 6.982966722218802800E-015 ) ) ;
#3030 = VERTEX_POINT ( 'NONE', #3875 ) ;
#3031 =( LENGTH_UNIT ( ) NAMED_UNIT ( * ) SI_UNIT ( .MILLI., .METRE. ) );
#3032 =( NAMED_UNIT ( * ) PLANE_ANGLE_UNIT ( ) SI_UNIT ( $, .RADIAN. ) );
#3033 = ORIENTED_EDGE ( 'NONE', *, *, #955, .F. ) ;
#3034 = VERTEX_POINT ( 'NONE', #1332 ) ;
#3035 = ORIENTED_EDGE ( 'NONE', *, *, #1758, .T. ) ;
#3036 = CARTESIAN_POINT ( 'NONE',  ( -1.800000000000026900, 5.799999999999982900, 2.749999999999951200 ) ) ;
#3037 = VERTEX_POINT ( 'NONE', #1960 ) ;
#3038 = SURFACE_SIDE_STYLE ('',( #1427 ) ) ;
#3039 = SURFACE_STYLE_USAGE ( .BOTH. , #824 ) ;
#3040 = MECHANICAL_DESIGN_GEOMETRIC_PRESENTATION_REPRESENTATION (  '', ( #2386 ), #3240 ) ;
#3041 = FILL_AREA_STYLE_COLOUR ( '', #3415 ) ;
#3042 = CARTESIAN_POINT ( 'NONE',  ( 2.749999999999972500, 5.799999999999998900, 2.749999999999919200 ) ) ;
#3043 = PRESENTATION_LAYER_ASSIGNMENT (  '', '', ( #2595 ) ) ;
#3044 = PRESENTATION_LAYER_ASSIGNMENT (  '', '', ( #2598 ) ) ;
#3045 = CARTESIAN_POINT ( 'NONE',  ( -2.100000000000029400, 3.329999999999967700, 1.249999999999979300 ) ) ;
#3046 = VECTOR ( 'NONE', #3357, 1000.000000000000000 ) ;
#3047 =( LENGTH_UNIT ( ) NAMED_UNIT ( * ) SI_UNIT ( .MILLI., .METRE. ) );
#3048 = ADVANCED_FACE ( 'NONE', ( #2797 ), #86, .F. ) ;
#3049 = LINE ( 'NONE', #2603, #510 ) ;
#3050 = ORIENTED_EDGE ( 'NONE', *, *, #2127, .F. ) ;
#3051 = LINE ( 'NONE', #2971, #3776 ) ;
#3052 = LINE ( 'NONE', #4067, #1359 ) ;
#3053 = STYLED_ITEM ( 'NONE', ( #3386 ), #3002 ) ;
#3054 = EDGE_CURVE ( 'NONE', #1229, #448, #3640, .T. ) ;
#3055 = CARTESIAN_POINT ( 'NONE',  ( 1.799999999999962700, 5.799999999999980300, 1.249999999999925600 ) ) ;
#3056 = CARTESIAN_POINT ( 'NONE',  ( -4.050000000000044200, 3.249999999999935600, -1.000000000000006000 ) ) ;
#3057 = SURFACE_STYLE_USAGE ( .BOTH. , #878 ) ;
#3058 = CARTESIAN_POINT ( 'NONE',  ( 3.099999999999940600, 2.499999999999934300, -3.450000000000048600 ) ) ;
#3059 =( LENGTH_UNIT ( ) NAMED_UNIT ( * ) SI_UNIT ( .MILLI., .METRE. ) );
#3060 = UNCERTAINTY_MEASURE_WITH_UNIT (LENGTH_MEASURE( 1.000000000000000100E-005 ), #2936, 'distance_accuracy_value', 'NONE');
#3061 = ORIENTED_EDGE ( 'NONE', *, *, #2395, .T. ) ;
#3062 = PRESENTATION_STYLE_ASSIGNMENT (( #3215 ) ) ;
#3063 = COLOUR_RGB ( '',0.7529411764705882200, 0.7529411764705882200, 0.7529411764705882200 ) ;
#3064 = AXIS2_PLACEMENT_3D ( 'NONE', #2343, #453, #2666 ) ;
#3065 = ORIENTED_EDGE ( 'NONE', *, *, #3778, .F. ) ;
#3066 = FACE_OUTER_BOUND ( 'NONE', #3602, .T. ) ;
#3067 = CARTESIAN_POINT ( 'NONE',  ( 1.349999999999948100, -7.476332785283029400E-014, -3.750000000000009300 ) ) ;
#3068 =( LENGTH_UNIT ( ) NAMED_UNIT ( * ) SI_UNIT ( .MILLI., .METRE. ) );
#3069 = VERTEX_POINT ( 'NONE', #1661 ) ;
#3070 = PLANE ( 'NONE',  #1288 ) ;
#3071 = VECTOR ( 'NONE', #3089, 1000.000000000000000 ) ;
#3072 = CARTESIAN_POINT ( 'NONE',  ( 3.649999999999966600, -0.1000000000000376100, -1.000000000000025100 ) ) ;
#3073 = VERTEX_POINT ( 'NONE', #3253 ) ;
#3074 = MECHANICAL_DESIGN_GEOMETRIC_PRESENTATION_REPRESENTATION (  '', ( #2419 ), #3275 ) ;
#3075 = ORIENTED_EDGE ( 'NONE', *, *, #2665, .T. ) ;
#3076 = EDGE_LOOP ( 'NONE', ( #1730, #3416, #395, #504 ) ) ;
#3077 = PRESENTATION_LAYER_ASSIGNMENT (  '', '', ( #2626 ) ) ;
#3078 = EDGE_CURVE ( 'NONE', #37, #3331, #1112, .T. ) ;
#3079 = EDGE_CURVE ( 'NONE', #1272, #2629, #272, .T. ) ;
#3080 = ORIENTED_EDGE ( 'NONE', *, *, #227, .F. ) ;
#3081 = UNCERTAINTY_MEASURE_WITH_UNIT (LENGTH_MEASURE( 1.000000000000000100E-005 ), #2753, 'distance_accuracy_value', 'NONE');
#3082 = CARTESIAN_POINT ( 'NONE',  ( -1.200000000000061700, 5.299999999999930500, -2.450000000000047700 ) ) ;
#3083 = ORIENTED_EDGE ( 'NONE', *, *, #2912, .F. ) ;
#3084 = MECHANICAL_DESIGN_GEOMETRIC_PRESENTATION_REPRESENTATION (  '', ( #2430 ), #3287 ) ;
#3085 = ORIENTED_EDGE ( 'NONE', *, *, #1053, .F. ) ;
#3086 = EDGE_CURVE ( 'NONE', #3316, #2512, #1223, .T. ) ;
#3087 = DIRECTION ( 'NONE',  ( -6.982966722218764100E-015, -1.047445008332814600E-014, -1.000000000000000000 ) ) ;
#3088 = VERTEX_POINT ( 'NONE', #2955 ) ;
#3089 = DIRECTION ( 'NONE',  ( 1.000000000000000000, 3.491483361109333200E-015, -6.982966722218800400E-015 ) ) ;
#3090 = STYLED_ITEM ( 'NONE', ( #649 ), #4048 ) ;
#3091 = DIRECTION ( 'NONE',  ( -3.257061269761189200E-015, 1.000000000000000000, -1.047445008332812300E-014 ) ) ;
#3092 = DIRECTION ( 'NONE',  ( 3.636043650774141500E-015, -1.000000000000000000, 1.059691071871035700E-014 ) ) ;
#3093 = ORIENTED_EDGE ( 'NONE', *, *, #1801, .T. ) ;
#3094 = EDGE_LOOP ( 'NONE', ( #402, #3679, #2989, #714 ) ) ;
#3095 = UNCERTAINTY_MEASURE_WITH_UNIT (LENGTH_MEASURE( 1.000000000000000100E-005 ), #2123, 'distance_accuracy_value', 'NONE');
#3096 = VECTOR ( 'NONE', #3362, 1000.000000000000000 ) ;
#3097 = AXIS2_PLACEMENT_3D ( 'NONE', #2594, #717, #2931 ) ;
#3098 = EDGE_CURVE ( 'NONE', #3687, #2413, #1841, .T. ) ;
#3099 = LINE ( 'NONE', #3883, #3835 ) ;
#3100 = PLANE ( 'NONE',  #3114 ) ;
#3101 = CARTESIAN_POINT ( 'NONE',  ( -1.650000000000060100, -0.1000000000000971500, -4.949999999999986000 ) ) ;
#3102 = DIRECTION ( 'NONE',  ( -6.982966722218764100E-015, -1.047445008332814600E-014, -1.000000000000000000 ) ) ;
#3103 = PRESENTATION_LAYER_ASSIGNMENT (  '', '', ( #2670 ) ) ;
#3104 = SURFACE_STYLE_FILL_AREA ( #3409 ) ;
#3105 = ORIENTED_EDGE ( 'NONE', *, *, #1068, .T. ) ;
#3106 = DIRECTION ( 'NONE',  ( -1.000000000000000000, -3.491483361109333200E-015, 6.982966722218800400E-015 ) ) ;
#3107 = SURFACE_STYLE_FILL_AREA ( #293 ) ;
#3108 = LINE ( 'NONE', #1334, #3653 ) ;
#3109 = DIRECTION ( 'NONE',  ( 3.491483361109406500E-015, -1.000000000000000000, 1.047445008332812100E-014 ) ) ;
#3110 = SURFACE_STYLE_FILL_AREA ( #2689 ) ;
#3111 = ORIENTED_EDGE ( 'NONE', *, *, #1618, .T. ) ;
#3112 = DIRECTION ( 'NONE',  ( 3.491483361109406100E-015, -1.000000000000000000, 1.047445008332812100E-014 ) ) ;
#3113 = ORIENTED_EDGE ( 'NONE', *, *, #861, .T. ) ;
#3114 = AXIS2_PLACEMENT_3D ( 'NONE', #889, #577, #2776 ) ;
#3115 = DIRECTION ( 'NONE',  ( 4.085566743293244600E-015, -1.000000000000000000, 1.047445008332811600E-014 ) ) ;
#3116 = ORIENTED_EDGE ( 'NONE', *, *, #1131, .F. ) ;
#3117 = EDGE_LOOP ( 'NONE', ( #1766, #1856, #168, #1087 ) ) ;
#3118 = EDGE_CURVE ( 'NONE', #3069, #2500, #171, .T. ) ;
#3119 = EDGE_CURVE ( 'NONE', #2462, #1093, #2698, .T. ) ;
#3120 = CARTESIAN_POINT ( 'NONE',  ( 0.1499999999999466500, 0.3999999999999219700, -3.750000000000004900 ) ) ;
#3121 = ORIENTED_EDGE ( 'NONE', *, *, #2432, .T. ) ;
#3122 = ORIENTED_EDGE ( 'NONE', *, *, #2117, .F. ) ;
#3123 = DIRECTION ( 'NONE',  ( -6.982966722218763300E-015, -1.059691071871038200E-014, -1.000000000000000000 ) ) ;
#3124 = FACE_OUTER_BOUND ( 'NONE', #1085, .T. ) ;
#3125 = STYLED_ITEM ( 'NONE', ( #2610 ), #2177 ) ;
#3126 = VECTOR ( 'NONE', #1622, 1000.000000000000000 ) ;
#3127 = SURFACE_STYLE_USAGE ( .BOTH. , #920 ) ;
#3128 = CARTESIAN_POINT ( 'NONE',  ( 2.649999999999976400, 4.779999999999998500, 2.749999999999930300 ) ) ;
#3129 = VECTOR ( 'NONE', #3957, 1000.000000000000000 ) ;
#3130 = VERTEX_POINT ( 'NONE', #1066 ) ;
#3131 = DIRECTION ( 'NONE',  ( 1.000000000000000000, 3.491483361109333200E-015, -6.982966722218800400E-015 ) ) ;
#3132 =( LENGTH_UNIT ( ) NAMED_UNIT ( * ) SI_UNIT ( .MILLI., .METRE. ) );
#3133 =( LENGTH_UNIT ( ) NAMED_UNIT ( * ) SI_UNIT ( .MILLI., .METRE. ) );
#3134 = DIRECTION ( 'NONE',  ( -3.491483361109407700E-015, 1.000000000000000000, -1.062399521056750000E-014 ) ) ;
#3135 = ORIENTED_EDGE ( 'NONE', *, *, #303, .F. ) ;
#3136 =( NAMED_UNIT ( * ) PLANE_ANGLE_UNIT ( ) SI_UNIT ( $, .RADIAN. ) );
#3137 = COLOUR_RGB ( '',0.0000000000000000000, 0.0000000000000000000, 0.6274509803921568500 ) ;
#3138 = PRESENTATION_LAYER_ASSIGNMENT (  '', '', ( #2715 ) ) ;
#3139 = FILL_AREA_STYLE ('',( #610 ) ) ;
#3140 = UNCERTAINTY_MEASURE_WITH_UNIT (LENGTH_MEASURE( 1.000000000000000100E-005 ), #2573, 'distance_accuracy_value', 'NONE');
#3141 = EDGE_CURVE ( 'NONE', #124, #3034, #2490, .T. ) ;
#3142 = LINE ( 'NONE', #452, #1364 ) ;
#3143 = VECTOR ( 'NONE', #1723, 1000.000000000000000 ) ;
#3144 = CARTESIAN_POINT ( 'NONE',  ( -2.100000000000024100, 4.779999999999982500, 2.749999999999963600 ) ) ;
#3145 = DIRECTION ( 'NONE',  ( 3.491483361109406100E-015, -1.000000000000000000, 1.047445008332812100E-014 ) ) ;
#3146 = SURFACE_STYLE_FILL_AREA ( #2486 ) ;
#3147 = SURFACE_STYLE_FILL_AREA ( #1834 ) ;
#3148 = CARTESIAN_POINT ( 'NONE',  ( -3.200000000000053500, 4.129999999999928800, -1.850000000000021800 ) ) ;
#3149 = PRESENTATION_LAYER_ASSIGNMENT (  '', '', ( #2724 ) ) ;
#3150 = ORIENTED_EDGE ( 'NONE', *, *, #1213, .F. ) ;
#3151 = CARTESIAN_POINT ( 'NONE',  ( -0.1500000000000487900, -0.1000000000000749300, -3.349999999999998800 ) ) ;
#3152 =( NAMED_UNIT ( * ) SI_UNIT ( $, .STERADIAN. ) SOLID_ANGLE_UNIT ( ) );
#3153 = LINE ( 'NONE', #3974, #1460 ) ;
#3154 = DIRECTION ( 'NONE',  ( -3.491483361109406900E-015, 1.000000000000000000, -1.059691071871035900E-014 ) ) ;
#3155 = EDGE_CURVE ( 'NONE', #240, #2840, #3344, .T. ) ;
#3156 = ORIENTED_EDGE ( 'NONE', *, *, #3558, .F. ) ;
#3157 = DIRECTION ( 'NONE',  ( -3.491483361109285400E-015, 1.000000000000000000, 6.872784676440101400E-015 ) ) ;
#3158 = LINE ( 'NONE', #2733, #737 ) ;
#3159 = PRESENTATION_STYLE_ASSIGNMENT (( #1832 ) ) ;
#3160 = ORIENTED_EDGE ( 'NONE', *, *, #3086, .F. ) ;
#3161 = SURFACE_STYLE_FILL_AREA ( #3697 ) ;
#3162 = ORIENTED_EDGE ( 'NONE', *, *, #1264, .T. ) ;
#3163 = ORIENTED_EDGE ( 'NONE', *, *, #1159, .T. ) ;
#3164 = CARTESIAN_POINT ( 'NONE',  ( -2.750000000000027100, 5.799999999999979400, 2.749999999999957800 ) ) ;
#3165 =( GEOMETRIC_REPRESENTATION_CONTEXT ( 3 ) GLOBAL_UNCERTAINTY_ASSIGNED_CONTEXT ( ( #3269 ) ) GLOBAL_UNIT_ASSIGNED_CONTEXT ( ( #3068, #2108, #1821 ) ) REPRESENTATION_CONTEXT ( 'NONE', 'WORKASPACE' ) );
#3166 =( NAMED_UNIT ( * ) PLANE_ANGLE_UNIT ( ) SI_UNIT ( $, .RADIAN. ) );
#3167 = SURFACE_STYLE_USAGE ( .BOTH. , #954 ) ;
#3168 = CARTESIAN_POINT ( 'NONE',  ( -4.500000000000000000, -1.571167512499199800E-014, 3.750000000000031100 ) ) ;
#3169 = EDGE_LOOP ( 'NONE', ( #2227, #3256, #2189, #3214 ) ) ;
#3170 = STYLED_ITEM ( 'NONE', ( #221 ), #3297 ) ;
#3171 = EDGE_CURVE ( 'NONE', #89, #391, #1753, .T. ) ;
#3172 = COLOUR_RGB ( '',0.0000000000000000000, 0.0000000000000000000, 0.6274509803921568500 ) ;
#3173 = ORIENTED_EDGE ( 'NONE', *, *, #1892, .F. ) ;
#3174 = COLOUR_RGB ( '',0.0000000000000000000, 0.0000000000000000000, 0.6274509803921568500 ) ;
#3175 = DIRECTION ( 'NONE',  ( -3.491483361109406900E-015, 1.000000000000000000, -1.059691071871035900E-014 ) ) ;
#3176 =( NAMED_UNIT ( * ) PLANE_ANGLE_UNIT ( ) SI_UNIT ( $, .RADIAN. ) );
#3177 = DIRECTION ( 'NONE',  ( -1.000000000000000000, -4.085566743293171300E-015, 6.982966722218806700E-015 ) ) ;
#3178 = ORIENTED_EDGE ( 'NONE', *, *, #873, .F. ) ;
#3179 = ORIENTED_EDGE ( 'NONE', *, *, #3197, .T. ) ;
#3180 = AXIS2_PLACEMENT_3D ( 'NONE', #3067, #1162, #3369 ) ;
#3181 = FILL_AREA_STYLE_COLOUR ( '', #3816 ) ;
#3182 = CARTESIAN_POINT ( 'NONE',  ( -0.1500000000000617000, 0.3999999999999083200, -4.950000000000001100 ) ) ;
#3183 = PRESENTATION_STYLE_ASSIGNMENT (( #3884 ) ) ;
#3184 = FACE_OUTER_BOUND ( 'NONE', #1769, .T. ) ;
#3185 = EDGE_CURVE ( 'NONE', #3205, #1999, #4072, .T. ) ;
#3186 = STYLED_ITEM ( 'NONE', ( #281 ), #210 ) ;
#3187 = LINE ( 'NONE', #3336, #3096 ) ;
#3188 = CARTESIAN_POINT ( 'NONE',  ( -3.200000000000053500, 4.129999999999928800, -1.850000000000021800 ) ) ;
#3189 = UNCERTAINTY_MEASURE_WITH_UNIT (LENGTH_MEASURE( 1.000000000000000100E-005 ), #1136, 'distance_accuracy_value', 'NONE');
#3190 = FACE_OUTER_BOUND ( 'NONE', #1609, .T. ) ;
#3191 = FILL_AREA_STYLE_COLOUR ( '', #3969 ) ;
#3192 =( GEOMETRIC_REPRESENTATION_CONTEXT ( 3 ) GLOBAL_UNCERTAINTY_ASSIGNED_CONTEXT ( ( #987 ) ) GLOBAL_UNIT_ASSIGNED_CONTEXT ( ( #567, #2779, #895 ) ) REPRESENTATION_CONTEXT ( 'NONE', 'WORKASPACE' ) );
#3193 = EDGE_CURVE ( 'NONE', #2418, #507, #832, .T. ) ;
#3194 = CARTESIAN_POINT ( 'NONE',  ( -0.1500000000000491200, -7.581077286116300600E-014, -3.349999999999997900 ) ) ;
#3195 =( LENGTH_UNIT ( ) NAMED_UNIT ( * ) SI_UNIT ( .MILLI., .METRE. ) );
#3196 = DIRECTION ( 'NONE',  ( -3.491483361109406500E-015, 1.000000000000000000, -1.047445008332812100E-014 ) ) ;
#3197 = EDGE_CURVE ( 'NONE', #1464, #1045, #724, .T. ) ;
#3198 = CARTESIAN_POINT ( 'NONE',  ( 1.349999999999950800, -7.057354781949900800E-014, -3.350000000000008500 ) ) ;
#3199 = COLOUR_RGB ( '',0.7529411764705882200, 0.7529411764705882200, 0.7529411764705882200 ) ;
#3200 = DIRECTION ( 'NONE',  ( 6.982966722218763300E-015, 1.059691071871038400E-014, 1.000000000000000000 ) ) ;
#3201 = ORIENTED_EDGE ( 'NONE', *, *, #2040, .F. ) ;
#3202 = ORIENTED_EDGE ( 'NONE', *, *, #2351, .T. ) ;
#3203 = PLANE ( 'NONE',  #2818 ) ;
#3204 = LINE ( 'NONE', #1736, #1510 ) ;
#3205 = VERTEX_POINT ( 'NONE', #2013 ) ;
#3206 = ORIENTED_EDGE ( 'NONE', *, *, #2206, .T. ) ;
#3207 = EDGE_CURVE ( 'NONE', #1671, #254, #619, .T. ) ;
#3208 = PLANE ( 'NONE',  #410 ) ;
#3209 = CARTESIAN_POINT ( 'NONE',  ( -1.650000000000060100, -0.1000000000000971500, -4.949999999999986000 ) ) ;
#3210 = VERTEX_POINT ( 'NONE', #3929 ) ;
#3211 = DIRECTION ( 'NONE',  ( -6.982966722218764100E-015, -1.047445008332814600E-014, -1.000000000000000000 ) ) ;
#3212 = DIRECTION ( 'NONE',  ( -1.000000000000000000, -3.491483361109333600E-015, 6.982966722218800400E-015 ) ) ;
#3213 = ORIENTED_EDGE ( 'NONE', *, *, #1827, .F. ) ;
#3214 = ORIENTED_EDGE ( 'NONE', *, *, #944, .F. ) ;
#3215 = SURFACE_STYLE_USAGE ( .BOTH. , #1002 ) ;
#3216 = SURFACE_SIDE_STYLE ('',( #2482 ) ) ;
#3217 = AXIS2_PLACEMENT_3D ( 'NONE', #186, #2683, #3662 ) ;
#3218 = CARTESIAN_POINT ( 'NONE',  ( -3.650000000000064300, 3.249999999999907600, -3.850000000000009900 ) ) ;
#3219 = ORIENTED_EDGE ( 'NONE', *, *, #2868, .T. ) ;
#3220 = ORIENTED_EDGE ( 'NONE', *, *, #3791, .F. ) ;
#3221 = CARTESIAN_POINT ( 'NONE',  ( 4.499999999999960900, 0.3499999999999569000, -1.800000000000035100 ) ) ;
#3222 = FILL_AREA_STYLE_COLOUR ( '', #472 ) ;
#3223 = PRESENTATION_STYLE_ASSIGNMENT (( #2925 ) ) ;
#3224 = SURFACE_STYLE_USAGE ( .BOTH. , #3237 ) ;
#3225 = CARTESIAN_POINT ( 'NONE',  ( -4.050000000000032700, 5.599999999999964100, 1.799999999999968300 ) ) ;
#3226 = MECHANICAL_DESIGN_GEOMETRIC_PRESENTATION_REPRESENTATION (  '', ( #2578 ), #3431 ) ;
#3227 = PRESENTATION_LAYER_ASSIGNMENT (  '', '', ( #2799 ) ) ;
#3228 = LINE ( 'NONE', #1042, #1525 ) ;
#3229 = COLOUR_RGB ( '',0.7529411764705882200, 0.7529411764705882200, 0.7529411764705882200 ) ;
#3230 = CARTESIAN_POINT ( 'NONE',  ( -4.500000000000039100, -7.452452961383462500E-014, -1.799999999999969200 ) ) ;
#3231 = DIRECTION ( 'NONE',  ( 6.982966722218764100E-015, 1.060997535488883400E-014, 1.000000000000000000 ) ) ;
#3232 = LINE ( 'NONE', #1781, #2270 ) ;
#3233 =( NAMED_UNIT ( * ) SI_UNIT ( $, .STERADIAN. ) SOLID_ANGLE_UNIT ( ) );
#3234 =( NAMED_UNIT ( * ) PLANE_ANGLE_UNIT ( ) SI_UNIT ( $, .RADIAN. ) );
#3235 = FILL_AREA_STYLE ('',( #1345 ) ) ;
#3236 = CARTESIAN_POINT ( 'NONE',  ( 3.099999999999961900, -4.790965665640524000E-014, -1.800000000000022000 ) ) ;
#3237 = SURFACE_SIDE_STYLE ('',( #3499 ) ) ;
#3238 = CARTESIAN_POINT ( 'NONE',  ( 4.049999999999967000, 5.599999999999992500, 1.799999999999911900 ) ) ;
#3239 = COLOUR_RGB ( '',0.7529411764705882200, 0.7529411764705882200, 0.7529411764705882200 ) ;
#3240 =( GEOMETRIC_REPRESENTATION_CONTEXT ( 3 ) GLOBAL_UNCERTAINTY_ASSIGNED_CONTEXT ( ( #1956 ) ) GLOBAL_UNIT_ASSIGNED_CONTEXT ( ( #1543, #3775, #1865 ) ) REPRESENTATION_CONTEXT ( 'NONE', 'WORKASPACE' ) );
#3241 = SURFACE_STYLE_FILL_AREA ( #2380 ) ;
#3242 = CARTESIAN_POINT ( 'NONE',  ( -1.650000000000048800, -0.1000000000000801600, -3.349999999999988500 ) ) ;
#3243 = CARTESIAN_POINT ( 'NONE',  ( 1.649999999999938200, 0.3999999999999145900, -4.950000000000015300 ) ) ;
#3244 = MECHANICAL_DESIGN_GEOMETRIC_PRESENTATION_REPRESENTATION (  '', ( #2595 ), #3448 ) ;
#3245 = MECHANICAL_DESIGN_GEOMETRIC_PRESENTATION_REPRESENTATION (  '', ( #2598 ), #3452 ) ;
#3246 = VECTOR ( 'NONE', #2849, 1000.000000000000000 ) ;
#3247 = VECTOR ( 'NONE', #3918, 1000.000000000000000 ) ;
#3248 = UNCERTAINTY_MEASURE_WITH_UNIT (LENGTH_MEASURE( 1.000000000000000100E-005 ), #1974, 'distance_accuracy_value', 'NONE');
#3249 = PRESENTATION_STYLE_ASSIGNMENT (( #2148 ) ) ;
#3250 =( NAMED_UNIT ( * ) PLANE_ANGLE_UNIT ( ) SI_UNIT ( $, .RADIAN. ) );
#3251 = DIRECTION ( 'NONE',  ( -1.000000000000000000, -3.491483361109333200E-015, 6.982966722218800400E-015 ) ) ;
#3252 = AXIS2_PLACEMENT_3D ( 'NONE', #1304, #3508, #1601 ) ;
#3253 = CARTESIAN_POINT ( 'NONE',  ( 3.100000000000000500, 1.090319783243738700E-014, 3.749999999999978200 ) ) ;
#3254 = EDGE_CURVE ( 'NONE', #589, #804, #2397, .T. ) ;
#3255 = FILL_AREA_STYLE ('',( #3562 ) ) ;
#3256 = ORIENTED_EDGE ( 'NONE', *, *, #770, .T. ) ;
#3257 = EDGE_LOOP ( 'NONE', ( #2129, #2480, #2740, #1301, #2731, #1148 ) ) ;
#3258 = VECTOR ( 'NONE', #4050, 1000.000000000000000 ) ;
#3259 = CARTESIAN_POINT ( 'NONE',  ( -1.200000000000061700, 5.299999999999930500, -2.450000000000047700 ) ) ;
#3260 = VECTOR ( 'NONE', #511, 1000.000000000000000 ) ;
#3261 = PRESENTATION_STYLE_ASSIGNMENT (( #1341 ) ) ;
#3262 = ORIENTED_EDGE ( 'NONE', *, *, #790, .F. ) ;
#3263 = ORIENTED_EDGE ( 'NONE', *, *, #1910, .F. ) ;
#3264 = STYLED_ITEM ( 'NONE', ( #3854 ), #2315 ) ;
#3265 = VERTEX_POINT ( 'NONE', #1092 ) ;
#3266 = EDGE_LOOP ( 'NONE', ( #4081, #2494, #3302, #2549, #978, #1083 ) ) ;
#3267 =( LENGTH_UNIT ( ) NAMED_UNIT ( * ) SI_UNIT ( .MILLI., .METRE. ) );
#3268 =( NAMED_UNIT ( * ) SI_UNIT ( $, .STERADIAN. ) SOLID_ANGLE_UNIT ( ) );
#3269 = UNCERTAINTY_MEASURE_WITH_UNIT (LENGTH_MEASURE( 1.000000000000000100E-005 ), #3068, 'distance_accuracy_value', 'NONE');
#3270 = DIRECTION ( 'NONE',  ( 6.982966722218763300E-015, 1.059691071871038400E-014, 1.000000000000000000 ) ) ;
#3271 = ORIENTED_EDGE ( 'NONE', *, *, #1078, .F. ) ;
#3272 = ORIENTED_EDGE ( 'NONE', *, *, #2308, .T. ) ;
#3273 = SURFACE_SIDE_STYLE ('',( #1307 ) ) ;
#3274 = LINE ( 'NONE', #1738, #1 ) ;
#3275 =( GEOMETRIC_REPRESENTATION_CONTEXT ( 3 ) GLOBAL_UNCERTAINTY_ASSIGNED_CONTEXT ( ( #1907 ) ) GLOBAL_UNIT_ASSIGNED_CONTEXT ( ( #3553, #3522, #3268 ) ) REPRESENTATION_CONTEXT ( 'NONE', 'WORKASPACE' ) );
#3276 = ORIENTED_EDGE ( 'NONE', *, *, #1892, .T. ) ;
#3277 = MECHANICAL_DESIGN_GEOMETRIC_PRESENTATION_REPRESENTATION (  '', ( #2626 ), #3478 ) ;
#3278 = EDGE_CURVE ( 'NONE', #1710, #1747, #3142, .T. ) ;
#3279 = EDGE_CURVE ( 'NONE', #16, #2204, #2182, .T. ) ;
#3280 = DIRECTION ( 'NONE',  ( -6.982966722218763300E-015, -1.059691071871038400E-014, -1.000000000000000000 ) ) ;
#3281 = CARTESIAN_POINT ( 'NONE',  ( -2.650000000000056300, 4.779999999999930100, -1.850000000000033000 ) ) ;
#3282 = CARTESIAN_POINT ( 'NONE',  ( 2.649999999999976400, 4.779999999999998500, 2.749999999999930300 ) ) ;
#3283 = SURFACE_STYLE_USAGE ( .BOTH. , #3931 ) ;
#3284 = FACE_OUTER_BOUND ( 'NONE', #3, .T. ) ;
#3285 = LINE ( 'NONE', #218, #867 ) ;
#3286 = ADVANCED_FACE ( 'NONE', ( #2091 ), #2236, .F. ) ;
#3287 =( GEOMETRIC_REPRESENTATION_CONTEXT ( 3 ) GLOBAL_UNCERTAINTY_ASSIGNED_CONTEXT ( ( #2949 ) ) GLOBAL_UNIT_ASSIGNED_CONTEXT ( ( #2719, #2687, #3328 ) ) REPRESENTATION_CONTEXT ( 'NONE', 'WORKASPACE' ) );
#3288 = EDGE_CURVE ( 'NONE', #406, #748, #1791, .T. ) ;
#3289 =( NAMED_UNIT ( * ) SI_UNIT ( $, .STERADIAN. ) SOLID_ANGLE_UNIT ( ) );
#3290 = DIRECTION ( 'NONE',  ( -1.000000000000000000, -3.646369385750119400E-015, 6.982966722218802000E-015 ) ) ;
#3291 = FILL_AREA_STYLE ('',( #442 ) ) ;
#3292 = VECTOR ( 'NONE', #2897, 1000.000000000000000 ) ;
#3293 =( NAMED_UNIT ( * ) SI_UNIT ( $, .STERADIAN. ) SOLID_ANGLE_UNIT ( ) );
#3294 = AXIS2_PLACEMENT_3D ( 'NONE', #1105, #3314, #1423 ) ;
#3295 = STYLED_ITEM ( 'NONE', ( #3939 ), #768 ) ;
#3296 = PRESENTATION_STYLE_ASSIGNMENT (( #2428 ) ) ;
#3297 = ADVANCED_FACE ( 'NONE', ( #130 ), #696, .F. ) ;
#3298 = PRESENTATION_STYLE_ASSIGNMENT (( #2589 ) ) ;
#3299 = PRESENTATION_LAYER_ASSIGNMENT (  '', '', ( #2880 ) ) ;
#3300 = EDGE_CURVE ( 'NONE', #490, #1048, #3937, .T. ) ;
#3301 = ORIENTED_EDGE ( 'NONE', *, *, #2466, .F. ) ;
#3302 = ORIENTED_EDGE ( 'NONE', *, *, #2912, .T. ) ;
#3303 = DIRECTION ( 'NONE',  ( 3.491483361109406100E-015, -1.000000000000000000, 1.047445008332812100E-014 ) ) ;
#3304 = LINE ( 'NONE', #779, #890 ) ;
#3305 = ORIENTED_EDGE ( 'NONE', *, *, #3968, .T. ) ;
#3306 = VERTEX_POINT ( 'NONE', #3230 ) ;
#3307 = SURFACE_STYLE_USAGE ( .BOTH. , #3339 ) ;
#3308 = VERTEX_POINT ( 'NONE', #2929 ) ;
#3309 = ORIENTED_EDGE ( 'NONE', *, *, #3364, .T. ) ;
#3310 = MECHANICAL_DESIGN_GEOMETRIC_PRESENTATION_REPRESENTATION (  '', ( #2670 ), #3518 ) ;
#3311 = FILL_AREA_STYLE ('',( #139 ) ) ;
#3312 = DIRECTION ( 'NONE',  ( -6.982966722218764100E-015, -1.047445008332814600E-014, -1.000000000000000000 ) ) ;
#3313 = UNCERTAINTY_MEASURE_WITH_UNIT (LENGTH_MEASURE( 1.000000000000000100E-005 ), #54, 'distance_accuracy_value', 'NONE');
#3314 = DIRECTION ( 'NONE',  ( -3.491483361109407300E-015, 1.000000000000000000, -1.059691071871036000E-014 ) ) ;
#3315 = EDGE_LOOP ( 'NONE', ( #3473, #2271, #2887, #2730 ) ) ;
#3316 = VERTEX_POINT ( 'NONE', #1029 ) ;
#3317 =( NAMED_UNIT ( * ) SI_UNIT ( $, .STERADIAN. ) SOLID_ANGLE_UNIT ( ) );
#3318 = EDGE_LOOP ( 'NONE', ( #145, #3352, #3642, #791 ) ) ;
#3319 = SURFACE_STYLE_FILL_AREA ( #3374 ) ;
#3320 = PRESENTATION_LAYER_ASSIGNMENT (  '', '', ( #2904 ) ) ;
#3321 = VERTEX_POINT ( 'NONE', #3242 ) ;
#3322 = UNCERTAINTY_MEASURE_WITH_UNIT (LENGTH_MEASURE( 1.000000000000000100E-005 ), #3195, 'distance_accuracy_value', 'NONE');
#3323 = LINE ( 'NONE', #844, #1629 ) ;
#3324 = VERTEX_POINT ( 'NONE', #1963 ) ;
#3325 = STYLED_ITEM ( 'NONE', ( #3639 ), #2903 ) ;
#3326 = EDGE_CURVE ( 'NONE', #2071, #2360, #3099, .T. ) ;
#3327 = VECTOR ( 'NONE', #3384, 1000.000000000000000 ) ;
#3328 =( NAMED_UNIT ( * ) SI_UNIT ( $, .STERADIAN. ) SOLID_ANGLE_UNIT ( ) );
#3329 = SURFACE_STYLE_FILL_AREA ( #3235 ) ;
#3330 = EDGE_CURVE ( 'NONE', #3500, #1550, #668, .T. ) ;
#3331 = VERTEX_POINT ( 'NONE', #90 ) ;
#3332 =( NAMED_UNIT ( * ) PLANE_ANGLE_UNIT ( ) SI_UNIT ( $, .RADIAN. ) );
#3333 = SURFACE_STYLE_FILL_AREA ( #2561 ) ;
#3334 = CARTESIAN_POINT ( 'NONE',  ( 1.799999999999973000, 5.799999999999996300, 2.749999999999926300 ) ) ;
#3335 = CARTESIAN_POINT ( 'NONE',  ( 1.349999999999951200, -0.1000000000000696900, -3.350000000000009400 ) ) ;
#3336 = CARTESIAN_POINT ( 'NONE',  ( 2.099999999999976600, 4.779999999999995800, 2.749999999999933800 ) ) ;
#3337 = ORIENTED_EDGE ( 'NONE', *, *, #736, .T. ) ;
#3338 =( NAMED_UNIT ( * ) PLANE_ANGLE_UNIT ( ) SI_UNIT ( $, .RADIAN. ) );
#3339 = SURFACE_SIDE_STYLE ('',( #2640 ) ) ;
#3340 = AXIS2_PLACEMENT_3D ( 'NONE', #483, #2387, #3686 ) ;
#3341 = LINE ( 'NONE', #3198, #3529 ) ;
#3342 = DIRECTION ( 'NONE',  ( -1.000000000000000000, -3.491483361109333200E-015, 6.982966722218800400E-015 ) ) ;
#3343 = LINE ( 'NONE', #1261, #924 ) ;
#3344 = LINE ( 'NONE', #3282, #925 ) ;
#3345 = DIRECTION ( 'NONE',  ( 6.982966722218763300E-015, 1.059691071871038400E-014, 1.000000000000000000 ) ) ;
#3346 =( LENGTH_UNIT ( ) NAMED_UNIT ( * ) SI_UNIT ( .MILLI., .METRE. ) );
#3347 =( NAMED_UNIT ( * ) PLANE_ANGLE_UNIT ( ) SI_UNIT ( $, .RADIAN. ) );
#3348 = CARTESIAN_POINT ( 'NONE',  ( -0.1500000000000487900, -0.1000000000000749300, -3.349999999999998800 ) ) ;
#3349 = SURFACE_SIDE_STYLE ('',( #3319 ) ) ;
#3350 = FACE_OUTER_BOUND ( 'NONE', #3860, .T. ) ;
#3351 = MECHANICAL_DESIGN_GEOMETRIC_PRESENTATION_REPRESENTATION (  '', ( #2715 ), #3557 ) ;
#3352 = ORIENTED_EDGE ( 'NONE', *, *, #793, .T. ) ;
#3353 = EDGE_CURVE ( 'NONE', #3316, #2363, #3005, .T. ) ;
#3354 = VECTOR ( 'NONE', #1729, 1000.000000000000000 ) ;
#3355 = EDGE_LOOP ( 'NONE', ( #1840, #2074, #1328, #2657, #3160, #239, #599, #1240 ) ) ;
#3356 = ORIENTED_EDGE ( 'NONE', *, *, #2991, .F. ) ;
#3357 = DIRECTION ( 'NONE',  ( 1.000000000000000000, 3.336597336468546900E-015, -6.982966722218798800E-015 ) ) ;
#3358 = ORIENTED_EDGE ( 'NONE', *, *, #1081, .F. ) ;
#3359 = EDGE_LOOP ( 'NONE', ( #1778, #1867, #1144, #2930, #2156, #1943 ) ) ;
#3360 = FILL_AREA_STYLE ('',( #3711 ) ) ;
#3361 =( NAMED_UNIT ( * ) SI_UNIT ( $, .STERADIAN. ) SOLID_ANGLE_UNIT ( ) );
#3362 = DIRECTION ( 'NONE',  ( -1.000000000000000000, -3.491483361109333200E-015, 6.982966722218800400E-015 ) ) ;
#3363 = MECHANICAL_DESIGN_GEOMETRIC_PRESENTATION_REPRESENTATION (  '', ( #2724 ), #3569 ) ;
#3364 = EDGE_CURVE ( 'NONE', #391, #3454, #2228, .T. ) ;
#3365 = ORIENTED_EDGE ( 'NONE', *, *, #1502, .T. ) ;
#3366 = UNCERTAINTY_MEASURE_WITH_UNIT (LENGTH_MEASURE( 1.000000000000000100E-005 ), #1147, 'distance_accuracy_value', 'NONE');
#3367 = DIRECTION ( 'NONE',  ( -2.824282024195250500E-015, 1.000000000000000000, -1.059691071871036300E-014 ) ) ;
#3368 = ORIENTED_EDGE ( 'NONE', *, *, #1078, .T. ) ;
#3369 = DIRECTION ( 'NONE',  ( 3.491483361109406500E-015, -1.000000000000000000, 1.047445008332812100E-014 ) ) ;
#3370 = DIRECTION ( 'NONE',  ( -3.491483361109285400E-015, 1.000000000000000000, 6.872784676440101400E-015 ) ) ;
#3371 = CARTESIAN_POINT ( 'NONE',  ( -2.750000000000027100, 5.799999999999979400, 2.749999999999957800 ) ) ;
#3372 = STYLED_ITEM ( 'NONE', ( #997 ), #3970 ) ;
#3373 = VECTOR ( 'NONE', #967, 1000.000000000000000 ) ;
#3374 = FILL_AREA_STYLE ('',( #4023 ) ) ;
#3375 = COLOUR_RGB ( '',0.7529411764705882200, 0.7529411764705882200, 0.7529411764705882200 ) ;
#3376 = LINE ( 'NONE', #767, #1681 ) ;
#3377 = ORIENTED_EDGE ( 'NONE', *, *, #3054, .T. ) ;
#3378 = ORIENTED_EDGE ( 'NONE', *, *, #531, .T. ) ;
#3379 = AXIS2_PLACEMENT_3D ( 'NONE', #1936, #57, #2258 ) ;
#3380 = EDGE_CURVE ( 'NONE', #4042, #3658, #2132, .T. ) ;
#3381 = DIRECTION ( 'NONE',  ( 1.000000000000000000, 3.491483361109333200E-015, -6.982966722218800400E-015 ) ) ;
#3382 = SURFACE_SIDE_STYLE ('',( #429 ) ) ;
#3383 = DIRECTION ( 'NONE',  ( 3.491483361109407700E-015, -1.000000000000000000, 1.062796543518447700E-014 ) ) ;
#3384 = DIRECTION ( 'NONE',  ( -1.000000000000000000, -3.491483361109333600E-015, 6.982966722218801200E-015 ) ) ;
#3385 = CARTESIAN_POINT ( 'NONE',  ( 1.799999999999978700, 3.699999999999996200, 2.749999999999947600 ) ) ;
#3386 = PRESENTATION_STYLE_ASSIGNMENT (( #1927 ) ) ;
#3387 = PRESENTATION_LAYER_ASSIGNMENT (  '', '', ( #2977 ) ) ;
#3388 = UNCERTAINTY_MEASURE_WITH_UNIT (LENGTH_MEASURE( 1.000000000000000100E-005 ), #1564, 'distance_accuracy_value', 'NONE');
#3389 = VECTOR ( 'NONE', #1570, 1000.000000000000000 ) ;
#3390 = CARTESIAN_POINT ( 'NONE',  ( -1.650000000000061900, 0.3999999999999031000, -4.949999999999991300 ) ) ;
#3391 = LINE ( 'NONE', #3371, #3590 ) ;
#3392 = FILL_AREA_STYLE ('',( #3694 ) ) ;
#3393 = CARTESIAN_POINT ( 'NONE',  ( 1.799999999999962700, 5.799999999999980300, 1.249999999999925600 ) ) ;
#3394 = AXIS2_PLACEMENT_3D ( 'NONE', #1648, #1620, #1603 ) ;
#3395 = DIRECTION ( 'NONE',  ( 3.672183723190324500E-015, -1.000000000000000000, 1.059691071871035700E-014 ) ) ;
#3396 = FILL_AREA_STYLE ('',( #1221 ) ) ;
#3397 = VECTOR ( 'NONE', #1151, 1000.000000000000000 ) ;
#3398 = DIRECTION ( 'NONE',  ( -3.491483361109406500E-015, 1.000000000000000000, -1.047445008332812100E-014 ) ) ;
#3399 = VECTOR ( 'NONE', #657, 1000.000000000000000 ) ;
#3400 = VERTEX_POINT ( 'NONE', #2620 ) ;
#3401 = STYLED_ITEM ( 'NONE', ( #3429 ), #1293 ) ;
#3402 = ORIENTED_EDGE ( 'NONE', *, *, #304, .T. ) ;
#3403 = ORIENTED_EDGE ( 'NONE', *, *, #2993, .T. ) ;
#3404 = EDGE_CURVE ( 'NONE', #81, #3693, #2344, .T. ) ;
#3405 = ORIENTED_EDGE ( 'NONE', *, *, #923, .F. ) ;
#3406 = DIRECTION ( 'NONE',  ( -6.982966722218763300E-015, -1.058857662780030400E-014, -1.000000000000000000 ) ) ;
#3407 = EDGE_CURVE ( 'NONE', #2314, #211, #2900, .T. ) ;
#3408 = VERTEX_POINT ( 'NONE', #2298 ) ;
#3409 = FILL_AREA_STYLE ('',( #1228 ) ) ;
#3410 = ORIENTED_EDGE ( 'NONE', *, *, #361, .T. ) ;
#3411 = DIRECTION ( 'NONE',  ( 1.000000000000000000, 3.491483361109333600E-015, -6.982966722218800400E-015 ) ) ;
#3412 =( LENGTH_UNIT ( ) NAMED_UNIT ( * ) SI_UNIT ( .MILLI., .METRE. ) );
#3413 = DIRECTION ( 'NONE',  ( 4.085566743293245400E-015, -1.000000000000000000, 1.059691071871035400E-014 ) ) ;
#3414 = STYLED_ITEM ( 'NONE', ( #2427 ), #1994 ) ;
#3415 = COLOUR_RGB ( '',0.0000000000000000000, 0.0000000000000000000, 0.6274509803921568500 ) ;
#3416 = ORIENTED_EDGE ( 'NONE', *, *, #2688, .F. ) ;
#3417 = VECTOR ( 'NONE', #3398, 1000.000000000000000 ) ;
#3418 = EDGE_CURVE ( 'NONE', #3921, #3324, #1217, .T. ) ;
#3419 = VECTOR ( 'NONE', #1001, 1000.000000000000000 ) ;
#3420 = DIRECTION ( 'NONE',  ( 6.982966722218764100E-015, 1.059691071871038400E-014, 1.000000000000000000 ) ) ;
#3421 = ORIENTED_EDGE ( 'NONE', *, *, #2252, .F. ) ;
#3422 = CARTESIAN_POINT ( 'NONE',  ( 3.199999999999946900, 4.129999999999951000, -1.850000000000066900 ) ) ;
#3423 = CARTESIAN_POINT ( 'NONE',  ( 0.1499999999999512000, -0.1000000000000738800, -3.350000000000000500 ) ) ;
#3424 = CARTESIAN_POINT ( 'NONE',  ( -2.750000000000020400, 5.799999999999990100, 3.749999999999957800 ) ) ;
#3425 = DIRECTION ( 'NONE',  ( -1.000000000000000000, -3.491483361109333600E-015, 6.982966722218801200E-015 ) ) ;
#3426 = LINE ( 'NONE', #1311, #3327 ) ;
#3427 = PRESENTATION_LAYER_ASSIGNMENT (  '', '', ( #3012 ) ) ;
#3428 = ORIENTED_EDGE ( 'NONE', *, *, #873, .T. ) ;
#3429 = PRESENTATION_STYLE_ASSIGNMENT (( #2502 ) ) ;
#3430 = COLOUR_RGB ( '',0.0000000000000000000, 0.0000000000000000000, 0.6274509803921568500 ) ;
#3431 =( GEOMETRIC_REPRESENTATION_CONTEXT ( 3 ) GLOBAL_UNCERTAINTY_ASSIGNED_CONTEXT ( ( #75 ) ) GLOBAL_UNIT_ASSIGNED_CONTEXT ( ( #3267, #1369, #3572 ) ) REPRESENTATION_CONTEXT ( 'NONE', 'WORKASPACE' ) );
#3432 = MECHANICAL_DESIGN_GEOMETRIC_PRESENTATION_REPRESENTATION (  '', ( #2799 ), #3647 ) ;
#3433 = LINE ( 'NONE', #670, #1743 ) ;
#3434 = CARTESIAN_POINT ( 'NONE',  ( 4.499999999999960900, -4.310117936385063500E-014, -1.800000000000031600 ) ) ;
#3435 = FILL_AREA_STYLE_COLOUR ( '', #277 ) ;
#3436 = VECTOR ( 'NONE', #1673, 1000.000000000000000 ) ;
#3437 = COLOUR_RGB ( '',0.0000000000000000000, 0.0000000000000000000, 0.6274509803921568500 ) ;
#3438 =( NAMED_UNIT ( * ) PLANE_ANGLE_UNIT ( ) SI_UNIT ( $, .RADIAN. ) );
#3439 = UNCERTAINTY_MEASURE_WITH_UNIT (LENGTH_MEASURE( 1.000000000000000100E-005 ), #777, 'distance_accuracy_value', 'NONE');
#3440 = DIRECTION ( 'NONE',  ( 1.000000000000000000, 3.491483361109333200E-015, -6.982966722218800400E-015 ) ) ;
#3441 = PRESENTATION_STYLE_ASSIGNMENT (( #2446 ) ) ;
#3442 = ORIENTED_EDGE ( 'NONE', *, *, #573, .T. ) ;
#3443 = VERTEX_POINT ( 'NONE', #426 ) ;
#3444 = CARTESIAN_POINT ( 'NONE',  ( -3.200000000000050800, 3.399999999999929300, -1.850000000000013200 ) ) ;
#3445 = FACE_OUTER_BOUND ( 'NONE', #3954, .T. ) ;
#3446 =( NAMED_UNIT ( * ) PLANE_ANGLE_UNIT ( ) SI_UNIT ( $, .RADIAN. ) );
#3447 = SURFACE_STYLE_USAGE ( .BOTH. , #5 ) ;
#3448 =( GEOMETRIC_REPRESENTATION_CONTEXT ( 3 ) GLOBAL_UNCERTAINTY_ASSIGNED_CONTEXT ( ( #3566 ) ) GLOBAL_UNIT_ASSIGNED_CONTEXT ( ( #2434, #2154, #2144 ) ) REPRESENTATION_CONTEXT ( 'NONE', 'WORKASPACE' ) );
#3449 = LINE ( 'NONE', #108, #430 ) ;
#3450 = DIRECTION ( 'NONE',  ( -1.000000000000000000, -3.491483361109333200E-015, 6.982966722218800400E-015 ) ) ;
#3451 = ORIENTED_EDGE ( 'NONE', *, *, #2256, .T. ) ;
#3452 =( GEOMETRIC_REPRESENTATION_CONTEXT ( 3 ) GLOBAL_UNCERTAINTY_ASSIGNED_CONTEXT ( ( #659 ) ) GLOBAL_UNIT_ASSIGNED_CONTEXT ( ( #2556, #952, #3476 ) ) REPRESENTATION_CONTEXT ( 'NONE', 'WORKASPACE' ) );
#3453 = SURFACE_STYLE_USAGE ( .BOTH. , #3772 ) ;
#3454 = VERTEX_POINT ( 'NONE', #118 ) ;
#3455 = FACE_OUTER_BOUND ( 'NONE', #2662, .T. ) ;
#3456 = ORIENTED_EDGE ( 'NONE', *, *, #1477, .F. ) ;
#3457 = SURFACE_STYLE_USAGE ( .BOTH. , #1247 ) ;
#3458 = SURFACE_SIDE_STYLE ('',( #2041 ) ) ;
#3459 = DIRECTION ( 'NONE',  ( -1.000000000000000000, -3.646369385750119400E-015, 6.982966722218802000E-015 ) ) ;
#3460 = PRESENTATION_LAYER_ASSIGNMENT (  '', '', ( #3053 ) ) ;
#3461 = EDGE_CURVE ( 'NONE', #1955, #1229, #1108, .T. ) ;
#3462 = CARTESIAN_POINT ( 'NONE',  ( -4.050000000000013100, -0.1000000000000351600, 1.800000000000028700 ) ) ;
#3463 = ORIENTED_EDGE ( 'NONE', *, *, #3616, .F. ) ;
#3464 = DIRECTION ( 'NONE',  ( -6.982966722218763300E-015, -1.059691071871038400E-014, -1.000000000000000000 ) ) ;
#3465 = DIRECTION ( 'NONE',  ( 3.491483361109406900E-015, -1.000000000000000000, 1.059691071871035900E-014 ) ) ;
#3466 = AXIS2_PLACEMENT_3D ( 'NONE', #2995, #1720, #3944 ) ;
#3467 = ORIENTED_EDGE ( 'NONE', *, *, #1068, .F. ) ;
#3468 = CARTESIAN_POINT ( 'NONE',  ( 1.199999999999938000, 5.299999999999939400, -2.450000000000065000 ) ) ;
#3469 = DIRECTION ( 'NONE',  ( 3.491483361109406500E-015, -1.000000000000000000, 1.047445008332812100E-014 ) ) ;
#3470 = DIRECTION ( 'NONE',  ( -3.646369385750193500E-015, 1.000000000000000000, -1.059691071871035700E-014 ) ) ;
#3471 = LINE ( 'NONE', #2966, #2171 ) ;
#3472 = VERTEX_POINT ( 'NONE', #1391 ) ;
#3473 = ORIENTED_EDGE ( 'NONE', *, *, #3829, .T. ) ;
#3474 = DIRECTION ( 'NONE',  ( -6.982966722218763300E-015, -1.059691071871038200E-014, -1.000000000000000000 ) ) ;
#3475 = PRESENTATION_STYLE_ASSIGNMENT (( #1579 ) ) ;
#3476 =( NAMED_UNIT ( * ) SI_UNIT ( $, .STERADIAN. ) SOLID_ANGLE_UNIT ( ) );
#3477 =( NAMED_UNIT ( * ) PLANE_ANGLE_UNIT ( ) SI_UNIT ( $, .RADIAN. ) );
#3478 =( GEOMETRIC_REPRESENTATION_CONTEXT ( 3 ) GLOBAL_UNCERTAINTY_ASSIGNED_CONTEXT ( ( #3189 ) ) GLOBAL_UNIT_ASSIGNED_CONTEXT ( ( #1136, #3347, #1445 ) ) REPRESENTATION_CONTEXT ( 'NONE', 'WORKASPACE' ) );
#3479 = SURFACE_SIDE_STYLE ('',( #2488 ) ) ;
#3480 = EDGE_CURVE ( 'NONE', #3921, #1475, #2794, .T. ) ;
#3481 = CARTESIAN_POINT ( 'NONE',  ( -4.500000000000040900, 0.3499999999999254800, -1.799999999999972700 ) ) ;
#3482 = SURFACE_STYLE_FILL_AREA ( #2769 ) ;
#3483 = EDGE_CURVE ( 'NONE', #1949, #3306, #3635, .T. ) ;
#3484 = VECTOR ( 'NONE', #1013, 1000.000000000000000 ) ;
#3485 = PRESENTATION_STYLE_ASSIGNMENT (( #3307 ) ) ;
#3486 = VECTOR ( 'NONE', #2843, 1000.000000000000000 ) ;
#3487 = DIRECTION ( 'NONE',  ( 1.000000000000000000, 3.616583611780737800E-015, -6.982966722218802000E-015 ) ) ;
#3488 = UNCERTAINTY_MEASURE_WITH_UNIT (LENGTH_MEASURE( 1.000000000000000100E-005 ), #3346, 'distance_accuracy_value', 'NONE');
#3489 = DIRECTION ( 'NONE',  ( -3.491483361109407300E-015, 1.000000000000000000, -1.059691071871036000E-014 ) ) ;
#3490 = LINE ( 'NONE', #3650, #2648 ) ;
#3491 = SURFACE_SIDE_STYLE ('',( #2520 ) ) ;
#3492 = EDGE_CURVE ( 'NONE', #2758, #16, #1839, .T. ) ;
#3493 = DIRECTION ( 'NONE',  ( -1.000000000000000000, -3.646369385750119400E-015, 6.982966722218802000E-015 ) ) ;
#3494 = LINE ( 'NONE', #4054, #234 ) ;
#3495 = PRESENTATION_STYLE_ASSIGNMENT (( #3447 ) ) ;
#3496 =( NAMED_UNIT ( * ) PLANE_ANGLE_UNIT ( ) SI_UNIT ( $, .RADIAN. ) );
#3497 = ORIENTED_EDGE ( 'NONE', *, *, #2445, .F. ) ;
#3498 = EDGE_LOOP ( 'NONE', ( #2599, #2152, #3521, #2757 ) ) ;
#3499 = SURFACE_STYLE_FILL_AREA ( #3255 ) ;
#3500 = VERTEX_POINT ( 'NONE', #445 ) ;
#3501 = ORIENTED_EDGE ( 'NONE', *, *, #3752, .T. ) ;
#3502 = PRESENTATION_LAYER_ASSIGNMENT (  '', '', ( #3090 ) ) ;
#3503 = AXIS2_PLACEMENT_3D ( 'NONE', #2059, #1752, #1725 ) ;
#3504 = FILL_AREA_STYLE_COLOUR ( '', #913 ) ;
#3505 = ORIENTED_EDGE ( 'NONE', *, *, #3534, .T. ) ;
#3506 = CARTESIAN_POINT ( 'NONE',  ( 2.649999999999946600, 4.129999999999949300, -1.850000000000062500 ) ) ;
#3507 = SURFACE_SIDE_STYLE ('',( #555 ) ) ;
#3508 = DIRECTION ( 'NONE',  ( -3.491483361109407300E-015, 1.000000000000000000, -1.059691071871036000E-014 ) ) ;
#3509 = PLANE ( 'NONE',  #2109 ) ;
#3510 = MECHANICAL_DESIGN_GEOMETRIC_PRESENTATION_REPRESENTATION (  '', ( #2880 ), #3729 ) ;
#3511 = EDGE_CURVE ( 'NONE', #2548, #3749, #1012, .T. ) ;
#3512 = DIRECTION ( 'NONE',  ( -3.491483361109285400E-015, 1.000000000000000000, 6.872784676440101400E-015 ) ) ;
#3513 = ORIENTED_EDGE ( 'NONE', *, *, #2467, .F. ) ;
#3514 = FACE_OUTER_BOUND ( 'NONE', #3498, .T. ) ;
#3515 =( NAMED_UNIT ( * ) PLANE_ANGLE_UNIT ( ) SI_UNIT ( $, .RADIAN. ) );
#3516 = ORIENTED_EDGE ( 'NONE', *, *, #358, .F. ) ;
#3517 = SURFACE_STYLE_FILL_AREA ( #1103 ) ;
#3518 =( GEOMETRIC_REPRESENTATION_CONTEXT ( 3 ) GLOBAL_UNCERTAINTY_ASSIGNED_CONTEXT ( ( #3932 ) ) GLOBAL_UNIT_ASSIGNED_CONTEXT ( ( #2159, #284, #2485 ) ) REPRESENTATION_CONTEXT ( 'NONE', 'WORKASPACE' ) );
#3519 = CARTESIAN_POINT ( 'NONE',  ( 2.099999999999976600, 4.779999999999995800, 2.749999999999933800 ) ) ;
#3520 = FILL_AREA_STYLE ('',( #2560 ) ) ;
#3521 = ORIENTED_EDGE ( 'NONE', *, *, #1690, .T. ) ;
#3522 =( NAMED_UNIT ( * ) PLANE_ANGLE_UNIT ( ) SI_UNIT ( $, .RADIAN. ) );
#3523 = VECTOR ( 'NONE', #1954, 1000.000000000000000 ) ;
#3524 =( NAMED_UNIT ( * ) PLANE_ANGLE_UNIT ( ) SI_UNIT ( $, .RADIAN. ) );
#3525 =( LENGTH_UNIT ( ) NAMED_UNIT ( * ) SI_UNIT ( .MILLI., .METRE. ) );
#3526 = MECHANICAL_DESIGN_GEOMETRIC_PRESENTATION_REPRESENTATION (  '', ( #2904 ), #3743 ) ;
#3527 = SURFACE_STYLE_FILL_AREA ( #557 ) ;
#3528 = CARTESIAN_POINT ( 'NONE',  ( 2.599999999999976600, 1.549999999999981600, 1.149999999999965700 ) ) ;
#3529 = VECTOR ( 'NONE', #1606, 1000.000000000000000 ) ;
#3530 = COLOUR_RGB ( '',0.0000000000000000000, 0.0000000000000000000, 0.6274509803921568500 ) ;
#3531 = VERTEX_POINT ( 'NONE', #2550 ) ;
#3532 = DIRECTION ( 'NONE',  ( 1.000000000000000000, 3.336597336468546900E-015, -6.982966722218798800E-015 ) ) ;
#3533 = AXIS2_PLACEMENT_3D ( 'NONE', #1585, #3809, #1898 ) ;
#3534 = EDGE_CURVE ( 'NONE', #3331, #2309, #921, .T. ) ;
#3535 = VECTOR ( 'NONE', #2291, 1000.000000000000000 ) ;
#3536 = EDGE_CURVE ( 'NONE', #897, #2920, #3433, .T. ) ;
#3537 = SURFACE_SIDE_STYLE ('',( #2639 ) ) ;
#3538 = SURFACE_STYLE_FILL_AREA ( #2110 ) ;
#3539 = FILL_AREA_STYLE ('',( #685 ) ) ;
#3540 = VERTEX_POINT ( 'NONE', #2885 ) ;
#3541 = LINE ( 'NONE', #914, #3646 ) ;
#3542 = PRESENTATION_LAYER_ASSIGNMENT (  '', '', ( #3125 ) ) ;
#3543 = DIRECTION ( 'NONE',  ( -3.491483361109406900E-015, 1.000000000000000000, -1.059691071871035900E-014 ) ) ;
#3544 = ORIENTED_EDGE ( 'NONE', *, *, #883, .T. ) ;
#3545 = ORIENTED_EDGE ( 'NONE', *, *, #3833, .F. ) ;
#3546 = PRESENTATION_STYLE_ASSIGNMENT (( #4025 ) ) ;
#3547 = ORIENTED_EDGE ( 'NONE', *, *, #4032, .T. ) ;
#3548 = ORIENTED_EDGE ( 'NONE', *, *, #1303, .T. ) ;
#3549 = CARTESIAN_POINT ( 'NONE',  ( -1.350000000000052000, -8.419033292782547700E-014, -3.749999999999990200 ) ) ;
#3550 = DIRECTION ( 'NONE',  ( -3.491483361109406900E-015, 1.000000000000000000, -1.059691071871035900E-014 ) ) ;
#3551 = ORIENTED_EDGE ( 'NONE', *, *, #2014, .T. ) ;
#3552 = DIRECTION ( 'NONE',  ( 6.982966722218764100E-015, 1.047445008332814600E-014, 1.000000000000000000 ) ) ;
#3553 =( LENGTH_UNIT ( ) NAMED_UNIT ( * ) SI_UNIT ( .MILLI., .METRE. ) );
#3554 = VECTOR ( 'NONE', #2088, 1000.000000000000000 ) ;
#3555 = ORIENTED_EDGE ( 'NONE', *, *, #3483, .F. ) ;
#3556 = DIRECTION ( 'NONE',  ( -1.000000000000000000, -3.491483361109333200E-015, 6.982966722218800400E-015 ) ) ;
#3557 =( GEOMETRIC_REPRESENTATION_CONTEXT ( 3 ) GLOBAL_UNCERTAINTY_ASSIGNED_CONTEXT ( ( #2207 ) ) GLOBAL_UNIT_ASSIGNED_CONTEXT ( ( #4100, #4083, #3830 ) ) REPRESENTATION_CONTEXT ( 'NONE', 'WORKASPACE' ) );
#3558 = EDGE_CURVE ( 'NONE', #2625, #3400, #3341, .T. ) ;
#3559 = ORIENTED_EDGE ( 'NONE', *, *, #521, .T. ) ;
#3560 = PLANE ( 'NONE',  #3294 ) ;
#3561 = VECTOR ( 'NONE', #2275, 1000.000000000000000 ) ;
#3562 = FILL_AREA_STYLE_COLOUR ( '', #979 ) ;
#3563 = SURFACE_STYLE_USAGE ( .BOTH. , #3574 ) ;
#3564 = ORIENTED_EDGE ( 'NONE', *, *, #202, .F. ) ;
#3565 = LINE ( 'NONE', #3045, #1150 ) ;
#3566 = UNCERTAINTY_MEASURE_WITH_UNIT (LENGTH_MEASURE( 1.000000000000000100E-005 ), #2434, 'distance_accuracy_value', 'NONE');
#3567 = CARTESIAN_POINT ( 'NONE',  ( -1.350000000000061800, 0.3999999999999041000, -4.949999999999994000 ) ) ;
#3568 = CARTESIAN_POINT ( 'NONE',  ( 2.099999999999969000, 3.699999999999982000, 1.249999999999946000 ) ) ;
#3569 =( GEOMETRIC_REPRESENTATION_CONTEXT ( 3 ) GLOBAL_UNCERTAINTY_ASSIGNED_CONTEXT ( ( #149 ) ) GLOBAL_UNIT_ASSIGNED_CONTEXT ( ( #542, #618, #568 ) ) REPRESENTATION_CONTEXT ( 'NONE', 'WORKASPACE' ) );
#3570 = EDGE_CURVE ( 'NONE', #3210, #4042, #1642, .T. ) ;
#3571 = SURFACE_STYLE_FILL_AREA ( #1847 ) ;
#3572 =( NAMED_UNIT ( * ) SI_UNIT ( $, .STERADIAN. ) SOLID_ANGLE_UNIT ( ) );
#3573 = VECTOR ( 'NONE', #3157, 1000.000000000000000 ) ;
#3574 = SURFACE_SIDE_STYLE ('',( #1211 ) ) ;
#3575 = AXIS2_PLACEMENT_3D ( 'NONE', #355, #2557, #675 ) ;
#3576 = VECTOR ( 'NONE', #1755, 1000.000000000000000 ) ;
#3577 =( LENGTH_UNIT ( ) NAMED_UNIT ( * ) SI_UNIT ( .MILLI., .METRE. ) );
#3578 = STYLED_ITEM ( 'NONE', ( #1754 ), #705 ) ;
#3579 = ORIENTED_EDGE ( 'NONE', *, *, #3843, .F. ) ;
#3580 = LINE ( 'NONE', #1067, #222 ) ;
#3581 = LINE ( 'NONE', #2514, #3486 ) ;
#3582 = ADVANCED_FACE ( 'NONE', ( #823 ), #2902, .T. ) ;
#3583 = PRESENTATION_LAYER_ASSIGNMENT (  '', '', ( #3170 ) ) ;
#3584 = DIRECTION ( 'NONE',  ( -2.824282024195250500E-015, 1.000000000000000000, -1.059691071871036300E-014 ) ) ;
#3585 = EDGE_CURVE ( 'NONE', #2197, #2625, #2082, .T. ) ;
#3586 = DIRECTION ( 'NONE',  ( -1.000000000000000000, -4.158684698023490000E-015, 6.982966722218807500E-015 ) ) ;
#3587 = DIRECTION ( 'NONE',  ( 7.602510820781909100E-015, 1.059009831505993500E-014, 1.000000000000000000 ) ) ;
#3588 =( NAMED_UNIT ( * ) PLANE_ANGLE_UNIT ( ) SI_UNIT ( $, .RADIAN. ) );
#3589 = FILL_AREA_STYLE ('',( #3865 ) ) ;
#3590 = VECTOR ( 'NONE', #2734, 1000.000000000000000 ) ;
#3591 = SURFACE_STYLE_FILL_AREA ( #2979 ) ;
#3592 = CARTESIAN_POINT ( 'NONE',  ( -3.650000000000032800, -0.1000000000000630900, -0.9999999999999749100 ) ) ;
#3593 = CARTESIAN_POINT ( 'NONE',  ( 2.599999999999977400, 1.149999999999981500, 1.149999999999969700 ) ) ;
#3594 = LINE ( 'NONE', #3422, #236 ) ;
#3595 = ADVANCED_FACE ( 'NONE', ( #414 ), #2919, .F. ) ;
#3596 = ORIENTED_EDGE ( 'NONE', *, *, #2522, .T. ) ;
#3597 = ORIENTED_EDGE ( 'NONE', *, *, #2093, .T. ) ;
#3598 = MECHANICAL_DESIGN_GEOMETRIC_PRESENTATION_REPRESENTATION (  '', ( #2977 ), #3812 ) ;
#3599 = PRESENTATION_STYLE_ASSIGNMENT (( #4096 ) ) ;
#3600 = VECTOR ( 'NONE', #771, 1000.000000000000000 ) ;
#3601 = ORIENTED_EDGE ( 'NONE', *, *, #3119, .T. ) ;
#3602 = EDGE_LOOP ( 'NONE', ( #2421, #698, #803, #50 ) ) ;
#3603 = FILL_AREA_STYLE_COLOUR ( '', #764 ) ;
#3604 = CARTESIAN_POINT ( 'NONE',  ( 3.649999999999955100, 3.249999999999962700, -1.000000000000060000 ) ) ;
#3605 = SURFACE_STYLE_USAGE ( .BOTH. , #1400 ) ;
#3606 = CARTESIAN_POINT ( 'NONE',  ( -2.750000000000014700, 4.129999999999990100, 3.749999999999975100 ) ) ;
#3607 = EDGE_LOOP ( 'NONE', ( #1560, #1783, #2479, #2145 ) ) ;
#3608 =( LENGTH_UNIT ( ) NAMED_UNIT ( * ) SI_UNIT ( .MILLI., .METRE. ) );
#3609 = PRESENTATION_LAYER_ASSIGNMENT (  '', '', ( #3186 ) ) ;
#3610 = DIRECTION ( 'NONE',  ( 3.491483361109406500E-015, -1.000000000000000000, 1.047445008332812100E-014 ) ) ;
#3611 = ADVANCED_FACE ( 'NONE', ( #957 ), #1030, .F. ) ;
#3612 = SURFACE_SIDE_STYLE ('',( #3241 ) ) ;
#3613 = AXIS2_PLACEMENT_3D ( 'NONE', #596, #4080, #1176 ) ;
#3614 = EDGE_LOOP ( 'NONE', ( #2917, #3851, #681, #3202 ) ) ;
#3615 = STYLED_ITEM ( 'NONE', ( #3249 ), #2655 ) ;
#3616 = EDGE_CURVE ( 'NONE', #3868, #1333, #2888, .T. ) ;
#3617 = EDGE_CURVE ( 'NONE', #3324, #3628, #3728, .T. ) ;
#3618 = DIRECTION ( 'NONE',  ( 2.768681912785737600E-015, -1.000000000000000000, 1.059691071871036300E-014 ) ) ;
#3619 = PLANE ( 'NONE',  #3466 ) ;
#3620 = UNCERTAINTY_MEASURE_WITH_UNIT (LENGTH_MEASURE( 1.000000000000000100E-005 ), #930, 'distance_accuracy_value', 'NONE');
#3621 = CARTESIAN_POINT ( 'NONE',  ( 1.349999999999938400, 0.3999999999999135400, -4.950000000000011700 ) ) ;
#3622 = ORIENTED_EDGE ( 'NONE', *, *, #70, .T. ) ;
#3623 = LINE ( 'NONE', #1420, #1101 ) ;
#3624 = PLANE ( 'NONE',  #3503 ) ;
#3625 = LINE ( 'NONE', #3259, #2786 ) ;
#3626 = AXIS2_PLACEMENT_3D ( 'NONE', #2036, #2022, #1987 ) ;
#3627 = COLOUR_RGB ( '',0.7529411764705882200, 0.7529411764705882200, 0.7529411764705882200 ) ;
#3628 = VERTEX_POINT ( 'NONE', #2299 ) ;
#3629 = EDGE_LOOP ( 'NONE', ( #2726, #3456, #4051, #3544 ) ) ;
#3630 = EDGE_CURVE ( 'NONE', #1433, #1329, #3625, .T. ) ;
#3631 = ADVANCED_FACE ( 'NONE', ( #2029 ), #106, .F. ) ;
#3632 = CARTESIAN_POINT ( 'NONE',  ( 2.649999999999944400, 4.779999999999949600, -1.850000000000069400 ) ) ;
#3633 = EDGE_LOOP ( 'NONE', ( #1064, #2572, #3219, #1561, #1641, #851, #1315, #3178 ) ) ;
#3634 = CARTESIAN_POINT ( 'NONE',  ( 2.749999999999972500, 5.799999999999998900, 2.749999999999919200 ) ) ;
#3635 = LINE ( 'NONE', #3923, #1934 ) ;
#3636 = DIRECTION ( 'NONE',  ( 6.982966722218763300E-015, 1.059691071871038400E-014, 1.000000000000000000 ) ) ;
#3637 = LINE ( 'NONE', #420, #1218 ) ;
#3638 = CARTESIAN_POINT ( 'NONE',  ( -1.800000000000037300, 5.799999999999967800, 1.249999999999950700 ) ) ;
#3639 = PRESENTATION_STYLE_ASSIGNMENT (( #1544 ) ) ;
#3640 = LINE ( 'NONE', #1040, #372 ) ;
#3641 = MECHANICAL_DESIGN_GEOMETRIC_PRESENTATION_REPRESENTATION (  '', ( #3012 ), #3859 ) ;
#3642 = ORIENTED_EDGE ( 'NONE', *, *, #1159, .F. ) ;
#3643 =( LENGTH_UNIT ( ) NAMED_UNIT ( * ) SI_UNIT ( .MILLI., .METRE. ) );
#3644 =( NAMED_UNIT ( * ) SI_UNIT ( $, .STERADIAN. ) SOLID_ANGLE_UNIT ( ) );
#3645 = FACE_OUTER_BOUND ( 'NONE', #601, .T. ) ;
#3646 = VECTOR ( 'NONE', #2801, 1000.000000000000000 ) ;
#3647 =( GEOMETRIC_REPRESENTATION_CONTEXT ( 3 ) GLOBAL_UNCERTAINTY_ASSIGNED_CONTEXT ( ( #3322 ) ) GLOBAL_UNIT_ASSIGNED_CONTEXT ( ( #3195, #3496, #3877 ) ) REPRESENTATION_CONTEXT ( 'NONE', 'WORKASPACE' ) );
#3648 = VERTEX_POINT ( 'NONE', #749 ) ;
#3649 = ORIENTED_EDGE ( 'NONE', *, *, #2192, .T. ) ;
#3650 = CARTESIAN_POINT ( 'NONE',  ( -2.650000000000014100, 4.129999999999990100, 3.749999999999974700 ) ) ;
#3651 = SURFACE_SIDE_STYLE ('',( #1572 ) ) ;
#3652 = CARTESIAN_POINT ( 'NONE',  ( -3.650000000000013200, -0.1000000000000337700, 1.800000000000026200 ) ) ;
#3653 = VECTOR ( 'NONE', #1591, 1000.000000000000000 ) ;
#3654 = EDGE_LOOP ( 'NONE', ( #3015, #3122, #3663, #947 ) ) ;
#3655 = ORIENTED_EDGE ( 'NONE', *, *, #736, .F. ) ;
#3656 = CARTESIAN_POINT ( 'NONE',  ( -3.650000000000033700, 0.3499999999999370300, -0.9999999999999792400 ) ) ;
#3657 = FILL_AREA_STYLE_COLOUR ( '', #132 ) ;
#3658 = VERTEX_POINT ( 'NONE', #2637 ) ;
#3659 = ADVANCED_FACE ( 'NONE', ( #2475 ), #722, .F. ) ;
#3660 = LINE ( 'NONE', #2416, #1133 ) ;
#3661 = ORIENTED_EDGE ( 'NONE', *, *, #3118, .T. ) ;
#3662 = DIRECTION ( 'NONE',  ( 3.491483361109406900E-015, -1.000000000000000000, 1.059691071871035900E-014 ) ) ;
#3663 = ORIENTED_EDGE ( 'NONE', *, *, #2744, .T. ) ;
#3664 = CARTESIAN_POINT ( 'NONE',  ( 4.499999999999960900, 0.3499999999999569000, -1.800000000000035100 ) ) ;
#3665 =( NAMED_UNIT ( * ) SI_UNIT ( $, .STERADIAN. ) SOLID_ANGLE_UNIT ( ) );
#3666 = STYLED_ITEM ( 'NONE', ( #3674 ), #3928 ) ;
#3667 =( NAMED_UNIT ( * ) PLANE_ANGLE_UNIT ( ) SI_UNIT ( $, .RADIAN. ) );
#3668 = FILL_AREA_STYLE_COLOUR ( '', #1035 ) ;
#3669 = VERTEX_POINT ( 'NONE', #1660 ) ;
#3670 = CARTESIAN_POINT ( 'NONE',  ( 3.649999999999984800, 0.3499999999999921500, 1.799999999999969800 ) ) ;
#3671 = CARTESIAN_POINT ( 'NONE',  ( -3.100000000000038700, -6.955685349528310200E-014, -1.799999999999978700 ) ) ;
#3672 = LINE ( 'NONE', #382, #1145 ) ;
#3673 = ORIENTED_EDGE ( 'NONE', *, *, #3943, .T. ) ;
#3674 = PRESENTATION_STYLE_ASSIGNMENT (( #3167 ) ) ;
#3675 = MECHANICAL_DESIGN_GEOMETRIC_PRESENTATION_REPRESENTATION (  '', ( #3053 ), #3889 ) ;
#3676 = EDGE_CURVE ( 'NONE', #3678, #391, #3049, .T. ) ;
#3677 = VECTOR ( 'NONE', #2053, 1000.000000000000000 ) ;
#3678 = VERTEX_POINT ( 'NONE', #3549 ) ;
#3679 = ORIENTED_EDGE ( 'NONE', *, *, #3353, .T. ) ;
#3680 = CARTESIAN_POINT ( 'NONE',  ( -3.200000000000050800, 3.399999999999929300, -1.850000000000013200 ) ) ;
#3681 = CARTESIAN_POINT ( 'NONE',  ( -2.600000000000003600, 1.149999999999990800, 3.750000000000005800 ) ) ;
#3682 = PRESENTATION_STYLE_ASSIGNMENT (( #3453 ) ) ;
#3683 = DIRECTION ( 'NONE',  ( -1.000000000000000000, -3.491483361109333200E-015, 6.982966722218800400E-015 ) ) ;
#3684 = CARTESIAN_POINT ( 'NONE',  ( 0.0000000000000000000, 0.0000000000000000000, 0.0000000000000000000 ) ) ;
#3685 = LINE ( 'NONE', #1835, #2838 ) ;
#3686 = DIRECTION ( 'NONE',  ( 3.491483361109406900E-015, -1.000000000000000000, 1.059691071871035900E-014 ) ) ;
#3687 = VERTEX_POINT ( 'NONE', #1361 ) ;
#3688 = LINE ( 'NONE', #3194, #3573 ) ;
#3689 = PRESENTATION_LAYER_ASSIGNMENT (  '', '', ( #3264 ) ) ;
#3690 = LINE ( 'NONE', #2392, #3576 ) ;
#3691 = FACE_OUTER_BOUND ( 'NONE', #1485, .T. ) ;
#3692 = DIRECTION ( 'NONE',  ( -3.491483361109406900E-015, 1.000000000000000000, -1.059691071871035900E-014 ) ) ;
#3693 = VERTEX_POINT ( 'NONE', #409 ) ;
#3694 = FILL_AREA_STYLE_COLOUR ( '', #1707 ) ;
#3695 = CARTESIAN_POINT ( 'NONE',  ( 3.649999999999986100, -0.1000000000000082900, 1.799999999999975000 ) ) ;
#3696 = VECTOR ( 'NONE', #4079, 1000.000000000000000 ) ;
#3697 = FILL_AREA_STYLE ('',( #3976 ) ) ;
#3698 = FILL_AREA_STYLE_COLOUR ( '', #3137 ) ;
#3699 = ADVANCED_FACE ( 'NONE', ( #3773 ), #101, .F. ) ;
#3700 = STYLED_ITEM ( 'NONE', ( #818 ), #1170 ) ;
#3701 = EDGE_CURVE ( 'NONE', #2176, #3324, #3471, .T. ) ;
#3702 = LINE ( 'NONE', #948, #1275 ) ;
#3703 = EDGE_CURVE ( 'NONE', #3265, #2373, #1356, .T. ) ;
#3704 = VECTOR ( 'NONE', #2426, 1000.000000000000000 ) ;
#3705 = VECTOR ( 'NONE', #47, 1000.000000000000000 ) ;
#3706 = ORIENTED_EDGE ( 'NONE', *, *, #497, .F. ) ;
#3707 = DIRECTION ( 'NONE',  ( 6.982966722218763300E-015, 1.059691071871038400E-014, 1.000000000000000000 ) ) ;
#3708 = ORIENTED_EDGE ( 'NONE', *, *, #304, .F. ) ;
#3709 =( LENGTH_UNIT ( ) NAMED_UNIT ( * ) SI_UNIT ( .MILLI., .METRE. ) );
#3710 = ORIENTED_EDGE ( 'NONE', *, *, #3330, .T. ) ;
#3711 = FILL_AREA_STYLE_COLOUR ( '', #3010 ) ;
#3712 = FILL_AREA_STYLE ('',( #677 ) ) ;
#3713 = STYLED_ITEM ( 'NONE', ( #2987 ), #1816 ) ;
#3714 = EDGE_CURVE ( 'NONE', #784, #2933, #209, .T. ) ;
#3715 = EDGE_LOOP ( 'NONE', ( #1914, #2020, #1295, #2210 ) ) ;
#3716 = SURFACE_STYLE_USAGE ( .BOTH. , #1493 ) ;
#3717 = FACE_OUTER_BOUND ( 'NONE', #856, .T. ) ;
#3718 = DIRECTION ( 'NONE',  ( -6.982966722218764100E-015, -1.062796543518450100E-014, -1.000000000000000000 ) ) ;
#3719 = FILL_AREA_STYLE_COLOUR ( '', #2702 ) ;
#3720 = MECHANICAL_DESIGN_GEOMETRIC_PRESENTATION_REPRESENTATION (  '', ( #3090 ), #3934 ) ;
#3721 = PLANE ( 'NONE',  #1651 ) ;
#3722 = CARTESIAN_POINT ( 'NONE',  ( -1.650000000000053400, 0.3999999999999156500, -3.749999999999992900 ) ) ;
#3723 = PRESENTATION_LAYER_ASSIGNMENT (  '', '', ( #3295 ) ) ;
#3724 = VECTOR ( 'NONE', #1775, 1000.000000000000000 ) ;
#3725 = LINE ( 'NONE', #2354, #1300 ) ;
#3726 = VECTOR ( 'NONE', #976, 1000.000000000000000 ) ;
#3727 = ORIENTED_EDGE ( 'NONE', *, *, #1157, .T. ) ;
#3728 = LINE ( 'NONE', #3243, #1210 ) ;
#3729 =( GEOMETRIC_REPRESENTATION_CONTEXT ( 3 ) GLOBAL_UNCERTAINTY_ASSIGNED_CONTEXT ( ( #3026 ) ) GLOBAL_UNIT_ASSIGNED_CONTEXT ( ( #1965, #91, #2281 ) ) REPRESENTATION_CONTEXT ( 'NONE', 'WORKASPACE' ) );
#3730 = EDGE_CURVE ( 'NONE', #1429, #3210, #953, .T. ) ;
#3731 = LINE ( 'NONE', #1386, #465 ) ;
#3732 = DIRECTION ( 'NONE',  ( 3.491483361109406500E-015, -1.000000000000000000, 1.047445008332812100E-014 ) ) ;
#3733 = FILL_AREA_STYLE_COLOUR ( '', #583 ) ;
#3734 = DIRECTION ( 'NONE',  ( 3.491483361109406500E-015, -1.000000000000000000, 1.047445008332812100E-014 ) ) ;
#3735 = CARTESIAN_POINT ( 'NONE',  ( -3.100000000000038700, -6.955685349528310200E-014, -1.799999999999978700 ) ) ;
#3736 = PRESENTATION_STYLE_ASSIGNMENT (( #383 ) ) ;
#3737 = ORIENTED_EDGE ( 'NONE', *, *, #3807, .T. ) ;
#3738 = VECTOR ( 'NONE', #104, 1000.000000000000000 ) ;
#3739 = LINE ( 'NONE', #2165, #1222 ) ;
#3740 = ORIENTED_EDGE ( 'NONE', *, *, #3791, .T. ) ;
#3741 = DIRECTION ( 'NONE',  ( 1.000000000000000000, 3.491483361109333200E-015, -6.982966722218800400E-015 ) ) ;
#3742 = COLOUR_RGB ( '',0.7529411764705882200, 0.7529411764705882200, 0.7529411764705882200 ) ;
#3743 =( GEOMETRIC_REPRESENTATION_CONTEXT ( 3 ) GLOBAL_UNCERTAINTY_ASSIGNED_CONTEXT ( ( #3981 ) ) GLOBAL_UNIT_ASSIGNED_CONTEXT ( ( #3133, #1241, #2484 ) ) REPRESENTATION_CONTEXT ( 'NONE', 'WORKASPACE' ) );
#3744 = CARTESIAN_POINT ( 'NONE',  ( -2.650000000000021700, 4.129999999999980400, 2.749999999999974700 ) ) ;
#3745 = CARTESIAN_POINT ( 'NONE',  ( 3.100000000000000500, 1.090319783243738700E-014, 3.749999999999978200 ) ) ;
#3746 = ORIENTED_EDGE ( 'NONE', *, *, #361, .F. ) ;
#3747 = UNCERTAINTY_MEASURE_WITH_UNIT (LENGTH_MEASURE( 1.000000000000000100E-005 ), #1947, 'distance_accuracy_value', 'NONE');
#3748 = SURFACE_STYLE_USAGE ( .BOTH. , #546 ) ;
#3749 = VERTEX_POINT ( 'NONE', #440 ) ;
#3750 = ORIENTED_EDGE ( 'NONE', *, *, #152, .T. ) ;
#3751 = PRESENTATION_LAYER_ASSIGNMENT (  '', '', ( #3325 ) ) ;
#3752 = EDGE_CURVE ( 'NONE', #3037, #1107, #862, .T. ) ;
#3753 = ORIENTED_EDGE ( 'NONE', *, *, #2223, .F. ) ;
#3754 = EDGE_CURVE ( 'NONE', #2659, #3950, #3376, .T. ) ;
#3755 = LINE ( 'NONE', #2694, #2811 ) ;
#3756 = ORIENTED_EDGE ( 'NONE', *, *, #2744, .F. ) ;
#3757 = CARTESIAN_POINT ( 'NONE',  ( -1.650000000000061900, 0.3999999999999031000, -4.949999999999991300 ) ) ;
#3758 = EDGE_LOOP ( 'NONE', ( #936, #1033, #286, #3857 ) ) ;
#3759 = CARTESIAN_POINT ( 'NONE',  ( 4.500000000000000000, 1.571167512499199800E-014, 3.749999999999968500 ) ) ;
#3760 = FILL_AREA_STYLE ('',( #3435 ) ) ;
#3761 = CARTESIAN_POINT ( 'NONE',  ( -0.1500000000000533400, 0.3999999999999208600, -3.750000000000003600 ) ) ;
#3762 = MECHANICAL_DESIGN_GEOMETRIC_PRESENTATION_REPRESENTATION (  '', ( #3125 ), #3978 ) ;
#3763 = DIRECTION ( 'NONE',  ( 6.982966722218763300E-015, 1.059691071871038400E-014, 1.000000000000000000 ) ) ;
#3764 = ORIENTED_EDGE ( 'NONE', *, *, #1279, .T. ) ;
#3765 = EDGE_LOOP ( 'NONE', ( #3547, #3150, #2153, #2328, #33, #2738, #1010, #2063, #2190, #140, #639, #3555, #3673, #3220, #1626, #1490, #1952, #4040, #3075, #2711 ) ) ;
#3766 =( NAMED_UNIT ( * ) SI_UNIT ( $, .STERADIAN. ) SOLID_ANGLE_UNIT ( ) );
#3767 = LINE ( 'NONE', #3468, #2935 ) ;
#3768 = SURFACE_SIDE_STYLE ('',( #1495 ) ) ;
#3769 = DIRECTION ( 'NONE',  ( 6.982966722218764900E-015, 1.047445008332814600E-014, 1.000000000000000000 ) ) ;
#3770 = DIRECTION ( 'NONE',  ( -3.491483361109407300E-015, 1.000000000000000000, -1.059691071871036000E-014 ) ) ;
#3771 = SURFACE_STYLE_FILL_AREA ( #1759 ) ;
#3772 = SURFACE_SIDE_STYLE ('',( #403 ) ) ;
#3773 = FACE_OUTER_BOUND ( 'NONE', #849, .T. ) ;
#3774 = ORIENTED_EDGE ( 'NONE', *, *, #225, .F. ) ;
#3775 =( NAMED_UNIT ( * ) PLANE_ANGLE_UNIT ( ) SI_UNIT ( $, .RADIAN. ) );
#3776 = VECTOR ( 'NONE', #985, 1000.000000000000000 ) ;
#3777 =( LENGTH_UNIT ( ) NAMED_UNIT ( * ) SI_UNIT ( .MILLI., .METRE. ) );
#3778 = EDGE_CURVE ( 'NONE', #2933, #2678, #2623, .T. ) ;
#3779 = VECTOR ( 'NONE', #1810, 1000.000000000000000 ) ;
#3780 = ORIENTED_EDGE ( 'NONE', *, *, #793, .F. ) ;
#3781 = ORIENTED_EDGE ( 'NONE', *, *, #1381, .T. ) ;
#3782 =( NAMED_UNIT ( * ) PLANE_ANGLE_UNIT ( ) SI_UNIT ( $, .RADIAN. ) );
#3783 = VECTOR ( 'NONE', #3231, 1000.000000000000000 ) ;
#3784 = LINE ( 'NONE', #800, #415 ) ;
#3785 = ADVANCED_FACE ( 'NONE', ( #3284 ), #2011, .F. ) ;
#3786 = CARTESIAN_POINT ( 'NONE',  ( 2.749999999999979100, 4.129999999999999000, 2.749999999999936900 ) ) ;
#3787 = CARTESIAN_POINT ( 'NONE',  ( 2.099999999999980500, 3.699999999999997500, 2.749999999999945400 ) ) ;
#3788 = VECTOR ( 'NONE', #3493, 1000.000000000000000 ) ;
#3789 = VECTOR ( 'NONE', #363, 1000.000000000000000 ) ;
#3790 =( NAMED_UNIT ( * ) SI_UNIT ( $, .STERADIAN. ) SOLID_ANGLE_UNIT ( ) );
#3791 = EDGE_CURVE ( 'NONE', #1343, #1089, #3725, .T. ) ;
#3792 = DIRECTION ( 'NONE',  ( 1.000000000000000000, 3.491483361109333200E-015, -6.982966722218800400E-015 ) ) ;
#3793 = PRESENTATION_LAYER_ASSIGNMENT (  '', '', ( #3372 ) ) ;
#3794 = COLOUR_RGB ( '',0.7529411764705882200, 0.7529411764705882200, 0.7529411764705882200 ) ;
#3795 = CARTESIAN_POINT ( 'NONE',  ( -2.600000000000023200, 1.549999999999963400, 1.150000000000002100 ) ) ;
#3796 = AXIS2_PLACEMENT_3D ( 'NONE', #1470, #907, #579 ) ;
#3797 = PRESENTATION_STYLE_ASSIGNMENT (( #3716 ) ) ;
#3798 = FACE_OUTER_BOUND ( 'NONE', #204, .T. ) ;
#3799 = DIRECTION ( 'NONE',  ( 1.000000000000000000, 3.491483361109333200E-015, -6.982966722218800400E-015 ) ) ;
#3800 = VERTEX_POINT ( 'NONE', #2030 ) ;
#3801 = UNCERTAINTY_MEASURE_WITH_UNIT (LENGTH_MEASURE( 1.000000000000000100E-005 ), #3908, 'distance_accuracy_value', 'NONE');
#3802 = CARTESIAN_POINT ( 'NONE',  ( 1.799999999999968300, 3.699999999999980600, 1.249999999999948300 ) ) ;
#3803 = EDGE_LOOP ( 'NONE', ( #4002, #4090, #3358, #2454 ) ) ;
#3804 = VERTEX_POINT ( 'NONE', #153 ) ;
#3805 =( LENGTH_UNIT ( ) NAMED_UNIT ( * ) SI_UNIT ( .MILLI., .METRE. ) );
#3806 = MECHANICAL_DESIGN_GEOMETRIC_PRESENTATION_REPRESENTATION (  '', ( #3170 ), #4014 ) ;
#3807 = EDGE_CURVE ( 'NONE', #2052, #1582, #1200, .T. ) ;
#3808 = ORIENTED_EDGE ( 'NONE', *, *, #995, .F. ) ;
#3809 = DIRECTION ( 'NONE',  ( -1.000000000000000000, -3.491483361109333600E-015, 6.982966722218800400E-015 ) ) ;
#3810 = DIRECTION ( 'NONE',  ( 6.982966722218764100E-015, 1.047445008332814600E-014, 1.000000000000000000 ) ) ;
#3811 =( NAMED_UNIT ( * ) PLANE_ANGLE_UNIT ( ) SI_UNIT ( $, .RADIAN. ) );
#3812 =( GEOMETRIC_REPRESENTATION_CONTEXT ( 3 ) GLOBAL_UNCERTAINTY_ASSIGNED_CONTEXT ( ( #2008 ) ) GLOBAL_UNIT_ASSIGNED_CONTEXT ( ( #3709, #1793, #4018 ) ) REPRESENTATION_CONTEXT ( 'NONE', 'WORKASPACE' ) );
#3813 = ORIENTED_EDGE ( 'NONE', *, *, #2934, .F. ) ;
#3814 =( LENGTH_UNIT ( ) NAMED_UNIT ( * ) SI_UNIT ( .MILLI., .METRE. ) );
#3815 = DIRECTION ( 'NONE',  ( -3.491483361109406900E-015, 1.000000000000000000, -1.059691071871035900E-014 ) ) ;
#3816 = COLOUR_RGB ( '',0.0000000000000000000, 0.0000000000000000000, 0.6274509803921568500 ) ;
#3817 = CARTESIAN_POINT ( 'NONE',  ( 3.199999999999948700, 3.399999999999951500, -1.850000000000058300 ) ) ;
#3818 = LINE ( 'NONE', #2019, #2118 ) ;
#3819 = ORIENTED_EDGE ( 'NONE', *, *, #275, .F. ) ;
#3820 = UNCERTAINTY_MEASURE_WITH_UNIT (LENGTH_MEASURE( 1.000000000000000100E-005 ), #3412, 'distance_accuracy_value', 'NONE');
#3821 = MECHANICAL_DESIGN_GEOMETRIC_PRESENTATION_REPRESENTATION (  '', ( #3186 ), #4027 ) ;
#3822 = PLANE ( 'NONE',  #3613 ) ;
#3823 = SURFACE_STYLE_FILL_AREA ( #2262 ) ;
#3824 = CARTESIAN_POINT ( 'NONE',  ( 4.499999999999940500, 2.499999999999938700, -3.450000000000057000 ) ) ;
#3825 = PRESENTATION_LAYER_ASSIGNMENT (  '', '', ( #3401 ) ) ;
#3826 =( LENGTH_UNIT ( ) NAMED_UNIT ( * ) SI_UNIT ( .MILLI., .METRE. ) );
#3827 = AXIS2_PLACEMENT_3D ( 'NONE', #1205, #3411, #1505 ) ;
#3828 = DIRECTION ( 'NONE',  ( -1.000000000000000000, -3.491483361109333200E-015, 6.982966722218800400E-015 ) ) ;
#3829 = EDGE_CURVE ( 'NONE', #97, #1464, #457, .T. ) ;
#3830 =( NAMED_UNIT ( * ) SI_UNIT ( $, .STERADIAN. ) SOLID_ANGLE_UNIT ( ) );
#3831 = COLOUR_RGB ( '',0.7529411764705882200, 0.7529411764705882200, 0.7529411764705882200 ) ;
#3832 = CARTESIAN_POINT ( 'NONE',  ( -1.200000000000056400, 3.799999999999930500, -2.450000000000032200 ) ) ;
#3833 = EDGE_CURVE ( 'NONE', #379, #2052, #2883, .T. ) ;
#3834 = FACE_OUTER_BOUND ( 'NONE', #2504, .T. ) ;
#3835 = VECTOR ( 'NONE', #398, 1000.000000000000000 ) ;
#3836 = DIRECTION ( 'NONE',  ( 1.000000000000000000, 3.491483361109326500E-015, -7.602510820781945400E-015 ) ) ;
#3837 = DIRECTION ( 'NONE',  ( -3.491483361109407700E-015, 1.000000000000000000, -1.058857662780028000E-014 ) ) ;
#3838 = LINE ( 'NONE', #342, #1319 ) ;
#3839 = PRESENTATION_LAYER_ASSIGNMENT (  '', '', ( #3414 ) ) ;
#3840 = ORIENTED_EDGE ( 'NONE', *, *, #2785, .T. ) ;
#3841 = SURFACE_STYLE_FILL_AREA ( #3360 ) ;
#3842 = FILL_AREA_STYLE_COLOUR ( '', #1825 ) ;
#3843 = EDGE_CURVE ( 'NONE', #748, #507, #3623, .T. ) ;
#3844 = LINE ( 'NONE', #1314, #477 ) ;
#3845 = SURFACE_SIDE_STYLE ('',( #21 ) ) ;
#3846 = DIRECTION ( 'NONE',  ( 1.000000000000000000, 3.491483361109333600E-015, -6.982966722218800400E-015 ) ) ;
#3847 = CARTESIAN_POINT ( 'NONE',  ( -4.050000000000063800, 3.249999999999905900, -3.850000000000006300 ) ) ;
#3848 =( NAMED_UNIT ( * ) SI_UNIT ( $, .STERADIAN. ) SOLID_ANGLE_UNIT ( ) );
#3849 = SURFACE_STYLE_FILL_AREA ( #1820 ) ;
#3850 = LINE ( 'NONE', #121, #2834 ) ;
#3851 = ORIENTED_EDGE ( 'NONE', *, *, #1168, .F. ) ;
#3852 = COLOUR_RGB ( '',0.7529411764705882200, 0.7529411764705882200, 0.7529411764705882200 ) ;
#3853 =( NAMED_UNIT ( * ) SI_UNIT ( $, .STERADIAN. ) SOLID_ANGLE_UNIT ( ) );
#3854 = PRESENTATION_STYLE_ASSIGNMENT (( #3024 ) ) ;
#3855 = ORIENTED_EDGE ( 'NONE', *, *, #549, .F. ) ;
#3856 = ORIENTED_EDGE ( 'NONE', *, *, #1489, .F. ) ;
#3857 = ORIENTED_EDGE ( 'NONE', *, *, #3630, .F. ) ;
#3858 = UNCERTAINTY_MEASURE_WITH_UNIT (LENGTH_MEASURE( 1.000000000000000100E-005 ), #3916, 'distance_accuracy_value', 'NONE');
#3859 =( GEOMETRIC_REPRESENTATION_CONTEXT ( 3 ) GLOBAL_UNCERTAINTY_ASSIGNED_CONTEXT ( ( #2974 ) ) GLOBAL_UNIT_ASSIGNED_CONTEXT ( ( #1179, #812, #3317 ) ) REPRESENTATION_CONTEXT ( 'NONE', 'WORKASPACE' ) );
#3860 = EDGE_LOOP ( 'NONE', ( #3135, #18, #1638, #3080 ) ) ;
#3861 = ORIENTED_EDGE ( 'NONE', *, *, #3086, .T. ) ;
#3862 = ORIENTED_EDGE ( 'NONE', *, *, #2336, .F. ) ;
#3863 = DIRECTION ( 'NONE',  ( 3.491483361109406500E-015, -1.000000000000000000, 1.047445008332812100E-014 ) ) ;
#3864 = CARTESIAN_POINT ( 'NONE',  ( -1.200000000000056400, 3.799999999999930500, -2.450000000000032200 ) ) ;
#3865 = FILL_AREA_STYLE_COLOUR ( '', #3627 ) ;
#3866 = STYLED_ITEM ( 'NONE', ( #4017 ), #3785 ) ;
#3867 =( LENGTH_UNIT ( ) NAMED_UNIT ( * ) SI_UNIT ( .MILLI., .METRE. ) );
#3868 = VERTEX_POINT ( 'NONE', #2151 ) ;
#3869 = ADVANCED_FACE ( 'NONE', ( #1922 ), #598, .F. ) ;
#3870 = SURFACE_STYLE_USAGE ( .BOTH. , #1637 ) ;
#3871 = ORIENTED_EDGE ( 'NONE', *, *, #1000, .T. ) ;
#3872 = DIRECTION ( 'NONE',  ( 1.000000000000000000, 3.491483361109333200E-015, -6.982966722218800400E-015 ) ) ;
#3873 = DIRECTION ( 'NONE',  ( 6.982966722218764100E-015, 1.047445008332814600E-014, 1.000000000000000000 ) ) ;
#3874 = SURFACE_STYLE_USAGE ( .BOTH. , #1644 ) ;
#3875 = CARTESIAN_POINT ( 'NONE',  ( -3.650000000000061200, 3.249999999999911600, -3.450000000000009500 ) ) ;
#3876 = VECTOR ( 'NONE', #3692, 1000.000000000000000 ) ;
#3877 =( NAMED_UNIT ( * ) SI_UNIT ( $, .STERADIAN. ) SOLID_ANGLE_UNIT ( ) );
#3878 = VERTEX_POINT ( 'NONE', #1850 ) ;
#3879 = DIRECTION ( 'NONE',  ( 1.000000000000000000, 3.491483361109340300E-015, -6.363422623655655500E-015 ) ) ;
#3880 = UNCERTAINTY_MEASURE_WITH_UNIT (LENGTH_MEASURE( 1.000000000000000100E-005 ), #3826, 'distance_accuracy_value', 'NONE');
#3881 = AXIS2_PLACEMENT_3D ( 'NONE', #2180, #301, #2506 ) ;
#3882 = LINE ( 'NONE', #1520, #2945 ) ;
#3883 = CARTESIAN_POINT ( 'NONE',  ( -3.200000000000011300, 3.399999999999988400, 3.749999999999985800 ) ) ;
#3884 = SURFACE_STYLE_USAGE ( .BOTH. , #1650 ) ;
#3885 = STYLED_ITEM ( 'NONE', ( #3017 ), #502 ) ;
#3886 = STYLED_ITEM ( 'NONE', ( #2140 ), #438 ) ;
#3887 = ORIENTED_EDGE ( 'NONE', *, *, #4032, .F. ) ;
#3888 = CARTESIAN_POINT ( 'NONE',  ( -2.100000000000051200, 3.329999999999934300, -1.850000000000020100 ) ) ;
#3889 =( GEOMETRIC_REPRESENTATION_CONTEXT ( 3 ) GLOBAL_UNCERTAINTY_ASSIGNED_CONTEXT ( ( #3313 ) ) GLOBAL_UNIT_ASSIGNED_CONTEXT ( ( #54, #2251, #370 ) ) REPRESENTATION_CONTEXT ( 'NONE', 'WORKASPACE' ) );
#3890 = CARTESIAN_POINT ( 'NONE',  ( -2.600000000000021800, 1.149999999999963300, 1.150000000000006100 ) ) ;
#3891 = VECTOR ( 'NONE', #2342, 1000.000000000000000 ) ;
#3892 =( NAMED_UNIT ( * ) SI_UNIT ( $, .STERADIAN. ) SOLID_ANGLE_UNIT ( ) );
#3893 = VECTOR ( 'NONE', #2033, 1000.000000000000000 ) ;
#3894 = PLANE ( 'NONE',  #3910 ) ;
#3895 = FILL_AREA_STYLE_COLOUR ( '', #1923 ) ;
#3896 = LINE ( 'NONE', #1199, #2244 ) ;
#3897 =( LENGTH_UNIT ( ) NAMED_UNIT ( * ) SI_UNIT ( .MILLI., .METRE. ) );
#3898 = VECTOR ( 'NONE', #1744, 1000.000000000000000 ) ;
#3899 = MECHANICAL_DESIGN_GEOMETRIC_PRESENTATION_REPRESENTATION (  '', ( #3264 ), #4097 ) ;
#3900 = ADVANCED_FACE ( 'NONE', ( #4058 ), #2477, .F. ) ;
#3901 = ORIENTED_EDGE ( 'NONE', *, *, #2223, .T. ) ;
#3902 = VECTOR ( 'NONE', #550, 1000.000000000000000 ) ;
#3903 = DIRECTION ( 'NONE',  ( 6.982966722218764100E-015, 1.060997535488883400E-014, 1.000000000000000000 ) ) ;
#3904 = ORIENTED_EDGE ( 'NONE', *, *, #1593, .T. ) ;
#3905 = CARTESIAN_POINT ( 'NONE',  ( 4.499999999999929800, 5.599999999999940100, -3.450000000000090300 ) ) ;
#3906 = ORIENTED_EDGE ( 'NONE', *, *, #98, .F. ) ;
#3907 = ORIENTED_EDGE ( 'NONE', *, *, #4004, .T. ) ;
#3908 =( LENGTH_UNIT ( ) NAMED_UNIT ( * ) SI_UNIT ( .MILLI., .METRE. ) );
#3909 =( NAMED_UNIT ( * ) SI_UNIT ( $, .STERADIAN. ) SOLID_ANGLE_UNIT ( ) );
#3910 = AXIS2_PLACEMENT_3D ( 'NONE', #3225, #2959, #2943 ) ;
#3911 = VERTEX_POINT ( 'NONE', #622 ) ;
#3912 = STYLED_ITEM ( 'NONE', ( #3296 ), #2574 ) ;
#3913 = EDGE_CURVE ( 'NONE', #2176, #2812, #1352, .T. ) ;
#3914 = ORIENTED_EDGE ( 'NONE', *, *, #2606, .T. ) ;
#3915 = EDGE_CURVE ( 'NONE', #190, #1433, #3767, .T. ) ;
#3916 =( LENGTH_UNIT ( ) NAMED_UNIT ( * ) SI_UNIT ( .MILLI., .METRE. ) );
#3917 = DIRECTION ( 'NONE',  ( 6.982966722218763300E-015, 1.059691071871038400E-014, 1.000000000000000000 ) ) ;
#3918 = DIRECTION ( 'NONE',  ( 1.000000000000000000, 3.491483361109333200E-015, -6.982966722218800400E-015 ) ) ;
#3919 = CARTESIAN_POINT ( 'NONE',  ( 3.649999999999929700, 5.599999999999937500, -3.450000000000083200 ) ) ;
#3920 = FILL_AREA_STYLE ('',( #2345 ) ) ;
#3921 = VERTEX_POINT ( 'NONE', #2835 ) ;
#3922 = DIRECTION ( 'NONE',  ( 6.982966722218764100E-015, 1.047445008332814600E-014, 1.000000000000000000 ) ) ;
#3923 = CARTESIAN_POINT ( 'NONE',  ( -4.500000000000000000, -1.571167512499199800E-014, 3.750000000000031100 ) ) ;
#3924 = AXIS2_PLACEMENT_3D ( 'NONE', #2347, #2695, #2680 ) ;
#3925 = ORIENTED_EDGE ( 'NONE', *, *, #2, .T. ) ;
#3926 = EDGE_CURVE ( 'NONE', #509, #1468, #506, .T. ) ;
#3927 = ORIENTED_EDGE ( 'NONE', *, *, #2641, .F. ) ;
#3928 = ADVANCED_FACE ( 'NONE', ( #397 ), #641, .T. ) ;
#3929 = CARTESIAN_POINT ( 'NONE',  ( 4.049999999999986500, -0.1000000000000068900, 1.799999999999972500 ) ) ;
#3930 =( NAMED_UNIT ( * ) PLANE_ANGLE_UNIT ( ) SI_UNIT ( $, .RADIAN. ) );
#3931 = SURFACE_SIDE_STYLE ('',( #2038 ) ) ;
#3932 = UNCERTAINTY_MEASURE_WITH_UNIT (LENGTH_MEASURE( 1.000000000000000100E-005 ), #2159, 'distance_accuracy_value', 'NONE');
#3933 = SURFACE_STYLE_USAGE ( .BOTH. , #3946 ) ;
#3934 =( GEOMETRIC_REPRESENTATION_CONTEXT ( 3 ) GLOBAL_UNCERTAINTY_ASSIGNED_CONTEXT ( ( #2892 ) ) GLOBAL_UNIT_ASSIGNED_CONTEXT ( ( #3975, #2058, #178 ) ) REPRESENTATION_CONTEXT ( 'NONE', 'WORKASPACE' ) );
#3935 = LINE ( 'NONE', #294, #2225 ) ;
#3936 = MECHANICAL_DESIGN_GEOMETRIC_PRESENTATION_REPRESENTATION (  '', ( #3295 ), #30 ) ;
#3937 = LINE ( 'NONE', #1353, #1500 ) ;
#3938 = DIRECTION ( 'NONE',  ( 1.000000000000000000, 3.491483361109333200E-015, -6.982966722218800400E-015 ) ) ;
#3939 = PRESENTATION_STYLE_ASSIGNMENT (( #783 ) ) ;
#3940 = SURFACE_STYLE_USAGE ( .BOTH. , #3951 ) ;
#3941 = DIRECTION ( 'NONE',  ( 3.636043650774141500E-015, -1.000000000000000000, 1.059691071871035700E-014 ) ) ;
#3942 = CARTESIAN_POINT ( 'NONE',  ( 4.499999999999929800, 5.799999999999938500, -3.450000000000091700 ) ) ;
#3943 = EDGE_CURVE ( 'NONE', #1949, #1089, #1678, .T. ) ;
#3944 = DIRECTION ( 'NONE',  ( 6.982966722218763300E-015, 1.059691071871038400E-014, 1.000000000000000000 ) ) ;
#3945 = ADVANCED_FACE ( 'NONE', ( #4 ), #652, .F. ) ;
#3946 = SURFACE_SIDE_STYLE ('',( #2590 ) ) ;
#3947 = FACE_OUTER_BOUND ( 'NONE', #3257, .T. ) ;
#3948 = ADVANCED_FACE ( 'NONE', ( #2212 ), #327, .F. ) ;
#3949 = PRESENTATION_STYLE_ASSIGNMENT (( #2135 ) ) ;
#3950 = VERTEX_POINT ( 'NONE', #2878 ) ;
#3951 = SURFACE_SIDE_STYLE ('',( #2857 ) ) ;
#3952 = LINE ( 'NONE', #3817, #1509 ) ;
#3953 = PRESENTATION_STYLE_ASSIGNMENT (( #1134 ) ) ;
#3954 = EDGE_LOOP ( 'NONE', ( #3309, #1912, #1438, #2425 ) ) ;
#3955 = ORIENTED_EDGE ( 'NONE', *, *, #152, .F. ) ;
#3956 = ORIENTED_EDGE ( 'NONE', *, *, #3807, .F. ) ;
#3957 = DIRECTION ( 'NONE',  ( 1.000000000000000000, 3.491483361109333200E-015, -6.982966722218800400E-015 ) ) ;
#3958 = FILL_AREA_STYLE_COLOUR ( '', #2025 ) ;
#3959 = CARTESIAN_POINT ( 'NONE',  ( 2.599999999999995600, 1.150000000000009000, 3.749999999999969400 ) ) ;
#3960 = ORIENTED_EDGE ( 'NONE', *, *, #358, .T. ) ;
#3961 = FILL_AREA_STYLE_COLOUR ( '', #3172 ) ;
#3962 = SURFACE_STYLE_USAGE ( .BOTH. , #144 ) ;
#3963 = FILL_AREA_STYLE ('',( #1430 ) ) ;
#3964 = CARTESIAN_POINT ( 'NONE',  ( 4.049999999999927000, 5.599999999999933900, -3.850000000000088500 ) ) ;
#3965 = ORIENTED_EDGE ( 'NONE', *, *, #1699, .F. ) ;
#3966 = VERTEX_POINT ( 'NONE', #2896 ) ;
#3967 = MECHANICAL_DESIGN_GEOMETRIC_PRESENTATION_REPRESENTATION (  '', ( #3325 ), #68 ) ;
#3968 = EDGE_CURVE ( 'NONE', #1048, #3265, #1098, .T. ) ;
#3969 = COLOUR_RGB ( '',0.7529411764705882200, 0.7529411764705882200, 0.7529411764705882200 ) ;
#3970 = ADVANCED_FACE ( 'NONE', ( #3514, #1918 ), #1926, .T. ) ;
#3971 = EDGE_CURVE ( 'NONE', #507, #157, #701, .T. ) ;
#3972 = CARTESIAN_POINT ( 'NONE',  ( -0.1500000000000599500, -0.1000000000000919200, -4.949999999999995700 ) ) ;
#3973 = PRESENTATION_STYLE_ASSIGNMENT (( #2361 ) ) ;
#3974 = CARTESIAN_POINT ( 'NONE',  ( -4.500000000000072800, 5.799999999999903900, -3.750000000000030200 ) ) ;
#3975 =( LENGTH_UNIT ( ) NAMED_UNIT ( * ) SI_UNIT ( .MILLI., .METRE. ) );
#3976 = FILL_AREA_STYLE_COLOUR ( '', #1467 ) ;
#3977 = LINE ( 'NONE', #526, #3129 ) ;
#3978 =( GEOMETRIC_REPRESENTATION_CONTEXT ( 3 ) GLOBAL_UNCERTAINTY_ASSIGNED_CONTEXT ( ( #2318 ) ) GLOBAL_UNIT_ASSIGNED_CONTEXT ( ( #1208, #1193, #1177 ) ) REPRESENTATION_CONTEXT ( 'NONE', 'WORKASPACE' ) );
#3979 = FILL_AREA_STYLE ('',( #2302 ) ) ;
#3980 = FACE_BOUND ( 'NONE', #1246, .T. ) ;
#3981 = UNCERTAINTY_MEASURE_WITH_UNIT (LENGTH_MEASURE( 1.000000000000000100E-005 ), #3133, 'distance_accuracy_value', 'NONE');
#3982 = DIRECTION ( 'NONE',  ( -3.491483361109407300E-015, 1.000000000000000000, -1.060997535488881100E-014 ) ) ;
#3983 = CARTESIAN_POINT ( 'NONE',  ( 0.1499999999999400400, -0.1000000000000908600, -4.949999999999999300 ) ) ;
#3984 = VECTOR ( 'NONE', #3290, 1000.000000000000000 ) ;
#3985 = ADVANCED_FACE ( 'NONE', ( #3124 ), #1938, .F. ) ;
#3986 = LINE ( 'NONE', #2633, #3893 ) ;
#3987 = STYLED_ITEM ( 'NONE', ( #3475 ), #1122 ) ;
#3988 = EDGE_CURVE ( 'NONE', #289, #37, #2825, .T. ) ;
#3989 = FACE_OUTER_BOUND ( 'NONE', #3765, .T. ) ;
#3990 = VECTOR ( 'NONE', #2792, 1000.000000000000000 ) ;
#3991 = EDGE_CURVE ( 'NONE', #1968, #1693, #3672, .T. ) ;
#3992 = SURFACE_STYLE_FILL_AREA ( #2708 ) ;
#3993 = FILL_AREA_STYLE ('',( #836 ) ) ;
#3994 = ORIENTED_EDGE ( 'NONE', *, *, #70, .F. ) ;
#3995 = ORIENTED_EDGE ( 'NONE', *, *, #658, .T. ) ;
#3996 = DIRECTION ( 'NONE',  ( 1.000000000000000000, 0.0000000000000000000, 0.0000000000000000000 ) ) ;
#3997 = FACE_OUTER_BOUND ( 'NONE', #689, .T. ) ;
#3998 = COLOUR_RGB ( '',0.7529411764705882200, 0.7529411764705882200, 0.7529411764705882200 ) ;
#3999 = STYLED_ITEM ( 'NONE', ( #1206 ), #1488 ) ;
#4000 = EDGE_LOOP ( 'NONE', ( #3781, #2218, #2884, #1156 ) ) ;
#4001 = PRESENTATION_STYLE_ASSIGNMENT (( #208 ) ) ;
#4002 = ORIENTED_EDGE ( 'NONE', *, *, #2422, .T. ) ;
#4003 = EDGE_LOOP ( 'NONE', ( #592, #3960, #4045, #1722 ) ) ;
#4004 = EDGE_CURVE ( 'NONE', #1605, #3088, #1245, .T. ) ;
#4005 = CARTESIAN_POINT ( 'NONE',  ( -2.100000000000051200, 3.329999999999934300, -1.850000000000020100 ) ) ;
#4006 = ADVANCED_FACE ( 'NONE', ( #1868 ), #3560, .F. ) ;
#4007 = CARTESIAN_POINT ( 'NONE',  ( 2.099999999999949500, 3.329999999999949000, -1.850000000000049600 ) ) ;
#4008 = MECHANICAL_DESIGN_GEOMETRIC_PRESENTATION_REPRESENTATION (  '', ( #3372 ), #117 ) ;
#4009 = ORIENTED_EDGE ( 'NONE', *, *, #2194, .T. ) ;
#4010 = PRESENTATION_LAYER_ASSIGNMENT (  '', '', ( #3578 ) ) ;
#4011 = VECTOR ( 'NONE', #482, 1000.000000000000000 ) ;
#4012 = ORIENTED_EDGE ( 'NONE', *, *, #2543, .F. ) ;
#4013 = LINE ( 'NONE', #1677, #1575 ) ;
#4014 =( GEOMETRIC_REPRESENTATION_CONTEXT ( 3 ) GLOBAL_UNCERTAINTY_ASSIGNED_CONTEXT ( ( #1109 ) ) GLOBAL_UNIT_ASSIGNED_CONTEXT ( ( #3867, #1945, #76 ) ) REPRESENTATION_CONTEXT ( 'NONE', 'WORKASPACE' ) );
#4015 = EDGE_CURVE ( 'NONE', #40, #804, #3274, .T. ) ;
#4016 = CARTESIAN_POINT ( 'NONE',  ( 2.649999999999946600, 4.129999999999949300, -1.850000000000062500 ) ) ;
#4017 = PRESENTATION_STYLE_ASSIGNMENT (( #2664 ) ) ;
#4018 =( NAMED_UNIT ( * ) SI_UNIT ( $, .STERADIAN. ) SOLID_ANGLE_UNIT ( ) );
#4019 = CARTESIAN_POINT ( 'NONE',  ( -1.650000000000049200, -8.104799790282701600E-014, -3.349999999999987700 ) ) ;
#4020 = PLANE ( 'NONE',  #2541 ) ;
#4021 = PRESENTATION_STYLE_ASSIGNMENT (( #554 ) ) ;
#4022 = SURFACE_SIDE_STYLE ('',( #3823 ) ) ;
#4023 = FILL_AREA_STYLE_COLOUR ( '', #805 ) ;
#4024 = PRESENTATION_STYLE_ASSIGNMENT (( #292 ) ) ;
#4025 = SURFACE_STYLE_USAGE ( .BOTH. , #4073 ) ;
#4026 =( NAMED_UNIT ( * ) PLANE_ANGLE_UNIT ( ) SI_UNIT ( $, .RADIAN. ) );
#4027 =( GEOMETRIC_REPRESENTATION_CONTEXT ( 3 ) GLOBAL_UNCERTAINTY_ASSIGNED_CONTEXT ( ( #1770 ) ) GLOBAL_UNIT_ASSIGNED_CONTEXT ( ( #725, #695, #667 ) ) REPRESENTATION_CONTEXT ( 'NONE', 'WORKASPACE' ) );
#4028 = PLANE ( 'NONE',  #3827 ) ;
#4029 =( NAMED_UNIT ( * ) PLANE_ANGLE_UNIT ( ) SI_UNIT ( $, .RADIAN. ) );
#4030 = MECHANICAL_DESIGN_GEOMETRIC_PRESENTATION_REPRESENTATION (  '', ( #3401 ), #147 ) ;
#4031 = PRESENTATION_LAYER_ASSIGNMENT (  '', '', ( #3615 ) ) ;
#4032 = EDGE_CURVE ( 'NONE', #142, #3878, #2423, .T. ) ;
#4033 = EDGE_CURVE ( 'NONE', #3678, #2500, #754, .T. ) ;
#4034 = ORIENTED_EDGE ( 'NONE', *, *, #99, .F. ) ;
#4035 = DIRECTION ( 'NONE',  ( -1.000000000000000000, -3.491483361109333200E-015, 6.982966722218800400E-015 ) ) ;
#4036 = LINE ( 'NONE', #2646, #2358 ) ;
#4037 = ORIENTED_EDGE ( 'NONE', *, *, #1368, .T. ) ;
#4038 = SURFACE_SIDE_STYLE ('',( #3849 ) ) ;
#4039 = FILL_AREA_STYLE ('',( #1231 ) ) ;
#4040 = ORIENTED_EDGE ( 'NONE', *, *, #3118, .F. ) ;
#4041 = CARTESIAN_POINT ( 'NONE',  ( 4.049999999999927000, 5.599999999999933900, -3.850000000000088500 ) ) ;
#4042 = VERTEX_POINT ( 'NONE', #1116 ) ;
#4043 = CARTESIAN_POINT ( 'NONE',  ( 4.049999999999935900, 3.249999999999934300, -3.850000000000063600 ) ) ;
#4044 = MECHANICAL_DESIGN_GEOMETRIC_PRESENTATION_REPRESENTATION (  '', ( #3414 ), #161 ) ;
#4045 = ORIENTED_EDGE ( 'NONE', *, *, #2466, .T. ) ;
#4046 = UNCERTAINTY_MEASURE_WITH_UNIT (LENGTH_MEASURE( 1.000000000000000100E-005 ), #665, 'distance_accuracy_value', 'NONE');
#4047 =( LENGTH_UNIT ( ) NAMED_UNIT ( * ) SI_UNIT ( .MILLI., .METRE. ) );
#4048 = MANIFOLD_SOLID_BREP ( 'ÎÞÃÞ¨-ˆÚ“®/ºËß°2', #2383 ) ;
#4049 = VERTEX_POINT ( 'NONE', #809 ) ;
#4050 = DIRECTION ( 'NONE',  ( 4.085566743293245400E-015, -1.000000000000000000, 1.059691071871035400E-014 ) ) ;
#4051 = ORIENTED_EDGE ( 'NONE', *, *, #2951, .F. ) ;
#4052 = DIRECTION ( 'NONE',  ( -3.751172504219707800E-015, 1.000000000000000000, -1.059691071871035700E-014 ) ) ;
#4053 = PRESENTATION_STYLE_ASSIGNMENT (( #2768 ) ) ;
#4054 = CARTESIAN_POINT ( 'NONE',  ( 3.199999999999988200, 3.400000000000011000, 3.749999999999941400 ) ) ;
#4055 = SURFACE_SIDE_STYLE ('',( #3147 ) ) ;
#4056 =( LENGTH_UNIT ( ) NAMED_UNIT ( * ) SI_UNIT ( .MILLI., .METRE. ) );
#4057 = VECTOR ( 'NONE', #727, 1000.000000000000000 ) ;
#4058 = FACE_OUTER_BOUND ( 'NONE', #1395, .T. ) ;
#4059 = LINE ( 'NONE', #2369, #710 ) ;
#4060 = ORIENTED_EDGE ( 'NONE', *, *, #439, .T. ) ;
#4061 = AXIS2_PLACEMENT_3D ( 'NONE', #1984, #112, #2306 ) ;
#4062 = STYLED_ITEM ( 'NONE', ( #2103 ), #135 ) ;
#4063 = DIRECTION ( 'NONE',  ( 6.982966722218764100E-015, 1.047445008332814600E-014, 1.000000000000000000 ) ) ;
#4064 = DIRECTION ( 'NONE',  ( 5.969659755361988600E-015, -1.000000000000000000, 1.059691071871034100E-014 ) ) ;
#4065 = SURFACE_STYLE_USAGE ( .BOTH. , #1845 ) ;
#4066 = DIRECTION ( 'NONE',  ( 1.000000000000000000, 3.491483361109333200E-015, -6.982966722218800400E-015 ) ) ;
#4067 = CARTESIAN_POINT ( 'NONE',  ( -1.350000000000052000, -8.419033292782547700E-014, -3.749999999999990200 ) ) ;
#4068 = CARTESIAN_POINT ( 'NONE',  ( -2.650000000000053200, 4.129999999999930600, -1.850000000000026100 ) ) ;
#4069 = VECTOR ( 'NONE', #3837, 1000.000000000000000 ) ;
#4070 = PRESENTATION_STYLE_ASSIGNMENT (( #2701 ) ) ;
#4071 = LINE ( 'NONE', #315, #3246 ) ;
#4072 = LINE ( 'NONE', #2645, #1541 ) ;
#4073 = SURFACE_SIDE_STYLE ('',( #187 ) ) ;
#4074 = PRESENTATION_LAYER_ASSIGNMENT (  '', '', ( #3666 ) ) ;
#4075 = FILL_AREA_STYLE_COLOUR ( '', #3430 ) ;
#4076 = LINE ( 'NONE', #1823, #834 ) ;
#4077 = AXIS2_PLACEMENT_3D ( 'NONE', #1843, #1817, #1803 ) ;
#4078 = AXIS2_PLACEMENT_3D ( 'NONE', #1902, #1876, #2243 ) ;
#4079 = DIRECTION ( 'NONE',  ( 1.000000000000000000, 3.491483361109333200E-015, -6.982966722218800400E-015 ) ) ;
#4080 = DIRECTION ( 'NONE',  ( -6.982966722218764100E-015, -1.047445008332814600E-014, -1.000000000000000000 ) ) ;
#4081 = ORIENTED_EDGE ( 'NONE', *, *, #2116, .T. ) ;
#4082 =( NAMED_UNIT ( * ) SI_UNIT ( $, .STERADIAN. ) SOLID_ANGLE_UNIT ( ) );
#4083 =( NAMED_UNIT ( * ) PLANE_ANGLE_UNIT ( ) SI_UNIT ( $, .RADIAN. ) );
#4084 = LINE ( 'NONE', #3434, #1552 ) ;
#4085 = FACE_OUTER_BOUND ( 'NONE', #3266, .T. ) ;
#4086 = SURFACE_STYLE_FILL_AREA ( #1403 ) ;
#4087 = EDGE_LOOP ( 'NONE', ( #536, #3906, #2304, #3162 ) ) ;
#4088 = EDGE_CURVE ( 'NONE', #2625, #1503, #2017, .T. ) ;
#4089 = EDGE_LOOP ( 'NONE', ( #1652, #2718, #3201, #1549 ) ) ;
#4090 = ORIENTED_EDGE ( 'NONE', *, *, #2665, .F. ) ;
#4091 = ORIENTED_EDGE ( 'NONE', *, *, #1053, .T. ) ;
#4092 = CARTESIAN_POINT ( 'NONE',  ( 3.099999999999961900, -4.790965665640524000E-014, -1.800000000000022000 ) ) ;
#4093 = CARTESIAN_POINT ( 'NONE',  ( 2.649999999999985700, 4.130000000000009700, 3.749999999999937400 ) ) ;
#4094 = VERTEX_POINT ( 'NONE', #3348 ) ;
#4095 = UNCERTAINTY_MEASURE_WITH_UNIT (LENGTH_MEASURE( 1.000000000000000100E-005 ), #2751, 'distance_accuracy_value', 'NONE');
#4096 = SURFACE_STYLE_USAGE ( .BOTH. , #34 ) ;
#4097 =( GEOMETRIC_REPRESENTATION_CONTEXT ( 3 ) GLOBAL_UNCERTAINTY_ASSIGNED_CONTEXT ( ( #131 ) ) GLOBAL_UNIT_ASSIGNED_CONTEXT ( ( #1114, #3332, #1435 ) ) REPRESENTATION_CONTEXT ( 'NONE', 'WORKASPACE' ) );
#4098 = FILL_AREA_STYLE_COLOUR ( '', #1970 ) ;
#4099 = CARTESIAN_POINT ( 'NONE',  ( 2.099999999999972100, 3.329999999999982300, 1.249999999999950000 ) ) ;
#4100 =( LENGTH_UNIT ( ) NAMED_UNIT ( * ) SI_UNIT ( .MILLI., .METRE. ) );
#4101 = ORIENTED_EDGE ( 'NONE', *, *, #790, .T. ) ;
ENDSEC;
END-ISO-10303-21;
