ISO-10303-21;
HEADER;
FILE_DESCRIPTION (( 'STEP AP214' ),
    '1' );
FILE_NAME ('SM04B-ZESS.STEP',
    '2023-06-19T01:29:45',
    ( '' ),
    ( '' ),
    'SwSTEP 2.0',
    'SolidWorks 2017',
    '' );
FILE_SCHEMA (( 'AUTOMOTIVE_DESIGN' ));
ENDSEC;

DATA;
#1 = CARTESIAN_POINT ( 'NONE',  ( 3.400000000000014600, 4.130000000000007000, -1.849999999999986100 ) ) ;
#2 =( GEOMETRIC_REPRESENTATION_CONTEXT ( 3 ) GLOBAL_UNCERTAINTY_ASSIGNED_CONTEXT ( ( #156 ) ) GLOBAL_UNIT_ASSIGNED_CONTEXT ( ( #2787, #3427, #1134 ) ) REPRESENTATION_CONTEXT ( 'NONE', 'WORKASPACE' ) );
#3 = ORIENTED_EDGE ( 'NONE', *, *, #331, .T. ) ;
#4 = CARTESIAN_POINT ( 'NONE',  ( -4.799999999999989200, 3.250000000000041700, -3.449999999999989500 ) ) ;
#5 = EDGE_CURVE ( 'NONE', #623, #3418, #2711, .T. ) ;
#6 = PLANE ( 'NONE',  #2612 ) ;
#7 = EDGE_LOOP ( 'NONE', ( #3458, #1648, #3060, #3287 ) ) ;
#8 = EDGE_CURVE ( 'NONE', #1985, #1733, #460, .T. ) ;
#9 = ORIENTED_EDGE ( 'NONE', *, *, #3513, .F. ) ;
#10 = VECTOR ( 'NONE', #285, 1000.000000000000000 ) ;
#11 = DIRECTION ( 'NONE',  ( 1.000000000000000000, -3.491483361109382100E-015, -1.219045606090366800E-029 ) ) ;
#12 = ORIENTED_EDGE ( 'NONE', *, *, #1248, .T. ) ;
#13 = EDGE_CURVE ( 'NONE', #497, #2609, #3479, .T. ) ;
#14 = CARTESIAN_POINT ( 'NONE',  ( 5.250000000000001800, 0.3500000000000003100, -1.799999999999999600 ) ) ;
#15 = VECTOR ( 'NONE', #1765, 1000.000000000000000 ) ;
#16 = ORIENTED_EDGE ( 'NONE', *, *, #2396, .T. ) ;
#17 = UNCERTAINTY_MEASURE_WITH_UNIT (LENGTH_MEASURE( 1.000000000000000100E-005 ), #1264, 'distance_accuracy_value', 'NONE');
#18 = EDGE_CURVE ( 'NONE', #903, #66, #2610, .T. ) ;
#19 = CARTESIAN_POINT ( 'NONE',  ( 5.250000000000008900, 2.500000000000005800, -3.449999999999992200 ) ) ;
#20 = PRESENTATION_STYLE_ASSIGNMENT (( #1822 ) ) ;
#21 = STYLED_ITEM ( 'NONE', ( #1941 ), #2648 ) ;
#22 = FILL_AREA_STYLE_COLOUR ( '', #3551 ) ;
#23 = CARTESIAN_POINT ( 'NONE',  ( 2.100000000000001400, 0.4000000000000230000, -4.949999999999997500 ) ) ;
#24 = FACE_OUTER_BOUND ( 'NONE', #973, .T. ) ;
#25 = ORIENTED_EDGE ( 'NONE', *, *, #869, .T. ) ;
#26 = LINE ( 'NONE', #428, #1387 ) ;
#27 = ORIENTED_EDGE ( 'NONE', *, *, #999, .F. ) ;
#28 = COLOUR_RGB ( '',0.7529411764705882200, 0.7529411764705882200, 0.7529411764705882200 ) ;
#29 = SURFACE_STYLE_USAGE ( .BOTH. , #1968 ) ;
#30 = ORIENTED_EDGE ( 'NONE', *, *, #2793, .F. ) ;
#31 = VECTOR ( 'NONE', #2656, 1000.000000000000000 ) ;
#32 = ORIENTED_EDGE ( 'NONE', *, *, #3501, .F. ) ;
#33 = LINE ( 'NONE', #2027, #767 ) ;
#34 = FILL_AREA_STYLE ('',( #99 ) ) ;
#35 = VECTOR ( 'NONE', #2137, 1000.000000000000000 ) ;
#36 = COLOUR_RGB ( '',0.7529411764705882200, 0.7529411764705882200, 0.7529411764705882200 ) ;
#37 =( NAMED_UNIT ( * ) PLANE_ANGLE_UNIT ( ) SI_UNIT ( $, .RADIAN. ) );
#38 = CARTESIAN_POINT ( 'NONE',  ( -2.399999999999999000, 0.4000000000000387100, -4.949999999999997500 ) ) ;
#39 = FILL_AREA_STYLE ('',( #2843 ) ) ;
#40 = VERTEX_POINT ( 'NONE', #3535 ) ;
#41 = ADVANCED_FACE ( 'NONE', ( #1176 ), #1509, .T. ) ;
#42 = LINE ( 'NONE', #2107, #683 ) ;
#43 = SURFACE_STYLE_USAGE ( .BOTH. , #1695 ) ;
#44 = DIRECTION ( 'NONE',  ( -4.275692708279658900E-031, 3.369022725727144300E-015, -1.000000000000000000 ) ) ;
#45 = ORIENTED_EDGE ( 'NONE', *, *, #2837, .F. ) ;
#46 = LINE ( 'NONE', #2086, #2176 ) ;
#47 = UNCERTAINTY_MEASURE_WITH_UNIT (LENGTH_MEASURE( 1.000000000000000100E-005 ), #1683, 'distance_accuracy_value', 'NONE');
#48 = CARTESIAN_POINT ( 'NONE',  ( -1.111680104152711000E-030, 8.759459086890575300E-015, 1.149999999999999900 ) ) ;
#49 = ORIENTED_EDGE ( 'NONE', *, *, #1231, .F. ) ;
#50 = FACE_BOUND ( 'NONE', #2844, .T. ) ;
#51 = CARTESIAN_POINT ( 'NONE',  ( -5.250000000000000000, 1.833028764582425900E-014, 3.750000000000000000 ) ) ;
#52 = PLANE ( 'NONE',  #1283 ) ;
#53 = AXIS2_PLACEMENT_3D ( 'NONE', #2890, #3483, #2901 ) ;
#54 = ORIENTED_EDGE ( 'NONE', *, *, #1051, .T. ) ;
#55 = ORIENTED_EDGE ( 'NONE', *, *, #3625, .T. ) ;
#56 = FILL_AREA_STYLE_COLOUR ( '', #1335 ) ;
#57 = EDGE_CURVE ( 'NONE', #488, #1411, #3308, .T. ) ;
#58 = VECTOR ( 'NONE', #3160, 1000.000000000000000 ) ;
#59 = ORIENTED_EDGE ( 'NONE', *, *, #2410, .F. ) ;
#60 = DIRECTION ( 'NONE',  ( -1.000000000000000000, 3.491483361109382100E-015, 1.219045606090366800E-029 ) ) ;
#61 = DIRECTION ( 'NONE',  ( 4.275692708279658900E-031, -3.369022725727144300E-015, 1.000000000000000000 ) ) ;
#62 = CARTESIAN_POINT ( 'NONE',  ( 3.400000000000016800, 4.780000000000006500, -1.849999999999984500 ) ) ;
#63 = EDGE_CURVE ( 'NONE', #3230, #290, #2233, .T. ) ;
#64 = FILL_AREA_STYLE_COLOUR ( '', #182 ) ;
#65 = FACE_OUTER_BOUND ( 'NONE', #835, .T. ) ;
#66 = VERTEX_POINT ( 'NONE', #389 ) ;
#67 = EDGE_CURVE ( 'NONE', #3426, #611, #2938, .T. ) ;
#68 = VERTEX_POINT ( 'NONE', #3511 ) ;
#69 = EDGE_LOOP ( 'NONE', ( #2949, #925, #278, #2529 ) ) ;
#70 = AXIS2_PLACEMENT_3D ( 'NONE', #453, #3572, #72 ) ;
#71 = DIRECTION ( 'NONE',  ( 4.275692708279658900E-031, -3.369022725727144300E-015, 1.000000000000000000 ) ) ;
#72 = DIRECTION ( 'NONE',  ( -3.491483361109382100E-015, -1.000000000000000000, -2.083871812087760100E-014 ) ) ;
#73 = VECTOR ( 'NONE', #3404, 1000.000000000000000 ) ;
#74 = SURFACE_STYLE_FILL_AREA ( #937 ) ;
#75 =( NAMED_UNIT ( * ) PLANE_ANGLE_UNIT ( ) SI_UNIT ( $, .RADIAN. ) );
#76 = CARTESIAN_POINT ( 'NONE',  ( 2.400000000000001700, 0.4000000000000177300, -3.749999999999998200 ) ) ;
#77 = SURFACE_SIDE_STYLE ('',( #2560 ) ) ;
#78 = EDGE_CURVE ( 'NONE', #1778, #716, #1471, .T. ) ;
#79 = COLOUR_RGB ( '',0.7529411764705882200, 0.7529411764705882200, 0.7529411764705882200 ) ;
#80 = EDGE_CURVE ( 'NONE', #740, #2970, #1378, .T. ) ;
#81 = VERTEX_POINT ( 'NONE', #2341 ) ;
#82 = EDGE_CURVE ( 'NONE', #1799, #1343, #2058, .T. ) ;
#83 = FACE_OUTER_BOUND ( 'NONE', #1346, .T. ) ;
#84 = DIRECTION ( 'NONE',  ( 3.491483361109382100E-015, 1.000000000000000000, 3.369022725727144300E-015 ) ) ;
#85 = CARTESIAN_POINT ( 'NONE',  ( -3.349999999999989000, 3.400000000000011900, 3.750000000000011100 ) ) ;
#86 = VERTEX_POINT ( 'NONE', #94 ) ;
#87 = CARTESIAN_POINT ( 'NONE',  ( 3.950000000000010800, 3.400000000000004800, -1.849999999999987900 ) ) ;
#88 =( NAMED_UNIT ( * ) PLANE_ANGLE_UNIT ( ) SI_UNIT ( $, .RADIAN. ) );
#89 = ORIENTED_EDGE ( 'NONE', *, *, #857, .F. ) ;
#90 = VERTEX_POINT ( 'NONE', #2933 ) ;
#91 = CARTESIAN_POINT ( 'NONE',  ( 3.400000000000014600, 4.129999999999991000, 2.750000000000013800 ) ) ;
#92 = EDGE_LOOP ( 'NONE', ( #3673, #2638, #1203, #3595, #3, #2381, #2469, #1118, #1206, #570, #2761, #3612, #2720, #629, #795, #1628 ) ) ;
#93 = DIRECTION ( 'NONE',  ( 0.0000000000000000000, 3.491483361109382100E-015, -1.000000000000000000 ) ) ;
#94 = CARTESIAN_POINT ( 'NONE',  ( 0.9000000000000011300, 0.4000000000000230000, -3.749999999999998200 ) ) ;
#95 = ORIENTED_EDGE ( 'NONE', *, *, #563, .T. ) ;
#96 = SURFACE_SIDE_STYLE ('',( #1229 ) ) ;
#97 = VECTOR ( 'NONE', #2374, 1000.000000000000000 ) ;
#98 = ORIENTED_EDGE ( 'NONE', *, *, #527, .T. ) ;
#99 = FILL_AREA_STYLE_COLOUR ( '', #36 ) ;
#100 = ADVANCED_FACE ( 'NONE', ( #3607 ), #2919, .F. ) ;
#101 = CARTESIAN_POINT ( 'NONE',  ( 2.400000000000000400, 1.688811037629106400E-014, -3.750000000000000000 ) ) ;
#102 = LINE ( 'NONE', #3003, #754 ) ;
#103 = VECTOR ( 'NONE', #1483, 1000.000000000000000 ) ;
#104 = DIRECTION ( 'NONE',  ( 3.491483361109382100E-015, 1.000000000000000000, 3.491483361109382100E-015 ) ) ;
#105 = VERTEX_POINT ( 'NONE', #1459 ) ;
#106 = LINE ( 'NONE', #1516, #2244 ) ;
#107 = PLANE ( 'NONE',  #1305 ) ;
#108 = ORIENTED_EDGE ( 'NONE', *, *, #2139, .T. ) ;
#109 = COLOUR_RGB ( '',0.7529411764705882200, 0.7529411764705882200, 0.7529411764705882200 ) ;
#110 = FACE_OUTER_BOUND ( 'NONE', #1165, .T. ) ;
#111 = FACE_OUTER_BOUND ( 'NONE', #2707, .T. ) ;
#112 = LINE ( 'NONE', #739, #1588 ) ;
#113 = CARTESIAN_POINT ( 'NONE',  ( 2.300000000000019800, 5.799999999999996300, 2.750000000000019500 ) ) ;
#114 = LINE ( 'NONE', #1273, #2254 ) ;
#115 = VECTOR ( 'NONE', #1117, 1000.000000000000000 ) ;
#116 = DIRECTION ( 'NONE',  ( 1.000000000000000000, -3.491483361109382100E-015, -1.219045606090366800E-029 ) ) ;
#117 = DIRECTION ( 'NONE',  ( 3.491483361109382100E-015, 1.000000000000000000, 3.491483361109382100E-015 ) ) ;
#118 = ADVANCED_FACE ( 'NONE', ( #1788 ), #351, .F. ) ;
#119 = ORIENTED_EDGE ( 'NONE', *, *, #458, .F. ) ;
#120 = FACE_OUTER_BOUND ( 'NONE', #2873, .T. ) ;
#121 = EDGE_CURVE ( 'NONE', #197, #3652, #789, .T. ) ;
#122 = CARTESIAN_POINT ( 'NONE',  ( 4.800000000000001600, 0.3499999999999898700, 1.800000000000001200 ) ) ;
#123 = ORIENTED_EDGE ( 'NONE', *, *, #1686, .T. ) ;
#124 = UNCERTAINTY_MEASURE_WITH_UNIT (LENGTH_MEASURE( 1.000000000000000100E-005 ), #1982, 'distance_accuracy_value', 'NONE');
#125 = PLANE ( 'NONE',  #3650 ) ;
#126 = VECTOR ( 'NONE', #1824, 1000.000000000000000 ) ;
#127 = CARTESIAN_POINT ( 'NONE',  ( -2.849999999999988500, 3.330000000000013800, 2.750000000000010700 ) ) ;
#128 = CARTESIAN_POINT ( 'NONE',  ( 5.250000000000020400, 5.800000000000006000, -3.449999999999980600 ) ) ;
#129 = EDGE_CURVE ( 'NONE', #1743, #2848, #1523, .T. ) ;
#130 = DIRECTION ( 'NONE',  ( 4.275692708279658900E-031, -3.369022725727144300E-015, 1.000000000000000000 ) ) ;
#131 = ORIENTED_EDGE ( 'NONE', *, *, #3190, .T. ) ;
#132 = ORIENTED_EDGE ( 'NONE', *, *, #3554, .T. ) ;
#133 = VECTOR ( 'NONE', #3430, 1000.000000000000000 ) ;
#134 = CARTESIAN_POINT ( 'NONE',  ( -4.799999999999989200, 3.250000000000033300, -0.9999999999999879000 ) ) ;
#135 = FILL_AREA_STYLE_COLOUR ( '', #1084 ) ;
#136 = EDGE_CURVE ( 'NONE', #3588, #1000, #2984, .T. ) ;
#137 = ORIENTED_EDGE ( 'NONE', *, *, #1482, .F. ) ;
#138 = DIRECTION ( 'NONE',  ( -4.275692708279658900E-031, 3.369022725727144300E-015, -1.000000000000000000 ) ) ;
#139 = PRESENTATION_LAYER_ASSIGNMENT (  '', '', ( #3631 ) ) ;
#140 = VERTEX_POINT ( 'NONE', #877 ) ;
#141 = ADVANCED_FACE ( 'NONE', ( #3646 ), #2883, .F. ) ;
#142 = CARTESIAN_POINT ( 'NONE',  ( 3.550000000000020300, 5.799999999999991800, 2.750000000000019500 ) ) ;
#143 = EDGE_CURVE ( 'NONE', #2778, #2039, #2608, .T. ) ;
#144 = DIRECTION ( 'NONE',  ( -3.491483361109382100E-015, -1.000000000000000000, -3.491483361109382100E-015 ) ) ;
#145 = ORIENTED_EDGE ( 'NONE', *, *, #2837, .T. ) ;
#146 = ORIENTED_EDGE ( 'NONE', *, *, #514, .F. ) ;
#147 = ORIENTED_EDGE ( 'NONE', *, *, #1883, .F. ) ;
#148 = DIRECTION ( 'NONE',  ( 0.0000000000000000000, 3.491483361109382100E-015, -1.000000000000000000 ) ) ;
#149 = PLANE ( 'NONE',  #2494 ) ;
#150 = EDGE_CURVE ( 'NONE', #2175, #2709, #455, .T. ) ;
#151 = ORIENTED_EDGE ( 'NONE', *, *, #523, .T. ) ;
#152 = CARTESIAN_POINT ( 'NONE',  ( -3.349999999999989000, 3.400000000000030600, -1.849999999999987900 ) ) ;
#153 = CARTESIAN_POINT ( 'NONE',  ( -2.299999999999986100, 3.700000000000011700, 2.750000000000012400 ) ) ;
#154 = DIRECTION ( 'NONE',  ( 4.731842306639732300E-031, -3.355958089548694400E-015, 1.000000000000000000 ) ) ;
#155 = FACE_OUTER_BOUND ( 'NONE', #3478, .T. ) ;
#156 = UNCERTAINTY_MEASURE_WITH_UNIT (LENGTH_MEASURE( 1.000000000000000100E-005 ), #2787, 'distance_accuracy_value', 'NONE');
#157 = DIRECTION ( 'NONE',  ( -1.000000000000000000, 3.491483361109382100E-015, 1.219045606090366800E-029 ) ) ;
#158 = AXIS2_PLACEMENT_3D ( 'NONE', #2569, #867, #2867 ) ;
#159 = EDGE_LOOP ( 'NONE', ( #2750, #723, #1568, #3429 ) ) ;
#160 = CARTESIAN_POINT ( 'NONE',  ( 3.950000000000010800, 3.399999999999986100, 3.750000000000011100 ) ) ;
#161 = SURFACE_STYLE_FILL_AREA ( #3584 ) ;
#162 = CARTESIAN_POINT ( 'NONE',  ( -5.249999999999992000, 2.500000000000042200, -3.449999999999992200 ) ) ;
#163 = LINE ( 'NONE', #1154, #1537 ) ;
#164 = ADVANCED_FACE ( 'NONE', ( #3384 ), #2270, .F. ) ;
#165 = ADVANCED_FACE ( 'NONE', ( #356 ), #2868, .F. ) ;
#166 =( NAMED_UNIT ( * ) PLANE_ANGLE_UNIT ( ) SI_UNIT ( $, .RADIAN. ) );
#167 = VECTOR ( 'NONE', #1406, 1000.000000000000000 ) ;
#168 = CARTESIAN_POINT ( 'NONE',  ( -3.849999999999979700, 5.800000000000038000, -3.749999999999980900 ) ) ;
#169 = CARTESIAN_POINT ( 'NONE',  ( 2.100000000000000100, 1.653896204018012400E-014, -3.349999999999998800 ) ) ;
#170 = CARTESIAN_POINT ( 'NONE',  ( 2.400000000000000400, 1.688811037629106400E-014, -3.750000000000000000 ) ) ;
#171 = ORIENTED_EDGE ( 'NONE', *, *, #3574, .F. ) ;
#172 = CARTESIAN_POINT ( 'NONE',  ( -0.9000000000000002400, 2.841000546795202500E-014, -3.750000000000000000 ) ) ;
#173 = VERTEX_POINT ( 'NONE', #3434 ) ;
#174 = UNCERTAINTY_MEASURE_WITH_UNIT (LENGTH_MEASURE( 1.000000000000000100E-005 ), #2653, 'distance_accuracy_value', 'NONE');
#175 = DIRECTION ( 'NONE',  ( -3.491483361109382100E-015, -1.000000000000000000, -3.337968009253027300E-015 ) ) ;
#176 = SURFACE_SIDE_STYLE ('',( #3182 ) ) ;
#177 = ADVANCED_FACE ( 'NONE', ( #3306 ), #300, .F. ) ;
#178 = MECHANICAL_DESIGN_GEOMETRIC_PRESENTATION_REPRESENTATION (  '', ( #3302 ), #361 ) ;
#179 = ORIENTED_EDGE ( 'NONE', *, *, #2797, .T. ) ;
#180 = FILL_AREA_STYLE_COLOUR ( '', #2128 ) ;
#181 = PRESENTATION_LAYER_ASSIGNMENT (  '', '', ( #3488 ) ) ;
#182 = COLOUR_RGB ( '',0.0000000000000000000, 0.0000000000000000000, 0.6274509803921568500 ) ;
#183 = EDGE_LOOP ( 'NONE', ( #54, #2842, #752, #574 ) ) ;
#184 = SURFACE_STYLE_USAGE ( .BOTH. , #1848 ) ;
#185 = ORIENTED_EDGE ( 'NONE', *, *, #240, .T. ) ;
#186 = CARTESIAN_POINT ( 'NONE',  ( 0.6000000000000012000, 0.4000000000000282200, -4.949999999999997500 ) ) ;
#187 = VERTEX_POINT ( 'NONE', #14 ) ;
#188 = VERTEX_POINT ( 'NONE', #1666 ) ;
#189 = DIRECTION ( 'NONE',  ( 3.491483361109382100E-015, 1.000000000000000000, 2.083871812087760400E-014 ) ) ;
#190 = EDGE_CURVE ( 'NONE', #3137, #2059, #747, .T. ) ;
#191 = ORIENTED_EDGE ( 'NONE', *, *, #2728, .T. ) ;
#192 = VECTOR ( 'NONE', #1233, 1000.000000000000000 ) ;
#193 = DIRECTION ( 'NONE',  ( 3.491483361109382100E-015, 1.000000000000000000, 3.491483361109382100E-015 ) ) ;
#194 = EDGE_CURVE ( 'NONE', #3624, #3470, #1463, .T. ) ;
#195 = VECTOR ( 'NONE', #1469, 1000.000000000000000 ) ;
#196 = CARTESIAN_POINT ( 'NONE',  ( 0.5999999999999998700, 2.177618708184419700E-014, -3.349999999999998800 ) ) ;
#197 = VERTEX_POINT ( 'NONE', #2532 ) ;
#198 = EDGE_CURVE ( 'NONE', #3318, #173, #2147, .T. ) ;
#199 = LINE ( 'NONE', #499, #1579 ) ;
#200 = ORIENTED_EDGE ( 'NONE', *, *, #1669, .F. ) ;
#201 = CARTESIAN_POINT ( 'NONE',  ( 0.5999999999999995300, -0.09999999999997198600, -4.949999999999999300 ) ) ;
#202 = CARTESIAN_POINT ( 'NONE',  ( -5.249999999999980500, 5.800000000000017600, 3.750000000000019500 ) ) ;
#203 = SURFACE_STYLE_FILL_AREA ( #2682 ) ;
#204 = CARTESIAN_POINT ( 'NONE',  ( 3.350000000000004500, 1.149999999999988400, 3.750000000000003600 ) ) ;
#205 = VECTOR ( 'NONE', #3223, 1000.000000000000000 ) ;
#206 = CARTESIAN_POINT ( 'NONE',  ( -2.100000000000000100, 3.259978550128328600E-014, -3.750000000000000000 ) ) ;
#207 = VECTOR ( 'NONE', #2942, 1000.000000000000000 ) ;
#208 = SURFACE_STYLE_FILL_AREA ( #1204 ) ;
#209 = ORIENTED_EDGE ( 'NONE', *, *, #2009, .F. ) ;
#210 = EDGE_CURVE ( 'NONE', #757, #86, #2515, .T. ) ;
#211 = PLANE ( 'NONE',  #3599 ) ;
#212 = VECTOR ( 'NONE', #2508, 1000.000000000000000 ) ;
#213 = AXIS2_PLACEMENT_3D ( 'NONE', #928, #2937, #1202 ) ;
#214 = ORIENTED_EDGE ( 'NONE', *, *, #82, .T. ) ;
#215 = LINE ( 'NONE', #2998, #851 ) ;
#216 = ORIENTED_EDGE ( 'NONE', *, *, #2525, .T. ) ;
#217 = DIRECTION ( 'NONE',  ( 1.000000000000000000, -3.491483361109382100E-015, -1.219045606090366800E-029 ) ) ;
#218 = LINE ( 'NONE', #1790, #2373 ) ;
#219 = PLANE ( 'NONE',  #538 ) ;
#220 = DIRECTION ( 'NONE',  ( 4.275692708279658900E-031, -3.369022725727144300E-015, 1.000000000000000000 ) ) ;
#221 = EDGE_LOOP ( 'NONE', ( #1388, #1561, #3305, #1422 ) ) ;
#222 = ORIENTED_EDGE ( 'NONE', *, *, #2271, .T. ) ;
#223 = CARTESIAN_POINT ( 'NONE',  ( -3.549999999999979400, 5.800000000000012300, 3.750000000000019500 ) ) ;
#224 = CARTESIAN_POINT ( 'NONE',  ( 2.300000000000020700, 5.800000000000001600, 1.250000000000019300 ) ) ;
#225 = ORIENTED_EDGE ( 'NONE', *, *, #1311, .F. ) ;
#226 = DIRECTION ( 'NONE',  ( 3.491483361109382100E-015, 1.000000000000000000, 3.491483361109382100E-015 ) ) ;
#227 = VECTOR ( 'NONE', #580, 1000.000000000000000 ) ;
#228 = CARTESIAN_POINT ( 'NONE',  ( 2.100000000000000100, -0.09999999999998258900, -3.350000000000000500 ) ) ;
#229 = ORIENTED_EDGE ( 'NONE', *, *, #2733, .F. ) ;
#230 = AXIS2_PLACEMENT_3D ( 'NONE', #1030, #429, #217 ) ;
#231 = SURFACE_STYLE_USAGE ( .BOTH. , #525 ) ;
#232 = ORIENTED_EDGE ( 'NONE', *, *, #1179, .F. ) ;
#233 = FILL_AREA_STYLE_COLOUR ( '', #1720 ) ;
#234 = PRESENTATION_LAYER_ASSIGNMENT (  '', '', ( #3543 ) ) ;
#235 = ORIENTED_EDGE ( 'NONE', *, *, #194, .T. ) ;
#236 = CARTESIAN_POINT ( 'NONE',  ( 5.250000000000008900, 2.500000000000006700, -3.749999999999992000 ) ) ;
#237 = UNCERTAINTY_MEASURE_WITH_UNIT (LENGTH_MEASURE( 1.000000000000000100E-005 ), #1730, 'distance_accuracy_value', 'NONE');
#238 = VERTEX_POINT ( 'NONE', #1364 ) ;
#239 = PRESENTATION_STYLE_ASSIGNMENT (( #1286 ) ) ;
#240 = EDGE_CURVE ( 'NONE', #1013, #544, #2829, .T. ) ;
#241 = LINE ( 'NONE', #858, #1626 ) ;
#242 = ORIENTED_EDGE ( 'NONE', *, *, #2575, .F. ) ;
#243 = CARTESIAN_POINT ( 'NONE',  ( -0.9000000000000004700, -0.09999999999996674000, -4.949999999999999300 ) ) ;
#244 = LINE ( 'NONE', #2564, #721 ) ;
#245 =( LENGTH_UNIT ( ) NAMED_UNIT ( * ) SI_UNIT ( .MILLI., .METRE. ) );
#246 = STYLED_ITEM ( 'NONE', ( #1745 ), #41 ) ;
#247 = DIRECTION ( 'NONE',  ( 1.000000000000000000, -3.491483361109382100E-015, -1.219045606090366800E-029 ) ) ;
#248 = FACE_OUTER_BOUND ( 'NONE', #2971, .T. ) ;
#249 = VECTOR ( 'NONE', #2689, 1000.000000000000000 ) ;
#250 = EDGE_CURVE ( 'NONE', #1778, #1769, #3030, .T. ) ;
#251 = FACE_OUTER_BOUND ( 'NONE', #254, .T. ) ;
#252 = CARTESIAN_POINT ( 'NONE',  ( 4.800000000000000700, -0.1000000000000007800, -1.000000000000000000 ) ) ;
#253 = CARTESIAN_POINT ( 'NONE',  ( 3.350000000000012100, 3.399999999999988400, 3.750000000000011100 ) ) ;
#254 = EDGE_LOOP ( 'NONE', ( #2546, #3346, #2911, #1034, #823, #216, #1565, #2032 ) ) ;
#255 = STYLED_ITEM ( 'NONE', ( #334 ), #664 ) ;
#256 = SURFACE_STYLE_USAGE ( .BOTH. , #2789 ) ;
#257 = ORIENTED_EDGE ( 'NONE', *, *, #2333, .T. ) ;
#258 = CARTESIAN_POINT ( 'NONE',  ( 3.950000000000010800, 3.399999999999986100, 3.750000000000011100 ) ) ;
#259 = EDGE_CURVE ( 'NONE', #1807, #263, #1296, .T. ) ;
#260 = CARTESIAN_POINT ( 'NONE',  ( -3.349999999999989000, 3.400000000000030600, -1.849999999999987900 ) ) ;
#261 = EDGE_CURVE ( 'NONE', #786, #1411, #573, .T. ) ;
#262 = EDGE_LOOP ( 'NONE', ( #2221, #2103, #2182, #1515 ) ) ;
#263 = VERTEX_POINT ( 'NONE', #546 ) ;
#264 = EDGE_CURVE ( 'NONE', #3382, #2690, #493, .T. ) ;
#265 = ORIENTED_EDGE ( 'NONE', *, *, #2420, .T. ) ;
#266 = CARTESIAN_POINT ( 'NONE',  ( -0.9000000000000004700, -0.09999999999997211100, -3.350000000000000500 ) ) ;
#267 = ORIENTED_EDGE ( 'NONE', *, *, #3621, .F. ) ;
#268 = VERTEX_POINT ( 'NONE', #3664 ) ;
#269 = VERTEX_POINT ( 'NONE', #1219 ) ;
#270 = DIRECTION ( 'NONE',  ( 3.491483361109382100E-015, 1.000000000000000000, 3.369022725727144300E-015 ) ) ;
#271 = ADVANCED_FACE ( 'NONE', ( #1210 ), #3101, .T. ) ;
#272 = STYLED_ITEM ( 'NONE', ( #3583 ), #2472 ) ;
#273 = CARTESIAN_POINT ( 'NONE',  ( 2.300000000000018500, 5.300000000000014000, -2.449999999999982400 ) ) ;
#274 = FACE_OUTER_BOUND ( 'NONE', #2421, .T. ) ;
#275 = AXIS2_PLACEMENT_3D ( 'NONE', #2385, #2370, #2354 ) ;
#276 = UNCERTAINTY_MEASURE_WITH_UNIT (LENGTH_MEASURE( 1.000000000000000100E-005 ), #2645, 'distance_accuracy_value', 'NONE');
#277 = LINE ( 'NONE', #1692, #1659 ) ;
#278 = ORIENTED_EDGE ( 'NONE', *, *, #943, .F. ) ;
#279 = DIRECTION ( 'NONE',  ( 4.275692708279658900E-031, -3.369022725727144300E-015, 1.000000000000000000 ) ) ;
#280 = LINE ( 'NONE', #2962, #1583 ) ;
#281 = CARTESIAN_POINT ( 'NONE',  ( 5.250000000000011500, 3.250000000000006700, -3.449999999999989500 ) ) ;
#282 = DIRECTION ( 'NONE',  ( -3.491483361109382100E-015, -1.000000000000000000, -3.491483361109382100E-015 ) ) ;
#283 = LINE ( 'NONE', #373, #2622 ) ;
#284 = VECTOR ( 'NONE', #522, 1000.000000000000000 ) ;
#285 = DIRECTION ( 'NONE',  ( 4.275692708279659800E-031, -3.369022725727144300E-015, 1.000000000000000000 ) ) ;
#286 = VECTOR ( 'NONE', #2559, 1000.000000000000000 ) ;
#287 = AXIS2_PLACEMENT_3D ( 'NONE', #709, #982, #2997 ) ;
#288 = STYLED_ITEM ( 'NONE', ( #2646 ), #301 ) ;
#289 = ORIENTED_EDGE ( 'NONE', *, *, #1475, .T. ) ;
#290 = VERTEX_POINT ( 'NONE', #996 ) ;
#291 = LINE ( 'NONE', #1820, #3233 ) ;
#292 = DIRECTION ( 'NONE',  ( 1.000000000000000000, -3.491483361109382100E-015, -1.219045606090366800E-029 ) ) ;
#293 = STYLED_ITEM ( 'NONE', ( #2779 ), #1793 ) ;
#294 = ORIENTED_EDGE ( 'NONE', *, *, #2465, .F. ) ;
#295 = LINE ( 'NONE', #3377, #947 ) ;
#296 = CARTESIAN_POINT ( 'NONE',  ( -3.549999999999985600, 4.130000000000015900, 2.750000000000013800 ) ) ;
#297 = CARTESIAN_POINT ( 'NONE',  ( -3.349999999999995200, 1.550000000000030500, -1.849999999999995000 ) ) ;
#298 = PLANE ( 'NONE',  #1143 ) ;
#299 = AXIS2_PLACEMENT_3D ( 'NONE', #2475, #2464, #2205 ) ;
#300 = PLANE ( 'NONE',  #3038 ) ;
#301 = ADVANCED_FACE ( 'NONE', ( #1397 ), #1156, .F. ) ;
#302 = ORIENTED_EDGE ( 'NONE', *, *, #2070, .T. ) ;
#303 = DIRECTION ( 'NONE',  ( -3.491483361109382100E-015, -1.000000000000000000, -3.491483361109382100E-015 ) ) ;
#304 = VERTEX_POINT ( 'NONE', #985 ) ;
#305 = ORIENTED_EDGE ( 'NONE', *, *, #1248, .F. ) ;
#306 = EDGE_CURVE ( 'NONE', #716, #2778, #2684, .T. ) ;
#307 = LINE ( 'NONE', #1719, #1040 ) ;
#308 = CARTESIAN_POINT ( 'NONE',  ( -2.400000000000000400, 3.225063716517234000E-014, -3.349999999999998800 ) ) ;
#309 = CARTESIAN_POINT ( 'NONE',  ( 2.399999999999999900, -0.09999999999998363000, -3.350000000000000500 ) ) ;
#310 = SURFACE_STYLE_USAGE ( .BOTH. , #1979 ) ;
#311 = ORIENTED_EDGE ( 'NONE', *, *, #312, .F. ) ;
#312 = EDGE_CURVE ( 'NONE', #2155, #1893, #1152, .T. ) ;
#313 =( NAMED_UNIT ( * ) PLANE_ANGLE_UNIT ( ) SI_UNIT ( $, .RADIAN. ) );
#315 = ADVANCED_FACE ( 'NONE', ( #1907 ), #3447, .F. ) ;
#314 = COLOUR_RGB ( '',0.7529411764705882200, 0.7529411764705882200, 0.7529411764705882200 ) ;
#316 = ORIENTED_EDGE ( 'NONE', *, *, #3317, .T. ) ;
#317 = EDGE_CURVE ( 'NONE', #2863, #544, #1816, .T. ) ;
#318 = CARTESIAN_POINT ( 'NONE',  ( 2.100000000000001400, 0.4000000000000188400, -3.749999999999998200 ) ) ;
#319 = FACE_OUTER_BOUND ( 'NONE', #3213, .T. ) ;
#320 = CARTESIAN_POINT ( 'NONE',  ( -2.399999999999999000, 0.4000000000000345500, -3.749999999999998200 ) ) ;
#321 = AXIS2_PLACEMENT_3D ( 'NONE', #874, #2397, #412 ) ;
#322 = MECHANICAL_DESIGN_GEOMETRIC_PRESENTATION_REPRESENTATION (  '', ( #3631 ), #519 ) ;
#323 = DIRECTION ( 'NONE',  ( 0.0000000000000000000, -3.491483361109382100E-015, 1.000000000000000000 ) ) ;
#324 = COLOUR_RGB ( '',0.7529411764705882200, 0.7529411764705882200, 0.7529411764705882200 ) ;
#325 = DIRECTION ( 'NONE',  ( 4.275692708279658900E-031, -3.369022725727144300E-015, 1.000000000000000000 ) ) ;
#326 = ORIENTED_EDGE ( 'NONE', *, *, #1238, .F. ) ;
#327 = FACE_OUTER_BOUND ( 'NONE', #2784, .T. ) ;
#328 = FILL_AREA_STYLE ('',( #56 ) ) ;
#329 = SURFACE_STYLE_FILL_AREA ( #564 ) ;
#330 =( NAMED_UNIT ( * ) PLANE_ANGLE_UNIT ( ) SI_UNIT ( $, .RADIAN. ) );
#331 = EDGE_CURVE ( 'NONE', #2688, #2983, #3366, .T. ) ;
#332 = ORIENTED_EDGE ( 'NONE', *, *, #2793, .T. ) ;
#333 = LINE ( 'NONE', #2265, #1810 ) ;
#334 = PRESENTATION_STYLE_ASSIGNMENT (( #2859 ) ) ;
#335 = LINE ( 'NONE', #1608, #2496 ) ;
#336 = VECTOR ( 'NONE', #787, 1000.000000000000000 ) ;
#337 = LINE ( 'NONE', #2337, #1723 ) ;
#338 = EDGE_CURVE ( 'NONE', #1489, #3095, #337, .T. ) ;
#339 = FILL_AREA_STYLE ('',( #22 ) ) ;
#340 = LINE ( 'NONE', #441, #981 ) ;
#341 =( LENGTH_UNIT ( ) NAMED_UNIT ( * ) SI_UNIT ( .MILLI., .METRE. ) );
#342 = ORIENTED_EDGE ( 'NONE', *, *, #3010, .F. ) ;
#343 = PRESENTATION_LAYER_ASSIGNMENT (  '', '', ( #3648 ) ) ;
#344 = AXIS2_PLACEMENT_3D ( 'NONE', #2941, #2259, #2243 ) ;
#345 = DIRECTION ( 'NONE',  ( -3.491483361109382100E-015, -1.000000000000000000, -3.341938233870002100E-015 ) ) ;
#346 = CARTESIAN_POINT ( 'NONE',  ( -4.399999999999999500, 0.3500000000000314500, -0.9999999999999983300 ) ) ;
#347 = CARTESIAN_POINT ( 'NONE',  ( -2.299999999999986100, 3.700000000000017100, 1.250000000000012400 ) ) ;
#348 = STYLED_ITEM ( 'NONE', ( #791 ), #1352 ) ;
#349 = EDGE_LOOP ( 'NONE', ( #3018, #3023, #2321, #400 ) ) ;
#350 = SURFACE_STYLE_USAGE ( .BOTH. , #2018 ) ;
#351 = PLANE ( 'NONE',  #3667 ) ;
#352 = ORIENTED_EDGE ( 'NONE', *, *, #869, .F. ) ;
#353 = EDGE_LOOP ( 'NONE', ( #1368, #815, #305, #2641, #1959, #2825 ) ) ;
#354 = VERTEX_POINT ( 'NONE', #3485 ) ;
#355 = ORIENTED_EDGE ( 'NONE', *, *, #1181, .F. ) ;
#356 = FACE_OUTER_BOUND ( 'NONE', #1129, .T. ) ;
#357 = ORIENTED_EDGE ( 'NONE', *, *, #1944, .F. ) ;
#358 = CARTESIAN_POINT ( 'NONE',  ( 3.350000000000005900, 1.549999999999997200, 1.150000000000005200 ) ) ;
#359 = VECTOR ( 'NONE', #2089, 1000.000000000000000 ) ;
#360 = ORIENTED_EDGE ( 'NONE', *, *, #3073, .T. ) ;
#361 =( GEOMETRIC_REPRESENTATION_CONTEXT ( 3 ) GLOBAL_UNCERTAINTY_ASSIGNED_CONTEXT ( ( #1028 ) ) GLOBAL_UNIT_ASSIGNED_CONTEXT ( ( #3296, #1543, #3576 ) ) REPRESENTATION_CONTEXT ( 'NONE', 'WORKASPACE' ) );
#362 = MECHANICAL_DESIGN_GEOMETRIC_PRESENTATION_REPRESENTATION (  '', ( #3488 ), #549 ) ;
#363 =( LENGTH_UNIT ( ) NAMED_UNIT ( * ) SI_UNIT ( .MILLI., .METRE. ) );
#364 = VECTOR ( 'NONE', #1919, 1000.000000000000000 ) ;
#365 = ORIENTED_EDGE ( 'NONE', *, *, #758, .F. ) ;
#366 = EDGE_LOOP ( 'NONE', ( #191, #776, #401, #1170 ) ) ;
#367 = DIRECTION ( 'NONE',  ( 3.491483361109382100E-015, 1.000000000000000000, 3.369022725727144300E-015 ) ) ;
#368 = CARTESIAN_POINT ( 'NONE',  ( -2.099999999999999200, 0.4000000000000376600, -4.949999999999997500 ) ) ;
#369 = CARTESIAN_POINT ( 'NONE',  ( 4.400000000000000400, -0.09999999999999938100, -1.000000000000000000 ) ) ;
#370 = DIRECTION ( 'NONE',  ( 1.000000000000000000, -3.491483361109382100E-015, -1.219045606090366800E-029 ) ) ;
#371 = LINE ( 'NONE', #3069, #1852 ) ;
#372 = LINE ( 'NONE', #2323, #2533 ) ;
#373 = CARTESIAN_POINT ( 'NONE',  ( -3.849999999999991700, 2.500000000000037300, -3.449999999999992200 ) ) ;
#374 = EDGE_CURVE ( 'NONE', #187, #40, #2498, .T. ) ;
#375 = LINE ( 'NONE', #532, #933 ) ;
#376 = ADVANCED_FACE ( 'NONE', ( #980 ), #602, .F. ) ;
#377 = PRESENTATION_STYLE_ASSIGNMENT (( #1775 ) ) ;
#378 = EDGE_CURVE ( 'NONE', #2059, #188, #1631, .T. ) ;
#379 =( LENGTH_UNIT ( ) NAMED_UNIT ( * ) SI_UNIT ( .MILLI., .METRE. ) );
#380 = LINE ( 'NONE', #3411, #1763 ) ;
#381 = ORIENTED_EDGE ( 'NONE', *, *, #677, .F. ) ;
#382 = SURFACE_SIDE_STYLE ('',( #208 ) ) ;
#383 = EDGE_CURVE ( 'NONE', #2709, #881, #3178, .T. ) ;
#384 = VECTOR ( 'NONE', #84, 1000.000000000000000 ) ;
#385 = DIRECTION ( 'NONE',  ( 3.202362781779914100E-015, 1.000000000000000000, 3.491483361109382100E-015 ) ) ;
#386 =( NAMED_UNIT ( * ) SI_UNIT ( $, .STERADIAN. ) SOLID_ANGLE_UNIT ( ) );
#387 = VERTEX_POINT ( 'NONE', #1445 ) ;
#388 = DIRECTION ( 'NONE',  ( 3.491483361109382100E-015, 1.000000000000000000, 3.369022725727144300E-015 ) ) ;
#389 = CARTESIAN_POINT ( 'NONE',  ( -4.399999999999979900, 5.600000000000042300, -3.849999999999981000 ) ) ;
#390 = EDGE_CURVE ( 'NONE', #2509, #3531, #893, .T. ) ;
#391 = FILL_AREA_STYLE ('',( #1479 ) ) ;
#392 = ORIENTED_EDGE ( 'NONE', *, *, #63, .F. ) ;
#393 = DIRECTION ( 'NONE',  ( 3.491483361109382100E-015, 1.000000000000000000, 3.375835129377594800E-015 ) ) ;
#394 = FACE_OUTER_BOUND ( 'NONE', #1971, .T. ) ;
#395 = PRESENTATION_LAYER_ASSIGNMENT (  '', '', ( #21 ) ) ;
#396 = ADVANCED_FACE ( 'NONE', ( #2413 ), #2310, .F. ) ;
#397 = CARTESIAN_POINT ( 'NONE',  ( 2.100000000000000100, -0.09999999999998258900, -3.350000000000000500 ) ) ;
#398 = DIRECTION ( 'NONE',  ( 1.000000000000000000, -3.202362781779914100E-015, -1.121640225866729200E-029 ) ) ;
#399 = VERTEX_POINT ( 'NONE', #2931 ) ;
#400 = ORIENTED_EDGE ( 'NONE', *, *, #810, .F. ) ;
#401 = ORIENTED_EDGE ( 'NONE', *, *, #1287, .T. ) ;
#402 = LINE ( 'NONE', #1967, #227 ) ;
#403 =( NAMED_UNIT ( * ) PLANE_ANGLE_UNIT ( ) SI_UNIT ( $, .RADIAN. ) );
#404 = CARTESIAN_POINT ( 'NONE',  ( -3.549999999999979400, 5.800000000000015800, 2.750000000000019500 ) ) ;
#405 = CARTESIAN_POINT ( 'NONE',  ( 4.400000000000019900, 5.599999999999990800, 1.800000000000018900 ) ) ;
#406 = ORIENTED_EDGE ( 'NONE', *, *, #2390, .F. ) ;
#407 = CARTESIAN_POINT ( 'NONE',  ( -2.100000000000000100, 3.120319215683952800E-014, -3.349999999999998800 ) ) ;
#408 = ORIENTED_EDGE ( 'NONE', *, *, #3577, .T. ) ;
#409 = CARTESIAN_POINT ( 'NONE',  ( 3.950000000000013500, 4.130000000000005200, -1.849999999999986100 ) ) ;
#410 = CARTESIAN_POINT ( 'NONE',  ( -2.299999999999986100, 3.700000000000011700, 2.750000000000012400 ) ) ;
#411 = LINE ( 'NONE', #1488, #1046 ) ;
#412 = DIRECTION ( 'NONE',  ( -3.491483361109382100E-015, -1.000000000000000000, -3.491483361109382100E-015 ) ) ;
#413 = AXIS2_PLACEMENT_3D ( 'NONE', #1371, #3405, #1660 ) ;
#414 = VECTOR ( 'NONE', #1891, 1000.000000000000000 ) ;
#415 = CARTESIAN_POINT ( 'NONE',  ( 4.400000000000000400, -0.1000000000000091600, 1.799999999999999600 ) ) ;
#416 = DIRECTION ( 'NONE',  ( -1.000000000000000000, 3.491483361109382100E-015, 1.219045606090366800E-029 ) ) ;
#417 = ORIENTED_EDGE ( 'NONE', *, *, #3002, .T. ) ;
#418 = ADVANCED_FACE ( 'NONE', ( #802 ), #2604, .T. ) ;
#419 = ORIENTED_EDGE ( 'NONE', *, *, #3077, .F. ) ;
#420 = VECTOR ( 'NONE', #2431, 1000.000000000000000 ) ;
#421 = VECTOR ( 'NONE', #1389, 1000.000000000000000 ) ;
#422 = ORIENTED_EDGE ( 'NONE', *, *, #989, .F. ) ;
#423 = FILL_AREA_STYLE_COLOUR ( '', #2416 ) ;
#424 = PRESENTATION_STYLE_ASSIGNMENT (( #1261 ) ) ;
#425 = VECTOR ( 'NONE', #3639, 1000.000000000000000 ) ;
#426 = VECTOR ( 'NONE', #3495, 1000.000000000000000 ) ;
#427 = MECHANICAL_DESIGN_GEOMETRIC_PRESENTATION_REPRESENTATION (  '', ( #3543 ), #604 ) ;
#428 = CARTESIAN_POINT ( 'NONE',  ( -5.249999999999980500, 5.800000000000017600, 3.750000000000019500 ) ) ;
#429 = DIRECTION ( 'NONE',  ( 3.491483361109382100E-015, 1.000000000000000000, 3.491483361109382100E-015 ) ) ;
#430 = PLANE ( 'NONE',  #1645 ) ;
#431 = VECTOR ( 'NONE', #1601, 1000.000000000000000 ) ;
#432 =( LENGTH_UNIT ( ) NAMED_UNIT ( * ) SI_UNIT ( .MILLI., .METRE. ) );
#433 = LINE ( 'NONE', #3668, #1906 ) ;
#434 = DIRECTION ( 'NONE',  ( 0.0000000000000000000, 3.491483361109382100E-015, -1.000000000000000000 ) ) ;
#435 = VECTOR ( 'NONE', #960, 1000.000000000000000 ) ;
#436 = CARTESIAN_POINT ( 'NONE',  ( 3.850000000000002300, 0.3500000000000053600, -1.799999999999999600 ) ) ;
#437 = LINE ( 'NONE', #1797, #3285 ) ;
#438 = EDGE_CURVE ( 'NONE', #2039, #2438, #1274, .T. ) ;
#439 = PLANE ( 'NONE',  #1057 ) ;
#440 = ORIENTED_EDGE ( 'NONE', *, *, #2920, .F. ) ;
#441 = CARTESIAN_POINT ( 'NONE',  ( 4.800000000000000700, -0.1000000000000105700, 1.799999999999999600 ) ) ;
#442 = ADVANCED_FACE ( 'NONE', ( #3493 ), #3165, .F. ) ;
#443 = DIRECTION ( 'NONE',  ( -4.037838768332568800E-031, 3.375835129377594800E-015, -1.000000000000000000 ) ) ;
#444 = PRESENTATION_LAYER_ASSIGNMENT (  '', '', ( #246 ) ) ;
#445 = SURFACE_STYLE_USAGE ( .BOTH. , #647 ) ;
#446 = EDGE_CURVE ( 'NONE', #2132, #3470, #1189, .T. ) ;
#447 = UNCERTAINTY_MEASURE_WITH_UNIT (LENGTH_MEASURE( 1.000000000000000100E-005 ), #245, 'distance_accuracy_value', 'NONE');
#448 = VERTEX_POINT ( 'NONE', #3529 ) ;
#449 = ORIENTED_EDGE ( 'NONE', *, *, #3326, .F. ) ;
#450 = AXIS2_PLACEMENT_3D ( 'NONE', #907, #467, #2383 ) ;
#451 = DIRECTION ( 'NONE',  ( 1.000000000000000000, -3.491483361109382100E-015, -1.219045606090366800E-029 ) ) ;
#452 = DIRECTION ( 'NONE',  ( 0.0000000000000000000, 3.491483361109382100E-015, -1.000000000000000000 ) ) ;
#453 = CARTESIAN_POINT ( 'NONE',  ( -0.9000000000000002400, 2.701341212350826700E-014, -3.349999999999998800 ) ) ;
#454 = EDGE_CURVE ( 'NONE', #1169, #2155, #2729, .T. ) ;
#455 = LINE ( 'NONE', #3454, #1082 ) ;
#456 = ORIENTED_EDGE ( 'NONE', *, *, #57, .F. ) ;
#457 = DIRECTION ( 'NONE',  ( -3.491483361109382100E-015, -1.000000000000000000, -3.491483361109382100E-015 ) ) ;
#458 = EDGE_CURVE ( 'NONE', #1799, #3556, #474, .T. ) ;
#459 = ADVANCED_FACE ( 'NONE', ( #1858 ), #710, .F. ) ;
#460 = LINE ( 'NONE', #2675, #3388 ) ;
#461 = DIRECTION ( 'NONE',  ( 0.0000000000000000000, -3.491483361109382100E-015, 1.000000000000000000 ) ) ;
#462 = DIRECTION ( 'NONE',  ( 3.491483361109382500E-015, 1.000000000000000000, 3.377356816637224300E-015 ) ) ;
#463 = EDGE_CURVE ( 'NONE', #2151, #1694, #112, .T. ) ;
#464 = LINE ( 'NONE', #3645, #1847 ) ;
#465 = CARTESIAN_POINT ( 'NONE',  ( 4.800000000000000700, -0.1000000000000105700, 1.799999999999999600 ) ) ;
#466 = CARTESIAN_POINT ( 'NONE',  ( 2.100000000000000100, -0.09999999999998258900, -3.350000000000000500 ) ) ;
#467 = DIRECTION ( 'NONE',  ( 1.000000000000000000, -3.491483361109382100E-015, -1.219045606090366800E-029 ) ) ;
#468 = ORIENTED_EDGE ( 'NONE', *, *, #2785, .F. ) ;
#469 = COLOUR_RGB ( '',0.7529411764705882200, 0.7529411764705882200, 0.7529411764705882200 ) ;
#470 =( NAMED_UNIT ( * ) PLANE_ANGLE_UNIT ( ) SI_UNIT ( $, .RADIAN. ) );
#471 = AXIS2_PLACEMENT_3D ( 'NONE', #2791, #2773, #2756 ) ;
#472 = DIRECTION ( 'NONE',  ( 0.0000000000000000000, -3.491483361109382100E-015, 1.000000000000000000 ) ) ;
#473 = ORIENTED_EDGE ( 'NONE', *, *, #857, .T. ) ;
#474 = LINE ( 'NONE', #3546, #3401 ) ;
#475 = CARTESIAN_POINT ( 'NONE',  ( -0.6000000000000003100, 2.736256045961921300E-014, -3.750000000000000000 ) ) ;
#476 = CARTESIAN_POINT ( 'NONE',  ( 4.400000000000001200, 0.3500000000000008700, -0.9999999999999991100 ) ) ;
#477 = DIRECTION ( 'NONE',  ( -3.491483361109382100E-015, -1.000000000000000000, -3.491483361109382100E-015 ) ) ;
#478 = ORIENTED_EDGE ( 'NONE', *, *, #378, .F. ) ;
#479 = LINE ( 'NONE', #1575, #1682 ) ;
#480 = ORIENTED_EDGE ( 'NONE', *, *, #1890, .T. ) ;
#481 = CARTESIAN_POINT ( 'NONE',  ( -2.299999999999981200, 5.300000000000015800, 1.250000000000017500 ) ) ;
#482 = FILL_AREA_STYLE_COLOUR ( '', #28 ) ;
#483 = STYLED_ITEM ( 'NONE', ( #239 ), #3512 ) ;
#484 = ORIENTED_EDGE ( 'NONE', *, *, #1611, .T. ) ;
#485 = DIRECTION ( 'NONE',  ( -1.000000000000000000, 3.491483361109382100E-015, 1.219045606090366800E-029 ) ) ;
#486 = AXIS2_PLACEMENT_3D ( 'NONE', #1247, #1195, #1164 ) ;
#487 = CARTESIAN_POINT ( 'NONE',  ( -3.849999999999999600, 0.3500000000000322300, -1.799999999999999600 ) ) ;
#488 = VERTEX_POINT ( 'NONE', #85 ) ;
#489 = SURFACE_STYLE_USAGE ( .BOTH. , #2157 ) ;
#490 = AXIS2_PLACEMENT_3D ( 'NONE', #3142, #3130, #2900 ) ;
#491 = VECTOR ( 'NONE', #603, 1000.000000000000000 ) ;
#492 = CARTESIAN_POINT ( 'NONE',  ( -4.399999999999988800, 3.250000000000041300, -3.849999999999989900 ) ) ;
#493 = LINE ( 'NONE', #1643, #3423 ) ;
#494 = ORIENTED_EDGE ( 'NONE', *, *, #685, .F. ) ;
#495 = CARTESIAN_POINT ( 'NONE',  ( 3.350000000000005900, 1.550000000000007800, -1.849999999999995000 ) ) ;
#496 = STYLED_ITEM ( 'NONE', ( #2247 ), #988 ) ;
#497 = VERTEX_POINT ( 'NONE', #3181 ) ;
#498 = COLOUR_RGB ( '',0.7529411764705882200, 0.7529411764705882200, 0.7529411764705882200 ) ;
#499 = CARTESIAN_POINT ( 'NONE',  ( -3.549999999999979400, 5.800000000000015800, 2.750000000000019500 ) ) ;
#500 = EDGE_CURVE ( 'NONE', #3161, #81, #3052, .T. ) ;
#501 = LINE ( 'NONE', #1302, #2841 ) ;
#502 = CARTESIAN_POINT ( 'NONE',  ( 4.400000000000009200, 2.500000000000008900, -3.449999999999992200 ) ) ;
#503 = ORIENTED_EDGE ( 'NONE', *, *, #1934, .T. ) ;
#504 = LINE ( 'NONE', #2422, #3439 ) ;
#505 = EDGE_CURVE ( 'NONE', #3588, #903, #2362, .T. ) ;
#506 = CARTESIAN_POINT ( 'NONE',  ( 3.350000000000012100, 3.399999999999988400, 3.750000000000011100 ) ) ;
#507 = FACE_OUTER_BOUND ( 'NONE', #159, .T. ) ;
#508 = VERTEX_POINT ( 'NONE', #2119 ) ;
#509 = UNCERTAINTY_MEASURE_WITH_UNIT (LENGTH_MEASURE( 1.000000000000000100E-005 ), #341, 'distance_accuracy_value', 'NONE');
#510 = DIRECTION ( 'NONE',  ( -4.275692708279658900E-031, 3.369022725727144300E-015, -1.000000000000000000 ) ) ;
#511 = COLOUR_RGB ( '',0.7529411764705882200, 0.7529411764705882200, 0.7529411764705882200 ) ;
#512 = FACE_OUTER_BOUND ( 'NONE', #2923, .T. ) ;
#513 = VECTOR ( 'NONE', #2329, 1000.000000000000000 ) ;
#514 = EDGE_CURVE ( 'NONE', #1485, #238, #2954, .T. ) ;
#515 = VECTOR ( 'NONE', #3192, 1000.000000000000000 ) ;
#516 =( NAMED_UNIT ( * ) SI_UNIT ( $, .STERADIAN. ) SOLID_ANGLE_UNIT ( ) );
#517 = LINE ( 'NONE', #766, #2774 ) ;
#518 = FACE_BOUND ( 'NONE', #524, .T. ) ;
#519 =( GEOMETRIC_REPRESENTATION_CONTEXT ( 3 ) GLOBAL_UNCERTAINTY_ASSIGNED_CONTEXT ( ( #17 ) ) GLOBAL_UNIT_ASSIGNED_CONTEXT ( ( #1264, #3299, #1544 ) ) REPRESENTATION_CONTEXT ( 'NONE', 'WORKASPACE' ) );
#520 = FILL_AREA_STYLE ('',( #233 ) ) ;
#521 = VECTOR ( 'NONE', #393, 1000.000000000000000 ) ;
#522 = DIRECTION ( 'NONE',  ( -1.000000000000000000, 3.491483361109382100E-015, 1.219045606090366800E-029 ) ) ;
#523 = EDGE_CURVE ( 'NONE', #2754, #1128, #33, .T. ) ;
#524 = EDGE_LOOP ( 'NONE', ( #147, #1614, #2399, #1462 ) ) ;
#525 = SURFACE_SIDE_STYLE ('',( #3435 ) ) ;
#526 = CARTESIAN_POINT ( 'NONE',  ( -2.299999999999981200, 5.300000000000027400, -2.449999999999982400 ) ) ;
#527 = EDGE_CURVE ( 'NONE', #1873, #1300, #2252, .T. ) ;
#528 = CARTESIAN_POINT ( 'NONE',  ( -2.299999999999979000, 5.800000000000015800, 1.250000000000019300 ) ) ;
#529 = SURFACE_STYLE_USAGE ( .BOTH. , #1320 ) ;
#530 = CARTESIAN_POINT ( 'NONE',  ( -3.399999999999986100, 4.130000000000031000, -1.849999999999986100 ) ) ;
#531 = EDGE_LOOP ( 'NONE', ( #1653, #2887, #1948, #2752 ) ) ;
#532 = CARTESIAN_POINT ( 'NONE',  ( -3.349999999999995200, 1.550000000000020500, 1.150000000000005200 ) ) ;
#533 = MECHANICAL_DESIGN_GEOMETRIC_PRESENTATION_REPRESENTATION (  '', ( #3648 ), #711 ) ;
#534 = EDGE_LOOP ( 'NONE', ( #3301, #3029, #1361, #572 ) ) ;
#535 = EDGE_LOOP ( 'NONE', ( #332, #1527, #2864, #32, #840, #3218 ) ) ;
#536 = PLANE ( 'NONE',  #2567 ) ;
#537 = ORIENTED_EDGE ( 'NONE', *, *, #3242, .F. ) ;
#539 = ORIENTED_EDGE ( 'NONE', *, *, #1686, .F. ) ;
#538 = AXIS2_PLACEMENT_3D ( 'NONE', #2178, #3075, #2481 ) ;
#540 = ORIENTED_EDGE ( 'NONE', *, *, #618, .T. ) ;
#541 = CARTESIAN_POINT ( 'NONE',  ( 4.800000000000000700, -0.1000000000000007800, -1.000000000000000000 ) ) ;
#542 = DIRECTION ( 'NONE',  ( -3.491483361109382100E-015, -1.000000000000000000, -3.369022725727144300E-015 ) ) ;
#543 = SURFACE_STYLE_USAGE ( .BOTH. , #2213 ) ;
#544 = VERTEX_POINT ( 'NONE', #2267 ) ;
#545 = VECTOR ( 'NONE', #1567, 1000.000000000000000 ) ;
#546 = CARTESIAN_POINT ( 'NONE',  ( -5.250000000000000000, 3.702836377360991300E-014, -1.800000000000000500 ) ) ;
#547 = UNCERTAINTY_MEASURE_WITH_UNIT (LENGTH_MEASURE( 1.000000000000000100E-005 ), #3021, 'distance_accuracy_value', 'NONE');
#548 = ADVANCED_FACE ( 'NONE', ( #676 ), #2006, .F. ) ;
#549 =( GEOMETRIC_REPRESENTATION_CONTEXT ( 3 ) GLOBAL_UNCERTAINTY_ASSIGNED_CONTEXT ( ( #1615 ) ) GLOBAL_UNIT_ASSIGNED_CONTEXT ( ( #1374, #330, #2000 ) ) REPRESENTATION_CONTEXT ( 'NONE', 'WORKASPACE' ) );
#550 = FACE_OUTER_BOUND ( 'NONE', #3406, .T. ) ;
#551 = VECTOR ( 'NONE', #2295, 1000.000000000000000 ) ;
#552 = CARTESIAN_POINT ( 'NONE',  ( -2.849999999999988500, 3.330000000000019600, 1.250000000000011100 ) ) ;
#553 = CARTESIAN_POINT ( 'NONE',  ( -3.549999999999985600, 4.130000000000012300, 3.750000000000013800 ) ) ;
#554 = DIRECTION ( 'NONE',  ( 4.275692708279658900E-031, -3.369022725727144300E-015, 1.000000000000000000 ) ) ;
#555 = SURFACE_SIDE_STYLE ('',( #2549 ) ) ;
#556 = ORIENTED_EDGE ( 'NONE', *, *, #1298, .F. ) ;
#557 = ORIENTED_EDGE ( 'NONE', *, *, #13, .F. ) ;
#558 = AXIS2_PLACEMENT_3D ( 'NONE', #23, #282, #3482 ) ;
#559 = FACE_OUTER_BOUND ( 'NONE', #349, .T. ) ;
#560 = ORIENTED_EDGE ( 'NONE', *, *, #1303, .T. ) ;
#561 = EDGE_CURVE ( 'NONE', #2732, #2163, #2852, .T. ) ;
#562 = CARTESIAN_POINT ( 'NONE',  ( -3.949999999999986400, 3.400000000000032800, -1.849999999999987900 ) ) ;
#563 = EDGE_CURVE ( 'NONE', #3519, #3247, #1318, .T. ) ;
#564 = FILL_AREA_STYLE ('',( #2277 ) ) ;
#565 = ORIENTED_EDGE ( 'NONE', *, *, #3319, .F. ) ;
#566 = DIRECTION ( 'NONE',  ( 3.491483361109382500E-015, 1.000000000000000000, 3.369022725727144700E-015 ) ) ;
#567 = PLANE ( 'NONE',  #915 ) ;
#568 = PLANE ( 'NONE',  #780 ) ;
#569 = EDGE_CURVE ( 'NONE', #238, #692, #2080, .T. ) ;
#570 = ORIENTED_EDGE ( 'NONE', *, *, #1255, .T. ) ;
#571 = DIRECTION ( 'NONE',  ( -1.000000000000000000, 3.491483361109382100E-015, 1.219045606090366800E-029 ) ) ;
#572 = ORIENTED_EDGE ( 'NONE', *, *, #698, .T. ) ;
#573 = LINE ( 'NONE', #1348, #1965 ) ;
#574 = ORIENTED_EDGE ( 'NONE', *, *, #2936, .T. ) ;
#575 = EDGE_CURVE ( 'NONE', #2665, #1024, #2770, .T. ) ;
#576 = DIRECTION ( 'NONE',  ( -1.000000000000000000, 3.491483361109382100E-015, 1.219045606090366800E-029 ) ) ;
#577 = COLOUR_RGB ( '',0.7529411764705882200, 0.7529411764705882200, 0.7529411764705882200 ) ;
#578 = ORIENTED_EDGE ( 'NONE', *, *, #2177, .F. ) ;
#579 = MECHANICAL_DESIGN_GEOMETRIC_PRESENTATION_REPRESENTATION (  '', ( #21 ), #763 ) ;
#580 = DIRECTION ( 'NONE',  ( -3.491483361109382100E-015, -1.000000000000000000, -3.491483361109382100E-015 ) ) ;
#581 = FILL_AREA_STYLE_COLOUR ( '', #1742 ) ;
#582 = LINE ( 'NONE', #2035, #3523 ) ;
#583 = ORIENTED_EDGE ( 'NONE', *, *, #561, .F. ) ;
#584 = PLANE ( 'NONE',  #1076 ) ;
#585 = VECTOR ( 'NONE', #2408, 1000.000000000000000 ) ;
#586 = DIRECTION ( 'NONE',  ( -1.000000000000000000, 3.491483361109382100E-015, 1.219045606090366800E-029 ) ) ;
#587 = ORIENTED_EDGE ( 'NONE', *, *, #2523, .T. ) ;
#588 = PRODUCT_DEFINITION_CONTEXT ( 'detailed design', #901, 'design' ) ;
#589 = COLOUR_RGB ( '',0.0000000000000000000, 0.0000000000000000000, 0.6274509803921568500 ) ;
#590 = CARTESIAN_POINT ( 'NONE',  ( -3.850000000000001000, 1.352181035326957700E-014, 3.750000000000000000 ) ) ;
#591 = VECTOR ( 'NONE', #2988, 1000.000000000000000 ) ;
#592 = CARTESIAN_POINT ( 'NONE',  ( 2.300000000000018500, 5.300000000000014000, -2.449999999999982400 ) ) ;
#593 =( NAMED_UNIT ( * ) PLANE_ANGLE_UNIT ( ) SI_UNIT ( $, .RADIAN. ) );
#594 = LINE ( 'NONE', #409, #3537 ) ;
#595 = LINE ( 'NONE', #1344, #1812 ) ;
#596 = VECTOR ( 'NONE', #2743, 1000.000000000000000 ) ;
#597 = VECTOR ( 'NONE', #1243, 1000.000000000000000 ) ;
#598 = AXIS2_PLACEMENT_3D ( 'NONE', #2379, #2138, #2127 ) ;
#599 = EDGE_LOOP ( 'NONE', ( #1605, #3183, #1278, #1360 ) ) ;
#600 = VECTOR ( 'NONE', #2004, 1000.000000000000000 ) ;
#601 = CARTESIAN_POINT ( 'NONE',  ( 5.250000000000000000, 6.937382797129323600E-015, -3.750000000000000000 ) ) ;
#602 = PLANE ( 'NONE',  #693 ) ;
#603 = DIRECTION ( 'NONE',  ( 0.0000000000000000000, 3.491483361109382100E-015, -1.000000000000000000 ) ) ;
#604 =( GEOMETRIC_REPRESENTATION_CONTEXT ( 3 ) GLOBAL_UNCERTAINTY_ASSIGNED_CONTEXT ( ( #805 ) ) GLOBAL_UNIT_ASSIGNED_CONTEXT ( ( #2915, #2336, #3507 ) ) REPRESENTATION_CONTEXT ( 'NONE', 'WORKASPACE' ) );
#605 = SURFACE_STYLE_USAGE ( .BOTH. , #2283 ) ;
#606 = SURFACE_SIDE_STYLE ('',( #2886 ) ) ;
#607 = ORIENTED_EDGE ( 'NONE', *, *, #1811, .T. ) ;
#608 = ORIENTED_EDGE ( 'NONE', *, *, #2523, .F. ) ;
#609 = SURFACE_STYLE_FILL_AREA ( #328 ) ;
#610 = DIRECTION ( 'NONE',  ( -4.275692708279658900E-031, 3.369022725727144300E-015, -1.000000000000000000 ) ) ;
#611 = VERTEX_POINT ( 'NONE', #346 ) ;
#612 = DIRECTION ( 'NONE',  ( -4.731842306639732300E-031, 3.355958089548694000E-015, -1.000000000000000000 ) ) ;
#613 = CARTESIAN_POINT ( 'NONE',  ( -3.399999999999986100, 4.130000000000031000, -1.849999999999986100 ) ) ;
#614 = MECHANICAL_DESIGN_GEOMETRIC_PRESENTATION_REPRESENTATION (  '', ( #246 ), #794 ) ;
#615 =( NAMED_UNIT ( * ) SI_UNIT ( $, .STERADIAN. ) SOLID_ANGLE_UNIT ( ) );
#616 = CARTESIAN_POINT ( 'NONE',  ( -3.399999999999983900, 4.780000000000030400, -1.849999999999984500 ) ) ;
#617 = ORIENTED_EDGE ( 'NONE', *, *, #2396, .F. ) ;
#618 = EDGE_CURVE ( 'NONE', #269, #188, #2680, .T. ) ;
#619 = ORIENTED_EDGE ( 'NONE', *, *, #3498, .F. ) ;
#620 = PRESENTATION_LAYER_ASSIGNMENT (  '', '', ( #255 ) ) ;
#621 = DIRECTION ( 'NONE',  ( 3.491483361109382100E-015, 1.000000000000000000, 3.369022725727144300E-015 ) ) ;
#622 = DIRECTION ( 'NONE',  ( 3.491483361109382100E-015, 1.000000000000000000, 3.355958089548694000E-015 ) ) ;
#623 = VERTEX_POINT ( 'NONE', #2504 ) ;
#624 = DIRECTION ( 'NONE',  ( 1.000000000000000000, 0.0000000000000000000, 0.0000000000000000000 ) ) ;
#625 = LINE ( 'NONE', #3180, #2021 ) ;
#626 =( NAMED_UNIT ( * ) PLANE_ANGLE_UNIT ( ) SI_UNIT ( $, .RADIAN. ) );
#627 = SURFACE_SIDE_STYLE ('',( #2520 ) ) ;
#628 = EDGE_CURVE ( 'NONE', #2735, #3124, #3452, .T. ) ;
#629 = ORIENTED_EDGE ( 'NONE', *, *, #3361, .T. ) ;
#630 = EDGE_CURVE ( 'NONE', #911, #1259, #1148, .T. ) ;
#631 = PRESENTATION_STYLE_ASSIGNMENT (( #529 ) ) ;
#632 = FACE_OUTER_BOUND ( 'NONE', #1144, .T. ) ;
#633 = COLOUR_RGB ( '',0.7529411764705882200, 0.7529411764705882200, 0.7529411764705882200 ) ;
#634 = EDGE_CURVE ( 'NONE', #1985, #448, #595, .T. ) ;
#635 = CARTESIAN_POINT ( 'NONE',  ( 3.350000000000004500, 1.149999999999997200, 1.150000000000003900 ) ) ;
#636 = DIRECTION ( 'NONE',  ( 3.491483361109382100E-015, 1.000000000000000000, 3.369022725727144300E-015 ) ) ;
#637 = ORIENTED_EDGE ( 'NONE', *, *, #690, .F. ) ;
#638 = CARTESIAN_POINT ( 'NONE',  ( -2.299999999999986500, 3.800000000000030900, -2.449999999999987700 ) ) ;
#639 = SURFACE_SIDE_STYLE ('',( #2835 ) ) ;
#640 = ORIENTED_EDGE ( 'NONE', *, *, #3054, .F. ) ;
#641 = LINE ( 'NONE', #1391, #2034 ) ;
#642 = ORIENTED_EDGE ( 'NONE', *, *, #2095, .T. ) ;
#643 = PRESENTATION_LAYER_ASSIGNMENT (  '', '', ( #272 ) ) ;
#644 = CARTESIAN_POINT ( 'NONE',  ( 2.300000000000018500, 5.300000000000014000, -2.449999999999982400 ) ) ;
#645 = CARTESIAN_POINT ( 'NONE',  ( 2.100000000000000100, -0.09999999999998258900, -3.350000000000000500 ) ) ;
#646 = AXIS2_PLACEMENT_3D ( 'NONE', #3575, #2053, #2038 ) ;
#647 = SURFACE_SIDE_STYLE ('',( #1794 ) ) ;
#648 = ORIENTED_EDGE ( 'NONE', *, *, #5, .F. ) ;
#649 = FACE_OUTER_BOUND ( 'NONE', #3442, .T. ) ;
#650 = SHAPE_DEFINITION_REPRESENTATION ( #2662, #1133 ) ;
#651 = CARTESIAN_POINT ( 'NONE',  ( 3.850000000000001000, 5.335464600512982100E-015, -1.800000000000000500 ) ) ;
#652 = ORIENTED_EDGE ( 'NONE', *, *, #2728, .F. ) ;
#653 = ORIENTED_EDGE ( 'NONE', *, *, #3501, .T. ) ;
#654 =( NAMED_UNIT ( * ) SI_UNIT ( $, .STERADIAN. ) SOLID_ANGLE_UNIT ( ) );
#655 = UNCERTAINTY_MEASURE_WITH_UNIT (LENGTH_MEASURE( 1.000000000000000100E-005 ), #2781, 'distance_accuracy_value', 'NONE');
#656 = COLOUR_RGB ( '',0.7529411764705882200, 0.7529411764705882200, 0.7529411764705882200 ) ;
#657 = VERTEX_POINT ( 'NONE', #3153 ) ;
#658 = DIRECTION ( 'NONE',  ( -4.275692708279658900E-031, 3.369022725727144300E-015, -1.000000000000000000 ) ) ;
#659 = PLANE ( 'NONE',  #2701 ) ;
#660 = VECTOR ( 'NONE', #923, 1000.000000000000000 ) ;
#661 = ORIENTED_EDGE ( 'NONE', *, *, #2460, .T. ) ;
#662 = AXIS2_PLACEMENT_3D ( 'NONE', #152, #3570, #1829 ) ;
#663 = DIRECTION ( 'NONE',  ( 3.491483361109382100E-015, 1.000000000000000000, 3.369022725727144300E-015 ) ) ;
#664 = ADVANCED_FACE ( 'NONE', ( #2582 ), #3660, .F. ) ;
#665 = PRESENTATION_LAYER_ASSIGNMENT (  '', '', ( #293 ) ) ;
#666 = SURFACE_STYLE_USAGE ( .BOTH. , #2363 ) ;
#667 = VECTOR ( 'NONE', #2651, 1000.000000000000000 ) ;
#668 = ORIENTED_EDGE ( 'NONE', *, *, #1998, .T. ) ;
#669 = CARTESIAN_POINT ( 'NONE',  ( 0.5999999999999995300, -0.09999999999997735700, -3.350000000000000500 ) ) ;
#670 = AXIS2_PLACEMENT_3D ( 'NONE', #2171, #2149, #1913 ) ;
#671 = LINE ( 'NONE', #3276, #2845 ) ;
#672 = CARTESIAN_POINT ( 'NONE',  ( 3.950000000000013500, 4.130000000000005200, -1.849999999999986100 ) ) ;
#673 = ORIENTED_EDGE ( 'NONE', *, *, #2253, .F. ) ;
#674 = CARTESIAN_POINT ( 'NONE',  ( 0.5999999999999995300, -0.09999999999997735700, -3.350000000000000500 ) ) ;
#675 = VECTOR ( 'NONE', #2387, 1000.000000000000000 ) ;
#676 = FACE_OUTER_BOUND ( 'NONE', #831, .T. ) ;
#677 = EDGE_CURVE ( 'NONE', #1411, #1300, #1538, .T. ) ;
#678 = VECTOR ( 'NONE', #472, 1000.000000000000000 ) ;
#679 = CARTESIAN_POINT ( 'NONE',  ( 2.100000000000001400, 0.4000000000000188400, -3.749999999999998200 ) ) ;
#680 = ADVANCED_FACE ( 'NONE', ( #2204 ), #2351, .F. ) ;
#681 = ORIENTED_EDGE ( 'NONE', *, *, #1556, .T. ) ;
#682 = ADVANCED_FACE ( 'NONE', ( #3007 ), #2222, .F. ) ;
#683 = VECTOR ( 'NONE', #1277, 1000.000000000000000 ) ;
#684 = DIRECTION ( 'NONE',  ( -3.491483361109382100E-015, -1.000000000000000000, -3.491483361109382100E-015 ) ) ;
#685 = EDGE_CURVE ( 'NONE', #3385, #2665, #2723, .T. ) ;
#686 = FILL_AREA_STYLE ('',( #950 ) ) ;
#687 = VERTEX_POINT ( 'NONE', #590 ) ;
#688 = LINE ( 'NONE', #1250, #3630 ) ;
#689 = CARTESIAN_POINT ( 'NONE',  ( 3.400000000000016800, 4.780000000000006500, -1.849999999999984500 ) ) ;
#690 = EDGE_CURVE ( 'NONE', #2870, #1093, #1586, .T. ) ;
#691 = CARTESIAN_POINT ( 'NONE',  ( 3.850000000000009000, 2.500000000000010700, -3.449999999999992200 ) ) ;
#692 = VERTEX_POINT ( 'NONE', #2914 ) ;
#693 = AXIS2_PLACEMENT_3D ( 'NONE', #3263, #1215, #1453 ) ;
#694 = DIRECTION ( 'NONE',  ( 3.491483361109382100E-015, 1.000000000000000000, 3.491483361109382100E-015 ) ) ;
#695 = FACE_OUTER_BOUND ( 'NONE', #2117, .T. ) ;
#696 = ORIENTED_EDGE ( 'NONE', *, *, #575, .F. ) ;
#697 = PLANE ( 'NONE',  #230 ) ;
#698 = EDGE_CURVE ( 'NONE', #2175, #1241, #2359, .T. ) ;
#699 = PLANE ( 'NONE',  #3041 ) ;
#700 = CARTESIAN_POINT ( 'NONE',  ( 0.9000000000000011300, 0.4000000000000230000, -3.749999999999998200 ) ) ;
#701 = ADVANCED_FACE ( 'NONE', ( #111 ), #2199, .F. ) ;
#702 = ORIENTED_EDGE ( 'NONE', *, *, #374, .F. ) ;
#703 = CARTESIAN_POINT ( 'NONE',  ( -3.549999999999979400, 5.800000000000015800, 2.750000000000019500 ) ) ;
#704 = VECTOR ( 'NONE', #1721, 1000.000000000000000 ) ;
#705 = ORIENTED_EDGE ( 'NONE', *, *, #1606, .T. ) ;
#706 = DIRECTION ( 'NONE',  ( -3.491483361109382100E-015, -1.000000000000000000, -2.083871812087760100E-014 ) ) ;
#707 = EDGE_CURVE ( 'NONE', #1327, #1343, #2768, .T. ) ;
#708 = EDGE_LOOP ( 'NONE', ( #2355, #2476, #146, #1617 ) ) ;
#709 = CARTESIAN_POINT ( 'NONE',  ( 5.250000000000001800, 0.3500000000000003100, -1.799999999999999600 ) ) ;
#710 = PLANE ( 'NONE',  #70 ) ;
#711 =( GEOMETRIC_REPRESENTATION_CONTEXT ( 3 ) GLOBAL_UNCERTAINTY_ASSIGNED_CONTEXT ( ( #2871 ) ) GLOBAL_UNIT_ASSIGNED_CONTEXT ( ( #2584, #876, #2881 ) ) REPRESENTATION_CONTEXT ( 'NONE', 'WORKASPACE' ) );
#712 = CARTESIAN_POINT ( 'NONE',  ( 2.850000000000016500, 4.779999999999993100, 2.750000000000015500 ) ) ;
#713 = COLOUR_RGB ( '',0.7529411764705882200, 0.7529411764705882200, 0.7529411764705882200 ) ;
#714 = FILL_AREA_STYLE_COLOUR ( '', #511 ) ;
#715 = EDGE_LOOP ( 'NONE', ( #2521, #1044, #1451, #1124 ) ) ;
#716 = VERTEX_POINT ( 'NONE', #2602 ) ;
#717 = AXIS2_PLACEMENT_3D ( 'NONE', #1758, #1656, #1649 ) ;
#718 = PLANE ( 'NONE',  #1416 ) ;
#719 = ORIENTED_EDGE ( 'NONE', *, *, #259, .T. ) ;
#720 = DIRECTION ( 'NONE',  ( 6.056758152498904400E-029, 2.083871812087760100E-014, -1.000000000000000000 ) ) ;
#721 = VECTOR ( 'NONE', #3363, 1000.000000000000000 ) ;
#722 = ADVANCED_FACE ( 'NONE', ( #512 ), #567, .F. ) ;
#723 = ORIENTED_EDGE ( 'NONE', *, *, #2921, .T. ) ;
#724 = PRESENTATION_LAYER_ASSIGNMENT (  '', '', ( #348 ) ) ;
#725 = CARTESIAN_POINT ( 'NONE',  ( -4.399999999999999500, 0.3500000000000216800, 1.800000000000001200 ) ) ;
#726 = CARTESIAN_POINT ( 'NONE',  ( -0.6000000000000003100, 2.736256045961921300E-014, -3.750000000000000000 ) ) ;
#727 =( NAMED_UNIT ( * ) SI_UNIT ( $, .STERADIAN. ) SOLID_ANGLE_UNIT ( ) );
#728 = LINE ( 'NONE', #528, #2207 ) ;
#729 = LINE ( 'NONE', #2522, #2909 ) ;
#730 = ORIENTED_EDGE ( 'NONE', *, *, #561, .T. ) ;
#731 = FILL_AREA_STYLE_COLOUR ( '', #2304 ) ;
#732 = CARTESIAN_POINT ( 'NONE',  ( -4.399999999999988800, 3.250000000000040000, -3.449999999999989500 ) ) ;
#733 = ORIENTED_EDGE ( 'NONE', *, *, #2400, .T. ) ;
#734 = VECTOR ( 'NONE', #1153, 1000.000000000000000 ) ;
#735 = DIRECTION ( 'NONE',  ( -4.275692708279658900E-031, 3.369022725727144300E-015, -1.000000000000000000 ) ) ;
#736 = ORIENTED_EDGE ( 'NONE', *, *, #2671, .T. ) ;
#737 = STYLED_ITEM ( 'NONE', ( #796 ), #3254 ) ;
#738 = CARTESIAN_POINT ( 'NONE',  ( -3.399999999999986100, 4.130000000000015900, 2.750000000000013800 ) ) ;
#739 = CARTESIAN_POINT ( 'NONE',  ( 2.850000000000016500, 4.780000000000009100, -1.849999999999984500 ) ) ;
#740 = VERTEX_POINT ( 'NONE', #101 ) ;
#741 = DIRECTION ( 'NONE',  ( 3.491483361109382500E-015, 1.000000000000000000, 3.377356816637224300E-015 ) ) ;
#742 = ORIENTED_EDGE ( 'NONE', *, *, #306, .F. ) ;
#743 = ORIENTED_EDGE ( 'NONE', *, *, #2598, .F. ) ;
#744 = PLANE ( 'NONE',  #2957 ) ;
#745 = CARTESIAN_POINT ( 'NONE',  ( -2.849999999999983700, 4.780000000000027800, -1.849999999999984500 ) ) ;
#746 = EDGE_CURVE ( 'NONE', #90, #488, #1228, .T. ) ;
#747 = LINE ( 'NONE', #2834, #10 ) ;
#748 = ORIENTED_EDGE ( 'NONE', *, *, #3332, .F. ) ;
#749 = EDGE_CURVE ( 'NONE', #1300, #2501, #3448, .T. ) ;
#750 = VECTOR ( 'NONE', #941, 1000.000000000000000 ) ;
#751 = ORIENTED_EDGE ( 'NONE', *, *, #2333, .F. ) ;
#752 = ORIENTED_EDGE ( 'NONE', *, *, #2671, .F. ) ;
#753 = EDGE_CURVE ( 'NONE', #1545, #906, #2676, .T. ) ;
#754 = VECTOR ( 'NONE', #3548, 1000.000000000000000 ) ;
#755 = FILL_AREA_STYLE ('',( #2747 ) ) ;
#756 = FACE_OUTER_BOUND ( 'NONE', #3358, .T. ) ;
#757 = VERTEX_POINT ( 'NONE', #897 ) ;
#758 = EDGE_CURVE ( 'NONE', #2543, #3588, #1900, .T. ) ;
#759 = VECTOR ( 'NONE', #3545, 1000.000000000000000 ) ;
#760 =( NAMED_UNIT ( * ) PLANE_ANGLE_UNIT ( ) SI_UNIT ( $, .RADIAN. ) );
#761 = FACE_OUTER_BOUND ( 'NONE', #534, .T. ) ;
#762 = ORIENTED_EDGE ( 'NONE', *, *, #1897, .F. ) ;
#763 =( GEOMETRIC_REPRESENTATION_CONTEXT ( 3 ) GLOBAL_UNCERTAINTY_ASSIGNED_CONTEXT ( ( #276 ) ) GLOBAL_UNIT_ASSIGNED_CONTEXT ( ( #2645, #945, #2951 ) ) REPRESENTATION_CONTEXT ( 'NONE', 'WORKASPACE' ) );
#764 = DIRECTION ( 'NONE',  ( -3.491483361109382100E-015, -1.000000000000000000, -3.369022725727144300E-015 ) ) ;
#765 = LINE ( 'NONE', #134, #675 ) ;
#766 = CARTESIAN_POINT ( 'NONE',  ( 3.550000000000020300, 5.799999999999991800, 2.750000000000019500 ) ) ;
#767 = VECTOR ( 'NONE', #2109, 1000.000000000000000 ) ;
#768 = CARTESIAN_POINT ( 'NONE',  ( -3.850000000000001000, 3.221988648105523300E-014, -1.800000000000000500 ) ) ;
#769 = LINE ( 'NONE', #196, #843 ) ;
#770 = FACE_OUTER_BOUND ( 'NONE', #1564, .T. ) ;
#771 = UNCERTAINTY_MEASURE_WITH_UNIT (LENGTH_MEASURE( 1.000000000000000100E-005 ), #2459, 'distance_accuracy_value', 'NONE');
#772 = DIRECTION ( 'NONE',  ( -3.491483361109382100E-015, -1.000000000000000000, -3.369022725727144300E-015 ) ) ;
#773 = CARTESIAN_POINT ( 'NONE',  ( 5.250000000000008900, 2.500000000000005800, -3.449999999999992200 ) ) ;
#774 = ORIENTED_EDGE ( 'NONE', *, *, #2739, .T. ) ;
#775 = VECTOR ( 'NONE', #1528, 1000.000000000000000 ) ;
#776 = ORIENTED_EDGE ( 'NONE', *, *, #2874, .T. ) ;
#777 = EDGE_LOOP ( 'NONE', ( #1252, #608, #3638, #3598 ) ) ;
#778 = VECTOR ( 'NONE', #1530, 1000.000000000000000 ) ;
#779 = CARTESIAN_POINT ( 'NONE',  ( 3.950000000000013500, 4.130000000000005200, -1.849999999999986100 ) ) ;
#780 = AXIS2_PLACEMENT_3D ( 'NONE', #273, #2542, #830 ) ;
#781 = ORIENTED_EDGE ( 'NONE', *, *, #749, .F. ) ;
#782 = VECTOR ( 'NONE', #3416, 1000.000000000000000 ) ;
#783 = VERTEX_POINT ( 'NONE', #2551 ) ;
#784 = DIRECTION ( 'NONE',  ( 4.731842306639732300E-031, -3.355958089548694400E-015, 1.000000000000000000 ) ) ;
#785 = SURFACE_STYLE_USAGE ( .BOTH. , #2484 ) ;
#786 = VERTEX_POINT ( 'NONE', #1098 ) ;
#787 = DIRECTION ( 'NONE',  ( -1.000000000000000000, 3.491483361109382100E-015, 1.219045606090366800E-029 ) ) ;
#788 = ORIENTED_EDGE ( 'NONE', *, *, #1876, .T. ) ;
#789 = LINE ( 'NONE', #616, #2286 ) ;
#790 = ORIENTED_EDGE ( 'NONE', *, *, #264, .F. ) ;
#791 = PRESENTATION_STYLE_ASSIGNMENT (( #2108 ) ) ;
#792 = VERTEX_POINT ( 'NONE', #2309 ) ;
#793 = DIRECTION ( 'NONE',  ( -1.000000000000000000, 3.491483361109382100E-015, 1.219045606090366800E-029 ) ) ;
#794 =( GEOMETRIC_REPRESENTATION_CONTEXT ( 3 ) GLOBAL_UNCERTAINTY_ASSIGNED_CONTEXT ( ( #2007 ) ) GLOBAL_UNIT_ASSIGNED_CONTEXT ( ( #2030, #2619, #1752 ) ) REPRESENTATION_CONTEXT ( 'NONE', 'WORKASPACE' ) );
#795 = ORIENTED_EDGE ( 'NONE', *, *, #1355, .T. ) ;
#796 = PRESENTATION_STYLE_ASSIGNMENT (( #184 ) ) ;
#797 = FACE_OUTER_BOUND ( 'NONE', #2792, .T. ) ;
#798 = ORIENTED_EDGE ( 'NONE', *, *, #338, .F. ) ;
#799 = EDGE_CURVE ( 'NONE', #792, #304, #333, .T. ) ;
#800 = PRESENTATION_STYLE_ASSIGNMENT (( #1736 ) ) ;
#801 = CARTESIAN_POINT ( 'NONE',  ( 3.950000000000013500, 4.129999999999985700, 3.750000000000013800 ) ) ;
#802 = FACE_OUTER_BOUND ( 'NONE', #2272, .T. ) ;
#803 = MECHANICAL_DESIGN_GEOMETRIC_PRESENTATION_REPRESENTATION (  '', ( #255 ), #991 ) ;
#804 = CARTESIAN_POINT ( 'NONE',  ( 0.6000000000000012000, 0.4000000000000240600, -3.749999999999998200 ) ) ;
#805 = UNCERTAINTY_MEASURE_WITH_UNIT (LENGTH_MEASURE( 1.000000000000000100E-005 ), #2915, 'distance_accuracy_value', 'NONE');
#806 = ORIENTED_EDGE ( 'NONE', *, *, #813, .F. ) ;
#807 = CARTESIAN_POINT ( 'NONE',  ( 2.850000000000012500, 3.329999999999999600, 1.250000000000011100 ) ) ;
#808 = EDGE_CURVE ( 'NONE', #2786, #3298, #2581, .T. ) ;
#809 = ORIENTED_EDGE ( 'NONE', *, *, #2095, .F. ) ;
#810 = EDGE_CURVE ( 'NONE', #3591, #2151, #3274, .T. ) ;
#811 = ORIENTED_EDGE ( 'NONE', *, *, #1698, .F. ) ;
#812 =( NAMED_UNIT ( * ) PLANE_ANGLE_UNIT ( ) SI_UNIT ( $, .RADIAN. ) );
#813 = EDGE_CURVE ( 'NONE', #1425, #2578, #1718, .T. ) ;
#814 = DIRECTION ( 'NONE',  ( 3.491483361109382100E-015, 1.000000000000000000, 3.369022725727144300E-015 ) ) ;
#815 = ORIENTED_EDGE ( 'NONE', *, *, #2085, .F. ) ;
#816 = CARTESIAN_POINT ( 'NONE',  ( -5.250000000000000000, 0.3500000000000369500, -1.799999999999999600 ) ) ;
#817 = CARTESIAN_POINT ( 'NONE',  ( 0.8999999999999998000, 2.212533541795514000E-014, -3.750000000000000000 ) ) ;
#818 = VERTEX_POINT ( 'NONE', #2335 ) ;
#819 = MECHANICAL_DESIGN_GEOMETRIC_PRESENTATION_REPRESENTATION (  '', ( #272 ), #1010 ) ;
#820 =( LENGTH_UNIT ( ) NAMED_UNIT ( * ) SI_UNIT ( .MILLI., .METRE. ) );
#821 = VERTEX_POINT ( 'NONE', #2036 ) ;
#822 = STYLED_ITEM ( 'NONE', ( #3262 ), #1600 ) ;
#823 = ORIENTED_EDGE ( 'NONE', *, *, #1872, .F. ) ;
#824 = CARTESIAN_POINT ( 'NONE',  ( 3.350000000000012100, 3.400000000000007000, -1.849999999999987900 ) ) ;
#825 = CARTESIAN_POINT ( 'NONE',  ( -3.849999999999991700, 2.500000000000038200, -3.749999999999992000 ) ) ;
#826 = VECTOR ( 'NONE', #784, 1000.000000000000000 ) ;
#827 = CARTESIAN_POINT ( 'NONE',  ( -3.850000000000001000, 3.221988648105523300E-014, -1.800000000000000500 ) ) ;
#828 = LINE ( 'NONE', #2565, #3042 ) ;
#829 = ADVANCED_FACE ( 'NONE', ( #2407 ), #52, .F. ) ;
#830 = DIRECTION ( 'NONE',  ( -3.491483361109382100E-015, -1.000000000000000000, -3.369022725727144300E-015 ) ) ;
#831 = EDGE_LOOP ( 'NONE', ( #3502, #3514, #3436, #352, #171, #2016 ) ) ;
#832 = LINE ( 'NONE', #2394, #585 ) ;
#833 = CARTESIAN_POINT ( 'NONE',  ( -0.9000000000000004700, -0.09999999999996674000, -4.949999999999999300 ) ) ;
#834 = PRESENTATION_LAYER_ASSIGNMENT (  '', '', ( #483 ) ) ;
#835 = EDGE_LOOP ( 'NONE', ( #929, #3048, #762, #2339 ) ) ;
#836 = FACE_OUTER_BOUND ( 'NONE', #2695, .T. ) ;
#837 = VECTOR ( 'NONE', #663, 1000.000000000000000 ) ;
#838 = VECTOR ( 'NONE', #2839, 1000.000000000000000 ) ;
#839 = EDGE_LOOP ( 'NONE', ( #653, #3043, #1435, #242 ) ) ;
#840 = ORIENTED_EDGE ( 'NONE', *, *, #390, .F. ) ;
#841 = VECTOR ( 'NONE', #2083, 1000.000000000000000 ) ;
#842 = MECHANICAL_DESIGN_GEOMETRIC_PRESENTATION_REPRESENTATION (  '', ( #293 ), #1033 ) ;
#843 = VECTOR ( 'NONE', #2146, 1000.000000000000000 ) ;
#844 = LINE ( 'NONE', #825, #2255 ) ;
#845 = DIRECTION ( 'NONE',  ( 4.037838768332569700E-031, -3.375835129377594800E-015, 1.000000000000000000 ) ) ;
#846 = DIRECTION ( 'NONE',  ( -5.359962966813144000E-031, 3.337968009253027300E-015, -1.000000000000000000 ) ) ;
#847 = DIRECTION ( 'NONE',  ( 3.491483361109382100E-015, 1.000000000000000000, 3.491483361109382100E-015 ) ) ;
#848 = DIRECTION ( 'NONE',  ( 3.491483361109382100E-015, 1.000000000000000000, 3.375835129377594800E-015 ) ) ;
#849 = ORIENTED_EDGE ( 'NONE', *, *, #884, .F. ) ;
#850 = PRESENTATION_LAYER_ASSIGNMENT (  '', '', ( #496 ) ) ;
#851 = VECTOR ( 'NONE', #2725, 1000.000000000000000 ) ;
#852 = DIRECTION ( 'NONE',  ( -3.491483361109382100E-015, -1.000000000000000000, -3.491483361109382100E-015 ) ) ;
#853 = ORIENTED_EDGE ( 'NONE', *, *, #866, .T. ) ;
#854 = VECTOR ( 'NONE', #2987, 1000.000000000000000 ) ;
#855 = ORIENTED_EDGE ( 'NONE', *, *, #1992, .F. ) ;
#856 =( NAMED_UNIT ( * ) SI_UNIT ( $, .STERADIAN. ) SOLID_ANGLE_UNIT ( ) );
#857 = EDGE_CURVE ( 'NONE', #2438, #2282, #1630, .T. ) ;
#858 = CARTESIAN_POINT ( 'NONE',  ( -3.549999999999979400, 5.800000000000015800, 2.750000000000019500 ) ) ;
#859 = EDGE_LOOP ( 'NONE', ( #951, #3147, #1512, #1684, #1598, #3256 ) ) ;
#860 = DIRECTION ( 'NONE',  ( -3.491483361109382100E-015, -1.000000000000000000, -3.375835129377594800E-015 ) ) ;
#861 = DIRECTION ( 'NONE',  ( -1.000000000000000000, 3.114369561983989400E-015, 1.087376950601261200E-029 ) ) ;
#862 = DIRECTION ( 'NONE',  ( -1.000000000000000000, 3.491483361109382100E-015, 1.219045606090366800E-029 ) ) ;
#863 =( NAMED_UNIT ( * ) PLANE_ANGLE_UNIT ( ) SI_UNIT ( $, .RADIAN. ) );
#864 = ORIENTED_EDGE ( 'NONE', *, *, #2739, .F. ) ;
#865 = ORIENTED_EDGE ( 'NONE', *, *, #3332, .T. ) ;
#866 = EDGE_CURVE ( 'NONE', #3161, #1559, #889, .T. ) ;
#867 = DIRECTION ( 'NONE',  ( -1.000000000000000000, 3.491483361109382100E-015, 1.219045606090366800E-029 ) ) ;
#868 = ORIENTED_EDGE ( 'NONE', *, *, #82, .F. ) ;
#869 = EDGE_CURVE ( 'NONE', #354, #1640, #163, .T. ) ;
#870 = ORIENTED_EDGE ( 'NONE', *, *, #3513, .T. ) ;
#871 = STYLED_ITEM ( 'NONE', ( #3094 ), #418 ) ;
#872 = CARTESIAN_POINT ( 'NONE',  ( -5.249999999999980500, 5.800000000000017600, 3.750000000000019500 ) ) ;
#873 = EDGE_LOOP ( 'NONE', ( #3647, #59, #232, #316, #3348, #98 ) ) ;
#874 = CARTESIAN_POINT ( 'NONE',  ( -3.949999999999983700, 4.130000000000032800, -1.849999999999986100 ) ) ;
#875 = CARTESIAN_POINT ( 'NONE',  ( -4.799999999999980300, 5.600000000000041400, -3.449999999999980600 ) ) ;
#876 =( NAMED_UNIT ( * ) PLANE_ANGLE_UNIT ( ) SI_UNIT ( $, .RADIAN. ) );
#877 = CARTESIAN_POINT ( 'NONE',  ( -3.849999999999999600, 0.3500000000000135800, 3.750000000000001300 ) ) ;
#878 = EDGE_CURVE ( 'NONE', #687, #140, #2305, .T. ) ;
#879 = EDGE_LOOP ( 'NONE', ( #1365, #2216, #132, #222, #2466, #1115, #484, #2045 ) ) ;
#880 = ADVANCED_FACE ( 'NONE', ( #797 ), #1205, .F. ) ;
#881 = VERTEX_POINT ( 'NONE', #2495 ) ;
#882 = PRESENTATION_STYLE_ASSIGNMENT (( #2814 ) ) ;
#883 = ORIENTED_EDGE ( 'NONE', *, *, #3187, .F. ) ;
#884 = EDGE_CURVE ( 'NONE', #263, #2425, #244, .T. ) ;
#885 = DIRECTION ( 'NONE',  ( 1.000000000000000000, -3.394390629245008600E-015, -1.186583101463983100E-029 ) ) ;
#886 = DIRECTION ( 'NONE',  ( -1.000000000000000000, 3.302926461546685700E-015, 1.155304680459278400E-029 ) ) ;
#887 = VECTOR ( 'NONE', #193, 1000.000000000000000 ) ;
#888 =( LENGTH_UNIT ( ) NAMED_UNIT ( * ) SI_UNIT ( .MILLI., .METRE. ) );
#889 = LINE ( 'NONE', #2593, #3089 ) ;
#890 = APPLICATION_PROTOCOL_DEFINITION ( 'draft international standard', 'automotive_design', 1998, #1167 ) ;
#891 = PLANE ( 'NONE',  #3046 ) ;
#892 = DIRECTION ( 'NONE',  ( -1.000000000000000000, 3.491483361109382100E-015, 1.219045606090366800E-029 ) ) ;
#893 = LINE ( 'NONE', #3248, #1542 ) ;
#894 = EDGE_LOOP ( 'NONE', ( #3195, #2506, #2599, #2702 ) ) ;
#895 = STYLED_ITEM ( 'NONE', ( #1499 ), #2375 ) ;
#896 = ORIENTED_EDGE ( 'NONE', *, *, #261, .F. ) ;
#897 = CARTESIAN_POINT ( 'NONE',  ( 0.6000000000000012000, 0.4000000000000240600, -3.749999999999998200 ) ) ;
#898 = SURFACE_STYLE_USAGE ( .BOTH. , #949 ) ;
#899 = MECHANICAL_DESIGN_GEOMETRIC_PRESENTATION_REPRESENTATION (  '', ( #348 ), #1079 ) ;
#900 = EDGE_LOOP ( 'NONE', ( #2001, #2745, #185, #2643, #1597, #30, #673, #2378, #781, #381, #456, #3307, #959, #2389, #637, #2033, #2802, #1535, #2120, #3437 ) ) ;
#901 = APPLICATION_CONTEXT ( 'automotive_design' ) ;
#902 = FILL_AREA_STYLE_COLOUR ( '', #314 ) ;
#903 = VERTEX_POINT ( 'NONE', #1331 ) ;
#904 = PLANE ( 'NONE',  #2763 ) ;
#905 = ORIENTED_EDGE ( 'NONE', *, *, #1883, .T. ) ;
#906 = VERTEX_POINT ( 'NONE', #495 ) ;
#907 = CARTESIAN_POINT ( 'NONE',  ( -2.849999999999988500, 3.330000000000029400, -1.849999999999988800 ) ) ;
#908 = AXIS2_PLACEMENT_3D ( 'NONE', #172, #2121, #457 ) ;
#909 = DIRECTION ( 'NONE',  ( -5.359962966813144000E-031, 3.337968009253027300E-015, -1.000000000000000000 ) ) ;
#910 = FILL_AREA_STYLE ('',( #1188 ) ) ;
#911 = VERTEX_POINT ( 'NONE', #224 ) ;
#912 = ORIENTED_EDGE ( 'NONE', *, *, #1627, .T. ) ;
#913 = UNCERTAINTY_MEASURE_WITH_UNIT (LENGTH_MEASURE( 1.000000000000000100E-005 ), #1366, 'distance_accuracy_value', 'NONE');
#914 = DIRECTION ( 'NONE',  ( 1.000000000000000000, -3.607647879589971900E-015, -1.257884674125504400E-029 ) ) ;
#915 = AXIS2_PLACEMENT_3D ( 'NONE', #526, #2237, #861 ) ;
#916 = CARTESIAN_POINT ( 'NONE',  ( 2.850000000000011600, 3.330000000000009400, -1.849999999999988800 ) ) ;
#917 = LINE ( 'NONE', #993, #3120 ) ;
#918 = CARTESIAN_POINT ( 'NONE',  ( 0.6000000000000012000, 0.4000000000000282200, -4.949999999999997500 ) ) ;
#919 = VERTEX_POINT ( 'NONE', #2580 ) ;
#920 = CARTESIAN_POINT ( 'NONE',  ( -2.849999999999987200, 3.700000000000018800, 1.250000000000012400 ) ) ;
#921 = LINE ( 'NONE', #347, #1480 ) ;
#922 = CARTESIAN_POINT ( 'NONE',  ( -2.100000000000000500, -0.09999999999996792000, -3.350000000000000500 ) ) ;
#923 = DIRECTION ( 'NONE',  ( 3.491483361109382100E-015, 1.000000000000000000, 2.083871812087760400E-014 ) ) ;
#924 = EDGE_CURVE ( 'NONE', #2008, #3318, #1436, .T. ) ;
#925 = ORIENTED_EDGE ( 'NONE', *, *, #1303, .F. ) ;
#926 = LINE ( 'NONE', #1580, #1663 ) ;
#927 = EDGE_CURVE ( 'NONE', #387, #611, #2203, .T. ) ;
#928 = CARTESIAN_POINT ( 'NONE',  ( -4.399999999999979900, 5.600000000000021800, 1.800000000000018900 ) ) ;
#929 = ORIENTED_EDGE ( 'NONE', *, *, #3498, .T. ) ;
#930 = PRESENTATION_STYLE_ASSIGNMENT (( #2977 ) ) ;
#931 = FACE_OUTER_BOUND ( 'NONE', #7, .T. ) ;
#932 =( NAMED_UNIT ( * ) PLANE_ANGLE_UNIT ( ) SI_UNIT ( $, .RADIAN. ) );
#933 = VECTOR ( 'NONE', #1647, 1000.000000000000000 ) ;
#934 = ADVANCED_FACE ( 'NONE', ( #3658 ), #3355, .F. ) ;
#935 = EDGE_CURVE ( 'NONE', #268, #1327, #371, .T. ) ;
#936 = DIRECTION ( 'NONE',  ( 3.491483361109382100E-015, 1.000000000000000000, 2.083871812087760400E-014 ) ) ;
#937 = FILL_AREA_STYLE ('',( #1678 ) ) ;
#938 = DIRECTION ( 'NONE',  ( 4.275692708279658900E-031, -3.369022725727144300E-015, 1.000000000000000000 ) ) ;
#939 = FACE_OUTER_BOUND ( 'NONE', #2554, .T. ) ;
#940 = CARTESIAN_POINT ( 'NONE',  ( -3.399999999999983900, 4.780000000000015300, 2.750000000000015500 ) ) ;
#941 = DIRECTION ( 'NONE',  ( 3.491483361109382100E-015, 1.000000000000000000, 3.375835129377594800E-015 ) ) ;
#942 = EDGE_LOOP ( 'NONE', ( #406, #494, #617, #2190, #2287, #1569, #1746, #733, #946, #2548, #3149, #1037, #967, #3354, #3397, #200, #798, #3383, #2330, #1096, #1636, #2291, #1672, #3335 ) ) ;
#943 = EDGE_CURVE ( 'NONE', #2425, #818, #1095, .T. ) ;
#944 = VECTOR ( 'NONE', #2737, 1000.000000000000000 ) ;
#945 =( NAMED_UNIT ( * ) PLANE_ANGLE_UNIT ( ) SI_UNIT ( $, .RADIAN. ) );
#946 = ORIENTED_EDGE ( 'NONE', *, *, #1171, .F. ) ;
#947 = VECTOR ( 'NONE', #2112, 1000.000000000000000 ) ;
#948 = PLANE ( 'NONE',  #1914 ) ;
#949 = SURFACE_SIDE_STYLE ('',( #2751 ) ) ;
#950 = FILL_AREA_STYLE_COLOUR ( '', #498 ) ;
#951 = ORIENTED_EDGE ( 'NONE', *, *, #685, .T. ) ;
#952 = PLANE ( 'NONE',  #3487 ) ;
#953 = ADVANCED_FACE ( 'NONE', ( #3320 ), #1903, .T. ) ;
#954 = ORIENTED_EDGE ( 'NONE', *, *, #1064, .F. ) ;
#955 = VECTOR ( 'NONE', #1125, 1000.000000000000000 ) ;
#956 = DIRECTION ( 'NONE',  ( -1.000000000000000000, 3.114369561983989400E-015, 1.091563754828190100E-029 ) ) ;
#957 = DIRECTION ( 'NONE',  ( 1.000000000000000000, -3.491483361109382100E-015, -1.219045606090366800E-029 ) ) ;
#958 = ORIENTED_EDGE ( 'NONE', *, *, #1113, .F. ) ;
#959 = ORIENTED_EDGE ( 'NONE', *, *, #2535, .F. ) ;
#960 = DIRECTION ( 'NONE',  ( 0.0000000000000000000, 3.491483361109382100E-015, -1.000000000000000000 ) ) ;
#961 = VERTEX_POINT ( 'NONE', #3325 ) ;
#962 = STYLED_ITEM ( 'NONE', ( #2101 ), #3568 ) ;
#963 = ORIENTED_EDGE ( 'NONE', *, *, #150, .T. ) ;
#964 = AXIS2_PLACEMENT_3D ( 'NONE', #2721, #3542, #3522 ) ;
#965 = SURFACE_SIDE_STYLE ('',( #203 ) ) ;
#966 = ADVANCED_FACE ( 'NONE', ( #1487 ), #2181, .F. ) ;
#967 = ORIENTED_EDGE ( 'NONE', *, *, #997, .F. ) ;
#968 = COLOUR_RGB ( '',0.7529411764705882200, 0.7529411764705882200, 0.7529411764705882200 ) ;
#969 = DIRECTION ( 'NONE',  ( -4.254124942364579000E-031, 3.369022725727144300E-015, -1.000000000000000000 ) ) ;
#970 = FILL_AREA_STYLE ('',( #1258 ) ) ;
#971 = VECTOR ( 'NONE', #1961, 1000.000000000000000 ) ;
#972 = CARTESIAN_POINT ( 'NONE',  ( 3.550000000000014000, 4.129999999999987500, 3.750000000000013800 ) ) ;
#973 = EDGE_LOOP ( 'NONE', ( #1832, #788, #2668, #557, #3480, #235 ) ) ;
#974 = DIRECTION ( 'NONE',  ( 0.0000000000000000000, 3.491483361109382100E-015, -1.000000000000000000 ) ) ;
#975 = CARTESIAN_POINT ( 'NONE',  ( 3.850000000000020500, 5.800000000000011400, -3.749999999999980900 ) ) ;
#976 = VECTOR ( 'NONE', #1428, 1000.000000000000000 ) ;
#977 = FACE_OUTER_BOUND ( 'NONE', #1689, .T. ) ;
#978 = DIRECTION ( 'NONE',  ( 0.0000000000000000000, 3.491483361109382100E-015, -1.000000000000000000 ) ) ;
#979 = LINE ( 'NONE', #2206, #1441 ) ;
#980 = FACE_OUTER_BOUND ( 'NONE', #3525, .T. ) ;
#981 = VECTOR ( 'NONE', #462, 1000.000000000000000 ) ;
#982 = DIRECTION ( 'NONE',  ( -3.607647879589971900E-015, -1.000000000000000000, -3.369022725727144300E-015 ) ) ;
#983 = EDGE_LOOP ( 'NONE', ( #2930, #2224, #3111, #3578 ) ) ;
#984 = FILL_AREA_STYLE_COLOUR ( '', #713 ) ;
#985 = CARTESIAN_POINT ( 'NONE',  ( -4.399999999999988800, 3.250000000000041300, -3.849999999999989900 ) ) ;
#986 = ORIENTED_EDGE ( 'NONE', *, *, #3319, .T. ) ;
#987 = FILL_AREA_STYLE ('',( #714 ) ) ;
#988 = ADVANCED_FACE ( 'NONE', ( #761 ), #1061, .F. ) ;
#989 = EDGE_CURVE ( 'NONE', #1321, #2735, #3440, .T. ) ;
#990 = SURFACE_SIDE_STYLE ('',( #1986 ) ) ;
#991 =( GEOMETRIC_REPRESENTATION_CONTEXT ( 3 ) GLOBAL_UNCERTAINTY_ASSIGNED_CONTEXT ( ( #1048 ) ) GLOBAL_UNIT_ASSIGNED_CONTEXT ( ( #2877, #2808, #2614 ) ) REPRESENTATION_CONTEXT ( 'NONE', 'WORKASPACE' ) );
#992 =( NAMED_UNIT ( * ) SI_UNIT ( $, .STERADIAN. ) SOLID_ANGLE_UNIT ( ) );
#993 = CARTESIAN_POINT ( 'NONE',  ( -2.400000000000000800, -0.09999999999996152200, -4.949999999999999300 ) ) ;
#994 = ORIENTED_EDGE ( 'NONE', *, *, #3379, .T. ) ;
#995 = DIRECTION ( 'NONE',  ( 6.056758152498904400E-029, 2.083871812087760100E-014, -1.000000000000000000 ) ) ;
#996 = CARTESIAN_POINT ( 'NONE',  ( -5.249999999999980500, 5.800000000000042500, -3.449999999999980600 ) ) ;
#997 = EDGE_CURVE ( 'NONE', #3573, #3547, #1983, .T. ) ;
#998 = ADVANCED_FACE ( 'NONE', ( #507 ), #3096, .F. ) ;
#999 = EDGE_CURVE ( 'NONE', #1733, #3373, #3357, .T. ) ;
#1000 = VERTEX_POINT ( 'NONE', #2562 ) ;
#1001 = DIRECTION ( 'NONE',  ( 1.000000000000000000, -3.491483361109382100E-015, -1.219045606090366800E-029 ) ) ;
#1002 = PRESENTATION_STYLE_ASSIGNMENT (( #29 ) ) ;
#1003 = ORIENTED_EDGE ( 'NONE', *, *, #67, .F. ) ;
#1004 = EDGE_CURVE ( 'NONE', #497, #1828, #1805, .T. ) ;
#1005 = VERTEX_POINT ( 'NONE', #2235 ) ;
#1006 = DIRECTION ( 'NONE',  ( 3.491483361109382100E-015, 1.000000000000000000, 2.083871812087760400E-014 ) ) ;
#1007 = CARTESIAN_POINT ( 'NONE',  ( -5.249999999999980500, 5.800000000000017600, 3.750000000000019500 ) ) ;
#1008 = FACE_BOUND ( 'NONE', #1549, .T. ) ;
#1009 = CARTESIAN_POINT ( 'NONE',  ( -2.400000000000000800, -0.09999999999996687900, -3.350000000000000500 ) ) ;
#1010 =( GEOMETRIC_REPRESENTATION_CONTEXT ( 3 ) GLOBAL_UNCERTAINTY_ASSIGNED_CONTEXT ( ( #913 ) ) GLOBAL_UNIT_ASSIGNED_CONTEXT ( ( #1366, #1349, #1334 ) ) REPRESENTATION_CONTEXT ( 'NONE', 'WORKASPACE' ) );
#1011 = VECTOR ( 'NONE', #3472, 1000.000000000000000 ) ;
#1012 = CARTESIAN_POINT ( 'NONE',  ( -5.250000000000000000, 0.3500000000000249000, 1.800000000000001200 ) ) ;
#1013 = VERTEX_POINT ( 'NONE', #3106 ) ;
#1014 = PRESENTATION_STYLE_ASSIGNMENT (( #2771 ) ) ;
#1015 = PLANE ( 'NONE',  #2028 ) ;
#1016 = FILL_AREA_STYLE ('',( #1562 ) ) ;
#1017 = PLANE ( 'NONE',  #3539 ) ;
#1018 = DIRECTION ( 'NONE',  ( -5.359962966813144000E-031, 3.337968009253027300E-015, -1.000000000000000000 ) ) ;
#1019 = LINE ( 'NONE', #922, #205 ) ;
#1020 = LINE ( 'NONE', #236, #2452 ) ;
#1021 = CARTESIAN_POINT ( 'NONE',  ( -3.399999999999983900, 4.780000000000030400, -1.849999999999984500 ) ) ;
#1022 = VECTOR ( 'NONE', #1936, 1000.000000000000000 ) ;
#1023 = VERTEX_POINT ( 'NONE', #2198 ) ;
#1024 = VERTEX_POINT ( 'NONE', #1974 ) ;
#1025 = VECTOR ( 'NONE', #3013, 1000.000000000000000 ) ;
#1026 = ORIENTED_EDGE ( 'NONE', *, *, #3581, .F. ) ;
#1027 = MECHANICAL_DESIGN_GEOMETRIC_PRESENTATION_REPRESENTATION (  '', ( #483 ), #1208 ) ;
#1028 = UNCERTAINTY_MEASURE_WITH_UNIT (LENGTH_MEASURE( 1.000000000000000100E-005 ), #3296, 'distance_accuracy_value', 'NONE');
#1029 = CARTESIAN_POINT ( 'NONE',  ( -2.299999999999981200, 5.300000000000027400, -2.449999999999982400 ) ) ;
#1030 = CARTESIAN_POINT ( 'NONE',  ( 5.250000000000008900, 2.500000000000005800, -3.449999999999992200 ) ) ;
#1031 = LINE ( 'NONE', #1454, #1771 ) ;
#1032 = ORIENTED_EDGE ( 'NONE', *, *, #677, .T. ) ;
#1033 =( GEOMETRIC_REPRESENTATION_CONTEXT ( 3 ) GLOBAL_UNCERTAINTY_ASSIGNED_CONTEXT ( ( #3194 ) ) GLOBAL_UNIT_ASSIGNED_CONTEXT ( ( #2579, #2563, #2540 ) ) REPRESENTATION_CONTEXT ( 'NONE', 'WORKASPACE' ) );
#1034 = ORIENTED_EDGE ( 'NONE', *, *, #1606, .F. ) ;
#1035 = CARTESIAN_POINT ( 'NONE',  ( 2.850000000000012500, 3.329999999999999600, 1.250000000000011100 ) ) ;
#1036 = MECHANICAL_DESIGN_GEOMETRIC_PRESENTATION_REPRESENTATION (  '', ( #496 ), #1214 ) ;
#1037 = ORIENTED_EDGE ( 'NONE', *, *, #2194, .T. ) ;
#1038 = ORIENTED_EDGE ( 'NONE', *, *, #813, .T. ) ;
#1039 = DIRECTION ( 'NONE',  ( -1.000000000000000000, 3.375318842628792200E-015, 1.180206538055229100E-029 ) ) ;
#1040 = VECTOR ( 'NONE', #2296, 1000.000000000000000 ) ;
#1041 = EDGE_LOOP ( 'NONE', ( #422, #2673, #1225, #587 ) ) ;
#1042 = EDGE_CURVE ( 'NONE', #1262, #2975, #2576, .T. ) ;
#1043 = PRESENTATION_STYLE_ASSIGNMENT (( #1732 ) ) ;
#1044 = ORIENTED_EDGE ( 'NONE', *, *, #2057, .F. ) ;
#1045 = CARTESIAN_POINT ( 'NONE',  ( -2.100000000000000500, -0.09999999999996256300, -4.949999999999999300 ) ) ;
#1046 = VECTOR ( 'NONE', #1750, 1000.000000000000000 ) ;
#1047 = EDGE_CURVE ( 'NONE', #2970, #1340, #2489, .T. ) ;
#1048 = UNCERTAINTY_MEASURE_WITH_UNIT (LENGTH_MEASURE( 1.000000000000000100E-005 ), #2877, 'distance_accuracy_value', 'NONE');
#1049 = SURFACE_STYLE_FILL_AREA ( #1803 ) ;
#1050 = ORIENTED_EDGE ( 'NONE', *, *, #927, .F. ) ;
#1051 = EDGE_CURVE ( 'NONE', #2428, #1769, #3269, .T. ) ;
#1052 = LINE ( 'NONE', #3024, #3268 ) ;
#1053 = VECTOR ( 'NONE', #2220, 1000.000000000000000 ) ;
#1054 = UNCERTAINTY_MEASURE_WITH_UNIT (LENGTH_MEASURE( 1.000000000000000100E-005 ), #3465, 'distance_accuracy_value', 'NONE');
#1055 = ORIENTED_EDGE ( 'NONE', *, *, #1494, .F. ) ;
#1056 = AXIS2_PLACEMENT_3D ( 'NONE', #2142, #2409, #2443 ) ;
#1057 = AXIS2_PLACEMENT_3D ( 'NONE', #1836, #175, #2124 ) ;
#1058 =( NAMED_UNIT ( * ) PLANE_ANGLE_UNIT ( ) SI_UNIT ( $, .RADIAN. ) );
#1059 = VECTOR ( 'NONE', #1163, 1000.000000000000000 ) ;
#1060 = SURFACE_STYLE_FILL_AREA ( #2889 ) ;
#1061 = PLANE ( 'NONE',  #1785 ) ;
#1062 = DIRECTION ( 'NONE',  ( -3.491483361109382100E-015, -1.000000000000000000, -3.375835129377594800E-015 ) ) ;
#1063 = VECTOR ( 'NONE', #2767, 1000.000000000000000 ) ;
#1064 = EDGE_CURVE ( 'NONE', #1578, #1834, #1713, .T. ) ;
#1065 = VECTOR ( 'NONE', #2217, 1000.000000000000000 ) ;
#1066 = VECTOR ( 'NONE', #1804, 1000.000000000000000 ) ;
#1067 = LINE ( 'NONE', #1826, #1724 ) ;
#1068 = CARTESIAN_POINT ( 'NONE',  ( -4.799999999999991800, 2.500000000000040900, -3.449999999999992200 ) ) ;
#1069 = ORIENTED_EDGE ( 'NONE', *, *, #143, .T. ) ;
#1070 = EDGE_CURVE ( 'NONE', #2690, #2870, #241, .T. ) ;
#1071 =( NAMED_UNIT ( * ) SI_UNIT ( $, .STERADIAN. ) SOLID_ANGLE_UNIT ( ) );
#1072 = UNCERTAINTY_MEASURE_WITH_UNIT (LENGTH_MEASURE( 1.000000000000000100E-005 ), #2486, 'distance_accuracy_value', 'NONE');
#1073 = DIRECTION ( 'NONE',  ( -3.491483361109382100E-015, -1.000000000000000000, -3.750397312747711400E-015 ) ) ;
#1074 =( GEOMETRIC_REPRESENTATION_CONTEXT ( 3 ) GLOBAL_UNCERTAINTY_ASSIGNED_CONTEXT ( ( #509 ) ) GLOBAL_UNIT_ASSIGNED_CONTEXT ( ( #341, #2299, #615 ) ) REPRESENTATION_CONTEXT ( 'NONE', 'WORKASPACE' ) );
#1075 = VERTEX_POINT ( 'NONE', #801 ) ;
#1076 = AXIS2_PLACEMENT_3D ( 'NONE', #562, #542, #1400 ) ;
#1077 = ORIENTED_EDGE ( 'NONE', *, *, #2658, .F. ) ;
#1078 = CARTESIAN_POINT ( 'NONE',  ( -5.250000000000000000, 3.702836377360991300E-014, -1.800000000000000500 ) ) ;
#1079 =( GEOMETRIC_REPRESENTATION_CONTEXT ( 3 ) GLOBAL_UNCERTAINTY_ASSIGNED_CONTEXT ( ( #2796 ) ) GLOBAL_UNIT_ASSIGNED_CONTEXT ( ( #2999, #2981, #3294 ) ) REPRESENTATION_CONTEXT ( 'NONE', 'WORKASPACE' ) );
#1080 = ADVANCED_FACE ( 'NONE', ( #2401 ), #536, .T. ) ;
#1081 = DIRECTION ( 'NONE',  ( -4.037838768332573200E-031, 3.375835129377594800E-015, -1.000000000000000000 ) ) ;
#1082 = VECTOR ( 'NONE', #1707, 1000.000000000000000 ) ;
#1083 = ORIENTED_EDGE ( 'NONE', *, *, #2468, .T. ) ;
#1084 = COLOUR_RGB ( '',0.7529411764705882200, 0.7529411764705882200, 0.7529411764705882200 ) ;
#1085 = ORIENTED_EDGE ( 'NONE', *, *, #2530, .F. ) ;
#1086 = DIRECTION ( 'NONE',  ( -3.491483361109382100E-015, -1.000000000000000000, -3.491483361109382100E-015 ) ) ;
#1087 = ADVANCED_FACE ( 'NONE', ( #155 ), #1940, .T. ) ;
#1088 = LINE ( 'NONE', #2798, #1749 ) ;
#1089 = CARTESIAN_POINT ( 'NONE',  ( 5.250000000000000000, -1.833028764582425900E-014, 3.750000000000000000 ) ) ;
#1090 = PRESENTATION_LAYER_ASSIGNMENT (  '', '', ( #737 ) ) ;
#1091 = AXIS2_PLACEMENT_3D ( 'NONE', #3121, #1957, #1114 ) ;
#1092 = DIRECTION ( 'NONE',  ( 9.039937541043062900E-031, 3.750397312747711400E-015, -1.000000000000000000 ) ) ;
#1093 = VERTEX_POINT ( 'NONE', #553 ) ;
#1094 =( LENGTH_UNIT ( ) NAMED_UNIT ( * ) SI_UNIT ( .MILLI., .METRE. ) );
#1095 = LINE ( 'NONE', #1589, #2531 ) ;
#1096 = ORIENTED_EDGE ( 'NONE', *, *, #2139, .F. ) ;
#1097 = DIRECTION ( 'NONE',  ( 4.275692708279658900E-031, -3.369022725727144300E-015, 1.000000000000000000 ) ) ;
#1098 = CARTESIAN_POINT ( 'NONE',  ( -3.349999999999996500, 1.150000000000020600, 1.150000000000003900 ) ) ;
#1099 = FACE_OUTER_BOUND ( 'NONE', #2553, .T. ) ;
#1100 =( NAMED_UNIT ( * ) SI_UNIT ( $, .STERADIAN. ) SOLID_ANGLE_UNIT ( ) );
#1101 = LINE ( 'NONE', #816, #1857 ) ;
#1102 = COLOUR_RGB ( '',0.7529411764705882200, 0.7529411764705882200, 0.7529411764705882200 ) ;
#1103 = LINE ( 'NONE', #1700, #286 ) ;
#1104 = CARTESIAN_POINT ( 'NONE',  ( 4.800000000000011400, 3.249999999999999600, -0.9999999999999879000 ) ) ;
#1105 = EDGE_CURVE ( 'NONE', #1609, #1915, #625, .T. ) ;
#1106 = ADVANCED_FACE ( 'NONE', ( #3579 ), #1977, .F. ) ;
#1107 = ORIENTED_EDGE ( 'NONE', *, *, #3264, .F. ) ;
#1108 = VECTOR ( 'NONE', #1563, 1000.000000000000000 ) ;
#1109 = EDGE_CURVE ( 'NONE', #1671, #2282, #1751, .T. ) ;
#1110 = ORIENTED_EDGE ( 'NONE', *, *, #1413, .F. ) ;
#1111 = PLANE ( 'NONE',  #2376 ) ;
#1112 = CARTESIAN_POINT ( 'NONE',  ( 2.100000000000000100, 1.658794629433301800E-014, -3.349999999999998800 ) ) ;
#1113 = EDGE_CURVE ( 'NONE', #911, #657, #2527, .T. ) ;
#1114 = DIRECTION ( 'NONE',  ( -4.731842306639732300E-031, 3.355958089548694000E-015, -1.000000000000000000 ) ) ;
#1115 = ORIENTED_EDGE ( 'NONE', *, *, #2482, .T. ) ;
#1116 = EDGE_CURVE ( 'NONE', #1093, #2609, #277, .T. ) ;
#1117 = DIRECTION ( 'NONE',  ( 0.0000000000000000000, 3.491483361109382100E-015, -1.000000000000000000 ) ) ;
#1118 = ORIENTED_EDGE ( 'NONE', *, *, #2575, .T. ) ;
#1119 = VECTOR ( 'NONE', #2251, 1000.000000000000000 ) ;
#1120 = CARTESIAN_POINT ( 'NONE',  ( -2.849999999999987200, 3.700000000000013500, 2.750000000000012400 ) ) ;
#1121 = DIRECTION ( 'NONE',  ( 4.275692708279658900E-031, -3.369022725727144300E-015, 1.000000000000000000 ) ) ;
#1122 = PRESENTATION_STYLE_ASSIGNMENT (( #1704 ) ) ;
#1123 = CARTESIAN_POINT ( 'NONE',  ( -2.399999999999999000, 0.4000000000000345500, -3.749999999999998200 ) ) ;
#1124 = ORIENTED_EDGE ( 'NONE', *, *, #129, .T. ) ;
#1125 = DIRECTION ( 'NONE',  ( 0.0000000000000000000, -3.491483361109382100E-015, 1.000000000000000000 ) ) ;
#1126 = CARTESIAN_POINT ( 'NONE',  ( -2.299999999999986500, 3.800000000000018000, 1.250000000000012900 ) ) ;
#1127 = EDGE_CURVE ( 'NONE', #2983, #1383, #2444, .T. ) ;
#1128 = VERTEX_POINT ( 'NONE', #309 ) ;
#1129 = EDGE_LOOP ( 'NONE', ( #2090, #1398, #2256, #2590, #3461, #2136 ) ) ;
#1130 = CARTESIAN_POINT ( 'NONE',  ( 5.250000000000001800, 0.3500000000000003100, -1.799999999999999600 ) ) ;
#1131 = FACE_OUTER_BOUND ( 'NONE', #942, .T. ) ;
#1132 = CARTESIAN_POINT ( 'NONE',  ( -2.849999999999987200, 3.700000000000018800, 1.250000000000012400 ) ) ;
#1133 = ADVANCED_BREP_SHAPE_REPRESENTATION ( 'SM04B-ZESS', ( #2696, #2803 ), #1074 ) ;
#1134 =( NAMED_UNIT ( * ) SI_UNIT ( $, .STERADIAN. ) SOLID_ANGLE_UNIT ( ) );
#1135 = VECTOR ( 'NONE', #2738, 1000.000000000000000 ) ;
#1136 = CARTESIAN_POINT ( 'NONE',  ( 3.950000000000010800, 3.400000000000004800, -1.849999999999987900 ) ) ;
#1137 = DIRECTION ( 'NONE',  ( 3.491483361109382100E-015, 1.000000000000000000, 3.491483361109382100E-015 ) ) ;
#1138 = ORIENTED_EDGE ( 'NONE', *, *, #2869, .T. ) ;
#1139 = LINE ( 'NONE', #3314, #3356 ) ;
#1140 = DIRECTION ( 'NONE',  ( -3.491483361109382100E-015, -1.000000000000000000, -3.491483361109382100E-015 ) ) ;
#1141 = VECTOR ( 'NONE', #2260, 1000.000000000000000 ) ;
#1142 = CARTESIAN_POINT ( 'NONE',  ( 2.850000000000011600, 3.330000000000009400, -1.849999999999988800 ) ) ;
#1143 = AXIS2_PLACEMENT_3D ( 'NONE', #1679, #2552, #848 ) ;
#1144 = EDGE_LOOP ( 'NONE', ( #503, #583, #1386, #2899 ) ) ;
#1145 = FACE_OUTER_BOUND ( 'NONE', #3642, .T. ) ;
#1146 = VECTOR ( 'NONE', #636, 1000.000000000000000 ) ;
#1147 = COLOUR_RGB ( '',0.7529411764705882200, 0.7529411764705882200, 0.7529411764705882200 ) ;
#1148 = LINE ( 'NONE', #2005, #1230 ) ;
#1149 = STYLED_ITEM ( 'NONE', ( #1635 ), #2218 ) ;
#1150 = LINE ( 'NONE', #492, #431 ) ;
#1151 = LINE ( 'NONE', #824, #1065 ) ;
#1152 = LINE ( 'NONE', #592, #3457 ) ;
#1153 = DIRECTION ( 'NONE',  ( -3.491483361109382100E-015, -1.000000000000000000, -3.491483361109382100E-015 ) ) ;
#1154 = CARTESIAN_POINT ( 'NONE',  ( -2.849999999999983700, 4.780000000000027800, -1.849999999999984500 ) ) ;
#1155 = CARTESIAN_POINT ( 'NONE',  ( 4.800000000000020300, 5.599999999999989900, 1.800000000000018900 ) ) ;
#1156 = PLANE ( 'NONE',  #3629 ) ;
#1157 = CARTESIAN_POINT ( 'NONE',  ( 5.250000000000001800, 0.3499999999999816600, 3.750000000000001300 ) ) ;
#1158 = AXIS2_PLACEMENT_3D ( 'NONE', #1155, #862, #847 ) ;
#1159 = VECTOR ( 'NONE', #2710, 1000.000000000000000 ) ;
#1160 = CARTESIAN_POINT ( 'NONE',  ( -5.249999999999980500, 5.600000000000043200, -3.449999999999980600 ) ) ;
#1161 = VERTEX_POINT ( 'NONE', #91 ) ;
#1162 = CARTESIAN_POINT ( 'NONE',  ( -4.399999999999979900, 5.600000000000042300, -3.849999999999981000 ) ) ;
#1163 = DIRECTION ( 'NONE',  ( 3.491483361109382100E-015, 1.000000000000000000, 3.375835129377594800E-015 ) ) ;
#1164 = DIRECTION ( 'NONE',  ( 1.000000000000000000, -3.491483361109382100E-015, -1.219045606090366800E-029 ) ) ;
#1165 = EDGE_LOOP ( 'NONE', ( #2371, #3238, #1110, #1953 ) ) ;
#1166 = STYLED_ITEM ( 'NONE', ( #3033 ), #100 ) ;
#1167 = APPLICATION_CONTEXT ( 'automotive_design' ) ;
#1168 = DIRECTION ( 'NONE',  ( 1.000000000000000000, -3.491483361109382100E-015, -1.219045606090366800E-029 ) ) ;
#1169 = VERTEX_POINT ( 'NONE', #2615 ) ;
#1170 = ORIENTED_EDGE ( 'NONE', *, *, #3641, .T. ) ;
#1171 = EDGE_CURVE ( 'NONE', #2039, #1671, #3123, .T. ) ;
#1172 = ORIENTED_EDGE ( 'NONE', *, *, #1426, .F. ) ;
#1173 = CARTESIAN_POINT ( 'NONE',  ( -0.6000000000000006400, -0.09999999999997315200, -3.350000000000000500 ) ) ;
#1174 = CARTESIAN_POINT ( 'NONE',  ( -3.349999999999989000, 3.400000000000030600, -1.849999999999987900 ) ) ;
#1175 = CARTESIAN_POINT ( 'NONE',  ( -0.9000000000000002400, 2.841000546795202500E-014, -3.750000000000000000 ) ) ;
#1176 = FACE_OUTER_BOUND ( 'NONE', #366, .T. ) ;
#1177 = DIRECTION ( 'NONE',  ( -3.491483361109382100E-015, -1.000000000000000000, -3.491483361109382100E-015 ) ) ;
#1178 = DIRECTION ( 'NONE',  ( -3.491483361109382100E-015, -1.000000000000000000, -2.083871812087760100E-014 ) ) ;
#1179 = EDGE_CURVE ( 'NONE', #906, #2688, #2345, .T. ) ;
#1180 = LINE ( 'NONE', #530, #2716 ) ;
#1181 = EDGE_CURVE ( 'NONE', #40, #1414, #828, .T. ) ;
#1182 = ORIENTED_EDGE ( 'NONE', *, *, #1827, .T. ) ;
#1183 = EDGE_CURVE ( 'NONE', #173, #2100, #921, .T. ) ;
#1184 = FILL_AREA_STYLE_COLOUR ( '', #3360 ) ;
#1185 = FACE_OUTER_BOUND ( 'NONE', #1951, .T. ) ;
#1186 = DIRECTION ( 'NONE',  ( 4.275692708279658900E-031, -3.369022725727144700E-015, 1.000000000000000000 ) ) ;
#1187 = DIRECTION ( 'NONE',  ( -3.097228025660107400E-015, -1.000000000000000000, -3.369022725727144300E-015 ) ) ;
#1188 = FILL_AREA_STYLE_COLOUR ( '', #577 ) ;
#1189 = LINE ( 'NONE', #3582, #551 ) ;
#1190 = SURFACE_SIDE_STYLE ('',( #2910 ) ) ;
#1191 = ORIENTED_EDGE ( 'NONE', *, *, #2776, .F. ) ;
#1192 = VECTOR ( 'NONE', #345, 1000.000000000000000 ) ;
#1193 = DIRECTION ( 'NONE',  ( -3.491483361109382100E-015, -1.000000000000000000, -3.369022725727144300E-015 ) ) ;
#1194 = CARTESIAN_POINT ( 'NONE',  ( -0.5999999999999988700, 0.4000000000000324400, -4.949999999999997500 ) ) ;
#1195 = DIRECTION ( 'NONE',  ( -3.491483361109382100E-015, -1.000000000000000000, -3.491483361109382100E-015 ) ) ;
#1196 = ORIENTED_EDGE ( 'NONE', *, *, #13, .T. ) ;
#1197 = CARTESIAN_POINT ( 'NONE',  ( -2.299999999999979000, 5.800000000000015800, 1.250000000000019300 ) ) ;
#1198 = EDGE_LOOP ( 'NONE', ( #3604, #2573, #1877, #648, #2633, #809, #1843, #1701, #790, #3517, #958, #2611, #565, #145, #1789, #1709 ) ) ;
#1199 = PLANE ( 'NONE',  #3103 ) ;
#1200 = CARTESIAN_POINT ( 'NONE',  ( -4.800000000000000700, -0.09999999999997703800, 1.799999999999999600 ) ) ;
#1201 = ADVANCED_FACE ( 'NONE', ( #756 ), #3217, .F. ) ;
#1202 = DIRECTION ( 'NONE',  ( 3.491483361109382100E-015, 1.000000000000000000, 3.491483361109382100E-015 ) ) ;
#1203 = ORIENTED_EDGE ( 'NONE', *, *, #753, .T. ) ;
#1204 = FILL_AREA_STYLE ('',( #1503 ) ) ;
#1205 = PLANE ( 'NONE',  #1662 ) ;
#1206 = ORIENTED_EDGE ( 'NONE', *, *, #810, .T. ) ;
#1207 = FILL_AREA_STYLE_COLOUR ( '', #79 ) ;
#1208 =( GEOMETRIC_REPRESENTATION_CONTEXT ( 3 ) GLOBAL_UNCERTAINTY_ASSIGNED_CONTEXT ( ( #2065 ) ) GLOBAL_UNIT_ASSIGNED_CONTEXT ( ( #3329, #1574, #3600 ) ) REPRESENTATION_CONTEXT ( 'NONE', 'WORKASPACE' ) );
#1209 = DIRECTION ( 'NONE',  ( -3.491483361109382100E-015, -1.000000000000000000, -3.369022725727144300E-015 ) ) ;
#1210 = FACE_OUTER_BOUND ( 'NONE', #777, .T. ) ;
#1211 = ORIENTED_EDGE ( 'NONE', *, *, #2583, .F. ) ;
#1212 = VERTEX_POINT ( 'NONE', #3464 ) ;
#1213 = ADVANCED_FACE ( 'NONE', ( #24 ), #948, .F. ) ;
#1214 =( GEOMETRIC_REPRESENTATION_CONTEXT ( 3 ) GLOBAL_UNCERTAINTY_ASSIGNED_CONTEXT ( ( #447 ) ) GLOBAL_UNIT_ASSIGNED_CONTEXT ( ( #245, #1864, #1071 ) ) REPRESENTATION_CONTEXT ( 'NONE', 'WORKASPACE' ) );
#1215 = DIRECTION ( 'NONE',  ( 1.000000000000000000, -3.491483361109382100E-015, -1.219045606090366800E-029 ) ) ;
#1216 = CARTESIAN_POINT ( 'NONE',  ( 4.800000000000001600, 0.3500000000000019200, -1.799999999999999600 ) ) ;
#1217 = FACE_OUTER_BOUND ( 'NONE', #2513, .T. ) ;
#1218 = DIRECTION ( 'NONE',  ( -3.491483361109382100E-015, -1.000000000000000000, -3.491483361109382100E-015 ) ) ;
#1219 = CARTESIAN_POINT ( 'NONE',  ( 2.300000000000013600, 3.700000000000001100, 1.250000000000012400 ) ) ;
#1220 = ORIENTED_EDGE ( 'NONE', *, *, #2342, .T. ) ;
#1221 = VECTOR ( 'NONE', #1550, 1000.000000000000000 ) ;
#1222 = EDGE_CURVE ( 'NONE', #3555, #3385, #2241, .T. ) ;
#1223 = VECTOR ( 'NONE', #3441, 1000.000000000000000 ) ;
#1224 = CARTESIAN_POINT ( 'NONE',  ( 3.550000000000020300, 5.799999999999991800, 2.750000000000019500 ) ) ;
#1225 = ORIENTED_EDGE ( 'NONE', *, *, #1362, .T. ) ;
#1226 = PRESENTATION_STYLE_ASSIGNMENT (( #3566 ) ) ;
#1227 = LINE ( 'NONE', #975, #3446 ) ;
#1228 = LINE ( 'NONE', #1174, #1988 ) ;
#1229 = SURFACE_STYLE_FILL_AREA ( #1755 ) ;
#1230 = VECTOR ( 'NONE', #61, 1000.000000000000000 ) ;
#1231 = EDGE_CURVE ( 'NONE', #2731, #1000, #2945, .T. ) ;
#1232 = VECTOR ( 'NONE', #1874, 1000.000000000000000 ) ;
#1233 = DIRECTION ( 'NONE',  ( -3.491483361109382100E-015, -1.000000000000000000, -3.491483361109382100E-015 ) ) ;
#1234 = LINE ( 'NONE', #318, #1994 ) ;
#1235 = CARTESIAN_POINT ( 'NONE',  ( 2.850000000000011600, 3.329999999999993900, 2.750000000000010700 ) ) ;
#1236 = CARTESIAN_POINT ( 'NONE',  ( 3.550000000000014000, 4.129999999999991000, 2.750000000000013800 ) ) ;
#1237 = ADVANCED_FACE ( 'NONE', ( #2158 ), #2334, .T. ) ;
#1238 = EDGE_CURVE ( 'NONE', #3167, #2974, #2066, .T. ) ;
#1239 = LINE ( 'NONE', #3312, #597 ) ;
#1240 =( LENGTH_UNIT ( ) NAMED_UNIT ( * ) SI_UNIT ( .MILLI., .METRE. ) );
#1241 = VERTEX_POINT ( 'NONE', #368 ) ;
#1242 = PRESENTATION_LAYER_ASSIGNMENT (  '', '', ( #871 ) ) ;
#1243 = DIRECTION ( 'NONE',  ( 0.0000000000000000000, -3.491483361109382100E-015, 1.000000000000000000 ) ) ;
#1244 = PRESENTATION_STYLE_ASSIGNMENT (( #3444 ) ) ;
#1245 = STYLED_ITEM ( 'NONE', ( #1813 ), #2925 ) ;
#1246 = DIRECTION ( 'NONE',  ( 1.000000000000000000, -3.491483361109382100E-015, -1.219045606090366800E-029 ) ) ;
#1247 = CARTESIAN_POINT ( 'NONE',  ( 4.800000000000000700, -0.1000000000000007800, -1.000000000000000000 ) ) ;
#1248 = EDGE_CURVE ( 'NONE', #1769, #1212, #582, .T. ) ;
#1249 = PLANE ( 'NONE',  #2430 ) ;
#1250 = CARTESIAN_POINT ( 'NONE',  ( -2.099999999999999200, 0.4000000000000376600, -4.949999999999997500 ) ) ;
#1251 = DIRECTION ( 'NONE',  ( 3.491483361109382100E-015, 1.000000000000000000, 3.369022725727144300E-015 ) ) ;
#1252 = ORIENTED_EDGE ( 'NONE', *, *, #628, .F. ) ;
#1253 = UNCERTAINTY_MEASURE_WITH_UNIT (LENGTH_MEASURE( 1.000000000000000100E-005 ), #2634, 'distance_accuracy_value', 'NONE');
#1254 = FILL_AREA_STYLE_COLOUR ( '', #589 ) ;
#1255 = EDGE_CURVE ( 'NONE', #2151, #1743, #1306, .T. ) ;
#1256 = ADVANCED_FACE ( 'NONE', ( #1217 ), #659, .F. ) ;
#1257 = CARTESIAN_POINT ( 'NONE',  ( -5.249999999999980500, 5.800000000000017600, 3.750000000000019500 ) ) ;
#1258 = FILL_AREA_STYLE_COLOUR ( '', #2167 ) ;
#1259 = VERTEX_POINT ( 'NONE', #113 ) ;
#1260 = AXIS2_PLACEMENT_3D ( 'NONE', #3169, #1420, #3467 ) ;
#1261 = SURFACE_STYLE_USAGE ( .BOTH. , #3005 ) ;
#1262 = VERTEX_POINT ( 'NONE', #128 ) ;
#1263 = PRESENTATION_LAYER_ASSIGNMENT (  '', '', ( #895 ) ) ;
#1264 =( LENGTH_UNIT ( ) NAMED_UNIT ( * ) SI_UNIT ( .MILLI., .METRE. ) );
#1265 = DIRECTION ( 'NONE',  ( 4.275692708279658900E-031, -3.369022725727144300E-015, 1.000000000000000000 ) ) ;
#1266 = CARTESIAN_POINT ( 'NONE',  ( -5.250000000000000000, 0.3500000000000183000, 3.750000000000001300 ) ) ;
#1267 = COLOUR_RGB ( '',0.7529411764705882200, 0.7529411764705882200, 0.7529411764705882200 ) ;
#1268 = VERTEX_POINT ( 'NONE', #1592 ) ;
#1269 = LINE ( 'NONE', #2144, #2722 ) ;
#1270 = CARTESIAN_POINT ( 'NONE',  ( 4.800000000000020300, 5.600000000000010300, -3.849999999999981000 ) ) ;
#1271 = ADVANCED_FACE ( 'NONE', ( #2759 ), #2758, .F. ) ;
#1272 = LINE ( 'NONE', #1768, #2029 ) ;
#1273 = CARTESIAN_POINT ( 'NONE',  ( 4.400000000000011900, 3.250000000000011100, -3.849999999999989900 ) ) ;
#1274 = LINE ( 'NONE', #3000, #2031 ) ;
#1275 = CARTESIAN_POINT ( 'NONE',  ( 5.250000000000000000, -1.833028764582425900E-014, 3.750000000000000000 ) ) ;
#1276 = MECHANICAL_DESIGN_GEOMETRIC_PRESENTATION_REPRESENTATION (  '', ( #737 ), #1455 ) ;
#1277 = DIRECTION ( 'NONE',  ( -3.491483361109382500E-015, -1.000000000000000000, -3.369022725727144700E-015 ) ) ;
#1278 = ORIENTED_EDGE ( 'NONE', *, *, #2869, .F. ) ;
#1279 = LINE ( 'NONE', #358, #3500 ) ;
#1280 = DIRECTION ( 'NONE',  ( -4.731842306639732300E-031, 3.355958089548694000E-015, -1.000000000000000000 ) ) ;
#1281 = ORIENTED_EDGE ( 'NONE', *, *, #746, .T. ) ;
#1282 = CARTESIAN_POINT ( 'NONE',  ( 2.399999999999999900, -0.09999999999997827300, -4.949999999999999300 ) ) ;
#1283 = AXIS2_PLACEMENT_3D ( 'NONE', #3375, #1452, #2187 ) ;
#1284 = UNCERTAINTY_MEASURE_WITH_UNIT (LENGTH_MEASURE( 1.000000000000000100E-005 ), #1240, 'distance_accuracy_value', 'NONE');
#1285 = VERTEX_POINT ( 'NONE', #1880 ) ;
#1286 = SURFACE_STYLE_USAGE ( .BOTH. , #3036 ) ;
#1287 = EDGE_CURVE ( 'NONE', #3350, #3078, #501, .T. ) ;
#1288 = ORIENTED_EDGE ( 'NONE', *, *, #3634, .T. ) ;
#1289 = ORIENTED_EDGE ( 'NONE', *, *, #438, .F. ) ;
#1290 = DIRECTION ( 'NONE',  ( -1.000000000000000000, 3.491483361109382100E-015, 1.219045606090366800E-029 ) ) ;
#1291 = EDGE_CURVE ( 'NONE', #1945, #1485, #1978, .T. ) ;
#1292 = ORIENTED_EDGE ( 'NONE', *, *, #1558, .T. ) ;
#1293 = ORIENTED_EDGE ( 'NONE', *, *, #8, .F. ) ;
#1294 = ORIENTED_EDGE ( 'NONE', *, *, #3010, .T. ) ;
#1295 = DIRECTION ( 'NONE',  ( 1.000000000000000000, -3.491483361109382100E-015, -1.219045606090366800E-029 ) ) ;
#1296 = LINE ( 'NONE', #1078, #3516 ) ;
#1297 = ORIENTED_EDGE ( 'NONE', *, *, #3272, .F. ) ;
#1298 = EDGE_CURVE ( 'NONE', #1460, #1694, #1892, .T. ) ;
#1299 = VECTOR ( 'NONE', #3497, 1000.000000000000000 ) ;
#1300 = VERTEX_POINT ( 'NONE', #204 ) ;
#1301 = CARTESIAN_POINT ( 'NONE',  ( -2.299999999999979000, 5.800000000000015800, 1.250000000000019300 ) ) ;
#1302 = CARTESIAN_POINT ( 'NONE',  ( 4.400000000000019900, 5.599999999999992500, 1.800000000000018900 ) ) ;
#1303 = EDGE_CURVE ( 'NONE', #818, #140, #2572, .T. ) ;
#1304 = DIRECTION ( 'NONE',  ( 3.984709310854513600E-031, -3.377356816637223900E-015, 1.000000000000000000 ) ) ;
#1305 = AXIS2_PLACEMENT_3D ( 'NONE', #3243, #1498, #3521 ) ;
#1306 = LINE ( 'NONE', #916, #3611 ) ;
#1307 = ORIENTED_EDGE ( 'NONE', *, *, #1938, .F. ) ;
#1308 = CARTESIAN_POINT ( 'NONE',  ( 3.550000000000020300, 5.799999999999988300, 3.750000000000019500 ) ) ;
#1309 = ORIENTED_EDGE ( 'NONE', *, *, #338, .T. ) ;
#1310 = VECTOR ( 'NONE', #1265, 1000.000000000000000 ) ;
#1311 = EDGE_CURVE ( 'NONE', #1024, #1896, #3352, .T. ) ;
#1312 = EDGE_LOOP ( 'NONE', ( #16, #3567, #3127, #3206, #2620, #705, #3163, #1449, #1922, #3490, #849, #2331, #1680, #2510, #1038, #131, #2242, #742, #994, #2692, #179, #539, #95, #257 ) ) ;
#1313 = VECTOR ( 'NONE', #978, 1000.000000000000000 ) ;
#1314 = UNCERTAINTY_MEASURE_WITH_UNIT (LENGTH_MEASURE( 1.000000000000000100E-005 ), #1094, 'distance_accuracy_value', 'NONE');
#1315 = VECTOR ( 'NONE', #1519, 1000.000000000000000 ) ;
#1316 = LINE ( 'NONE', #127, #2769 ) ;
#1317 = ORIENTED_EDGE ( 'NONE', *, *, #808, .F. ) ;
#1318 = LINE ( 'NONE', #1846, #3538 ) ;
#1319 = VECTOR ( 'NONE', #1295, 1000.000000000000000 ) ;
#1320 = SURFACE_SIDE_STYLE ('',( #2122 ) ) ;
#1321 = VERTEX_POINT ( 'NONE', #476 ) ;
#1322 = LINE ( 'NONE', #475, #3626 ) ;
#1323 = ADVANCED_FACE ( 'NONE', ( #3265 ), #219, .F. ) ;
#1324 = ORIENTED_EDGE ( 'NONE', *, *, #136, .T. ) ;
#1325 = PRESENTATION_LAYER_ASSIGNMENT (  '', '', ( #962 ) ) ;
#1326 = FACE_OUTER_BOUND ( 'NONE', #2979, .T. ) ;
#1327 = VERTEX_POINT ( 'NONE', #1618 ) ;
#1328 = AXIS2_PLACEMENT_3D ( 'NONE', #1275, #957, #694 ) ;
#1329 =( NAMED_UNIT ( * ) PLANE_ANGLE_UNIT ( ) SI_UNIT ( $, .RADIAN. ) );
#1330 = ORIENTED_EDGE ( 'NONE', *, *, #758, .T. ) ;
#1331 = CARTESIAN_POINT ( 'NONE',  ( -4.799999999999980300, 5.600000000000043200, -3.849999999999981000 ) ) ;
#1332 = DIRECTION ( 'NONE',  ( -3.491483361109382100E-015, -1.000000000000000000, -2.083871812087760100E-014 ) ) ;
#1333 = ORIENTED_EDGE ( 'NONE', *, *, #3255, .T. ) ;
#1334 =( NAMED_UNIT ( * ) SI_UNIT ( $, .STERADIAN. ) SOLID_ANGLE_UNIT ( ) );
#1335 = COLOUR_RGB ( '',0.7529411764705882200, 0.7529411764705882200, 0.7529411764705882200 ) ;
#1336 = UNCERTAINTY_MEASURE_WITH_UNIT (LENGTH_MEASURE( 1.000000000000000100E-005 ), #3477, 'distance_accuracy_value', 'NONE');
#1337 = CARTESIAN_POINT ( 'NONE',  ( -5.250000000000000000, 1.833028764582425900E-014, 3.750000000000000000 ) ) ;
#1338 = ORIENTED_EDGE ( 'NONE', *, *, #1047, .T. ) ;
#1339 = CARTESIAN_POINT ( 'NONE',  ( 2.850000000000011600, 3.330000000000009400, -1.849999999999988800 ) ) ;
#1340 = VERTEX_POINT ( 'NONE', #2777 ) ;
#1341 = AXIS2_PLACEMENT_3D ( 'NONE', #405, #2068, #117 ) ;
#1342 = CARTESIAN_POINT ( 'NONE',  ( -0.5999999999999988700, 0.4000000000000282800, -3.749999999999998200 ) ) ;
#1343 = VERTEX_POINT ( 'NONE', #2186 ) ;
#1344 = CARTESIAN_POINT ( 'NONE',  ( 0.5999999999999995300, -0.09999999999997198600, -4.949999999999999300 ) ) ;
#1345 = PRESENTATION_STYLE_ASSIGNMENT (( #3143 ) ) ;
#1346 = EDGE_LOOP ( 'NONE', ( #865, #954, #3342, #2746 ) ) ;
#1347 = COLOUR_RGB ( '',0.7529411764705882200, 0.7529411764705882200, 0.7529411764705882200 ) ;
#1348 = CARTESIAN_POINT ( 'NONE',  ( -3.349999999999996500, 1.150000000000020600, 1.150000000000003900 ) ) ;
#1349 =( NAMED_UNIT ( * ) PLANE_ANGLE_UNIT ( ) SI_UNIT ( $, .RADIAN. ) );
#1350 = COLOUR_RGB ( '',0.7529411764705882200, 0.7529411764705882200, 0.7529411764705882200 ) ;
#1351 = EDGE_CURVE ( 'NONE', #1896, #1958, #2196, .T. ) ;
#1352 = ADVANCED_FACE ( 'NONE', ( #65 ), #430, .F. ) ;
#1353 = VECTOR ( 'NONE', #1921, 1000.000000000000000 ) ;
#1354 = SURFACE_SIDE_STYLE ('',( #3056 ) ) ;
#1355 = EDGE_CURVE ( 'NONE', #3624, #497, #1180, .T. ) ;
#1356 = FACE_OUTER_BOUND ( 'NONE', #1481, .T. ) ;
#1357 = DIRECTION ( 'NONE',  ( 4.275692708279659800E-031, -3.369022725727144300E-015, 1.000000000000000000 ) ) ;
#1358 = CARTESIAN_POINT ( 'NONE',  ( -2.299999999999979000, 5.800000000000015800, 1.250000000000019300 ) ) ;
#1359 = CARTESIAN_POINT ( 'NONE',  ( 0.5999999999999998700, 2.317278042628795500E-014, -3.750000000000000000 ) ) ;
#1360 = ORIENTED_EDGE ( 'NONE', *, *, #63, .T. ) ;
#1361 = ORIENTED_EDGE ( 'NONE', *, *, #150, .F. ) ;
#1362 = EDGE_CURVE ( 'NONE', #399, #1609, #3484, .T. ) ;
#1363 = VECTOR ( 'NONE', #1715, 1000.000000000000000 ) ;
#1364 = CARTESIAN_POINT ( 'NONE',  ( 3.850000000000009000, 2.500000000000011500, -3.749999999999992000 ) ) ;
#1365 = ORIENTED_EDGE ( 'NONE', *, *, #3272, .T. ) ;
#1366 =( LENGTH_UNIT ( ) NAMED_UNIT ( * ) SI_UNIT ( .MILLI., .METRE. ) );
#1367 = PLANE ( 'NONE',  #2211 ) ;
#1368 = ORIENTED_EDGE ( 'NONE', *, *, #2400, .F. ) ;
#1369 = VECTOR ( 'NONE', #3662, 1000.000000000000000 ) ;
#1370 = STYLED_ITEM ( 'NONE', ( #3225 ), #2571 ) ;
#1371 = CARTESIAN_POINT ( 'NONE',  ( -0.8999999999999988000, 0.4000000000000334400, -4.949999999999997500 ) ) ;
#1372 = EDGE_LOOP ( 'NONE', ( #2866, #806, #1307, #1931 ) ) ;
#1373 = EDGE_LOOP ( 'NONE', ( #2113, #27, #1293, #2995 ) ) ;
#1374 =( LENGTH_UNIT ( ) NAMED_UNIT ( * ) SI_UNIT ( .MILLI., .METRE. ) );
#1375 = VECTOR ( 'NONE', #2225, 1000.000000000000000 ) ;
#1376 = ORIENTED_EDGE ( 'NONE', *, *, #2325, .F. ) ;
#1377 = CARTESIAN_POINT ( 'NONE',  ( 2.300000000000014000, 3.800000000000014500, -2.449999999999987700 ) ) ;
#1378 = LINE ( 'NONE', #2629, #15 ) ;
#1379 = ORIENTED_EDGE ( 'NONE', *, *, #2061, .T. ) ;
#1380 = CARTESIAN_POINT ( 'NONE',  ( 2.850000000000016500, 4.780000000000009100, -1.849999999999984500 ) ) ;
#1381 = CARTESIAN_POINT ( 'NONE',  ( -0.8999999999999988000, 0.4000000000000334400, -4.949999999999997500 ) ) ;
#1382 = CARTESIAN_POINT ( 'NONE',  ( -2.299999999999986100, 3.700000000000017100, 1.250000000000012400 ) ) ;
#1383 = VERTEX_POINT ( 'NONE', #258 ) ;
#1384 =( NAMED_UNIT ( * ) SI_UNIT ( $, .STERADIAN. ) SOLID_ANGLE_UNIT ( ) );
#1385 = VECTOR ( 'NONE', #1505, 1000.000000000000000 ) ;
#1386 = ORIENTED_EDGE ( 'NONE', *, *, #2685, .F. ) ;
#1387 = VECTOR ( 'NONE', #2687, 1000.000000000000000 ) ;
#1388 = ORIENTED_EDGE ( 'NONE', *, *, #2253, .T. ) ;
#1389 = DIRECTION ( 'NONE',  ( 0.0000000000000000000, 3.491483361109382100E-015, -1.000000000000000000 ) ) ;
#1390 = EDGE_LOOP ( 'NONE', ( #1003, #2517, #1969, #578 ) ) ;
#1391 = CARTESIAN_POINT ( 'NONE',  ( -3.949999999999986400, 3.400000000000032800, -1.849999999999987900 ) ) ;
#1392 = VECTOR ( 'NONE', #1792, 1000.000000000000000 ) ;
#1393 = CARTESIAN_POINT ( 'NONE',  ( -2.849999999999983700, 4.780000000000027800, -1.849999999999984500 ) ) ;
#1394 = VECTOR ( 'NONE', #2063, 1000.000000000000000 ) ;
#1395 = LINE ( 'NONE', #3310, #678 ) ;
#1396 = DIRECTION ( 'NONE',  ( 4.731842306639732300E-031, -3.355958089548694400E-015, 1.000000000000000000 ) ) ;
#1397 = FACE_OUTER_BOUND ( 'NONE', #1699, .T. ) ;
#1398 = ORIENTED_EDGE ( 'NONE', *, *, #190, .F. ) ;
#1399 = VECTOR ( 'NONE', #1845, 1000.000000000000000 ) ;
#1400 = DIRECTION ( 'NONE',  ( 4.275692708279658900E-031, -3.369022725727144300E-015, 1.000000000000000000 ) ) ;
#1401 = EDGE_CURVE ( 'NONE', #1321, #399, #464, .T. ) ;
#1402 = CARTESIAN_POINT ( 'NONE',  ( -0.6000000000000006400, -0.09999999999997315200, -3.350000000000000500 ) ) ;
#1403 = ORIENTED_EDGE ( 'NONE', *, *, #18, .F. ) ;
#1404 = LINE ( 'NONE', #160, #600 ) ;
#1405 = DIRECTION ( 'NONE',  ( -4.275692708279659800E-031, 3.369022725727144300E-015, -1.000000000000000000 ) ) ;
#1406 = DIRECTION ( 'NONE',  ( 4.731842306639732300E-031, -3.355958089548694400E-015, 1.000000000000000000 ) ) ;
#1407 = CARTESIAN_POINT ( 'NONE',  ( -2.849999999999988500, 3.330000000000029400, -1.849999999999988800 ) ) ;
#1408 = EDGE_CURVE ( 'NONE', #1414, #961, #1930, .T. ) ;
#1409 = PLANE ( 'NONE',  #1260 ) ;
#1410 = CARTESIAN_POINT ( 'NONE',  ( -0.8999999999999988000, 0.4000000000000292800, -3.749999999999998200 ) ) ;
#1411 = VERTEX_POINT ( 'NONE', #2790 ) ;
#1412 = VECTOR ( 'NONE', #11, 1000.000000000000000 ) ;
#1413 = EDGE_CURVE ( 'NONE', #2690, #2132, #1088, .T. ) ;
#1414 = VERTEX_POINT ( 'NONE', #2168 ) ;
#1415 = MECHANICAL_DESIGN_GEOMETRIC_PRESENTATION_REPRESENTATION (  '', ( #871 ), #1620 ) ;
#1416 = AXIS2_PLACEMENT_3D ( 'NONE', #2426, #1001, #3020 ) ;
#1417 = ORIENTED_EDGE ( 'NONE', *, *, #997, .T. ) ;
#1418 =( NAMED_UNIT ( * ) SI_UNIT ( $, .STERADIAN. ) SOLID_ANGLE_UNIT ( ) );
#1419 = DIRECTION ( 'NONE',  ( 3.491483361109382100E-015, 1.000000000000000000, 3.491483361109382100E-015 ) ) ;
#1420 = DIRECTION ( 'NONE',  ( -3.984709310854513600E-031, 3.377356816637223900E-015, -1.000000000000000000 ) ) ;
#1421 = CARTESIAN_POINT ( 'NONE',  ( 3.550000000000020300, 5.799999999999991800, 2.750000000000019500 ) ) ;
#1422 = ORIENTED_EDGE ( 'NONE', *, *, #1127, .T. ) ;
#1423 = EDGE_CURVE ( 'NONE', #1640, #3652, #3313, .T. ) ;
#1424 = COLOUR_RGB ( '',0.7529411764705882200, 0.7529411764705882200, 0.7529411764705882200 ) ;
#1425 = VERTEX_POINT ( 'NONE', #1633 ) ;
#1426 = EDGE_CURVE ( 'NONE', #2163, #448, #2524, .T. ) ;
#1427 = DIRECTION ( 'NONE',  ( 3.491483361109382100E-015, 1.000000000000000000, 3.369022725727144300E-015 ) ) ;
#1428 = DIRECTION ( 'NONE',  ( -1.000000000000000000, 3.491483361109382100E-015, 1.219045606090366800E-029 ) ) ;
#1429 = VECTOR ( 'NONE', #154, 1000.000000000000000 ) ;
#1430 = CARTESIAN_POINT ( 'NONE',  ( -4.799999999999980300, 5.600000000000024500, 1.800000000000018900 ) ) ;
#1431 = ORIENTED_EDGE ( 'NONE', *, *, #2185, .T. ) ;
#1432 = LINE ( 'NONE', #1029, #1369 ) ;
#1433 = SURFACE_SIDE_STYLE ('',( #3108 ) ) ;
#1434 =( NAMED_UNIT ( * ) PLANE_ANGLE_UNIT ( ) SI_UNIT ( $, .RADIAN. ) );
#1435 = ORIENTED_EDGE ( 'NONE', *, *, #3119, .F. ) ;
#1436 = LINE ( 'NONE', #1610, #2902 ) ;
#1437 = ORIENTED_EDGE ( 'NONE', *, *, #1681, .F. ) ;
#1438 = COLOUR_RGB ( '',0.7529411764705882200, 0.7529411764705882200, 0.7529411764705882200 ) ;
#1439 = MECHANICAL_DESIGN_GEOMETRIC_PRESENTATION_REPRESENTATION (  '', ( #895 ), #1642 ) ;
#1440 = SURFACE_STYLE_FILL_AREA ( #2596 ) ;
#1441 = VECTOR ( 'NONE', #2193, 1000.000000000000000 ) ;
#1442 = DIRECTION ( 'NONE',  ( 1.000000000000000000, -3.491483361109382100E-015, -1.219045606090366800E-029 ) ) ;
#1443 = CARTESIAN_POINT ( 'NONE',  ( -3.349999999999996500, 1.150000000000011700, 3.750000000000003600 ) ) ;
#1444 = DIRECTION ( 'NONE',  ( -1.000000000000000000, 3.491483361109382100E-015, 1.219045606090366800E-029 ) ) ;
#1445 = CARTESIAN_POINT ( 'NONE',  ( -4.799999999999999800, 0.3500000000000329500, -0.9999999999999991100 ) ) ;
#1446 = CARTESIAN_POINT ( 'NONE',  ( 5.250000000000001800, 0.3500000000000003100, -1.799999999999999600 ) ) ;
#1447 = CARTESIAN_POINT ( 'NONE',  ( -2.400000000000000400, 3.225063716517234000E-014, -3.349999999999998800 ) ) ;
#1448 = ORIENTED_EDGE ( 'NONE', *, *, #3073, .F. ) ;
#1449 = ORIENTED_EDGE ( 'NONE', *, *, #1408, .T. ) ;
#1450 = LINE ( 'NONE', #2236, #3016 ) ;
#1451 = ORIENTED_EDGE ( 'NONE', *, *, #1795, .F. ) ;
#1452 = DIRECTION ( 'NONE',  ( 1.000000000000000000, -3.491483361109382100E-015, -1.219045606090366800E-029 ) ) ;
#1453 = DIRECTION ( 'NONE',  ( 3.491483361109382100E-015, 1.000000000000000000, 3.491483361109382100E-015 ) ) ;
#1454 = CARTESIAN_POINT ( 'NONE',  ( 5.250000000000000000, -1.833028764582425900E-014, 3.750000000000000000 ) ) ;
#1455 =( GEOMETRIC_REPRESENTATION_CONTEXT ( 3 ) GLOBAL_UNCERTAINTY_ASSIGNED_CONTEXT ( ( #1676 ) ) GLOBAL_UNIT_ASSIGNED_CONTEXT ( ( #2134, #470, #2435 ) ) REPRESENTATION_CONTEXT ( 'NONE', 'WORKASPACE' ) );
#1456 = ORIENTED_EDGE ( 'NONE', *, *, #2642, .T. ) ;
#1457 = AXIS2_PLACEMENT_3D ( 'NONE', #1421, #44, #1697 ) ;
#1458 = DIRECTION ( 'NONE',  ( -3.491483361109382100E-015, -1.000000000000000000, -3.369022725727144300E-015 ) ) ;
#1459 = CARTESIAN_POINT ( 'NONE',  ( -2.299999999999981200, 5.300000000000027400, -2.449999999999982400 ) ) ;
#1460 = VERTEX_POINT ( 'NONE', #3072 ) ;
#1461 = FILL_AREA_STYLE_COLOUR ( '', #1147 ) ;
#1462 = ORIENTED_EDGE ( 'NONE', *, *, #2874, .F. ) ;
#1463 = LINE ( 'NONE', #2810, #2230 ) ;
#1464 = ORIENTED_EDGE ( 'NONE', *, *, #2012, .F. ) ;
#1465 = ADVANCED_FACE ( 'NONE', ( #274, #1008 ), #1015, .F. ) ;
#1466 = STYLED_ITEM ( 'NONE', ( #631 ), #934 ) ;
#1467 = CARTESIAN_POINT ( 'NONE',  ( -3.399999999999986100, 4.130000000000031000, -1.849999999999986100 ) ) ;
#1468 = DIRECTION ( 'NONE',  ( -4.275692708279658900E-031, 3.369022725727144300E-015, -1.000000000000000000 ) ) ;
#1469 = DIRECTION ( 'NONE',  ( 4.275692708279658900E-031, -3.369022725727144300E-015, 1.000000000000000000 ) ) ;
#1470 = CARTESIAN_POINT ( 'NONE',  ( 2.300000000000011400, 3.699999999999995700, 2.750000000000012400 ) ) ;
#1471 = LINE ( 'NONE', #3224, #660 ) ;
#1472 = VERTEX_POINT ( 'NONE', #206 ) ;
#1473 = CARTESIAN_POINT ( 'NONE',  ( 3.400000000000016800, 4.779999999999990500, 2.750000000000015500 ) ) ;
#1474 = DIRECTION ( 'NONE',  ( -4.275692708279658900E-031, 3.369022725727144300E-015, -1.000000000000000000 ) ) ;
#1475 = EDGE_CURVE ( 'NONE', #2709, #3424, #917, .T. ) ;
#1476 = EDGE_LOOP ( 'NONE', ( #3608, #1379, #2939, #2234 ) ) ;
#1477 = FACE_OUTER_BOUND ( 'NONE', #2820, .T. ) ;
#1478 = EDGE_CURVE ( 'NONE', #740, #1533, #3209, .T. ) ;
#1479 = FILL_AREA_STYLE_COLOUR ( '', #2726 ) ;
#1480 = VECTOR ( 'NONE', #2025, 1000.000000000000000 ) ;
#1481 = EDGE_LOOP ( 'NONE', ( #3486, #417, #963, #3569, #3031, #408 ) ) ;
#1482 = EDGE_CURVE ( 'NONE', #448, #3373, #2343, .T. ) ;
#1483 = DIRECTION ( 'NONE',  ( 0.0000000000000000000, 3.491483361109382100E-015, -1.000000000000000000 ) ) ;
#1484 = LINE ( 'NONE', #2470, #759 ) ;
#1485 = VERTEX_POINT ( 'NONE', #691 ) ;
#1486 =( NAMED_UNIT ( * ) PLANE_ANGLE_UNIT ( ) SI_UNIT ( $, .RADIAN. ) );
#1487 = FACE_OUTER_BOUND ( 'NONE', #715, .T. ) ;
#1488 = CARTESIAN_POINT ( 'NONE',  ( 4.800000000000011400, 3.250000000000009300, -3.849999999999989900 ) ) ;
#1489 = VERTEX_POINT ( 'NONE', #2010 ) ;
#1490 = VECTOR ( 'NONE', #1209, 1000.000000000000000 ) ;
#1491 = CARTESIAN_POINT ( 'NONE',  ( -3.949999999999983700, 4.130000000000032800, -1.849999999999986100 ) ) ;
#1492 = PRESENTATION_STYLE_ASSIGNMENT (( #2929 ) ) ;
#1493 = ADVANCED_FACE ( 'NONE', ( #2240 ), #1249, .F. ) ;
#1494 = EDGE_CURVE ( 'NONE', #2438, #2140, #1573, .T. ) ;
#1495 = VECTOR ( 'NONE', #2037, 1000.000000000000000 ) ;
#1496 = DIRECTION ( 'NONE',  ( 1.000000000000000000, -3.491483361109382100E-015, -1.219045606090366800E-029 ) ) ;
#1497 = LINE ( 'NONE', #1849, #35 ) ;
#1498 = DIRECTION ( 'NONE',  ( -9.039937541043062900E-031, -3.750397312747711400E-015, 1.000000000000000000 ) ) ;
#1499 = PRESENTATION_STYLE_ASSIGNMENT (( #1673 ) ) ;
#1500 = PLANE ( 'NONE',  #1328 ) ;
#1501 = STYLED_ITEM ( 'NONE', ( #930 ), #2679 ) ;
#1502 = ORIENTED_EDGE ( 'NONE', *, *, #2783, .F. ) ;
#1503 = FILL_AREA_STYLE_COLOUR ( '', #1587 ) ;
#1504 = LINE ( 'NONE', #1266, #1399 ) ;
#1505 = DIRECTION ( 'NONE',  ( 4.275692708279658900E-031, -3.369022725727144300E-015, 1.000000000000000000 ) ) ;
#1506 = EDGE_CURVE ( 'NONE', #1472, #2778, #102, .T. ) ;
#1507 = ORIENTED_EDGE ( 'NONE', *, *, #1681, .T. ) ;
#1508 = LINE ( 'NONE', #3282, #778 ) ;
#1509 = PLANE ( 'NONE',  #1341 ) ;
#1510 = EDGE_LOOP ( 'NONE', ( #3188, #2461, #480, #642, #392, #3413, #3509, #1456 ) ) ;
#1511 = DIRECTION ( 'NONE',  ( 4.731842306639732300E-031, -3.355958089548694400E-015, 1.000000000000000000 ) ) ;
#1512 = ORIENTED_EDGE ( 'NONE', *, *, #1311, .T. ) ;
#1513 = FACE_OUTER_BOUND ( 'NONE', #599, .T. ) ;
#1514 = ADVANCED_FACE ( 'NONE', ( #1477 ), #3508, .F. ) ;
#1515 = ORIENTED_EDGE ( 'NONE', *, *, #190, .T. ) ;
#1516 = CARTESIAN_POINT ( 'NONE',  ( 3.550000000000014000, 4.129999999999991000, 2.750000000000013800 ) ) ;
#1517 = CARTESIAN_POINT ( 'NONE',  ( -0.9000000000000004700, -0.09999999999996674000, -4.949999999999999300 ) ) ;
#1518 = MECHANICAL_DESIGN_GEOMETRIC_PRESENTATION_REPRESENTATION (  '', ( #962 ), #1708 ) ;
#1519 = DIRECTION ( 'NONE',  ( 3.491483361109382100E-015, 1.000000000000000000, 3.375835129377594800E-015 ) ) ;
#1520 = ORIENTED_EDGE ( 'NONE', *, *, #1047, .F. ) ;
#1521 = PRESENTATION_LAYER_ASSIGNMENT (  '', '', ( #1149 ) ) ;
#1522 =( NAMED_UNIT ( * ) SI_UNIT ( $, .STERADIAN. ) SOLID_ANGLE_UNIT ( ) );
#1523 = LINE ( 'NONE', #2607, #2189 ) ;
#1524 = ORIENTED_EDGE ( 'NONE', *, *, #3379, .F. ) ;
#1525 = AXIS2_PLACEMENT_3D ( 'NONE', #2294, #2350, #2049 ) ;
#1526 = CARTESIAN_POINT ( 'NONE',  ( -2.299999999999979400, 5.800000000000011400, 2.750000000000019500 ) ) ;
#1527 = ORIENTED_EDGE ( 'NONE', *, *, #866, .F. ) ;
#1528 = DIRECTION ( 'NONE',  ( 4.275692708279658900E-031, -3.369022725727144300E-015, 1.000000000000000000 ) ) ;
#1529 = CARTESIAN_POINT ( 'NONE',  ( -2.400000000000000800, -0.09999999999996687900, -3.350000000000000500 ) ) ;
#1530 = DIRECTION ( 'NONE',  ( -1.000000000000000000, 3.607647879589971900E-015, 1.258278508924546800E-029 ) ) ;
#1531 = CARTESIAN_POINT ( 'NONE',  ( -2.100000000000000100, 3.259978550128328600E-014, -3.750000000000000000 ) ) ;
#1532 = ADVANCED_FACE ( 'NONE', ( #2156 ), #3237, .F. ) ;
#1533 = VERTEX_POINT ( 'NONE', #2705 ) ;
#1534 = SURFACE_SIDE_STYLE ('',( #2765 ) ) ;
#1535 = ORIENTED_EDGE ( 'NONE', *, *, #2070, .F. ) ;
#1536 = FACE_OUTER_BOUND ( 'NONE', #2160, .T. ) ;
#1537 = VECTOR ( 'NONE', #1121, 1000.000000000000000 ) ;
#1538 = LINE ( 'NONE', #1443, #2306 ) ;
#1539 = CARTESIAN_POINT ( 'NONE',  ( -2.100000000000000500, -0.09999999999996256300, -4.949999999999999300 ) ) ;
#1540 = PRESENTATION_LAYER_ASSIGNMENT (  '', '', ( #1166 ) ) ;
#1541 = DIRECTION ( 'NONE',  ( -4.275692708279658900E-031, 3.369022725727144300E-015, -1.000000000000000000 ) ) ;
#1542 = VECTOR ( 'NONE', #2652, 1000.000000000000000 ) ;
#1543 =( NAMED_UNIT ( * ) PLANE_ANGLE_UNIT ( ) SI_UNIT ( $, .RADIAN. ) );
#1544 =( NAMED_UNIT ( * ) SI_UNIT ( $, .STERADIAN. ) SOLID_ANGLE_UNIT ( ) );
#1545 = VERTEX_POINT ( 'NONE', #2098 ) ;
#1546 = AXIS2_PLACEMENT_3D ( 'NONE', #1955, #323, #3202 ) ;
#1547 = PLANE ( 'NONE',  #964 ) ;
#1548 = ADVANCED_FACE ( 'NONE', ( #1131 ), #2064, .F. ) ;
#1549 = EDGE_LOOP ( 'NONE', ( #3034, #864, #2275, #1050 ) ) ;
#1550 = DIRECTION ( 'NONE',  ( 3.491483361109382100E-015, 1.000000000000000000, 3.375835129377594800E-015 ) ) ;
#1551 = CARTESIAN_POINT ( 'NONE',  ( -2.849999999999988500, 3.330000000000029400, -1.849999999999988800 ) ) ;
#1552 =( LENGTH_UNIT ( ) NAMED_UNIT ( * ) SI_UNIT ( .MILLI., .METRE. ) );
#1553 = EDGE_CURVE ( 'NONE', #3418, #3157, #2659, .T. ) ;
#1554 = ADVANCED_FACE ( 'NONE', ( #3351 ), #1776, .F. ) ;
#1555 = PLANE ( 'NONE',  #2040 ) ;
#1556 = EDGE_CURVE ( 'NONE', #657, #1023, #2568, .T. ) ;
#1557 = ORIENTED_EDGE ( 'NONE', *, *, #1821, .F. ) ;
#1558 = EDGE_CURVE ( 'NONE', #3115, #2880, #411, .T. ) ;
#1559 = VERTEX_POINT ( 'NONE', #972 ) ;
#1560 = EDGE_LOOP ( 'NONE', ( #883, #3173, #2248, #108 ) ) ;
#1561 = ORIENTED_EDGE ( 'NONE', *, *, #3438, .F. ) ;
#1562 = FILL_AREA_STYLE_COLOUR ( '', #968 ) ;
#1563 = DIRECTION ( 'NONE',  ( 0.0000000000000000000, 3.491483361109382100E-015, -1.000000000000000000 ) ) ;
#1564 = EDGE_LOOP ( 'NONE', ( #1781, #2485, #419, #1182 ) ) ;
#1565 = ORIENTED_EDGE ( 'NONE', *, *, #3432, .T. ) ;
#1566 = ORIENTED_EDGE ( 'NONE', *, *, #458, .T. ) ;
#1567 = DIRECTION ( 'NONE',  ( 3.202362781779914100E-015, 1.000000000000000000, 3.369022725727144300E-015 ) ) ;
#1568 = ORIENTED_EDGE ( 'NONE', *, *, #1992, .T. ) ;
#1569 = ORIENTED_EDGE ( 'NONE', *, *, #3255, .F. ) ;
#1570 = AXIS2_PLACEMENT_3D ( 'NONE', #1104, #1092, #1073 ) ;
#1571 = DIRECTION ( 'NONE',  ( -1.000000000000000000, 3.375318842628792200E-015, 1.179812703256186700E-029 ) ) ;
#1572 = FILL_AREA_STYLE ('',( #1644 ) ) ;
#1573 = LINE ( 'NONE', #1517, #192 ) ;
#1574 =( NAMED_UNIT ( * ) PLANE_ANGLE_UNIT ( ) SI_UNIT ( $, .RADIAN. ) );
#1575 = CARTESIAN_POINT ( 'NONE',  ( 2.400000000000000400, 1.688811037629106400E-014, -3.750000000000000000 ) ) ;
#1576 = DIRECTION ( 'NONE',  ( -1.000000000000000000, 3.491483361109382100E-015, 1.219045606090366800E-029 ) ) ;
#1577 = VECTOR ( 'NONE', #2840, 1000.000000000000000 ) ;
#1578 = VERTEX_POINT ( 'NONE', #920 ) ;
#1579 = VECTOR ( 'NONE', #2082, 1000.000000000000000 ) ;
#1580 = CARTESIAN_POINT ( 'NONE',  ( 3.350000000000005900, 1.550000000000007800, -1.849999999999995000 ) ) ;
#1581 = CLOSED_SHELL ( 'NONE', ( #2393, #3389, #3563, #1465, #2195, #2116, #680, #1835, #1548, #966, #2678, #2415, #2347, #315, #1213, #3275, #1271, #548, #165, #1840, #829, #442, #1493, #2102, #2719, #2302, #3395, #1554, #1514, #998, #722, #1256, #2989, #396, #3553, #880, #164, #1201, #3098, #2078, #2276, #1817, #376, #3585, #2948, #1080, #1237, #2087, #3011, #2056, #1323, #988, #3254, #100, #2238, #118, #3526, #177, #141, #459, #3229, #3635, #2966, #3512, #2571, #2218, #3524, #682, #701, #1772, #301, #1352, #1793, #1600, #3568, #1532, #2630, #3669, #2648, #2700, #2375, #2925, #2429, #664, #271, #1106, #418, #2472, #3297, #934, #41, #1087, #953, #2679 ) ) ;
#1582 = ORIENTED_EDGE ( 'NONE', *, *, #3559, .T. ) ;
#1583 = VECTOR ( 'NONE', #1511, 1000.000000000000000 ) ;
#1584 = VECTOR ( 'NONE', #116, 1000.000000000000000 ) ;
#1585 = CARTESIAN_POINT ( 'NONE',  ( -5.250000000000000000, 4.359795808877784500E-014, -3.750000000000000000 ) ) ;
#1586 = LINE ( 'NONE', #2212, #838 ) ;
#1587 = COLOUR_RGB ( '',0.7529411764705882200, 0.7529411764705882200, 0.7529411764705882200 ) ;
#1588 = VECTOR ( 'NONE', #938, 1000.000000000000000 ) ;
#1589 = CARTESIAN_POINT ( 'NONE',  ( -3.850000000000001000, 3.221988648105523300E-014, -1.800000000000000500 ) ) ;
#1590 = VECTOR ( 'NONE', #914, 1000.000000000000000 ) ;
#1591 = STYLED_ITEM ( 'NONE', ( #2046 ), #3524 ) ;
#1592 = CARTESIAN_POINT ( 'NONE',  ( 4.400000000000001200, 0.3499999999999913200, 1.800000000000001200 ) ) ;
#1593 = ORIENTED_EDGE ( 'NONE', *, *, #121, .F. ) ;
#1594 = LINE ( 'NONE', #2467, #2258 ) ;
#1595 = CARTESIAN_POINT ( 'NONE',  ( 0.5999999999999995300, -0.09999999999997198600, -4.949999999999999300 ) ) ;
#1596 = AXIS2_PLACEMENT_3D ( 'NONE', #2318, #2308, #2292 ) ;
#1597 = ORIENTED_EDGE ( 'NONE', *, *, #2278, .F. ) ;
#1598 = ORIENTED_EDGE ( 'NONE', *, *, #1897, .T. ) ;
#1599 = LINE ( 'NONE', #1235, #2096 ) ;
#1600 = ADVANCED_FACE ( 'NONE', ( #319 ), #699, .F. ) ;
#1601 = DIRECTION ( 'NONE',  ( 0.0000000000000000000, -3.491483361109382100E-015, 1.000000000000000000 ) ) ;
#1602 = SURFACE_STYLE_USAGE ( .BOTH. , #1612 ) ;
#1603 = ORIENTED_EDGE ( 'NONE', *, *, #3634, .F. ) ;
#1604 = ORIENTED_EDGE ( 'NONE', *, *, #2851, .F. ) ;
#1605 = ORIENTED_EDGE ( 'NONE', *, *, #3425, .T. ) ;
#1606 = EDGE_CURVE ( 'NONE', #1533, #40, #1031, .T. ) ;
#1607 = FACE_OUTER_BOUND ( 'NONE', #353, .T. ) ;
#1608 = CARTESIAN_POINT ( 'NONE',  ( -3.349999999999995200, 1.550000000000020500, 1.150000000000005200 ) ) ;
#1609 = VERTEX_POINT ( 'NONE', #252 ) ;
#1610 = CARTESIAN_POINT ( 'NONE',  ( -2.299999999999986500, 3.800000000000030900, -2.449999999999987700 ) ) ;
#1611 = EDGE_CURVE ( 'NONE', #3137, #269, #295, .T. ) ;
#1612 = SURFACE_SIDE_STYLE ('',( #3663 ) ) ;
#1613 = ORIENTED_EDGE ( 'NONE', *, *, #121, .T. ) ;
#1614 = ORIENTED_EDGE ( 'NONE', *, *, #3125, .T. ) ;
#1615 = UNCERTAINTY_MEASURE_WITH_UNIT (LENGTH_MEASURE( 1.000000000000000100E-005 ), #1374, 'distance_accuracy_value', 'NONE');
#1616 = EDGE_CURVE ( 'NONE', #269, #783, #3239, .T. ) ;
#1617 = ORIENTED_EDGE ( 'NONE', *, *, #1291, .F. ) ;
#1618 = CARTESIAN_POINT ( 'NONE',  ( -4.400000000000000400, -0.09999999999996864200, -1.000000000000000000 ) ) ;
#1619 = DIRECTION ( 'NONE',  ( 1.000000000000000000, -3.491483361109382100E-015, -1.219045606090366800E-029 ) ) ;
#1620 =( GEOMETRIC_REPRESENTATION_CONTEXT ( 3 ) GLOBAL_UNCERTAINTY_ASSIGNED_CONTEXT ( ( #3174 ) ) GLOBAL_UNIT_ASSIGNED_CONTEXT ( ( #2669, #2944, #2861 ) ) REPRESENTATION_CONTEXT ( 'NONE', 'WORKASPACE' ) );
#1621 = EDGE_LOOP ( 'NONE', ( #3267, #1138, #1220, #1309 ) ) ;
#1622 = DIRECTION ( 'NONE',  ( 1.000000000000000000, -3.491483361109382100E-015, -1.219045606090366800E-029 ) ) ;
#1623 = ORIENTED_EDGE ( 'NONE', *, *, #2990, .T. ) ;
#1624 = CARTESIAN_POINT ( 'NONE',  ( 4.800000000000011400, 3.249999999999999600, -0.9999999999999879000 ) ) ;
#1625 = FILL_AREA_STYLE ('',( #1946 ) ) ;
#1626 = VECTOR ( 'NONE', #1097, 1000.000000000000000 ) ;
#1627 = EDGE_CURVE ( 'NONE', #1893, #911, #218, .T. ) ;
#1628 = ORIENTED_EDGE ( 'NONE', *, *, #1004, .T. ) ;
#1629 = LINE ( 'NONE', #2424, #3088 ) ;
#1630 = LINE ( 'NONE', #1381, #425 ) ;
#1631 = LINE ( 'NONE', #1470, #1066 ) ;
#1632 = EDGE_CURVE ( 'NONE', #2654, #399, #3141, .T. ) ;
#1633 = CARTESIAN_POINT ( 'NONE',  ( -2.400000000000000400, 3.229962141932523400E-014, -3.349999999999998800 ) ) ;
#1634 = FILL_AREA_STYLE ('',( #3032 ) ) ;
#1635 = PRESENTATION_STYLE_ASSIGNMENT (( #2964 ) ) ;
#1636 = ORIENTED_EDGE ( 'NONE', *, *, #569, .T. ) ;
#1637 = VERTEX_POINT ( 'NONE', #2655 ) ;
#1638 = STYLED_ITEM ( 'NONE', ( #2322 ), #1133 ) ;
#1639 = ORIENTED_EDGE ( 'NONE', *, *, #3125, .F. ) ;
#1640 = VERTEX_POINT ( 'NONE', #3550 ) ;
#1641 = ORIENTED_EDGE ( 'NONE', *, *, #1109, .T. ) ;
#1642 =( GEOMETRIC_REPRESENTATION_CONTEXT ( 3 ) GLOBAL_UNCERTAINTY_ASSIGNED_CONTEXT ( ( #2917 ) ) GLOBAL_UNIT_ASSIGNED_CONTEXT ( ( #1950, #2346, #2536 ) ) REPRESENTATION_CONTEXT ( 'NONE', 'WORKASPACE' ) );
#1643 = CARTESIAN_POINT ( 'NONE',  ( -3.549999999999979400, 5.800000000000015800, 2.750000000000019500 ) ) ;
#1644 = FILL_AREA_STYLE_COLOUR ( '', #1347 ) ;
#1645 = AXIS2_PLACEMENT_3D ( 'NONE', #169, #995, #1332 ) ;
#1646 = EDGE_LOOP ( 'NONE', ( #3651, #2647, #2831, #2935 ) ) ;
#1647 = DIRECTION ( 'NONE',  ( -1.000000000000000000, 3.491483361109382100E-015, 1.219045606090366800E-029 ) ) ;
#1648 = ORIENTED_EDGE ( 'NONE', *, *, #1408, .F. ) ;
#1649 = DIRECTION ( 'NONE',  ( 4.275692708279658900E-031, -3.369022725727144300E-015, 1.000000000000000000 ) ) ;
#1650 = DIRECTION ( 'NONE',  ( 4.275692708279658900E-031, -3.369022725727144300E-015, 1.000000000000000000 ) ) ;
#1651 = DIRECTION ( 'NONE',  ( -3.491483361109382100E-015, -1.000000000000000000, -3.491483361109382100E-015 ) ) ;
#1652 = ORIENTED_EDGE ( 'NONE', *, *, #2600, .T. ) ;
#1653 = ORIENTED_EDGE ( 'NONE', *, *, #1674, .F. ) ;
#1654 = STYLED_ITEM ( 'NONE', ( #1002 ), #177 ) ;
#1655 = PLANE ( 'NONE',  #1570 ) ;
#1656 = DIRECTION ( 'NONE',  ( -3.394390629245008600E-015, -1.000000000000000000, -3.369022725727144300E-015 ) ) ;
#1657 = VECTOR ( 'NONE', #2898, 1000.000000000000000 ) ;
#1658 = CARTESIAN_POINT ( 'NONE',  ( 2.100000000000001400, 0.4000000000000230000, -4.949999999999997500 ) ) ;
#1659 = VECTOR ( 'NONE', #1444, 1000.000000000000000 ) ;
#1660 = DIRECTION ( 'NONE',  ( 1.000000000000000000, -3.491483361109382100E-015, -1.219045606090366800E-029 ) ) ;
#1661 = ORIENTED_EDGE ( 'NONE', *, *, #989, .T. ) ;
#1662 = AXIS2_PLACEMENT_3D ( 'NONE', #1358, #2526, #1193 ) ;
#1663 = VECTOR ( 'NONE', #220, 1000.000000000000000 ) ;
#1664 = ORIENTED_EDGE ( 'NONE', *, *, #698, .F. ) ;
#1665 = PRESENTATION_LAYER_ASSIGNMENT (  '', '', ( #1245 ) ) ;
#1666 = CARTESIAN_POINT ( 'NONE',  ( 2.300000000000011400, 3.699999999999995700, 2.750000000000012400 ) ) ;
#1667 = LINE ( 'NONE', #407, #3221 ) ;
#1668 = LINE ( 'NONE', #1473, #3132 ) ;
#1669 = EDGE_CURVE ( 'NONE', #3095, #508, #2462, .T. ) ;
#1670 = LINE ( 'NONE', #2367, #3135 ) ;
#1671 = VERTEX_POINT ( 'NONE', #2099 ) ;
#1672 = ORIENTED_EDGE ( 'NONE', *, *, #1478, .F. ) ;
#1673 = SURFACE_STYLE_USAGE ( .BOTH. , #1354 ) ;
#1674 = EDGE_CURVE ( 'NONE', #2654, #1268, #1508, .T. ) ;
#1675 = LINE ( 'NONE', #2853, #1022 ) ;
#1676 = UNCERTAINTY_MEASURE_WITH_UNIT (LENGTH_MEASURE( 1.000000000000000100E-005 ), #2134, 'distance_accuracy_value', 'NONE');
#1677 = DIRECTION ( 'NONE',  ( 4.275692708279658900E-031, -3.369022725727144300E-015, 1.000000000000000000 ) ) ;
#1678 = FILL_AREA_STYLE_COLOUR ( '', #1438 ) ;
#1679 = CARTESIAN_POINT ( 'NONE',  ( -5.249999999999992000, 2.500000000000042200, -3.449999999999992200 ) ) ;
#1680 = ORIENTED_EDGE ( 'NONE', *, *, #2003, .T. ) ;
#1681 = EDGE_CURVE ( 'NONE', #2731, #2543, #2262, .T. ) ;
#1682 = VECTOR ( 'NONE', #3340, 1000.000000000000000 ) ;
#1683 =( LENGTH_UNIT ( ) NAMED_UNIT ( * ) SI_UNIT ( .MILLI., .METRE. ) );
#1684 = ORIENTED_EDGE ( 'NONE', *, *, #1351, .T. ) ;
#1685 = VECTOR ( 'NONE', #3562, 1000.000000000000000 ) ;
#1686 = EDGE_CURVE ( 'NONE', #3519, #919, #46, .T. ) ;
#1687 = SURFACE_STYLE_USAGE ( .BOTH. , #1190 ) ;
#1688 = ORIENTED_EDGE ( 'NONE', *, *, #1291, .T. ) ;
#1689 = EDGE_LOOP ( 'NONE', ( #607, #1330, #3636, #2179 ) ) ;
#1690 = AXIS2_PLACEMENT_3D ( 'NONE', #1224, #138, #2092 ) ;
#1691 = FILL_AREA_STYLE ('',( #2816 ) ) ;
#1692 = CARTESIAN_POINT ( 'NONE',  ( -3.399999999999986100, 4.130000000000012300, 3.750000000000013800 ) ) ;
#1693 = PLANE ( 'NONE',  #2288 ) ;
#1694 = VERTEX_POINT ( 'NONE', #712 ) ;
#1695 = SURFACE_SIDE_STYLE ('',( #3151 ) ) ;
#1696 = PRESENTATION_STYLE_ASSIGNMENT (( #43 ) ) ;
#1697 = DIRECTION ( 'NONE',  ( -3.491483361109382100E-015, -1.000000000000000000, -3.369022725727144300E-015 ) ) ;
#1698 = EDGE_CURVE ( 'NONE', #3547, #1241, #688, .T. ) ;
#1699 = EDGE_LOOP ( 'NONE', ( #151, #743, #1753, #3460 ) ) ;
#1700 = CARTESIAN_POINT ( 'NONE',  ( -2.849999999999988500, 3.330000000000019600, 1.250000000000011100 ) ) ;
#1701 = ORIENTED_EDGE ( 'NONE', *, *, #1070, .F. ) ;
#1702 = CARTESIAN_POINT ( 'NONE',  ( 2.400000000000001700, 0.4000000000000218900, -4.949999999999997500 ) ) ;
#1703 = SURFACE_SIDE_STYLE ('',( #3133 ) ) ;
#1704 = SURFACE_STYLE_USAGE ( .BOTH. , #1717 ) ;
#1705 = CARTESIAN_POINT ( 'NONE',  ( -3.349999999999995200, 1.550000000000030500, -1.849999999999995000 ) ) ;
#1706 = CARTESIAN_POINT ( 'NONE',  ( -3.399999999999983900, 4.780000000000015300, 2.750000000000015500 ) ) ;
#1707 = DIRECTION ( 'NONE',  ( -3.491483361109382100E-015, -1.000000000000000000, -3.491483361109382100E-015 ) ) ;
#1708 =( GEOMETRIC_REPRESENTATION_CONTEXT ( 3 ) GLOBAL_UNCERTAINTY_ASSIGNED_CONTEXT ( ( #3146 ) ) GLOBAL_UNIT_ASSIGNED_CONTEXT ( ( #2268, #593, #2566 ) ) REPRESENTATION_CONTEXT ( 'NONE', 'WORKASPACE' ) );
#1709 = ORIENTED_EDGE ( 'NONE', *, *, #2257, .T. ) ;
#1710 = ORIENTED_EDGE ( 'NONE', *, *, #80, .F. ) ;
#1711 = VECTOR ( 'NONE', #2141, 1000.000000000000000 ) ;
#1712 = MECHANICAL_DESIGN_GEOMETRIC_PRESENTATION_REPRESENTATION (  '', ( #1149 ), #1909 ) ;
#1713 = LINE ( 'NONE', #1132, #3170 ) ;
#1714 = ORIENTED_EDGE ( 'NONE', *, *, #634, .F. ) ;
#1715 = DIRECTION ( 'NONE',  ( 0.0000000000000000000, -3.491483361109382100E-015, 1.000000000000000000 ) ) ;
#1716 = DIRECTION ( 'NONE',  ( 0.0000000000000000000, 3.491483361109382100E-015, -1.000000000000000000 ) ) ;
#1717 = SURFACE_SIDE_STYLE ('',( #1881 ) ) ;
#1718 = LINE ( 'NONE', #308, #3175 ) ;
#1719 = CARTESIAN_POINT ( 'NONE',  ( -5.250000000000000000, 1.833028764582425900E-014, 3.750000000000000000 ) ) ;
#1720 = COLOUR_RGB ( '',0.7529411764705882200, 0.7529411764705882200, 0.7529411764705882200 ) ;
#1721 = DIRECTION ( 'NONE',  ( 1.000000000000000000, -3.491483361109382100E-015, -1.219045606090366800E-029 ) ) ;
#1722 = COLOUR_RGB ( '',0.7529411764705882200, 0.7529411764705882200, 0.7529411764705882200 ) ;
#1723 = VECTOR ( 'NONE', #2617, 1000.000000000000000 ) ;
#1724 = VECTOR ( 'NONE', #2073, 1000.000000000000000 ) ;
#1725 = ORIENTED_EDGE ( 'NONE', *, *, #1423, .T. ) ;
#1726 = FACE_OUTER_BOUND ( 'NONE', #859, .T. ) ;
#1727 = CARTESIAN_POINT ( 'NONE',  ( 2.100000000000000100, 1.653896204018012400E-014, -3.349999999999998800 ) ) ;
#1728 = CARTESIAN_POINT ( 'NONE',  ( 3.850000000000009000, 2.500000000000011500, -3.749999999999992000 ) ) ;
#1729 = MECHANICAL_DESIGN_GEOMETRIC_PRESENTATION_REPRESENTATION (  '', ( #1166 ), #1920 ) ;
#1730 =( LENGTH_UNIT ( ) NAMED_UNIT ( * ) SI_UNIT ( .MILLI., .METRE. ) );
#1731 = FILL_AREA_STYLE_COLOUR ( '', #1350 ) ;
#1732 = SURFACE_STYLE_USAGE ( .BOTH. , #77 ) ;
#1733 = VERTEX_POINT ( 'NONE', #674 ) ;
#1734 = STYLED_ITEM ( 'NONE', ( #800 ), #682 ) ;
#1735 = PLANE ( 'NONE',  #1973 ) ;
#1736 = SURFACE_STYLE_USAGE ( .BOTH. , #1748 ) ;
#1737 = FILL_AREA_STYLE ('',( #2657 ) ) ;
#1738 = EDGE_LOOP ( 'NONE', ( #1566, #1652, #2434, #3201 ) ) ;
#1739 = CARTESIAN_POINT ( 'NONE',  ( 3.850000000000020500, 5.800000000000010500, -3.449999999999980600 ) ) ;
#1740 =( NAMED_UNIT ( * ) SI_UNIT ( $, .STERADIAN. ) SOLID_ANGLE_UNIT ( ) );
#1741 = EDGE_CURVE ( 'NONE', #1694, #2059, #1599, .T. ) ;
#1742 = COLOUR_RGB ( '',0.7529411764705882200, 0.7529411764705882200, 0.7529411764705882200 ) ;
#1743 = VERTEX_POINT ( 'NONE', #1339 ) ;
#1744 = EDGE_CURVE ( 'NONE', #2501, #1383, #1404, .T. ) ;
#1745 = PRESENTATION_STYLE_ASSIGNMENT (( #2908 ) ) ;
#1746 = ORIENTED_EDGE ( 'NONE', *, *, #2797, .F. ) ;
#1747 = EDGE_CURVE ( 'NONE', #881, #1637, #2965, .T. ) ;
#1748 = SURFACE_SIDE_STYLE ('',( #74 ) ) ;
#1749 = VECTOR ( 'NONE', #764, 1000.000000000000000 ) ;
#1750 = DIRECTION ( 'NONE',  ( -1.000000000000000000, 3.491483361109382100E-015, 1.219045606090366800E-029 ) ) ;
#1751 = LINE ( 'NONE', #1194, #3315 ) ;
#1752 =( NAMED_UNIT ( * ) SI_UNIT ( $, .STERADIAN. ) SOLID_ANGLE_UNIT ( ) );
#1753 = ORIENTED_EDGE ( 'NONE', *, *, #1351, .F. ) ;
#1754 = COLOUR_RGB ( '',0.7529411764705882200, 0.7529411764705882200, 0.7529411764705882200 ) ;
#1755 = FILL_AREA_STYLE ('',( #1461 ) ) ;
#1756 = PRESENTATION_LAYER_ASSIGNMENT (  '', '', ( #1370 ) ) ;
#1757 = VECTOR ( 'NONE', #2300, 1000.000000000000000 ) ;
#1758 = CARTESIAN_POINT ( 'NONE',  ( -3.349999999999995200, 1.550000000000030500, -1.849999999999995000 ) ) ;
#1759 = VECTOR ( 'NONE', #1889, 1000.000000000000000 ) ;
#1760 = DIRECTION ( 'NONE',  ( 1.000000000000000000, -3.491483361109382100E-015, -1.219045606090366800E-029 ) ) ;
#1761 = CARTESIAN_POINT ( 'NONE',  ( 5.250000000000008900, 2.500000000000006700, -3.749999999999992000 ) ) ;
#1762 = DIRECTION ( 'NONE',  ( 1.000000000000000000, -3.491483361109382500E-015, -1.219045606090366900E-029 ) ) ;
#1763 = VECTOR ( 'NONE', #2924, 1000.000000000000000 ) ;
#1764 = DIRECTION ( 'NONE',  ( 1.000000000000000000, -3.491483361109382100E-015, -1.219045606090366800E-029 ) ) ;
#1765 = DIRECTION ( 'NONE',  ( 3.491483361109382100E-015, 1.000000000000000000, 3.491483361109382100E-015 ) ) ;
#1766 = ORIENTED_EDGE ( 'NONE', *, *, #3116, .F. ) ;
#1767 = LINE ( 'NONE', #1727, #1025 ) ;
#1768 = CARTESIAN_POINT ( 'NONE',  ( -5.250000000000000000, 1.833028764582425900E-014, 3.750000000000000000 ) ) ;
#1769 = VERTEX_POINT ( 'NONE', #1173 ) ;
#1770 = CARTESIAN_POINT ( 'NONE',  ( -2.400000000000000400, 3.364723050961609800E-014, -3.750000000000000000 ) ) ;
#1771 = VECTOR ( 'NONE', #130, 1000.000000000000000 ) ;
#1772 = ADVANCED_FACE ( 'NONE', ( #1326 ), #2827, .F. ) ;
#1773 = PLANE ( 'NONE',  #2742 ) ;
#1774 = CARTESIAN_POINT ( 'NONE',  ( 3.850000000000002300, 0.3500000000000053600, -1.799999999999999600 ) ) ;
#1775 = SURFACE_STYLE_USAGE ( .BOTH. , #1787 ) ;
#1776 = PLANE ( 'NONE',  #1860 ) ;
#1777 = AXIS2_PLACEMENT_3D ( 'NONE', #201, #2152, #485 ) ;
#1778 = VERTEX_POINT ( 'NONE', #3152 ) ;
#1779 = PRESENTATION_STYLE_ASSIGNMENT (( #2528 ) ) ;
#1780 = CARTESIAN_POINT ( 'NONE',  ( -5.249999999999992000, 2.500000000000042200, -3.449999999999992200 ) ) ;
#1781 = ORIENTED_EDGE ( 'NONE', *, *, #1802, .T. ) ;
#1782 = LINE ( 'NONE', #2555, #955 ) ;
#1783 = ORIENTED_EDGE ( 'NONE', *, *, #563, .F. ) ;
#1784 = DIRECTION ( 'NONE',  ( 3.491483361109382100E-015, 1.000000000000000000, 3.355958089548694000E-015 ) ) ;
#1785 = AXIS2_PLACEMENT_3D ( 'NONE', #3090, #2577, #586 ) ;
#1786 = DIRECTION ( 'NONE',  ( -3.491483361109382100E-015, -1.000000000000000000, -3.369022725727144300E-015 ) ) ;
#1787 = SURFACE_SIDE_STYLE ('',( #1943 ) ) ;
#1788 = FACE_OUTER_BOUND ( 'NONE', #2916, .T. ) ;
#1789 = ORIENTED_EDGE ( 'NONE', *, *, #317, .T. ) ;
#1790 = CARTESIAN_POINT ( 'NONE',  ( 2.300000000000020700, 5.800000000000001600, 1.250000000000019300 ) ) ;
#1791 = UNCERTAINTY_MEASURE_WITH_UNIT (LENGTH_MEASURE( 1.000000000000000100E-005 ), #820, 'distance_accuracy_value', 'NONE');
#1792 = DIRECTION ( 'NONE',  ( 4.275692708279658900E-031, -3.369022725727144300E-015, 1.000000000000000000 ) ) ;
#1793 = ADVANCED_FACE ( 'NONE', ( #1726 ), #2888, .T. ) ;
#1794 = SURFACE_STYLE_FILL_AREA ( #686 ) ;
#1795 = EDGE_CURVE ( 'NONE', #1743, #1285, #1450, .T. ) ;
#1796 = PLANE ( 'NONE',  #1690 ) ;
#1797 = CARTESIAN_POINT ( 'NONE',  ( 4.400000000000000400, -0.1000000000000091600, 1.799999999999999600 ) ) ;
#1798 = VECTOR ( 'NONE', #1870, 1000.000000000000000 ) ;
#1799 = VERTEX_POINT ( 'NONE', #2264 ) ;
#1800 = DIRECTION ( 'NONE',  ( 1.000000000000000000, -3.491483361109382100E-015, -1.219045606090366800E-029 ) ) ;
#1801 = LINE ( 'NONE', #2724, #1711 ) ;
#1802 = EDGE_CURVE ( 'NONE', #3253, #488, #2215, .T. ) ;
#1803 = FILL_AREA_STYLE ('',( #984 ) ) ;
#1804 = DIRECTION ( 'NONE',  ( -1.000000000000000000, 2.702972690210835000E-015, 9.437384173404193800E-030 ) ) ;
#1805 = LINE ( 'NONE', #2806, #1053 ) ;
#1806 = DIRECTION ( 'NONE',  ( -3.491483361109382100E-015, -1.000000000000000000, -3.369022725727144300E-015 ) ) ;
#1807 = VERTEX_POINT ( 'NONE', #1995 ) ;
#1808 = CARTESIAN_POINT ( 'NONE',  ( -5.249999999999989300, 3.250000000000043100, -3.449999999999989500 ) ) ;
#1809 = CARTESIAN_POINT ( 'NONE',  ( 2.850000000000012100, 3.699999999999999700, 1.250000000000012400 ) ) ;
#1810 = VECTOR ( 'NONE', #1927, 1000.000000000000000 ) ;
#1811 = EDGE_CURVE ( 'NONE', #792, #2543, #3672, .T. ) ;
#1812 = VECTOR ( 'NONE', #3131, 1000.000000000000000 ) ;
#1813 = PRESENTATION_STYLE_ASSIGNMENT (( #785 ) ) ;
#1814 = CARTESIAN_POINT ( 'NONE',  ( 4.800000000000020300, 5.600000000000010300, -3.849999999999981000 ) ) ;
#1815 = LINE ( 'NONE', #2477, #1353 ) ;
#1816 = LINE ( 'NONE', #1007, #2587 ) ;
#1817 = ADVANCED_FACE ( 'NONE', ( #83 ), #1735, .F. ) ;
#1818 = LINE ( 'NONE', #2094, #2589 ) ;
#1819 = CARTESIAN_POINT ( 'NONE',  ( 2.099999999999998800, 1.793555538462388200E-014, -3.750000000000000000 ) ) ;
#1820 = CARTESIAN_POINT ( 'NONE',  ( -2.400000000000000400, 3.225063716517234000E-014, -3.349999999999998800 ) ) ;
#1821 = EDGE_CURVE ( 'NONE', #66, #304, #3590, .T. ) ;
#1822 = SURFACE_STYLE_USAGE ( .BOTH. , #2691 ) ;
#1823 = ORIENTED_EDGE ( 'NONE', *, *, #2278, .T. ) ;
#1824 = DIRECTION ( 'NONE',  ( -1.000000000000000000, 3.491483361109382100E-015, 1.219045606090366800E-029 ) ) ;
#1825 =( LENGTH_UNIT ( ) NAMED_UNIT ( * ) SI_UNIT ( .MILLI., .METRE. ) );
#1826 = CARTESIAN_POINT ( 'NONE',  ( -2.099999999999999200, 0.4000000000000334400, -3.749999999999998200 ) ) ;
#1827 = EDGE_CURVE ( 'NONE', #1828, #3253, #641, .T. ) ;
#1828 = VERTEX_POINT ( 'NONE', #2550 ) ;
#1829 = DIRECTION ( 'NONE',  ( -3.491483361109382100E-015, -1.000000000000000000, -3.491483361109382100E-015 ) ) ;
#1830 = CARTESIAN_POINT ( 'NONE',  ( 2.850000000000012100, 3.699999999999994400, 2.750000000000012400 ) ) ;
#1831 = DIRECTION ( 'NONE',  ( 1.000000000000000000, -3.491483361109382100E-015, -1.219045606090366800E-029 ) ) ;
#1832 = ORIENTED_EDGE ( 'NONE', *, *, #446, .F. ) ;
#1833 = PRESENTATION_LAYER_ASSIGNMENT (  '', '', ( #1638 ) ) ;
#1834 = VERTEX_POINT ( 'NONE', #1120 ) ;
#1835 = ADVANCED_FACE ( 'NONE', ( #2813 ), #1111, .F. ) ;
#1836 = CARTESIAN_POINT ( 'NONE',  ( -4.799999999999980300, 5.600000000000024500, 1.800000000000018900 ) ) ;
#1837 = SURFACE_STYLE_FILL_AREA ( #2557 ) ;
#1838 = EDGE_LOOP ( 'NONE', ( #3549, #1324, #3628, #1403 ) ) ;
#1839 = DIRECTION ( 'NONE',  ( 1.000000000000000000, -3.491483361109382100E-015, -1.219045606090366800E-029 ) ) ;
#1840 = ADVANCED_FACE ( 'NONE', ( #559 ), #904, .F. ) ;
#1841 = ORIENTED_EDGE ( 'NONE', *, *, #1698, .T. ) ;
#1842 = VECTOR ( 'NONE', #2947, 1000.000000000000000 ) ;
#1843 = ORIENTED_EDGE ( 'NONE', *, *, #3374, .T. ) ;
#1844 = DIRECTION ( 'NONE',  ( -1.000000000000000000, 3.491483361109382100E-015, 1.219045606090366800E-029 ) ) ;
#1845 = DIRECTION ( 'NONE',  ( -1.000000000000000000, 3.375318842628792200E-015, 1.180206538055229100E-029 ) ) ;
#1846 = CARTESIAN_POINT ( 'NONE',  ( 0.5999999999999998700, 2.177618708184419700E-014, -3.349999999999998800 ) ) ;
#1847 = VECTOR ( 'NONE', #2192, 1000.000000000000000 ) ;
#1848 = SURFACE_SIDE_STYLE ('',( #161 ) ) ;
#1849 = CARTESIAN_POINT ( 'NONE',  ( -2.299999999999988300, 3.330000000000017400, 1.250000000000011100 ) ) ;
#1850 = ORIENTED_EDGE ( 'NONE', *, *, #884, .T. ) ;
#1851 = DIRECTION ( 'NONE',  ( -3.491483361109382100E-015, -1.000000000000000000, -3.750397312747711400E-015 ) ) ;
#1852 = VECTOR ( 'NONE', #3338, 1000.000000000000000 ) ;
#1853 = DIRECTION ( 'NONE',  ( 3.491483361109382100E-015, 1.000000000000000000, 3.369022725727144300E-015 ) ) ;
#1854 = AXIS2_PLACEMENT_3D ( 'NONE', #1142, #2847, #852 ) ;
#1855 = DIRECTION ( 'NONE',  ( 4.275692708279658900E-031, -3.369022725727144300E-015, 1.000000000000000000 ) ) ;
#1856 = LINE ( 'NONE', #1446, #1757 ) ;
#1857 = VECTOR ( 'NONE', #1039, 1000.000000000000000 ) ;
#1858 = FACE_OUTER_BOUND ( 'NONE', #3378, .T. ) ;
#1859 = CARTESIAN_POINT ( 'NONE',  ( 0.6000000000000012000, 0.4000000000000240600, -3.749999999999998200 ) ) ;
#1860 = AXIS2_PLACEMENT_3D ( 'NONE', #2338, #1541, #1806 ) ;
#1861 = LINE ( 'NONE', #260, #3403 ) ;
#1862 = CARTESIAN_POINT ( 'NONE',  ( -0.9000000000000023500, 2.841000546795203100E-014, -3.750000000000000000 ) ) ;
#1863 = ORIENTED_EDGE ( 'NONE', *, *, #2177, .T. ) ;
#1864 =( NAMED_UNIT ( * ) PLANE_ANGLE_UNIT ( ) SI_UNIT ( $, .RADIAN. ) );
#1865 = PRESENTATION_LAYER_ASSIGNMENT (  '', '', ( #1466 ) ) ;
#1866 = LINE ( 'NONE', #51, #384 ) ;
#1867 = MECHANICAL_DESIGN_GEOMETRIC_PRESENTATION_REPRESENTATION (  '', ( #1245 ), #2052 ) ;
#1868 = ORIENTED_EDGE ( 'NONE', *, *, #2245, .F. ) ;
#1869 = CARTESIAN_POINT ( 'NONE',  ( 0.5999999999999995300, -0.09999999999997198600, -4.949999999999999300 ) ) ;
#1870 = DIRECTION ( 'NONE',  ( 4.275692708279658900E-031, -3.369022725727144300E-015, 1.000000000000000000 ) ) ;
#1871 = EDGE_CURVE ( 'NONE', #1873, #3065, #1279, .T. ) ;
#1872 = EDGE_CURVE ( 'NONE', #692, #1533, #2734, .T. ) ;
#1873 = VERTEX_POINT ( 'NONE', #635 ) ;
#1874 = DIRECTION ( 'NONE',  ( -1.000000000000000000, 3.491483361109382100E-015, 1.219045606090366800E-029 ) ) ;
#1875 = FILL_AREA_STYLE ('',( #482 ) ) ;
#1876 = EDGE_CURVE ( 'NONE', #2132, #1093, #1949, .T. ) ;
#1877 = ORIENTED_EDGE ( 'NONE', *, *, #1553, .F. ) ;
#1878 = LINE ( 'NONE', #3449, #491 ) ;
#1879 = DIRECTION ( 'NONE',  ( 4.275692708279658900E-031, -3.369022725727144300E-015, 1.000000000000000000 ) ) ;
#1880 = CARTESIAN_POINT ( 'NONE',  ( -2.849999999999988500, 3.330000000000029400, -1.849999999999988800 ) ) ;
#1881 = SURFACE_STYLE_FILL_AREA ( #1737 ) ;
#1882 = ORIENTED_EDGE ( 'NONE', *, *, #2325, .T. ) ;
#1883 = EDGE_CURVE ( 'NONE', #68, #2795, #2133, .T. ) ;
#1884 = ORIENTED_EDGE ( 'NONE', *, *, #2194, .F. ) ;
#1885 = PRESENTATION_LAYER_ASSIGNMENT (  '', '', ( #1501 ) ) ;
#1886 = CARTESIAN_POINT ( 'NONE',  ( -5.249999999999992000, 2.500000000000042200, -3.449999999999992200 ) ) ;
#1887 = DIRECTION ( 'NONE',  ( 3.491483361109382100E-015, 1.000000000000000000, 3.369022725727144300E-015 ) ) ;
#1888 = VECTOR ( 'NONE', #1187, 1000.000000000000000 ) ;
#1889 = DIRECTION ( 'NONE',  ( -1.196958465854960300E-015, 1.000000000000000000, 3.491483361109382100E-015 ) ) ;
#1890 = EDGE_CURVE ( 'NONE', #3070, #3400, #1866, .T. ) ;
#1891 = DIRECTION ( 'NONE',  ( -1.000000000000000000, 3.491483361109382100E-015, 1.219045606090366800E-029 ) ) ;
#1892 = LINE ( 'NONE', #3623, #414 ) ;
#1893 = VERTEX_POINT ( 'NONE', #3571 ) ;
#1894 = LINE ( 'NONE', #465, #2574 ) ;
#1895 = VECTOR ( 'NONE', #3118, 1000.000000000000000 ) ;
#1896 = VERTEX_POINT ( 'NONE', #3330 ) ;
#1897 = EDGE_CURVE ( 'NONE', #1958, #3555, #1767, .T. ) ;
#1898 = VECTOR ( 'NONE', #3284, 1000.000000000000000 ) ;
#1899 = DIRECTION ( 'NONE',  ( -3.491483361109382500E-015, -1.000000000000000000, -3.369022725727144700E-015 ) ) ;
#1900 = LINE ( 'NONE', #1068, #1059 ) ;
#1901 = FACE_OUTER_BOUND ( 'NONE', #1390, .T. ) ;
#1902 = VECTOR ( 'NONE', #1910, 1000.000000000000000 ) ;
#1903 = PLANE ( 'NONE',  #299 ) ;
#1904 = CARTESIAN_POINT ( 'NONE',  ( -5.250000000000000000, 1.833028764582425900E-014, 3.750000000000000000 ) ) ;
#1905 = VECTOR ( 'NONE', #2169, 1000.000000000000000 ) ;
#1906 = VECTOR ( 'NONE', #3656, 1000.000000000000000 ) ;
#1907 = FACE_OUTER_BOUND ( 'NONE', #3353, .T. ) ;
#1908 = LINE ( 'NONE', #3290, #1159 ) ;
#1909 =( GEOMETRIC_REPRESENTATION_CONTEXT ( 3 ) GLOBAL_UNCERTAINTY_ASSIGNED_CONTEXT ( ( #547 ) ) GLOBAL_UNIT_ASSIGNED_CONTEXT ( ( #3021, #3589, #992 ) ) REPRESENTATION_CONTEXT ( 'NONE', 'WORKASPACE' ) );
#1910 = DIRECTION ( 'NONE',  ( 4.275692708279659800E-031, -3.369022725727144300E-015, 1.000000000000000000 ) ) ;
#1911 = ORIENTED_EDGE ( 'NONE', *, *, #935, .F. ) ;
#1912 = DIRECTION ( 'NONE',  ( 1.000000000000000000, -3.491483361109382100E-015, -1.219045606090366800E-029 ) ) ;
#1913 = DIRECTION ( 'NONE',  ( -4.275692708279658900E-031, 3.369022725727144300E-015, -1.000000000000000000 ) ) ;
#1914 = AXIS2_PLACEMENT_3D ( 'NONE', #1467, #3506, #3246 ) ;
#1915 = VERTEX_POINT ( 'NONE', #2153 ) ;
#1916 = CARTESIAN_POINT ( 'NONE',  ( 2.300000000000011400, 3.700000000000001100, 1.250000000000012400 ) ) ;
#1917 = EDGE_LOOP ( 'NONE', ( #3014, #896, #3289, #1026, #1868, #1281 ) ) ;
#1918 = DIRECTION ( 'NONE',  ( 1.000000000000000000, -3.375318842628792200E-015, -1.175479296295743200E-029 ) ) ;
#1919 = DIRECTION ( 'NONE',  ( 4.275692708279658900E-031, -3.369022725727144300E-015, 1.000000000000000000 ) ) ;
#1920 =( GEOMETRIC_REPRESENTATION_CONTEXT ( 3 ) GLOBAL_UNCERTAINTY_ASSIGNED_CONTEXT ( ( #3367 ) ) GLOBAL_UNIT_ASSIGNED_CONTEXT ( ( #363, #88, #1740 ) ) REPRESENTATION_CONTEXT ( 'NONE', 'WORKASPACE' ) );
#1921 = DIRECTION ( 'NONE',  ( -3.491483361109382100E-015, -1.000000000000000000, -3.369022725727144300E-015 ) ) ;
#1922 = ORIENTED_EDGE ( 'NONE', *, *, #3615, .F. ) ;
#1923 = ORIENTED_EDGE ( 'NONE', *, *, #1183, .F. ) ;
#1924 = EDGE_LOOP ( 'NONE', ( #668, #2403, #1055, #473 ) ) ;
#1925 = VECTOR ( 'NONE', #1984, 1000.000000000000000 ) ;
#1926 = CARTESIAN_POINT ( 'NONE',  ( 5.250000000000020400, 5.800000000000006000, -3.449999999999980600 ) ) ;
#1927 = DIRECTION ( 'NONE',  ( 1.000000000000000000, -3.491483361109382100E-015, -1.219045606090366800E-029 ) ) ;
#1928 = CARTESIAN_POINT ( 'NONE',  ( 0.5999999999999998700, 2.182517133599709100E-014, -3.349999999999998800 ) ) ;
#1929 = AXIS2_PLACEMENT_3D ( 'NONE', #1337, #1468, #3097 ) ;
#1930 = LINE ( 'NONE', #3092, #364 ) ;
#1931 = ORIENTED_EDGE ( 'NONE', *, *, #1747, .T. ) ;
#1932 = DIRECTION ( 'NONE',  ( 4.275692708279658900E-031, -3.369022725727144300E-015, 1.000000000000000000 ) ) ;
#1933 = PLANE ( 'NONE',  #3019 ) ;
#1934 = EDGE_CURVE ( 'NONE', #86, #2163, #3333, .T. ) ;
#1935 = ORIENTED_EDGE ( 'NONE', *, *, #943, .T. ) ;
#1936 = DIRECTION ( 'NONE',  ( 3.491483361109382100E-015, 1.000000000000000000, 3.369022725727144300E-015 ) ) ;
#1937 = PRESENTATION_STYLE_ASSIGNMENT (( #489 ) ) ;
#1938 = EDGE_CURVE ( 'NONE', #881, #1425, #291, .T. ) ;
#1939 = ORIENTED_EDGE ( 'NONE', *, *, #3176, .F. ) ;
#1940 = PLANE ( 'NONE',  #53 ) ;
#1941 = PRESENTATION_STYLE_ASSIGNMENT (( #666 ) ) ;
#1942 = CARTESIAN_POINT ( 'NONE',  ( -4.400000000000000400, -0.09999999999996864200, -1.000000000000000000 ) ) ;
#1943 = SURFACE_STYLE_FILL_AREA ( #2715 ) ;
#1944 = EDGE_CURVE ( 'NONE', #2050, #740, #479, .T. ) ;
#1945 = VERTEX_POINT ( 'NONE', #3558 ) ;
#1946 = FILL_AREA_STYLE_COLOUR ( '', #633 ) ;
#1947 = ORIENTED_EDGE ( 'NONE', *, *, #1741, .F. ) ;
#1948 = ORIENTED_EDGE ( 'NONE', *, *, #1401, .F. ) ;
#1949 = LINE ( 'NONE', #296, #2632 ) ;
#1950 =( LENGTH_UNIT ( ) NAMED_UNIT ( * ) SI_UNIT ( .MILLI., .METRE. ) );
#1951 = EDGE_LOOP ( 'NONE', ( #1613, #360, #2148, #2069 ) ) ;
#1952 = SURFACE_SIDE_STYLE ('',( #329 ) ) ;
#1953 = ORIENTED_EDGE ( 'NONE', *, *, #1070, .T. ) ;
#1954 = MECHANICAL_DESIGN_GEOMETRIC_PRESENTATION_REPRESENTATION (  '', ( #1370 ), #2145 ) ;
#1955 = CARTESIAN_POINT ( 'NONE',  ( -4.799999999999980300, 5.600000000000043200, -3.849999999999981000 ) ) ;
#1956 = CARTESIAN_POINT ( 'NONE',  ( -2.099999999999999200, 0.4000000000000334400, -3.749999999999998200 ) ) ;
#1957 = DIRECTION ( 'NONE',  ( 3.491483361109382100E-015, 1.000000000000000000, 3.355958089548694000E-015 ) ) ;
#1958 = VERTEX_POINT ( 'NONE', #466 ) ;
#1959 = ORIENTED_EDGE ( 'NONE', *, *, #1998, .F. ) ;
#1960 = ORIENTED_EDGE ( 'NONE', *, *, #808, .T. ) ;
#1961 = DIRECTION ( 'NONE',  ( 4.731842306639732300E-031, -3.355958089548694400E-015, 1.000000000000000000 ) ) ;
#1962 = CARTESIAN_POINT ( 'NONE',  ( -4.799999999999989200, 3.250000000000043100, -3.849999999999989900 ) ) ;
#1963 = ORIENTED_EDGE ( 'NONE', *, *, #1747, .F. ) ;
#1964 = CARTESIAN_POINT ( 'NONE',  ( -3.850000000000001000, 1.352181035326957700E-014, 3.750000000000000000 ) ) ;
#1965 = VECTOR ( 'NONE', #1932, 1000.000000000000000 ) ;
#1966 = ORIENTED_EDGE ( 'NONE', *, *, #924, .T. ) ;
#1967 = CARTESIAN_POINT ( 'NONE',  ( 2.399999999999999900, -0.09999999999997827300, -4.949999999999999300 ) ) ;
#1968 = SURFACE_SIDE_STYLE ('',( #1837 ) ) ;
#1969 = ORIENTED_EDGE ( 'NONE', *, *, #707, .F. ) ;
#1970 = PRESENTATION_LAYER_ASSIGNMENT (  '', '', ( #1591 ) ) ;
#1971 = EDGE_LOOP ( 'NONE', ( #1641, #89, #1289, #2143 ) ) ;
#1972 = EDGE_LOOP ( 'NONE', ( #2072, #3616, #2952, #2361 ) ) ;
#1973 = AXIS2_PLACEMENT_3D ( 'NONE', #2013, #1427, #1405 ) ;
#1974 = CARTESIAN_POINT ( 'NONE',  ( 2.100000000000001400, 0.4000000000000230000, -4.949999999999997500 ) ) ;
#1975 = DIRECTION ( 'NONE',  ( 1.000000000000000000, -3.491483361109382100E-015, -1.219045606090366800E-029 ) ) ;
#1976 =( LENGTH_UNIT ( ) NAMED_UNIT ( * ) SI_UNIT ( .MILLI., .METRE. ) );
#1977 = PLANE ( 'NONE',  #1158 ) ;
#1978 = LINE ( 'NONE', #773, #2664 ) ;
#1979 = SURFACE_SIDE_STYLE ('',( #2972 ) ) ;
#1980 = ORIENTED_EDGE ( 'NONE', *, *, #3565, .F. ) ;
#1981 = LINE ( 'NONE', #2129, #420 ) ;
#1982 =( LENGTH_UNIT ( ) NAMED_UNIT ( * ) SI_UNIT ( .MILLI., .METRE. ) );
#1983 = LINE ( 'NONE', #320, #1895 ) ;
#1984 = DIRECTION ( 'NONE',  ( 0.0000000000000000000, 3.491483361109382100E-015, -1.000000000000000000 ) ) ;
#1985 = VERTEX_POINT ( 'NONE', #1869 ) ;
#1986 = SURFACE_STYLE_FILL_AREA ( #2708 ) ;
#1987 = LINE ( 'NONE', #2694, #2849 ) ;
#1988 = VECTOR ( 'NONE', #554, 1000.000000000000000 ) ;
#1989 = LINE ( 'NONE', #2926, #2677 ) ;
#1990 = VECTOR ( 'NONE', #1831, 1000.000000000000000 ) ;
#1991 = CARTESIAN_POINT ( 'NONE',  ( -0.5999999999999988700, 0.4000000000000324400, -4.949999999999997500 ) ) ;
#1992 = EDGE_CURVE ( 'NONE', #786, #1873, #2544, .T. ) ;
#1993 = LINE ( 'NONE', #1585, #3453 ) ;
#1994 = VECTOR ( 'NONE', #292, 1000.000000000000000 ) ;
#1995 = CARTESIAN_POINT ( 'NONE',  ( -5.249999999999999100, 0.3500000000000371100, -1.799999999999999600 ) ) ;
#1996 =( NAMED_UNIT ( * ) PLANE_ANGLE_UNIT ( ) SI_UNIT ( $, .RADIAN. ) );
#1997 = VECTOR ( 'NONE', #443, 1000.000000000000000 ) ;
#1998 = EDGE_CURVE ( 'NONE', #2282, #2428, #2458, .T. ) ;
#1999 = CARTESIAN_POINT ( 'NONE',  ( 0.0000000000000000000, 0.0000000000000000000, 0.0000000000000000000 ) ) ;
#2000 =( NAMED_UNIT ( * ) SI_UNIT ( $, .STERADIAN. ) SOLID_ANGLE_UNIT ( ) );
#2001 = ORIENTED_EDGE ( 'NONE', *, *, #3064, .T. ) ;
#2002 = SURFACE_STYLE_FILL_AREA ( #339 ) ;
#2003 = EDGE_CURVE ( 'NONE', #508, #2114, #215, .T. ) ;
#2004 = DIRECTION ( 'NONE',  ( 1.000000000000000000, -3.491483361109382100E-015, -1.219045606090366800E-029 ) ) ;
#2005 = CARTESIAN_POINT ( 'NONE',  ( 2.300000000000020700, 5.800000000000001600, 1.250000000000019300 ) ) ;
#2006 = PLANE ( 'NONE',  #450 ) ;
#2007 = UNCERTAINTY_MEASURE_WITH_UNIT (LENGTH_MEASURE( 1.000000000000000100E-005 ), #2030, 'distance_accuracy_value', 'NONE');
#2008 = VERTEX_POINT ( 'NONE', #2748 ) ;
#2009 = EDGE_CURVE ( 'NONE', #3298, #3115, #1594, .T. ) ;
#2010 = CARTESIAN_POINT ( 'NONE',  ( -3.849999999999991700, 2.500000000000038200, -3.749999999999992000 ) ) ;
#2011 = ORIENTED_EDGE ( 'NONE', *, *, #198, .F. ) ;
#2012 = EDGE_CURVE ( 'NONE', #2008, #1169, #2368, .T. ) ;
#2013 = CARTESIAN_POINT ( 'NONE',  ( -2.299999999999986100, 3.700000000000017100, 1.250000000000012400 ) ) ;
#2014 = DIRECTION ( 'NONE',  ( -1.000000000000000000, 3.548340084679706700E-015, 1.238200765472247800E-029 ) ) ;
#2015 = DIRECTION ( 'NONE',  ( 0.0000000000000000000, 3.491483361109382100E-015, -1.000000000000000000 ) ) ;
#2016 = ORIENTED_EDGE ( 'NONE', *, *, #2057, .T. ) ;
#2017 =( NAMED_UNIT ( * ) SI_UNIT ( $, .STERADIAN. ) SOLID_ANGLE_UNIT ( ) );
#2018 = SURFACE_SIDE_STYLE ('',( #1440 ) ) ;
#2019 = FILL_AREA_STYLE ('',( #902 ) ) ;
#2020 = MECHANICAL_DESIGN_GEOMETRIC_PRESENTATION_REPRESENTATION (  '', ( #1638 ), #2209 ) ;
#2021 = VECTOR ( 'NONE', #2603, 1000.000000000000000 ) ;
#2022 = ORIENTED_EDGE ( 'NONE', *, *, #2535, .T. ) ;
#2023 = DIRECTION ( 'NONE',  ( -1.000000000000000000, 3.491483361109382100E-015, 1.219045606090366800E-029 ) ) ;
#2024 =( NAMED_UNIT ( * ) SI_UNIT ( $, .STERADIAN. ) SOLID_ANGLE_UNIT ( ) );
#2025 = DIRECTION ( 'NONE',  ( 4.275692708279659800E-031, -3.369022725727144300E-015, 1.000000000000000000 ) ) ;
#2026 = LINE ( 'NONE', #1859, #887 ) ;
#2027 = CARTESIAN_POINT ( 'NONE',  ( 2.399999999999999900, -0.09999999999998363000, -3.350000000000000500 ) ) ;
#2028 = AXIS2_PLACEMENT_3D ( 'NONE', #2174, #3327, #735 ) ;
#2029 = VECTOR ( 'NONE', #3515, 1000.000000000000000 ) ;
#2030 =( LENGTH_UNIT ( ) NAMED_UNIT ( * ) SI_UNIT ( .MILLI., .METRE. ) );
#2031 = VECTOR ( 'NONE', #3026, 1000.000000000000000 ) ;
#2032 = ORIENTED_EDGE ( 'NONE', *, *, #2257, .F. ) ;
#2033 = ORIENTED_EDGE ( 'NONE', *, *, #3374, .F. ) ;
#2034 = VECTOR ( 'NONE', #1677, 1000.000000000000000 ) ;
#2035 = CARTESIAN_POINT ( 'NONE',  ( -0.6000000000000003100, 2.596596711517545500E-014, -3.349999999999998800 ) ) ;
#2036 = CARTESIAN_POINT ( 'NONE',  ( 0.8999999999999998000, 2.212533541795514000E-014, -3.750000000000000000 ) ) ;
#2037 = DIRECTION ( 'NONE',  ( 3.491483361109382100E-015, 1.000000000000000000, 3.369022725727144300E-015 ) ) ;
#2038 = DIRECTION ( 'NONE',  ( 3.491483361109382100E-015, 1.000000000000000000, 3.341938233870002100E-015 ) ) ;
#2039 = VERTEX_POINT ( 'NONE', #2455 ) ;
#2040 = AXIS2_PLACEMENT_3D ( 'NONE', #1009, #3028, #1280 ) ;
#2041 = PRESENTATION_LAYER_ASSIGNMENT (  '', '', ( #1654 ) ) ;
#2042 = CARTESIAN_POINT ( 'NONE',  ( -2.399999999999999000, 0.4000000000000387100, -4.949999999999997500 ) ) ;
#2043 = PRESENTATION_LAYER_ASSIGNMENT (  '', '', ( #822 ) ) ;
#2044 = SURFACE_STYLE_USAGE ( .BOTH. , #96 ) ;
#2045 = ORIENTED_EDGE ( 'NONE', *, *, #1616, .T. ) ;
#2046 = PRESENTATION_STYLE_ASSIGNMENT (( #543 ) ) ;
#2047 = CARTESIAN_POINT ( 'NONE',  ( -2.100000000000000100, 3.125217641099242200E-014, -3.349999999999998800 ) ) ;
#2048 = MECHANICAL_DESIGN_GEOMETRIC_PRESENTATION_REPRESENTATION (  '', ( #1466 ), #2239 ) ;
#2049 = DIRECTION ( 'NONE',  ( 3.491483361109382100E-015, 1.000000000000000000, 3.491483361109382100E-015 ) ) ;
#2050 = VERTEX_POINT ( 'NONE', #2395 ) ;
#2051 = ORIENTED_EDGE ( 'NONE', *, *, #1287, .F. ) ;
#2052 =( GEOMETRIC_REPRESENTATION_CONTEXT ( 3 ) GLOBAL_UNCERTAINTY_ASSIGNED_CONTEXT ( ( #655 ) ) GLOBAL_UNIT_ASSIGNED_CONTEXT ( ( #2781, #1058, #3079 ) ) REPRESENTATION_CONTEXT ( 'NONE', 'WORKASPACE' ) );
#2053 = DIRECTION ( 'NONE',  ( 5.221343234912809500E-031, -3.341938233870002100E-015, 1.000000000000000000 ) ) ;
#2054 = VECTOR ( 'NONE', #814, 1000.000000000000000 ) ;
#2055 = ORIENTED_EDGE ( 'NONE', *, *, #2327, .T. ) ;
#2056 = ADVANCED_FACE ( 'NONE', ( #120 ), #2097, .T. ) ;
#2057 = EDGE_CURVE ( 'NONE', #1285, #2366, #2961, .T. ) ;
#2058 = LINE ( 'NONE', #1200, #1299 ) ;
#2059 = VERTEX_POINT ( 'NONE', #1830 ) ;
#2060 = CARTESIAN_POINT ( 'NONE',  ( -4.399999999999988800, 3.250000000000031500, -0.9999999999999879000 ) ) ;
#2061 = EDGE_CURVE ( 'NONE', #105, #2008, #42, .T. ) ;
#2062 = DIRECTION ( 'NONE',  ( 3.491483361109382100E-015, 1.000000000000000000, 3.491483361109382100E-015 ) ) ;
#2063 = DIRECTION ( 'NONE',  ( 1.000000000000000000, -3.491483361109382100E-015, -1.219045606090366800E-029 ) ) ;
#2064 = PLANE ( 'NONE',  #646 ) ;
#2065 = UNCERTAINTY_MEASURE_WITH_UNIT (LENGTH_MEASURE( 1.000000000000000100E-005 ), #3329, 'distance_accuracy_value', 'NONE');
#2066 = LINE ( 'NONE', #1774, #1385 ) ;
#2067 = CARTESIAN_POINT ( 'NONE',  ( 4.400000000000019900, 5.600000000000011200, -3.849999999999981000 ) ) ;
#2068 = DIRECTION ( 'NONE',  ( -1.000000000000000000, 3.491483361109382100E-015, 1.219045606090366800E-029 ) ) ;
#2069 = ORIENTED_EDGE ( 'NONE', *, *, #3361, .F. ) ;
#2070 = EDGE_CURVE ( 'NONE', #140, #3070, #1504, .T. ) ;
#2071 = FACE_OUTER_BOUND ( 'NONE', #2764, .T. ) ;
#2072 = ORIENTED_EDGE ( 'NONE', *, *, #2201, .T. ) ;
#2073 = DIRECTION ( 'NONE',  ( 3.491483361109382100E-015, 1.000000000000000000, 3.491483361109382100E-015 ) ) ;
#2074 = COLOUR_RGB ( '',0.7529411764705882200, 0.7529411764705882200, 0.7529411764705882200 ) ;
#2075 = MECHANICAL_DESIGN_GEOMETRIC_PRESENTATION_REPRESENTATION (  '', ( #1501 ), #2263 ) ;
#2076 = LINE ( 'NONE', #1531, #1898 ) ;
#2077 = LINE ( 'NONE', #2079, #3618 ) ;
#2078 = ADVANCED_FACE ( 'NONE', ( #2173 ), #1017, .F. ) ;
#2079 = CARTESIAN_POINT ( 'NONE',  ( 3.400000000000016800, 4.780000000000006500, -1.849999999999984500 ) ) ;
#2080 = LINE ( 'NONE', #1761, #1990 ) ;
#2081 = DIRECTION ( 'NONE',  ( 1.000000000000000000, -3.491483361109382100E-015, -1.219045606090366800E-029 ) ) ;
#2082 = DIRECTION ( 'NONE',  ( -1.000000000000000000, 3.491483361109382100E-015, 1.219045606090366800E-029 ) ) ;
#2083 = DIRECTION ( 'NONE',  ( -5.359962966813144000E-031, 3.337968009253027300E-015, -1.000000000000000000 ) ) ;
#2084 = LINE ( 'NONE', #3323, #1319 ) ;
#2085 = EDGE_CURVE ( 'NONE', #1212, #2093, #1322, .T. ) ;
#2086 = CARTESIAN_POINT ( 'NONE',  ( 0.5999999999999998700, 2.317278042628795500E-014, -3.750000000000000000 ) ) ;
#2087 = ADVANCED_FACE ( 'NONE', ( #3544 ), #697, .T. ) ;
#2088 = DIRECTION ( 'NONE',  ( 4.275692708279658900E-031, -3.369022725727144300E-015, 1.000000000000000000 ) ) ;
#2089 = DIRECTION ( 'NONE',  ( 1.000000000000000000, -3.491483361109382100E-015, -1.219045606090366800E-029 ) ) ;
#2090 = ORIENTED_EDGE ( 'NONE', *, *, #1741, .T. ) ;
#2091 = LINE ( 'NONE', #202, #1997 ) ;
#2092 = DIRECTION ( 'NONE',  ( -3.491483361109382100E-015, -1.000000000000000000, -3.369022725727144300E-015 ) ) ;
#2093 = VERTEX_POINT ( 'NONE', #726 ) ;
#2094 = CARTESIAN_POINT ( 'NONE',  ( 5.250000000000020400, 5.600000000000006800, -3.449999999999980600 ) ) ;
#2095 = EDGE_CURVE ( 'NONE', #3400, #290, #2091, .T. ) ;
#2096 = VECTOR ( 'NONE', #3481, 1000.000000000000000 ) ;
#2097 = PLANE ( 'NONE',  #3150 ) ;
#2098 = CARTESIAN_POINT ( 'NONE',  ( -3.349999999999995200, 1.550000000000030500, -1.849999999999995000 ) ) ;
#2099 = CARTESIAN_POINT ( 'NONE',  ( -0.5999999999999993100, 0.4000000000000282800, -3.749999999999998200 ) ) ;
#2100 = VERTEX_POINT ( 'NONE', #153 ) ;
#2101 = PRESENTATION_STYLE_ASSIGNMENT (( #310 ) ) ;
#2102 = ADVANCED_FACE ( 'NONE', ( #2865 ), #3245, .F. ) ;
#2103 = ORIENTED_EDGE ( 'NONE', *, *, #618, .F. ) ;
#2104 = FACE_OUTER_BOUND ( 'NONE', #3061, .T. ) ;
#2105 = DIRECTION ( 'NONE',  ( 1.000000000000000000, -3.491483361109382100E-015, -1.219045606090366800E-029 ) ) ;
#2106 = PLANE ( 'NONE',  #662 ) ;
#2107 = CARTESIAN_POINT ( 'NONE',  ( -2.299999999999981200, 5.300000000000027400, -2.449999999999982400 ) ) ;
#2108 = SURFACE_STYLE_USAGE ( .BOTH. , #2969 ) ;
#2109 = DIRECTION ( 'NONE',  ( 4.731842306639732300E-031, -3.355958089548694400E-015, 1.000000000000000000 ) ) ;
#2110 = PRESENTATION_STYLE_ASSIGNMENT (( #2284 ) ) ;
#2111 = ORIENTED_EDGE ( 'NONE', *, *, #924, .F. ) ;
#2112 = DIRECTION ( 'NONE',  ( -1.000000000000000000, 2.702972690210835000E-015, 9.437384173404193800E-030 ) ) ;
#2113 = ORIENTED_EDGE ( 'NONE', *, *, #1482, .T. ) ;
#2114 = VERTEX_POINT ( 'NONE', #2405 ) ;
#2115 =( NAMED_UNIT ( * ) SI_UNIT ( $, .STERADIAN. ) SOLID_ANGLE_UNIT ( ) );
#2116 = ADVANCED_FACE ( 'NONE', ( #2775 ), #1547, .F. ) ;
#2117 = EDGE_LOOP ( 'NONE', ( #3074, #868, #229, #2231 ) ) ;
#2118 = UNCERTAINTY_MEASURE_WITH_UNIT (LENGTH_MEASURE( 1.000000000000000100E-005 ), #3627, 'distance_accuracy_value', 'NONE');
#2119 = CARTESIAN_POINT ( 'NONE',  ( -5.250000000000000000, 4.359795808877784500E-014, -3.750000000000000000 ) ) ;
#2120 = ORIENTED_EDGE ( 'NONE', *, *, #878, .F. ) ;
#2121 = DIRECTION ( 'NONE',  ( -1.000000000000000000, 3.491483361109382100E-015, 1.219045606090366800E-029 ) ) ;
#2122 = SURFACE_STYLE_FILL_AREA ( #1572 ) ;
#2123 = PRESENTATION_STYLE_ASSIGNMENT (( #350 ) ) ;
#2124 = DIRECTION ( 'NONE',  ( 5.359962966813144000E-031, -3.337968009253027300E-015, 1.000000000000000000 ) ) ;
#2125 = FACE_OUTER_BOUND ( 'NONE', #1041, .T. ) ;
#2126 = PRESENTATION_LAYER_ASSIGNMENT (  '', '', ( #1734 ) ) ;
#2127 = DIRECTION ( 'NONE',  ( 4.275692708279658900E-031, -3.369022725727144300E-015, 1.000000000000000000 ) ) ;
#2128 = COLOUR_RGB ( '',0.7529411764705882200, 0.7529411764705882200, 0.7529411764705882200 ) ;
#2129 = CARTESIAN_POINT ( 'NONE',  ( -4.799999999999980300, 5.600000000000043200, -3.849999999999981000 ) ) ;
#2130 = EDGE_CURVE ( 'NONE', #3095, #3230, #1239, .T. ) ;
#2131 = ORIENTED_EDGE ( 'NONE', *, *, #753, .F. ) ;
#2132 = VERTEX_POINT ( 'NONE', #3258 ) ;
#2133 = LINE ( 'NONE', #281, #3407 ) ;
#2134 =( LENGTH_UNIT ( ) NAMED_UNIT ( * ) SI_UNIT ( .MILLI., .METRE. ) );
#2135 = EDGE_CURVE ( 'NONE', #3555, #2050, #1908, .T. ) ;
#2136 = ORIENTED_EDGE ( 'NONE', *, *, #463, .T. ) ;
#2137 = DIRECTION ( 'NONE',  ( 1.000000000000000000, -3.491483361109382100E-015, -1.218829928431215800E-029 ) ) ;
#2138 = DIRECTION ( 'NONE',  ( -3.491483361109382100E-015, -1.000000000000000000, -3.369022725727144300E-015 ) ) ;
#2139 = EDGE_CURVE ( 'NONE', #238, #3157, #2686, .T. ) ;
#2140 = VERTEX_POINT ( 'NONE', #2978 ) ;
#2141 = DIRECTION ( 'NONE',  ( -4.275692708279658900E-031, 3.369022725727144300E-015, -1.000000000000000000 ) ) ;
#2142 = CARTESIAN_POINT ( 'NONE',  ( -2.299999999999981200, 5.300000000000027400, -2.449999999999982400 ) ) ;
#2143 = ORIENTED_EDGE ( 'NONE', *, *, #1171, .T. ) ;
#2144 = CARTESIAN_POINT ( 'NONE',  ( -2.299999999999986500, 3.800000000000018000, 1.250000000000012900 ) ) ;
#2145 =( GEOMETRIC_REPRESENTATION_CONTEXT ( 3 ) GLOBAL_UNCERTAINTY_ASSIGNED_CONTEXT ( ( #1253 ) ) GLOBAL_UNIT_ASSIGNED_CONTEXT ( ( #2634, #3214, #3231 ) ) REPRESENTATION_CONTEXT ( 'NONE', 'WORKASPACE' ) );
#2146 = DIRECTION ( 'NONE',  ( 3.491483361109382100E-015, 1.000000000000000000, 2.083871812087760400E-014 ) ) ;
#2147 = LINE ( 'NONE', #1126, #1375 ) ;
#2148 = ORIENTED_EDGE ( 'NONE', *, *, #194, .F. ) ;
#2149 = DIRECTION ( 'NONE',  ( 3.491483361109382100E-015, 1.000000000000000000, 3.369022725727144300E-015 ) ) ;
#2150 = VECTOR ( 'NONE', #1474, 1000.000000000000000 ) ;
#2151 = VERTEX_POINT ( 'NONE', #2427 ) ;
#2152 = DIRECTION ( 'NONE',  ( 0.0000000000000000000, -3.491483361109382100E-015, 1.000000000000000000 ) ) ;
#2153 = CARTESIAN_POINT ( 'NONE',  ( 4.800000000000000700, -0.1000000000000105700, 1.799999999999999600 ) ) ;
#2154 = CARTESIAN_POINT ( 'NONE',  ( 0.8999999999999994700, -0.09999999999997304100, -4.949999999999999300 ) ) ;
#2155 = VERTEX_POINT ( 'NONE', #2365 ) ;
#2156 = FACE_OUTER_BOUND ( 'NONE', #1738, .T. ) ;
#2157 = SURFACE_SIDE_STYLE ('',( #2406 ) ) ;
#2158 = FACE_OUTER_BOUND ( 'NONE', #1560, .T. ) ;
#2159 = CARTESIAN_POINT ( 'NONE',  ( 4.400000000000011900, 3.250000000000009800, -3.449999999999989500 ) ) ;
#2160 = EDGE_LOOP ( 'NONE', ( #1294, #1963, #3471, #289 ) ) ;
#2161 = VECTOR ( 'NONE', #1246, 1000.000000000000000 ) ;
#2162 = MECHANICAL_DESIGN_GEOMETRIC_PRESENTATION_REPRESENTATION (  '', ( #1591 ), #2372 ) ;
#2163 = VERTEX_POINT ( 'NONE', #2994 ) ;
#2164 = LINE ( 'NONE', #700, #591 ) ;
#2165 = VECTOR ( 'NONE', #2015, 1000.000000000000000 ) ;
#2166 = VECTOR ( 'NONE', #1571, 1000.000000000000000 ) ;
#2167 = COLOUR_RGB ( '',0.7529411764705882200, 0.7529411764705882200, 0.7529411764705882200 ) ;
#2168 = CARTESIAN_POINT ( 'NONE',  ( 3.850000000000001000, 5.335464600512982100E-015, -1.800000000000000500 ) ) ;
#2169 = DIRECTION ( 'NONE',  ( 1.000000000000000000, -3.491483361109382100E-015, -1.219045606090366800E-029 ) ) ;
#2170 = ORIENTED_EDGE ( 'NONE', *, *, #3317, .F. ) ;
#2171 = CARTESIAN_POINT ( 'NONE',  ( -2.849999999999988500, 3.330000000000029400, -1.849999999999988800 ) ) ;
#2172 = AXIS2_PLACEMENT_3D ( 'NONE', #48, #2855, #2838 ) ;
#2173 = FACE_OUTER_BOUND ( 'NONE', #879, .T. ) ;
#2174 = CARTESIAN_POINT ( 'NONE',  ( -5.250000000000000000, 0.3500000000000369500, -1.799999999999999600 ) ) ;
#2175 = VERTEX_POINT ( 'NONE', #2419 ) ;
#2176 = VECTOR ( 'NONE', #974, 1000.000000000000000 ) ;
#2177 = EDGE_CURVE ( 'NONE', #611, #1327, #3459, .T. ) ;
#2178 = CARTESIAN_POINT ( 'NONE',  ( -2.399999999999999000, 0.4000000000000387100, -4.949999999999997500 ) ) ;
#2179 = ORIENTED_EDGE ( 'NONE', *, *, #3455, .T. ) ;
#2180 = LINE ( 'NONE', #2830, #1412 ) ;
#2181 = PLANE ( 'NONE',  #670 ) ;
#2182 = ORIENTED_EDGE ( 'NONE', *, *, #1611, .F. ) ;
#2183 = EDGE_CURVE ( 'NONE', #3350, #2786, #1818, .T. ) ;
#2184 = DIRECTION ( 'NONE',  ( 4.275692708279658900E-031, -3.369022725727144300E-015, 1.000000000000000000 ) ) ;
#2185 = EDGE_CURVE ( 'NONE', #3124, #1268, #437, .T. ) ;
#2186 = CARTESIAN_POINT ( 'NONE',  ( -4.400000000000000400, -0.09999999999997842600, 1.799999999999999600 ) ) ;
#2187 = DIRECTION ( 'NONE',  ( 3.491483361109382100E-015, 1.000000000000000000, 3.491483361109382100E-015 ) ) ;
#2188 = ORIENTED_EDGE ( 'NONE', *, *, #8, .T. ) ;
#2189 = VECTOR ( 'NONE', #2301, 1000.000000000000000 ) ;
#2190 = ORIENTED_EDGE ( 'NONE', *, *, #3168, .T. ) ;
#2191 = AXIS2_PLACEMENT_3D ( 'NONE', #2982, #2879, #2955 ) ;
#2192 = DIRECTION ( 'NONE',  ( 1.000000000000000000, -3.607647879589971900E-015, -1.262611915884990400E-029 ) ) ;
#2193 = DIRECTION ( 'NONE',  ( 3.491483361109382500E-015, 1.000000000000000000, 3.377356816637224300E-015 ) ) ;
#2194 = EDGE_CURVE ( 'NONE', #1472, #3547, #1067, .T. ) ;
#2195 = ADVANCED_FACE ( 'NONE', ( #251 ), #1500, .T. ) ;
#2196 = LINE ( 'NONE', #228, #1429 ) ;
#2197 = ORIENTED_EDGE ( 'NONE', *, *, #3559, .F. ) ;
#2198 = CARTESIAN_POINT ( 'NONE',  ( -2.299999999999981200, 5.300000000000015800, 1.250000000000016700 ) ) ;
#2199 = PLANE ( 'NONE',  #558 ) ;
#2200 = ORIENTED_EDGE ( 'NONE', *, *, #3380, .T. ) ;
#2201 = EDGE_CURVE ( 'NONE', #1915, #2654, #340, .T. ) ;
#2202 = UNCERTAINTY_MEASURE_WITH_UNIT (LENGTH_MEASURE( 1.000000000000000100E-005 ), #3653, 'distance_accuracy_value', 'NONE');
#2203 = LINE ( 'NONE', #2541, #3006 ) ;
#2204 = FACE_OUTER_BOUND ( 'NONE', #900, .T. ) ;
#2205 = DIRECTION ( 'NONE',  ( 1.000000000000000000, -3.491483361109382100E-015, -1.219045606090366800E-029 ) ) ;
#2206 = CARTESIAN_POINT ( 'NONE',  ( -4.400000000000000400, -0.09999999999997842600, 1.799999999999999600 ) ) ;
#2207 = VECTOR ( 'NONE', #2499, 1000.000000000000000 ) ;
#2208 = CARTESIAN_POINT ( 'NONE',  ( 0.8999999999999994700, -0.09999999999997839800, -3.350000000000000500 ) ) ;
#2209 =( GEOMETRIC_REPRESENTATION_CONTEXT ( 3 ) GLOBAL_UNCERTAINTY_ASSIGNED_CONTEXT ( ( #237 ) ) GLOBAL_UNIT_ASSIGNED_CONTEXT ( ( #1730, #75, #2017 ) ) REPRESENTATION_CONTEXT ( 'NONE', 'WORKASPACE' ) );
#2210 = FILL_AREA_STYLE ('',( #180 ) ) ;
#2211 = AXIS2_PLACEMENT_3D ( 'NONE', #3402, #3148, #3139 ) ;
#2212 = CARTESIAN_POINT ( 'NONE',  ( -3.549999999999979400, 5.800000000000012300, 3.750000000000019500 ) ) ;
#2213 = SURFACE_SIDE_STYLE ('',( #2822 ) ) ;
#2214 = ORIENTED_EDGE ( 'NONE', *, *, #3371, .T. ) ;
#2215 = LINE ( 'NONE', #2876, #2913 ) ;
#2216 = ORIENTED_EDGE ( 'NONE', *, *, #198, .T. ) ;
#2217 = DIRECTION ( 'NONE',  ( 4.275692708279658900E-031, -3.369022725727144300E-015, 1.000000000000000000 ) ) ;
#2218 = ADVANCED_FACE ( 'NONE', ( #2500 ), #149, .F. ) ;
#2219 = PLANE ( 'NONE',  #717 ) ;
#2220 = DIRECTION ( 'NONE',  ( -3.491483361109382100E-015, -1.000000000000000000, -3.369022725727144300E-015 ) ) ;
#2221 = ORIENTED_EDGE ( 'NONE', *, *, #378, .T. ) ;
#2222 = PLANE ( 'NONE',  #3110 ) ;
#2223 = FILL_AREA_STYLE ('',( #2454 ) ) ;
#2224 = ORIENTED_EDGE ( 'NONE', *, *, #2201, .F. ) ;
#2225 = DIRECTION ( 'NONE',  ( -3.491483361109382100E-015, -1.000000000000000000, -3.369022725727144300E-015 ) ) ;
#2226 = STYLED_ITEM ( 'NONE', ( #1937 ), #3297 ) ;
#2227 = MECHANICAL_DESIGN_GEOMETRIC_PRESENTATION_REPRESENTATION (  '', ( #1654 ), #2442 ) ;
#2228 = EDGE_LOOP ( 'NONE', ( #1211, #748, #3076, #2479, #3117, #2812, #1448, #2315 ) ) ;
#2229 = CARTESIAN_POINT ( 'NONE',  ( -0.8999999999999988000, 0.4000000000000334400, -4.949999999999997500 ) ) ;
#2230 = VECTOR ( 'NONE', #2818, 1000.000000000000000 ) ;
#2231 = ORIENTED_EDGE ( 'NONE', *, *, #935, .T. ) ;
#2232 = MECHANICAL_DESIGN_GEOMETRIC_PRESENTATION_REPRESENTATION (  '', ( #822 ), #2448 ) ;
#2233 = LINE ( 'NONE', #1780, #750 ) ;
#2234 = ORIENTED_EDGE ( 'NONE', *, *, #454, .T. ) ;
#2235 = CARTESIAN_POINT ( 'NONE',  ( -3.349999999999995200, 1.550000000000020500, 1.150000000000005200 ) ) ;
#2236 = CARTESIAN_POINT ( 'NONE',  ( -2.849999999999988500, 3.330000000000029400, -1.849999999999988800 ) ) ;
#2237 = DIRECTION ( 'NONE',  ( 3.114369561983989400E-015, 1.000000000000000000, 3.369022725727144300E-015 ) ) ;
#2238 = ADVANCED_FACE ( 'NONE', ( #1356 ), #125, .T. ) ;
#2239 =( GEOMETRIC_REPRESENTATION_CONTEXT ( 3 ) GLOBAL_UNCERTAINTY_ASSIGNED_CONTEXT ( ( #2202 ) ) GLOBAL_UNIT_ASSIGNED_CONTEXT ( ( #3653, #3644, #3620 ) ) REPRESENTATION_CONTEXT ( 'NONE', 'WORKASPACE' ) );
#2240 = FACE_OUTER_BOUND ( 'NONE', #221, .T. ) ;
#2241 = LINE ( 'NONE', #3234, #103 ) ;
#2242 = ORIENTED_EDGE ( 'NONE', *, *, #1506, .T. ) ;
#2243 = DIRECTION ( 'NONE',  ( -1.000000000000000000, 2.702972690210835000E-015, 9.437384173404195200E-030 ) ) ;
#2244 = VECTOR ( 'NONE', #1800, 1000.000000000000000 ) ;
#2245 = EDGE_CURVE ( 'NONE', #90, #1545, #1861, .T. ) ;
#2246 = ORIENTED_EDGE ( 'NONE', *, *, #312, .T. ) ;
#2247 = PRESENTATION_STYLE_ASSIGNMENT (( #256 ) ) ;
#2248 = ORIENTED_EDGE ( 'NONE', *, *, #514, .T. ) ;
#2249 = LINE ( 'NONE', #940, #1490 ) ;
#2250 = COLOUR_RGB ( '',0.7529411764705882200, 0.7529411764705882200, 0.7529411764705882200 ) ;
#2251 = DIRECTION ( 'NONE',  ( 3.491483361109382100E-015, 1.000000000000000000, 3.369022725727144300E-015 ) ) ;
#2252 = LINE ( 'NONE', #2280, #3619 ) ;
#2253 = EDGE_CURVE ( 'NONE', #1383, #1075, #2627, .T. ) ;
#2254 = VECTOR ( 'NONE', #461, 1000.000000000000000 ) ;
#2255 = VECTOR ( 'NONE', #3212, 1000.000000000000000 ) ;
#2256 = ORIENTED_EDGE ( 'NONE', *, *, #2482, .F. ) ;
#2257 = EDGE_CURVE ( 'NONE', #544, #1262, #380, .T. ) ;
#2258 = VECTOR ( 'NONE', #2432, 1000.000000000000000 ) ;
#2259 = DIRECTION ( 'NONE',  ( 2.702972690210835000E-015, 1.000000000000000000, 3.369022725727144300E-015 ) ) ;
#2260 = DIRECTION ( 'NONE',  ( -1.000000000000000000, 3.491483361109382100E-015, 1.219045606090366800E-029 ) ) ;
#2261 = ORIENTED_EDGE ( 'NONE', *, *, #500, .F. ) ;
#2262 = LINE ( 'NONE', #1808, #126 ) ;
#2263 =( GEOMETRIC_REPRESENTATION_CONTEXT ( 3 ) GLOBAL_UNCERTAINTY_ASSIGNED_CONTEXT ( ( #1284 ) ) GLOBAL_UNIT_ASSIGNED_CONTEXT ( ( #1240, #3270, #1522 ) ) REPRESENTATION_CONTEXT ( 'NONE', 'WORKASPACE' ) );
#2264 = CARTESIAN_POINT ( 'NONE',  ( -4.800000000000000700, -0.09999999999997703800, 1.799999999999999600 ) ) ;
#2265 = CARTESIAN_POINT ( 'NONE',  ( -4.799999999999989200, 3.250000000000043100, -3.849999999999989900 ) ) ;
#2266 = SURFACE_SIDE_STYLE ('',( #2801 ) ) ;
#2267 = CARTESIAN_POINT ( 'NONE',  ( 5.250000000000020400, 5.799999999999981200, 3.750000000000019500 ) ) ;
#2268 =( LENGTH_UNIT ( ) NAMED_UNIT ( * ) SI_UNIT ( .MILLI., .METRE. ) );
#2269 =( NAMED_UNIT ( * ) SI_UNIT ( $, .STERADIAN. ) SOLID_ANGLE_UNIT ( ) );
#2270 = PLANE ( 'NONE',  #1457 ) ;
#2271 = EDGE_CURVE ( 'NONE', #1578, #2366, #1103, .T. ) ;
#2272 = EDGE_LOOP ( 'NONE', ( #1431, #2348, #1661, #2491 ) ) ;
#2273 = LINE ( 'NONE', #1382, #782 ) ;
#2274 = PLANE ( 'NONE',  #344 ) ;
#2275 = ORIENTED_EDGE ( 'NONE', *, *, #67, .T. ) ;
#2276 = ADVANCED_FACE ( 'NONE', ( #2537 ), #2274, .F. ) ;
#2277 = FILL_AREA_STYLE_COLOUR ( '', #3086 ) ;
#2278 = EDGE_CURVE ( 'NONE', #1559, #2863, #1675, .T. ) ;
#2279 = CARTESIAN_POINT ( 'NONE',  ( 2.100000000000001400, 0.4000000000000188400, -3.749999999999998200 ) ) ;
#2280 = CARTESIAN_POINT ( 'NONE',  ( 3.350000000000004500, 1.149999999999997200, 1.150000000000003900 ) ) ;
#2281 = CARTESIAN_POINT ( 'NONE',  ( -5.249999999999992000, 2.500000000000042200, -3.449999999999992200 ) ) ;
#2282 = VERTEX_POINT ( 'NONE', #1991 ) ;
#2283 = SURFACE_SIDE_STYLE ('',( #609 ) ) ;
#2284 = SURFACE_STYLE_USAGE ( .BOTH. , #606 ) ;
#2285 = ORIENTED_EDGE ( 'NONE', *, *, #999, .T. ) ;
#2286 = VECTOR ( 'NONE', #3208, 1000.000000000000000 ) ;
#2287 = ORIENTED_EDGE ( 'NONE', *, *, #210, .F. ) ;
#2288 = AXIS2_PLACEMENT_3D ( 'NONE', #2862, #1137, #3156 ) ;
#2289 = PRODUCT ( 'SM04B-ZESS', 'SM04B-ZESS', '', ( #2605 ) ) ;
#2290 = STYLED_ITEM ( 'NONE', ( #3665 ), #2238 ) ;
#2291 = ORIENTED_EDGE ( 'NONE', *, *, #1872, .T. ) ;
#2292 = DIRECTION ( 'NONE',  ( -3.491483361109382100E-015, -1.000000000000000000, -3.491483361109382100E-015 ) ) ;
#2293 = CARTESIAN_POINT ( 'NONE',  ( 2.850000000000016500, 4.780000000000009100, -1.849999999999984500 ) ) ;
#2294 = CARTESIAN_POINT ( 'NONE',  ( 3.550000000000020300, 5.799999999999991800, 2.750000000000019500 ) ) ;
#2295 = DIRECTION ( 'NONE',  ( 1.000000000000000000, -3.491483361109382100E-015, -1.219045606090366800E-029 ) ) ;
#2296 = DIRECTION ( 'NONE',  ( 1.000000000000000000, -3.491483361109382500E-015, -1.219045606090366900E-029 ) ) ;
#2297 = ORIENTED_EDGE ( 'NONE', *, *, #2342, .F. ) ;
#2298 = AXIS2_PLACEMENT_3D ( 'NONE', #3527, #2081, #2062 ) ;
#2299 =( NAMED_UNIT ( * ) PLANE_ANGLE_UNIT ( ) SI_UNIT ( $, .RADIAN. ) );
#2300 = DIRECTION ( 'NONE',  ( 4.275692708279658900E-031, -3.369022725727144300E-015, 1.000000000000000000 ) ) ;
#2301 = DIRECTION ( 'NONE',  ( 4.275692708279658900E-031, -3.369022725727144300E-015, 1.000000000000000000 ) ) ;
#2302 = ADVANCED_FACE ( 'NONE', ( #939 ), #2219, .F. ) ;
#2303 = ORIENTED_EDGE ( 'NONE', *, *, #1426, .T. ) ;
#2304 = COLOUR_RGB ( '',0.7529411764705882200, 0.7529411764705882200, 0.7529411764705882200 ) ;
#2305 = LINE ( 'NONE', #1964, #73 ) ;
#2306 = VECTOR ( 'NONE', #1619, 1000.000000000000000 ) ;
#2307 = SURFACE_STYLE_FILL_AREA ( #2636 ) ;
#2308 = DIRECTION ( 'NONE',  ( -1.000000000000000000, 3.491483361109382100E-015, 1.219045606090366800E-029 ) ) ;
#2309 = CARTESIAN_POINT ( 'NONE',  ( -4.799999999999989200, 3.250000000000043100, -3.849999999999989900 ) ) ;
#2310 = PLANE ( 'NONE',  #1056 ) ;
#2311 = AXIS2_PLACEMENT_3D ( 'NONE', #2907, #1177, #3196 ) ;
#2312 = STYLED_ITEM ( 'NONE', ( #1043 ), #118 ) ;
#2313 = DIRECTION ( 'NONE',  ( 0.0000000000000000000, 0.0000000000000000000, 1.000000000000000000 ) ) ;
#2314 =( LENGTH_UNIT ( ) NAMED_UNIT ( * ) SI_UNIT ( .MILLI., .METRE. ) );
#2315 = ORIENTED_EDGE ( 'NONE', *, *, #1423, .F. ) ;
#2316 = ORIENTED_EDGE ( 'NONE', *, *, #78, .T. ) ;
#2317 = MECHANICAL_DESIGN_GEOMETRIC_PRESENTATION_REPRESENTATION (  '', ( #1734 ), #2518 ) ;
#2318 = CARTESIAN_POINT ( 'NONE',  ( 2.100000000000000100, 1.793555538462387600E-014, -3.750000000000000000 ) ) ;
#2319 = CARTESIAN_POINT ( 'NONE',  ( 4.800000000000020300, 5.599999999999991700, 1.800000000000018900 ) ) ;
#2320 = DIRECTION ( 'NONE',  ( 3.491483361109382500E-015, 1.000000000000000000, 3.377356816637224300E-015 ) ) ;
#2321 = ORIENTED_EDGE ( 'NONE', *, *, #463, .F. ) ;
#2322 = PRESENTATION_STYLE_ASSIGNMENT (( #3475 ) ) ;
#2323 = CARTESIAN_POINT ( 'NONE',  ( -4.399999999999979900, 5.600000000000023600, 1.800000000000018900 ) ) ;
#2324 = SURFACE_STYLE_USAGE ( .BOTH. , #639 ) ;
#2325 = EDGE_CURVE ( 'NONE', #1169, #783, #2453, .T. ) ;
#2326 = EDGE_LOOP ( 'NONE', ( #3580, #3080, #1688, #2200 ) ) ;
#2327 = EDGE_CURVE ( 'NONE', #3167, #187, #3228, .T. ) ;
#2328 = ORIENTED_EDGE ( 'NONE', *, *, #3002, .F. ) ;
#2329 = DIRECTION ( 'NONE',  ( 1.000000000000000000, -3.491483361109382100E-015, -1.219045606090366800E-029 ) ) ;
#2330 = ORIENTED_EDGE ( 'NONE', *, *, #1553, .T. ) ;
#2331 = ORIENTED_EDGE ( 'NONE', *, *, #2642, .F. ) ;
#2332 = DIRECTION ( 'NONE',  ( -3.491483361109382100E-015, -1.000000000000000000, -3.369022725727144300E-015 ) ) ;
#2333 = EDGE_CURVE ( 'NONE', #3247, #821, #3136, .T. ) ;
#2334 = PLANE ( 'NONE',  #2298 ) ;
#2335 = CARTESIAN_POINT ( 'NONE',  ( -3.849999999999999600, 0.3500000000000322300, -1.799999999999999600 ) ) ;
#2336 =( NAMED_UNIT ( * ) PLANE_ANGLE_UNIT ( ) SI_UNIT ( $, .RADIAN. ) );
#2337 = CARTESIAN_POINT ( 'NONE',  ( -5.249999999999992000, 2.500000000000043100, -3.749999999999992000 ) ) ;
#2338 = CARTESIAN_POINT ( 'NONE',  ( -3.349999999999989000, 3.400000000000030600, -1.849999999999987900 ) ) ;
#2339 = ORIENTED_EDGE ( 'NONE', *, *, #2598, .T. ) ;
#2340 = DIRECTION ( 'NONE',  ( 3.491483361109382100E-015, 1.000000000000000000, 3.375835129377594800E-015 ) ) ;
#2341 = CARTESIAN_POINT ( 'NONE',  ( 3.550000000000020300, 5.799999999999991800, 2.750000000000019500 ) ) ;
#2342 = EDGE_CURVE ( 'NONE', #3004, #1489, #844, .T. ) ;
#2343 = LINE ( 'NONE', #2208, #826 ) ;
#2344 =( NAMED_UNIT ( * ) PLANE_ANGLE_UNIT ( ) SI_UNIT ( $, .RADIAN. ) );
#2345 = LINE ( 'NONE', #2625, #1011 ) ;
#2346 =( NAMED_UNIT ( * ) PLANE_ANGLE_UNIT ( ) SI_UNIT ( $, .RADIAN. ) );
#2347 = ADVANCED_FACE ( 'NONE', ( #770 ), #584, .F. ) ;
#2348 = ORIENTED_EDGE ( 'NONE', *, *, #3505, .T. ) ;
#2349 = DIRECTION ( 'NONE',  ( 3.491483361109382100E-015, 1.000000000000000000, 3.369022725727144300E-015 ) ) ;
#2350 = DIRECTION ( 'NONE',  ( 1.000000000000000000, -3.491483361109382100E-015, -1.219045606090366800E-029 ) ) ;
#2351 = PLANE ( 'NONE',  #1929 ) ;
#2352 = VECTOR ( 'NONE', #684, 1000.000000000000000 ) ;
#2353 = DIRECTION ( 'NONE',  ( 3.202362781779914100E-015, 1.000000000000000000, 3.369022725727144300E-015 ) ) ;
#2354 = DIRECTION ( 'NONE',  ( 3.491483361109382100E-015, 1.000000000000000000, 3.491483361109382100E-015 ) ) ;
#2355 = ORIENTED_EDGE ( 'NONE', *, *, #2525, .F. ) ;
#2356 = UNCERTAINTY_MEASURE_WITH_UNIT (LENGTH_MEASURE( 1.000000000000000100E-005 ), #1825, 'distance_accuracy_value', 'NONE');
#2357 = FACE_OUTER_BOUND ( 'NONE', #2228, .T. ) ;
#2358 = LINE ( 'NONE', #3510, #837 ) ;
#2359 = LINE ( 'NONE', #38, #3051 ) ;
#2360 = FACE_OUTER_BOUND ( 'NONE', #1373, .T. ) ;
#2361 = ORIENTED_EDGE ( 'NONE', *, *, #3462, .F. ) ;
#2362 = LINE ( 'NONE', #1430, #841 ) ;
#2363 = SURFACE_SIDE_STYLE ('',( #3492 ) ) ;
#2364 = FACE_OUTER_BOUND ( 'NONE', #2514, .T. ) ;
#2365 = CARTESIAN_POINT ( 'NONE',  ( 2.300000000000018500, 5.300000000000014000, -2.449999999999982400 ) ) ;
#2366 = VERTEX_POINT ( 'NONE', #552 ) ;
#2367 = CARTESIAN_POINT ( 'NONE',  ( -3.949999999999983700, 4.130000000000014100, 3.750000000000013800 ) ) ;
#2368 = LINE ( 'NONE', #2423, #3058 ) ;
#2369 = ORIENTED_EDGE ( 'NONE', *, *, #2776, .T. ) ;
#2370 = DIRECTION ( 'NONE',  ( 1.000000000000000000, -3.491483361109382100E-015, -1.219045606090366800E-029 ) ) ;
#2371 = ORIENTED_EDGE ( 'NONE', *, *, #690, .T. ) ;
#2372 =( GEOMETRIC_REPRESENTATION_CONTEXT ( 3 ) GLOBAL_UNCERTAINTY_ASSIGNED_CONTEXT ( ( #2755 ) ) GLOBAL_UNIT_ASSIGNED_CONTEXT ( ( #2516, #812, #2809 ) ) REPRESENTATION_CONTEXT ( 'NONE', 'WORKASPACE' ) );
#2373 = VECTOR ( 'NONE', #3250, 1000.000000000000000 ) ;
#2374 = DIRECTION ( 'NONE',  ( -3.491483361109382500E-015, -1.000000000000000000, -3.369022725727144700E-015 ) ) ;
#2375 = ADVANCED_FACE ( 'NONE', ( #2364 ), #1367, .F. ) ;
#2376 = AXIS2_PLACEMENT_3D ( 'NONE', #872, #860, #845 ) ;
#2377 = DIRECTION ( 'NONE',  ( 3.491483361109382100E-015, 1.000000000000000000, 2.083871812087760400E-014 ) ) ;
#2378 = ORIENTED_EDGE ( 'NONE', *, *, #1744, .F. ) ;
#2379 = CARTESIAN_POINT ( 'NONE',  ( 3.950000000000010800, 3.400000000000004800, -1.849999999999987900 ) ) ;
#2380 = STYLED_ITEM ( 'NONE', ( #882 ), #1087 ) ;
#2381 = ORIENTED_EDGE ( 'NONE', *, *, #2588, .T. ) ;
#2382 = CARTESIAN_POINT ( 'NONE',  ( 4.400000000000019900, 5.600000000000009400, -3.449999999999980600 ) ) ;
#2383 = DIRECTION ( 'NONE',  ( 3.491483361109382100E-015, 1.000000000000000000, 3.491483361109382100E-015 ) ) ;
#2384 = COLOUR_RGB ( '',0.7529411764705882200, 0.7529411764705882200, 0.7529411764705882200 ) ;
#2385 = CARTESIAN_POINT ( 'NONE',  ( -4.799999999999980300, 5.600000000000022700, 1.800000000000018900 ) ) ;
#2386 = EDGE_LOOP ( 'NONE', ( #1083, #1923, #2011, #2111, #2986, #870, #3257, #2561 ) ) ;
#2387 = DIRECTION ( 'NONE',  ( -3.491483361109382100E-015, -1.000000000000000000, -3.750397312747711400E-015 ) ) ;
#2388 = CARTESIAN_POINT ( 'NONE',  ( -4.799999999999980300, 5.600000000000043200, -3.849999999999981000 ) ) ;
#2389 = ORIENTED_EDGE ( 'NONE', *, *, #1116, .F. ) ;
#2390 = EDGE_CURVE ( 'NONE', #2665, #2970, #1234, .T. ) ;
#2391 = ORIENTED_EDGE ( 'NONE', *, *, #136, .F. ) ;
#2392 = FILL_AREA_STYLE ('',( #423 ) ) ;
#2393 = ADVANCED_FACE ( 'NONE', ( #3456, #518 ), #6, .T. ) ;
#2394 = CARTESIAN_POINT ( 'NONE',  ( -3.849999999999991700, 2.500000000000038200, -3.749999999999992000 ) ) ;
#2395 = CARTESIAN_POINT ( 'NONE',  ( 2.400000000000000400, 1.554050128600020300E-014, -3.349999999999998800 ) ) ;
#2396 = EDGE_CURVE ( 'NONE', #821, #3385, #433, .T. ) ;
#2397 = DIRECTION ( 'NONE',  ( -1.000000000000000000, 3.491483361109382100E-015, 1.219045606090366800E-029 ) ) ;
#2398 = DIRECTION ( 'NONE',  ( -3.491483361109382100E-015, -1.000000000000000000, -3.341938233870002100E-015 ) ) ;
#2399 = ORIENTED_EDGE ( 'NONE', *, *, #2183, .F. ) ;
#2400 = EDGE_CURVE ( 'NONE', #2093, #1671, #2683, .T. ) ;
#2401 = FACE_OUTER_BOUND ( 'NONE', #2457, .T. ) ;
#2402 = CARTESIAN_POINT ( 'NONE',  ( 3.350000000000012100, 3.400000000000007000, -1.849999999999987900 ) ) ;
#2403 = ORIENTED_EDGE ( 'NONE', *, *, #2936, .F. ) ;
#2404 = STYLED_ITEM ( 'NONE', ( #377 ), #459 ) ;
#2405 = CARTESIAN_POINT ( 'NONE',  ( -2.400000000000001200, 3.364723050961610500E-014, -3.750000000000000000 ) ) ;
#2406 = SURFACE_STYLE_FILL_AREA ( #3040 ) ;
#2407 = FACE_OUTER_BOUND ( 'NONE', #839, .T. ) ;
#2408 = DIRECTION ( 'NONE',  ( 3.491483361109382100E-015, 1.000000000000000000, 3.375835129377594800E-015 ) ) ;
#2409 = DIRECTION ( 'NONE',  ( -1.000000000000000000, 3.491483361109382100E-015, 1.219045606090366800E-029 ) ) ;
#2410 = EDGE_CURVE ( 'NONE', #2688, #2501, #1151, .T. ) ;
#2411 =( NAMED_UNIT ( * ) SI_UNIT ( $, .STERADIAN. ) SOLID_ANGLE_UNIT ( ) );
#2412 = CARTESIAN_POINT ( 'NONE',  ( -5.250000000000000000, 4.359795808877784500E-014, -3.750000000000000000 ) ) ;
#2413 = FACE_OUTER_BOUND ( 'NONE', #2386, .T. ) ;
#2414 = PLANE ( 'NONE',  #908 ) ;
#2415 = ADVANCED_FACE ( 'NONE', ( #3280 ), #1933, .F. ) ;
#2416 = COLOUR_RGB ( '',0.7529411764705882200, 0.7529411764705882200, 0.7529411764705882200 ) ;
#2417 = CARTESIAN_POINT ( 'NONE',  ( -2.400000000000000800, -0.09999999999996152200, -4.949999999999999300 ) ) ;
#2418 = ORIENTED_EDGE ( 'NONE', *, *, #250, .T. ) ;
#2419 = CARTESIAN_POINT ( 'NONE',  ( -2.399999999999999000, 0.4000000000000387100, -4.949999999999997500 ) ) ;
#2420 = EDGE_CURVE ( 'NONE', #3298, #3078, #3365, .T. ) ;
#2421 = EDGE_LOOP ( 'NONE', ( #302, #294, #3140, #560 ) ) ;
#2422 = CARTESIAN_POINT ( 'NONE',  ( -5.249999999999980500, 5.800000000000042500, -3.449999999999980600 ) ) ;
#2423 = CARTESIAN_POINT ( 'NONE',  ( -2.299999999999986500, 3.800000000000030900, -2.449999999999987700 ) ) ;
#2424 = CARTESIAN_POINT ( 'NONE',  ( 0.8999999999999998000, 2.072874207351138200E-014, -3.349999999999998800 ) ) ;
#2425 = VERTEX_POINT ( 'NONE', #768 ) ;
#2426 = CARTESIAN_POINT ( 'NONE',  ( 3.350000000000012100, 3.400000000000007000, -1.849999999999987900 ) ) ;
#2427 = CARTESIAN_POINT ( 'NONE',  ( 2.850000000000016500, 4.780000000000009100, -1.849999999999984500 ) ) ;
#2428 = VERTEX_POINT ( 'NONE', #3372 ) ;
#2429 = ADVANCED_FACE ( 'NONE', ( #248 ), #3122, .T. ) ;
#2430 = AXIS2_PLACEMENT_3D ( 'NONE', #672, #3561, #3205 ) ;
#2431 = DIRECTION ( 'NONE',  ( -3.491483361109382100E-015, -1.000000000000000000, -3.491483361109382100E-015 ) ) ;
#2432 = DIRECTION ( 'NONE',  ( -3.491483361109382100E-015, -1.000000000000000000, -3.491483361109382100E-015 ) ) ;
#2433 = CARTESIAN_POINT ( 'NONE',  ( 3.400000000000014600, 4.130000000000007000, -1.849999999999986100 ) ) ;
#2434 = ORIENTED_EDGE ( 'NONE', *, *, #3116, .T. ) ;
#2435 =( NAMED_UNIT ( * ) SI_UNIT ( $, .STERADIAN. ) SOLID_ANGLE_UNIT ( ) );
#2436 = ORIENTED_EDGE ( 'NONE', *, *, #3581, .T. ) ;
#2437 = CARTESIAN_POINT ( 'NONE',  ( 4.400000000000000400, -0.09999999999999938100, -1.000000000000000000 ) ) ;
#2438 = VERTEX_POINT ( 'NONE', #2229 ) ;
#2439 = VECTOR ( 'NONE', #477, 1000.000000000000000 ) ;
#2440 = AXIS2_PLACEMENT_3D ( 'NONE', #1021, #1290, #3334 ) ;
#2441 = CARTESIAN_POINT ( 'NONE',  ( 3.850000000000001000, 5.335464600512982100E-015, -1.800000000000000500 ) ) ;
#2442 =( GEOMETRIC_REPRESENTATION_CONTEXT ( 3 ) GLOBAL_UNCERTAINTY_ASSIGNED_CONTEXT ( ( #47 ) ) GLOBAL_UNIT_ASSIGNED_CONTEXT ( ( #1683, #3421, #1384 ) ) REPRESENTATION_CONTEXT ( 'NONE', 'WORKASPACE' ) );
#2443 = DIRECTION ( 'NONE',  ( -3.491483361109382100E-015, -1.000000000000000000, -3.491483361109382100E-015 ) ) ;
#2444 = LINE ( 'NONE', #3428, #195 ) ;
#2445 = ORIENTED_EDGE ( 'NONE', *, *, #2390, .T. ) ;
#2446 = LINE ( 'NONE', #410, #3045 ) ;
#2447 = DIRECTION ( 'NONE',  ( -1.000000000000000000, 3.302926461546685700E-015, 1.155304680459278400E-029 ) ) ;
#2448 =( GEOMETRIC_REPRESENTATION_CONTEXT ( 3 ) GLOBAL_UNCERTAINTY_ASSIGNED_CONTEXT ( ( #3001 ) ) GLOBAL_UNIT_ASSIGNED_CONTEXT ( ( #432, #403, #386 ) ) REPRESENTATION_CONTEXT ( 'NONE', 'WORKASPACE' ) );
#2449 = LINE ( 'NONE', #3227, #3128 ) ;
#2450 = VECTOR ( 'NONE', #93, 1000.000000000000000 ) ;
#2451 = CARTESIAN_POINT ( 'NONE',  ( 4.800000000000020300, 5.600000000000008500, -3.449999999999980600 ) ) ;
#2452 = VECTOR ( 'NONE', #2488, 1000.000000000000000 ) ;
#2453 = LINE ( 'NONE', #1377, #212 ) ;
#2454 = FILL_AREA_STYLE_COLOUR ( '', #3341 ) ;
#2455 = CARTESIAN_POINT ( 'NONE',  ( -0.8999999999999992500, 0.4000000000000292800, -3.749999999999998200 ) ) ;
#2456 = ORIENTED_EDGE ( 'NONE', *, *, #3326, .T. ) ;
#2457 = EDGE_LOOP ( 'NONE', ( #1850, #1935, #2804, #719 ) ) ;
#2458 = LINE ( 'NONE', #3293, #944 ) ;
#2459 =( LENGTH_UNIT ( ) NAMED_UNIT ( * ) SI_UNIT ( .MILLI., .METRE. ) );
#2460 = EDGE_CURVE ( 'NONE', #1343, #3426, #979, .T. ) ;
#2461 = ORIENTED_EDGE ( 'NONE', *, *, #2465, .T. ) ;
#2462 = LINE ( 'NONE', #2412, #3062 ) ;
#2463 = DIRECTION ( 'NONE',  ( 1.000000000000000000, -3.491483361109382500E-015, -1.219045606090366900E-029 ) ) ;
#2464 = DIRECTION ( 'NONE',  ( -3.491483361109382100E-015, -1.000000000000000000, -3.491483361109382100E-015 ) ) ;
#2465 = EDGE_CURVE ( 'NONE', #1807, #3070, #729, .T. ) ;
#2466 = ORIENTED_EDGE ( 'NONE', *, *, #2730, .T. ) ;
#2467 = CARTESIAN_POINT ( 'NONE',  ( 4.800000000000020300, 5.600000000000010300, -3.849999999999981000 ) ) ;
#2468 = EDGE_CURVE ( 'NONE', #3382, #2100, #1815, .T. ) ;
#2469 = ORIENTED_EDGE ( 'NONE', *, *, #390, .T. ) ;
#2470 = CARTESIAN_POINT ( 'NONE',  ( -3.399999999999983900, 4.780000000000030400, -1.849999999999984500 ) ) ;
#2471 = VECTOR ( 'NONE', #2595, 1000.000000000000000 ) ;
#2472 = ADVANCED_FACE ( 'NONE', ( #2125 ), #1655, .T. ) ;
#2473 = CARTESIAN_POINT ( 'NONE',  ( 4.400000000000011900, 3.250000000000011100, -3.849999999999989900 ) ) ;
#2474 = ORIENTED_EDGE ( 'NONE', *, *, #1627, .F. ) ;
#2475 = CARTESIAN_POINT ( 'NONE',  ( 4.800000000000011400, 3.250000000000009300, -3.849999999999989900 ) ) ;
#2476 = ORIENTED_EDGE ( 'NONE', *, *, #569, .F. ) ;
#2477 = CARTESIAN_POINT ( 'NONE',  ( -2.299999999999981200, 5.300000000000010500, 2.750000000000017300 ) ) ;
#2478 = EDGE_CURVE ( 'NONE', #818, #1807, #1101, .T. ) ;
#2479 = ORIENTED_EDGE ( 'NONE', *, *, #264, .T. ) ;
#2480 = ORIENTED_EDGE ( 'NONE', *, *, #1558, .F. ) ;
#2481 = DIRECTION ( 'NONE',  ( 1.000000000000000000, -3.491483361109382100E-015, -1.219045606090366800E-029 ) ) ;
#2482 = EDGE_CURVE ( 'NONE', #2848, #3137, #3324, .T. ) ;
#2483 = PRESENTATION_STYLE_ASSIGNMENT (( #231 ) ) ;
#2484 = SURFACE_SIDE_STYLE ('',( #3278 ) ) ;
#2485 = ORIENTED_EDGE ( 'NONE', *, *, #746, .F. ) ;
#2486 =( LENGTH_UNIT ( ) NAMED_UNIT ( * ) SI_UNIT ( .MILLI., .METRE. ) );
#2487 = SURFACE_STYLE_FILL_AREA ( #1016 ) ;
#2488 = DIRECTION ( 'NONE',  ( 0.0000000000000000000, -3.491483361109382100E-015, 1.000000000000000000 ) ) ;
#2489 = LINE ( 'NONE', #1702, #421 ) ;
#2490 = STYLED_ITEM ( 'NONE', ( #1696 ), #3635 ) ;
#2491 = ORIENTED_EDGE ( 'NONE', *, *, #628, .T. ) ;
#2492 = PRESENTATION_STYLE_ASSIGNMENT (( #3009 ) ) ;
#2493 = VECTOR ( 'NONE', #846, 1000.000000000000000 ) ;
#2494 = AXIS2_PLACEMENT_3D ( 'NONE', #3300, #720, #706 ) ;
#2495 = CARTESIAN_POINT ( 'NONE',  ( -2.400000000000000800, -0.09999999999996687900, -3.350000000000000500 ) ) ;
#2496 = VECTOR ( 'NONE', #1899, 1000.000000000000000 ) ;
#2497 = SURFACE_STYLE_FILL_AREA ( #3105 ) ;
#2498 = LINE ( 'NONE', #3193, #249 ) ;
#2499 = DIRECTION ( 'NONE',  ( 4.275692708279658900E-031, -3.369022725727144300E-015, 1.000000000000000000 ) ) ;
#2500 = FACE_OUTER_BOUND ( 'NONE', #3451, .T. ) ;
#2501 = VERTEX_POINT ( 'NONE', #506 ) ;
#2502 = SURFACE_STYLE_FILL_AREA ( #2613 ) ;
#2503 = DIRECTION ( 'NONE',  ( 1.000000000000000000, -3.491483361109382100E-015, -1.219045606090366800E-029 ) ) ;
#2504 = CARTESIAN_POINT ( 'NONE',  ( -3.849999999999979700, 5.800000000000037100, -3.449999999999980600 ) ) ;
#2505 =( NAMED_UNIT ( * ) SI_UNIT ( $, .STERADIAN. ) SOLID_ANGLE_UNIT ( ) );
#2506 = ORIENTED_EDGE ( 'NONE', *, *, #799, .F. ) ;
#2507 = AXIS2_PLACEMENT_3D ( 'NONE', #1447, #3197, #1178 ) ;
#2508 = DIRECTION ( 'NONE',  ( 4.275692708279658900E-031, -3.369022725727144700E-015, 1.000000000000000000 ) ) ;
#2509 = VERTEX_POINT ( 'NONE', #779 ) ;
#2510 = ORIENTED_EDGE ( 'NONE', *, *, #3577, .F. ) ;
#2511 = CARTESIAN_POINT ( 'NONE',  ( 0.5999999999999995300, -0.09999999999997735700, -3.350000000000000500 ) ) ;
#2512 = UNCERTAINTY_MEASURE_WITH_UNIT (LENGTH_MEASURE( 1.000000000000000100E-005 ), #3414, 'distance_accuracy_value', 'NONE');
#2513 = EDGE_LOOP ( 'NONE', ( #2991, #540, #2718, #2760, #2474, #311, #2558, #1882 ) ) ;
#2514 = EDGE_LOOP ( 'NONE', ( #2963, #1507, #3102, #3189 ) ) ;
#2515 = LINE ( 'NONE', #804, #2934 ) ;
#2516 =( LENGTH_UNIT ( ) NAMED_UNIT ( * ) SI_UNIT ( .MILLI., .METRE. ) );
#2517 = ORIENTED_EDGE ( 'NONE', *, *, #2460, .F. ) ;
#2518 =( GEOMETRIC_REPRESENTATION_CONTEXT ( 3 ) GLOBAL_UNCERTAINTY_ASSIGNED_CONTEXT ( ( #2896 ) ) GLOBAL_UNIT_ASSIGNED_CONTEXT ( ( #1976, #1996, #2024 ) ) REPRESENTATION_CONTEXT ( 'NONE', 'WORKASPACE' ) );
#2519 = UNCERTAINTY_MEASURE_WITH_UNIT (LENGTH_MEASURE( 1.000000000000000100E-005 ), #888, 'distance_accuracy_value', 'NONE');
#2520 = SURFACE_STYLE_FILL_AREA ( #3252 ) ;
#2521 = ORIENTED_EDGE ( 'NONE', *, *, #2730, .F. ) ;
#2522 = CARTESIAN_POINT ( 'NONE',  ( -5.250000000000000000, 0.3500000000000369500, -1.799999999999999600 ) ) ;
#2523 = EDGE_CURVE ( 'NONE', #1609, #2735, #2534, .T. ) ;
#2524 = LINE ( 'NONE', #2154, #2439 ) ;
#2525 = EDGE_CURVE ( 'NONE', #692, #1945, #1020, .T. ) ;
#2526 = DIRECTION ( 'NONE',  ( -4.254124942364579000E-031, 3.369022725727144300E-015, -1.000000000000000000 ) ) ;
#2527 = LINE ( 'NONE', #3154, #3211 ) ;
#2528 = SURFACE_STYLE_USAGE ( .BOTH. , #555 ) ;
#2529 = ORIENTED_EDGE ( 'NONE', *, *, #3162, .T. ) ;
#2530 = EDGE_CURVE ( 'NONE', #3065, #1005, #375, .T. ) ;
#2531 = VECTOR ( 'NONE', #1887, 1000.000000000000000 ) ;
#2532 = CARTESIAN_POINT ( 'NONE',  ( -3.399999999999983900, 4.780000000000030400, -1.849999999999984500 ) ) ;
#2533 = VECTOR ( 'NONE', #909, 1000.000000000000000 ) ;
#2534 = LINE ( 'NONE', #541, #284 ) ;
#2535 = EDGE_CURVE ( 'NONE', #2609, #3253, #1670, .T. ) ;
#2536 =( NAMED_UNIT ( * ) SI_UNIT ( $, .STERADIAN. ) SOLID_ANGLE_UNIT ( ) );
#2537 = FACE_OUTER_BOUND ( 'NONE', #262, .T. ) ;
#2538 =( LENGTH_UNIT ( ) NAMED_UNIT ( * ) SI_UNIT ( .MILLI., .METRE. ) );
#2539 = STYLED_ITEM ( 'NONE', ( #3450 ), #2630 ) ;
#2540 =( NAMED_UNIT ( * ) SI_UNIT ( $, .STERADIAN. ) SOLID_ANGLE_UNIT ( ) );
#2541 = CARTESIAN_POINT ( 'NONE',  ( -5.250000000000000000, 0.3500000000000342800, -0.9999999999999991100 ) ) ;
#2542 = DIRECTION ( 'NONE',  ( -4.232557176449485200E-031, 3.369022725727144300E-015, -1.000000000000000000 ) ) ;
#2543 = VERTEX_POINT ( 'NONE', #4 ) ;
#2544 = LINE ( 'NONE', #3049, #3138 ) ;
#2545 = DIRECTION ( 'NONE',  ( 0.0000000000000000000, -3.491483361109382100E-015, 1.000000000000000000 ) ) ;
#2546 = ORIENTED_EDGE ( 'NONE', *, *, #240, .F. ) ;
#2547 =( NAMED_UNIT ( * ) PLANE_ANGLE_UNIT ( ) SI_UNIT ( $, .RADIAN. ) );
#2548 = ORIENTED_EDGE ( 'NONE', *, *, #143, .F. ) ;
#2549 = SURFACE_STYLE_FILL_AREA ( #2223 ) ;
#2550 = CARTESIAN_POINT ( 'NONE',  ( -3.949999999999986400, 3.400000000000032800, -1.849999999999987900 ) ) ;
#2551 = CARTESIAN_POINT ( 'NONE',  ( 2.300000000000014000, 3.800000000000002900, 1.250000000000012900 ) ) ;
#2552 = DIRECTION ( 'NONE',  ( 4.037838768332573200E-031, -3.375835129377594800E-015, 1.000000000000000000 ) ) ;
#2553 = EDGE_LOOP ( 'NONE', ( #1966, #1297, #1376, #1464 ) ) ;
#2554 = EDGE_LOOP ( 'NONE', ( #2436, #1085, #2170, #2131 ) ) ;
#2555 = CARTESIAN_POINT ( 'NONE',  ( 4.800000000000011400, 3.250000000000009300, -3.849999999999989900 ) ) ;
#2556 = VECTOR ( 'NONE', #325, 1000.000000000000000 ) ;
#2557 = FILL_AREA_STYLE ('',( #581 ) ) ;
#2558 = ORIENTED_EDGE ( 'NONE', *, *, #454, .F. ) ;
#2559 = DIRECTION ( 'NONE',  ( -3.491483361109382100E-015, -1.000000000000000000, -3.491483361109382100E-015 ) ) ;
#2560 = SURFACE_STYLE_FILL_AREA ( #2019 ) ;
#2561 = ORIENTED_EDGE ( 'NONE', *, *, #2927, .T. ) ;
#2562 = CARTESIAN_POINT ( 'NONE',  ( -4.399999999999979900, 5.600000000000041400, -3.449999999999980600 ) ) ;
#2563 =( NAMED_UNIT ( * ) PLANE_ANGLE_UNIT ( ) SI_UNIT ( $, .RADIAN. ) );
#2564 = CARTESIAN_POINT ( 'NONE',  ( -5.250000000000000000, 3.702836377360991300E-014, -1.800000000000000500 ) ) ;
#2565 = CARTESIAN_POINT ( 'NONE',  ( 5.250000000000000000, 3.677884819613941600E-016, -1.800000000000000500 ) ) ;
#2566 =( NAMED_UNIT ( * ) SI_UNIT ( $, .STERADIAN. ) SOLID_ANGLE_UNIT ( ) );
#2567 = AXIS2_PLACEMENT_3D ( 'NONE', #827, #279, #270 ) ;
#2568 = LINE ( 'NONE', #1197, #1888 ) ;
#2569 = CARTESIAN_POINT ( 'NONE',  ( -0.6000000000000003100, 2.736256045961921300E-014, -3.750000000000000000 ) ) ;
#2570 = CARTESIAN_POINT ( 'NONE',  ( -3.849999999999979700, 5.800000000000038000, -3.749999999999980900 ) ) ;
#2571 = ADVANCED_FACE ( 'NONE', ( #2360 ), #1773, .F. ) ;
#2572 = LINE ( 'NONE', #487, #1798 ) ;
#2573 = ORIENTED_EDGE ( 'NONE', *, *, #3187, .T. ) ;
#2574 = VECTOR ( 'NONE', #1844, 1000.000000000000000 ) ;
#2575 = EDGE_CURVE ( 'NONE', #3531, #3591, #2077, .T. ) ;
#2576 = LINE ( 'NONE', #1926, #1141 ) ;
#2577 = DIRECTION ( 'NONE',  ( 0.0000000000000000000, -3.491483361109382100E-015, 1.000000000000000000 ) ) ;
#2578 = VERTEX_POINT ( 'NONE', #2047 ) ;
#2579 =( LENGTH_UNIT ( ) NAMED_UNIT ( * ) SI_UNIT ( .MILLI., .METRE. ) );
#2580 = CARTESIAN_POINT ( 'NONE',  ( 0.5999999999999980900, 2.317278042628796200E-014, -3.750000000000000000 ) ) ;
#2581 = LINE ( 'NONE', #2319, #2493 ) ;
#2582 = FACE_OUTER_BOUND ( 'NONE', #894, .T. ) ;
#2583 = EDGE_CURVE ( 'NONE', #1834, #1640, #1316, .T. ) ;
#2584 =( LENGTH_UNIT ( ) NAMED_UNIT ( * ) SI_UNIT ( .MILLI., .METRE. ) );
#2585 = LINE ( 'NONE', #1045, #3364 ) ;
#2586 = VECTOR ( 'NONE', #3113, 1000.000000000000000 ) ;
#2587 = VECTOR ( 'NONE', #3593, 1000.000000000000000 ) ;
#2588 = EDGE_CURVE ( 'NONE', #2983, #2509, #594, .T. ) ;
#2589 = VECTOR ( 'NONE', #1839, 1000.000000000000000 ) ;
#2590 = ORIENTED_EDGE ( 'NONE', *, *, #129, .F. ) ;
#2591 = AXIS2_PLACEMENT_3D ( 'NONE', #2433, #3277, #3304 ) ;
#2592 = SURFACE_STYLE_USAGE ( .BOTH. , #2601 ) ;
#2593 = CARTESIAN_POINT ( 'NONE',  ( 3.550000000000014000, 4.129999999999991000, 2.750000000000013800 ) ) ;
#2594 = FILL_AREA_STYLE ('',( #2878 ) ) ;
#2595 = DIRECTION ( 'NONE',  ( 1.000000000000000000, -3.607647879589971900E-015, -1.257884674125504400E-029 ) ) ;
#2596 = FILL_AREA_STYLE ('',( #1731 ) ) ;
#2597 = DIRECTION ( 'NONE',  ( -3.491483361109382100E-015, -1.000000000000000000, -3.491483361109382100E-015 ) ) ;
#2598 = EDGE_CURVE ( 'NONE', #1958, #1128, #2850, .T. ) ;
#2599 = ORIENTED_EDGE ( 'NONE', *, *, #3455, .F. ) ;
#2600 = EDGE_CURVE ( 'NONE', #3556, #387, #1989, .T. ) ;
#2601 = SURFACE_SIDE_STYLE ('',( #2502 ) ) ;
#2602 = CARTESIAN_POINT ( 'NONE',  ( -0.9000000000000005800, 2.706239637766116400E-014, -3.349999999999998800 ) ) ;
#2603 = DIRECTION ( 'NONE',  ( 0.0000000000000000000, -3.491483361109382100E-015, 1.000000000000000000 ) ) ;
#2604 = PLANE ( 'NONE',  #2191 ) ;
#2605 = PRODUCT_CONTEXT ( 'NONE', #1167, 'mechanical' ) ;
#2606 =( NAMED_UNIT ( * ) SI_UNIT ( $, .STERADIAN. ) SOLID_ANGLE_UNIT ( ) );
#2607 = CARTESIAN_POINT ( 'NONE',  ( 2.850000000000011600, 3.330000000000009400, -1.849999999999988800 ) ) ;
#2608 = LINE ( 'NONE', #1410, #58 ) ;
#2609 = VERTEX_POINT ( 'NONE', #2922 ) ;
#2610 = LINE ( 'NONE', #2388, #359 ) ;
#2611 = ORIENTED_EDGE ( 'NONE', *, *, #630, .T. ) ;
#2612 = AXIS2_PLACEMENT_3D ( 'NONE', #19, #1081, #1062 ) ;
#2613 = FILL_AREA_STYLE ('',( #2858 ) ) ;
#2614 =( NAMED_UNIT ( * ) SI_UNIT ( $, .STERADIAN. ) SOLID_ANGLE_UNIT ( ) );
#2615 = CARTESIAN_POINT ( 'NONE',  ( 2.300000000000014000, 3.800000000000014500, -2.449999999999987700 ) ) ;
#2616 = VECTOR ( 'NONE', #3316, 1000.000000000000000 ) ;
#2617 = DIRECTION ( 'NONE',  ( -1.000000000000000000, 3.491483361109382100E-015, 1.219045606090366800E-029 ) ) ;
#2618 = STYLED_ITEM ( 'NONE', ( #20 ), #1532 ) ;
#2619 =( NAMED_UNIT ( * ) PLANE_ANGLE_UNIT ( ) SI_UNIT ( $, .RADIAN. ) );
#2620 = ORIENTED_EDGE ( 'NONE', *, *, #1478, .T. ) ;
#2621 = SURFACE_STYLE_FILL_AREA ( #1634 ) ;
#2622 = VECTOR ( 'NONE', #2340, 1000.000000000000000 ) ;
#2623 = SURFACE_STYLE_USAGE ( .BOTH. , #382 ) ;
#2624 = VECTOR ( 'NONE', #2353, 1000.000000000000000 ) ;
#2625 = CARTESIAN_POINT ( 'NONE',  ( 3.350000000000012100, 3.400000000000007000, -1.849999999999987900 ) ) ;
#2626 =( NAMED_UNIT ( * ) PLANE_ANGLE_UNIT ( ) SI_UNIT ( $, .RADIAN. ) );
#2627 = LINE ( 'NONE', #2824, #3328 ) ;
#2628 = PRESENTATION_LAYER_ASSIGNMENT (  '', '', ( #2226 ) ) ;
#2629 = CARTESIAN_POINT ( 'NONE',  ( 2.400000000000001700, 0.4000000000000177300, -3.749999999999998200 ) ) ;
#2630 = ADVANCED_FACE ( 'NONE', ( #1901 ), #3210, .T. ) ;
#2631 = ORIENTED_EDGE ( 'NONE', *, *, #1934, .F. ) ;
#2632 = VECTOR ( 'NONE', #71, 1000.000000000000000 ) ;
#2633 = ORIENTED_EDGE ( 'NONE', *, *, #3425, .F. ) ;
#2634 =( LENGTH_UNIT ( ) NAMED_UNIT ( * ) SI_UNIT ( .MILLI., .METRE. ) );
#2635 = STYLED_ITEM ( 'NONE', ( #1014 ), #953 ) ;
#2636 = FILL_AREA_STYLE ('',( #1207 ) ) ;
#2637 = AXIS2_PLACEMENT_3D ( 'NONE', #3368, #1622, #3643 ) ;
#2638 = ORIENTED_EDGE ( 'NONE', *, *, #2245, .T. ) ;
#2639 = CARTESIAN_POINT ( 'NONE',  ( 3.350000000000005900, 1.549999999999997200, 1.150000000000005200 ) ) ;
#2640 = ORIENTED_EDGE ( 'NONE', *, *, #3641, .F. ) ;
#2641 = ORIENTED_EDGE ( 'NONE', *, *, #1051, .F. ) ;
#2642 = EDGE_CURVE ( 'NONE', #508, #263, #1272, .T. ) ;
#2643 = ORIENTED_EDGE ( 'NONE', *, *, #317, .F. ) ;
#2644 = LINE ( 'NONE', #1705, #2556 ) ;
#2645 =( LENGTH_UNIT ( ) NAMED_UNIT ( * ) SI_UNIT ( .MILLI., .METRE. ) );
#2646 = PRESENTATION_STYLE_ASSIGNMENT (( #898 ) ) ;
#2647 = ORIENTED_EDGE ( 'NONE', *, *, #1127, .F. ) ;
#2648 = ADVANCED_FACE ( 'NONE', ( #550 ), #107, .F. ) ;
#2649 = DIRECTION ( 'NONE',  ( 3.491483361109382100E-015, 1.000000000000000000, 3.369022725727144300E-015 ) ) ;
#2650 = EDGE_CURVE ( 'NONE', #1637, #2578, #1667, .T. ) ;
#2651 = DIRECTION ( 'NONE',  ( 3.491483361109382100E-015, 1.000000000000000000, 3.375835129377594800E-015 ) ) ;
#2652 = DIRECTION ( 'NONE',  ( -1.000000000000000000, 3.491483361109382100E-015, 1.219045606090366800E-029 ) ) ;
#2653 =( LENGTH_UNIT ( ) NAMED_UNIT ( * ) SI_UNIT ( .MILLI., .METRE. ) );
#2654 = VERTEX_POINT ( 'NONE', #122 ) ;
#2655 = CARTESIAN_POINT ( 'NONE',  ( -2.100000000000000500, -0.09999999999996792000, -3.350000000000000500 ) ) ;
#2656 = DIRECTION ( 'NONE',  ( 3.491483361109382100E-015, 1.000000000000000000, 3.491483361109382100E-015 ) ) ;
#2657 = FILL_AREA_STYLE_COLOUR ( '', #656 ) ;
#2658 = EDGE_CURVE ( 'NONE', #2155, #105, #2449, .T. ) ;
#2659 = LINE ( 'NONE', #2985, #3431 ) ;
#2660 = PLANE ( 'NONE',  #2857 ) ;
#2661 = PRESENTATION_LAYER_ASSIGNMENT (  '', '', ( #288 ) ) ;
#2662 = PRODUCT_DEFINITION_SHAPE ( 'NONE', 'NONE',  #3015 ) ;
#2663 = STYLED_ITEM ( 'NONE', ( #1226 ), #2696 ) ;
#2664 = VECTOR ( 'NONE', #1576, 1000.000000000000000 ) ;
#2665 = VERTEX_POINT ( 'NONE', #679 ) ;
#2666 = DIRECTION ( 'NONE',  ( -1.000000000000000000, 3.491483361109382100E-015, 1.219045606090366800E-029 ) ) ;
#2667 = LINE ( 'NONE', #2713, #1310 ) ;
#2668 = ORIENTED_EDGE ( 'NONE', *, *, #1116, .T. ) ;
#2669 =( LENGTH_UNIT ( ) NAMED_UNIT ( * ) SI_UNIT ( .MILLI., .METRE. ) );
#2670 = VECTOR ( 'NONE', #2503, 1000.000000000000000 ) ;
#2671 = EDGE_CURVE ( 'NONE', #2140, #1778, #280, .T. ) ;
#2672 = CARTESIAN_POINT ( 'NONE',  ( -3.349999999999996500, 1.150000000000020600, 1.150000000000003900 ) ) ;
#2673 = ORIENTED_EDGE ( 'NONE', *, *, #1401, .T. ) ;
#2674 = SURFACE_STYLE_FILL_AREA ( #987 ) ;
#2675 = CARTESIAN_POINT ( 'NONE',  ( 0.5999999999999995300, -0.09999999999997735700, -3.350000000000000500 ) ) ;
#2676 = LINE ( 'NONE', #297, #3359 ) ;
#2677 = VECTOR ( 'NONE', #658, 1000.000000000000000 ) ;
#2678 = ADVANCED_FACE ( 'NONE', ( #2357 ), #1796, .F. ) ;
#2679 = ADVANCED_FACE ( 'NONE', ( #836 ), #2660, .T. ) ;
#2680 = LINE ( 'NONE', #1916, #1902 ) ;
#2681 = LINE ( 'NONE', #502, #1063 ) ;
#2682 = FILL_AREA_STYLE ('',( #3541 ) ) ;
#2683 = LINE ( 'NONE', #1342, #2586 ) ;
#2684 = LINE ( 'NONE', #1175, #435 ) ;
#2685 = EDGE_CURVE ( 'NONE', #757, #2732, #3532, .T. ) ;
#2686 = LINE ( 'NONE', #2699, #521 ) ;
#2687 = DIRECTION ( 'NONE',  ( 1.000000000000000000, -3.491483361109382500E-015, -1.219045606090366900E-029 ) ) ;
#2688 = VERTEX_POINT ( 'NONE', #2402 ) ;
#2689 = DIRECTION ( 'NONE',  ( -5.969659755361963400E-015, -1.000000000000000000, -3.369022725727144300E-015 ) ) ;
#2690 = VERTEX_POINT ( 'NONE', #703 ) ;
#2691 = SURFACE_SIDE_STYLE ('',( #3039 ) ) ;
#2692 = ORIENTED_EDGE ( 'NONE', *, *, #2085, .T. ) ;
#2693 = AXIS2_PLACEMENT_3D ( 'NONE', #2281, #1419, #3466 ) ;
#2694 = CARTESIAN_POINT ( 'NONE',  ( 3.850000000000001000, 5.335464600512982100E-015, -1.800000000000000500 ) ) ;
#2695 = EDGE_LOOP ( 'NONE', ( #2640, #3200, #3303, #1292 ) ) ;
#2696 = MANIFOLD_SOLID_BREP ( 'ÎÞÃÞ¨-ˆÚ“®/ºËß°2', #1581 ) ;
#2697 = PRESENTATION_LAYER_ASSIGNMENT (  '', '', ( #2290 ) ) ;
#2698 = CARTESIAN_POINT ( 'NONE',  ( 0.6000000000000012000, 0.4000000000000282200, -4.949999999999997500 ) ) ;
#2699 = CARTESIAN_POINT ( 'NONE',  ( 3.850000000000009000, 2.500000000000011500, -3.749999999999992000 ) ) ;
#2700 = ADVANCED_FACE ( 'NONE', ( #3273 ), #439, .F. ) ;
#2701 = AXIS2_PLACEMENT_3D ( 'NONE', #644, #398, #385 ) ;
#2702 = ORIENTED_EDGE ( 'NONE', *, *, #18, .T. ) ;
#2703 = PLANE ( 'NONE',  #287 ) ;
#2704 = SURFACE_STYLE_USAGE ( .BOTH. , #2727 ) ;
#2705 = CARTESIAN_POINT ( 'NONE',  ( 5.250000000000000000, 6.937382797129323600E-015, -3.750000000000000000 ) ) ;
#2706 = DIRECTION ( 'NONE',  ( 3.491483361109382100E-015, 1.000000000000000000, 2.083871812087760400E-014 ) ) ;
#2707 = EDGE_LOOP ( 'NONE', ( #1338, #2197, #696, #2445 ) ) ;
#2708 = FILL_AREA_STYLE ('',( #2992 ) ) ;
#2709 = VERTEX_POINT ( 'NONE', #2417 ) ;
#2710 = DIRECTION ( 'NONE',  ( 1.000000000000000000, -3.491483361109382100E-015, -1.219045606090366800E-029 ) ) ;
#2711 = LINE ( 'NONE', #2570, #1925 ) ;
#2712 = AXIS2_PLACEMENT_3D ( 'NONE', #638, #1458, #3496 ) ;
#2713 = CARTESIAN_POINT ( 'NONE',  ( 3.950000000000013500, 4.130000000000005200, -1.849999999999986100 ) ) ;
#2714 = PRESENTATION_LAYER_ASSIGNMENT (  '', '', ( #2312 ) ) ;
#2715 = FILL_AREA_STYLE ('',( #3235 ) ) ;
#2716 = VECTOR ( 'NONE', #793, 1000.000000000000000 ) ;
#2717 = CARTESIAN_POINT ( 'NONE',  ( 0.8999999999999998000, 2.077772632766427600E-014, -3.349999999999998800 ) ) ;
#2718 = ORIENTED_EDGE ( 'NONE', *, *, #3264, .T. ) ;
#2719 = ADVANCED_FACE ( 'NONE', ( #3055 ), #718, .F. ) ;
#2720 = ORIENTED_EDGE ( 'NONE', *, *, #3565, .T. ) ;
#2721 = CARTESIAN_POINT ( 'NONE',  ( -5.250000000000000000, 1.833028764582425900E-014, 3.750000000000000000 ) ) ;
#2722 = VECTOR ( 'NONE', #2447, 1000.000000000000000 ) ;
#2723 = LINE ( 'NONE', #2279, #207 ) ;
#2724 = CARTESIAN_POINT ( 'NONE',  ( 4.400000000000001200, 0.3500000000000034200, -1.799999999999999600 ) ) ;
#2725 = DIRECTION ( 'NONE',  ( 1.000000000000000000, -3.491483361109382500E-015, -1.219045606090366900E-029 ) ) ;
#2726 = COLOUR_RGB ( '',0.7529411764705882200, 0.7529411764705882200, 0.7529411764705882200 ) ;
#2727 = SURFACE_SIDE_STYLE ('',( #2307 ) ) ;
#2728 = EDGE_CURVE ( 'NONE', #2880, #2795, #114, .T. ) ;
#2729 = LINE ( 'NONE', #3518, #2624 ) ;
#2730 = EDGE_CURVE ( 'NONE', #2366, #2848, #1497, .T. ) ;
#2731 = VERTEX_POINT ( 'NONE', #732 ) ;
#2732 = VERTEX_POINT ( 'NONE', #186 ) ;
#2733 = EDGE_CURVE ( 'NONE', #268, #1799, #1395, .T. ) ;
#2734 = LINE ( 'NONE', #601, #1192 ) ;
#2735 = VERTEX_POINT ( 'NONE', #2437 ) ;
#2736 = PLANE ( 'NONE',  #1777 ) ;
#2737 = DIRECTION ( 'NONE',  ( -3.491483361109382100E-015, -1.000000000000000000, -3.491483361109382100E-015 ) ) ;
#2738 = DIRECTION ( 'NONE',  ( -3.491483361109382100E-015, -1.000000000000000000, -3.491483361109382100E-015 ) ) ;
#2739 = EDGE_CURVE ( 'NONE', #3426, #3556, #2956, .T. ) ;
#2740 = PLANE ( 'NONE',  #2440 ) ;
#2741 = ORIENTED_EDGE ( 'NONE', *, *, #306, .T. ) ;
#2742 = AXIS2_PLACEMENT_3D ( 'NONE', #669, #1784, #3504 ) ;
#2743 = DIRECTION ( 'NONE',  ( -1.000000000000000000, 3.114369561983989400E-015, 1.091779432487340900E-029 ) ) ;
#2744 =( NAMED_UNIT ( * ) PLANE_ANGLE_UNIT ( ) SI_UNIT ( $, .RADIAN. ) );
#2745 = ORIENTED_EDGE ( 'NONE', *, *, #3621, .T. ) ;
#2746 = ORIENTED_EDGE ( 'NONE', *, *, #1183, .T. ) ;
#2747 = FILL_AREA_STYLE_COLOUR ( '', #3596 ) ;
#2748 = CARTESIAN_POINT ( 'NONE',  ( -2.299999999999986500, 3.800000000000030900, -2.449999999999987700 ) ) ;
#2749 = DIRECTION ( 'NONE',  ( 3.491483361109382100E-015, 1.000000000000000000, 3.369022725727144300E-015 ) ) ;
#2750 = ORIENTED_EDGE ( 'NONE', *, *, #2530, .T. ) ;
#2751 = SURFACE_STYLE_FILL_AREA ( #970 ) ;
#2752 = ORIENTED_EDGE ( 'NONE', *, *, #3505, .F. ) ;
#2753 =( NAMED_UNIT ( * ) SI_UNIT ( $, .STERADIAN. ) SOLID_ANGLE_UNIT ( ) );
#2754 = VERTEX_POINT ( 'NONE', #1282 ) ;
#2755 = UNCERTAINTY_MEASURE_WITH_UNIT (LENGTH_MEASURE( 1.000000000000000100E-005 ), #2516, 'distance_accuracy_value', 'NONE');
#2756 = DIRECTION ( 'NONE',  ( 3.491483361109382100E-015, 1.000000000000000000, 3.491483361109382100E-015 ) ) ;
#2757 = STYLED_ITEM ( 'NONE', ( #1779 ), #3526 ) ;
#2758 = PLANE ( 'NONE',  #3091 ) ;
#2759 = FACE_OUTER_BOUND ( 'NONE', #3027, .T. ) ;
#2760 = ORIENTED_EDGE ( 'NONE', *, *, #630, .F. ) ;
#2761 = ORIENTED_EDGE ( 'NONE', *, *, #1795, .T. ) ;
#2762 = LINE ( 'NONE', #3012, #1221 ) ;
#2763 = AXIS2_PLACEMENT_3D ( 'NONE', #1380, #621, #610 ) ;
#2764 = EDGE_LOOP ( 'NONE', ( #267, #326, #2055, #2794 ) ) ;
#2765 = SURFACE_STYLE_FILL_AREA ( #3288 ) ;
#2766 = VECTOR ( 'NONE', #2088, 1000.000000000000000 ) ;
#2767 = DIRECTION ( 'NONE',  ( 3.491483361109382100E-015, 1.000000000000000000, 3.375835129377594800E-015 ) ) ;
#2768 = LINE ( 'NONE', #1942, #3536 ) ;
#2769 = VECTOR ( 'NONE', #367, 1000.000000000000000 ) ;
#2770 = LINE ( 'NONE', #1658, #515 ) ;
#2771 = SURFACE_STYLE_USAGE ( .BOTH. , #2782 ) ;
#2772 = PRESENTATION_LAYER_ASSIGNMENT (  '', '', ( #2380 ) ) ;
#2773 = DIRECTION ( 'NONE',  ( 1.000000000000000000, -3.491483361109382100E-015, -1.219045606090366800E-029 ) ) ;
#2774 = VECTOR ( 'NONE', #3609, 1000.000000000000000 ) ;
#2775 = FACE_OUTER_BOUND ( 'NONE', #1312, .T. ) ;
#2776 = EDGE_CURVE ( 'NONE', #1733, #3519, #769, .T. ) ;
#2777 = CARTESIAN_POINT ( 'NONE',  ( 2.400000000000001700, 0.4000000000000218900, -4.949999999999997500 ) ) ;
#2778 = VERTEX_POINT ( 'NONE', #1862 ) ;
#2779 = PRESENTATION_STYLE_ASSIGNMENT (( #2592 ) ) ;
#2780 = UNCERTAINTY_MEASURE_WITH_UNIT (LENGTH_MEASURE( 1.000000000000000100E-005 ), #1552, 'distance_accuracy_value', 'NONE');
#2781 =( LENGTH_UNIT ( ) NAMED_UNIT ( * ) SI_UNIT ( .MILLI., .METRE. ) );
#2782 = SURFACE_SIDE_STYLE ('',( #2621 ) ) ;
#2783 = EDGE_CURVE ( 'NONE', #1893, #1023, #2854, .T. ) ;
#2784 = EDGE_LOOP ( 'NONE', ( #2303, #1714, #449, #730 ) ) ;
#2785 = EDGE_CURVE ( 'NONE', #1896, #2754, #2084, .T. ) ;
#2786 = VERTEX_POINT ( 'NONE', #2451 ) ;
#2787 =( LENGTH_UNIT ( ) NAMED_UNIT ( * ) SI_UNIT ( .MILLI., .METRE. ) );
#2788 = PRESENTATION_LAYER_ASSIGNMENT (  '', '', ( #2404 ) ) ;
#2789 = SURFACE_SIDE_STYLE ('',( #3047 ) ) ;
#2790 = CARTESIAN_POINT ( 'NONE',  ( -3.349999999999996500, 1.150000000000011700, 3.750000000000003600 ) ) ;
#2791 = CARTESIAN_POINT ( 'NONE',  ( -4.399999999999979900, 5.600000000000021800, 1.800000000000018900 ) ) ;
#2792 = EDGE_LOOP ( 'NONE', ( #912, #3309, #681, #1502 ) ) ;
#2793 = EDGE_CURVE ( 'NONE', #1075, #1559, #3540, .T. ) ;
#2794 = ORIENTED_EDGE ( 'NONE', *, *, #2976, .T. ) ;
#2795 = VERTEX_POINT ( 'NONE', #2159 ) ;
#2796 = UNCERTAINTY_MEASURE_WITH_UNIT (LENGTH_MEASURE( 1.000000000000000100E-005 ), #2999, 'distance_accuracy_value', 'NONE');
#2797 = EDGE_CURVE ( 'NONE', #2093, #919, #1993, .T. ) ;
#2798 = CARTESIAN_POINT ( 'NONE',  ( -3.549999999999979400, 5.800000000000015800, 2.750000000000019500 ) ) ;
#2799 = DIRECTION ( 'NONE',  ( 1.000000000000000000, -3.491483361109382100E-015, -1.219045606090366800E-029 ) ) ;
#2800 = EDGE_LOOP ( 'NONE', ( #1841, #1664, #2328, #1417 ) ) ;
#2801 = SURFACE_STYLE_FILL_AREA ( #2594 ) ;
#2802 = ORIENTED_EDGE ( 'NONE', *, *, #1890, .F. ) ;
#2803 = AXIS2_PLACEMENT_3D ( 'NONE', #1999, #2313, #624 ) ;
#2804 = ORIENTED_EDGE ( 'NONE', *, *, #2478, .T. ) ;
#2805 = LINE ( 'NONE', #3594, #545 ) ;
#2806 = CARTESIAN_POINT ( 'NONE',  ( -3.949999999999983700, 4.130000000000032800, -1.849999999999986100 ) ) ;
#2807 = STYLED_ITEM ( 'NONE', ( #3177 ), #2429 ) ;
#2808 =( NAMED_UNIT ( * ) PLANE_ANGLE_UNIT ( ) SI_UNIT ( $, .RADIAN. ) );
#2809 =( NAMED_UNIT ( * ) SI_UNIT ( $, .STERADIAN. ) SOLID_ANGLE_UNIT ( ) );
#2810 = CARTESIAN_POINT ( 'NONE',  ( -3.399999999999986100, 4.130000000000031000, -1.849999999999986100 ) ) ;
#2811 = AXIS2_PLACEMENT_3D ( 'NONE', #2672, #3295, #3279 ) ;
#2812 = ORIENTED_EDGE ( 'NONE', *, *, #446, .T. ) ;
#2813 = FACE_OUTER_BOUND ( 'NONE', #1198, .T. ) ;
#2814 = SURFACE_STYLE_USAGE ( .BOTH. , #1952 ) ;
#2815 = ORIENTED_EDGE ( 'NONE', *, *, #1494, .T. ) ;
#2816 = FILL_AREA_STYLE_COLOUR ( '', #2250 ) ;
#2817 =( NAMED_UNIT ( * ) PLANE_ANGLE_UNIT ( ) SI_UNIT ( $, .RADIAN. ) );
#2818 = DIRECTION ( 'NONE',  ( 4.275692708279658900E-031, -3.369022725727144300E-015, 1.000000000000000000 ) ) ;
#2819 = MECHANICAL_DESIGN_GEOMETRIC_PRESENTATION_REPRESENTATION (  '', ( #2226 ), #3035 ) ;
#2820 = EDGE_LOOP ( 'NONE', ( #1032, #3172, #855, #3369 ) ) ;
#2821 = STYLED_ITEM ( 'NONE', ( #1122 ), #271 ) ;
#2822 = SURFACE_STYLE_FILL_AREA ( #755 ) ;
#2823 =( NAMED_UNIT ( * ) SI_UNIT ( $, .STERADIAN. ) SOLID_ANGLE_UNIT ( ) );
#2824 = CARTESIAN_POINT ( 'NONE',  ( 3.950000000000013500, 4.129999999999985700, 3.750000000000013800 ) ) ;
#2825 = ORIENTED_EDGE ( 'NONE', *, *, #1109, .F. ) ;
#2826 = STYLED_ITEM ( 'NONE', ( #1244 ), #1772 ) ;
#2827 = PLANE ( 'NONE',  #490 ) ;
#2828 = EDGE_LOOP ( 'NONE', ( #3499, #751, #537, #137, #1172, #2631 ) ) ;
#2829 = LINE ( 'NONE', #1089, #2054 ) ;
#2830 = CARTESIAN_POINT ( 'NONE',  ( 2.100000000000001400, 0.4000000000000230000, -4.949999999999997500 ) ) ;
#2831 = ORIENTED_EDGE ( 'NONE', *, *, #331, .F. ) ;
#2832 = AXIS2_PLACEMENT_3D ( 'NONE', #3597, #3387, #3347 ) ;
#2833 = STYLED_ITEM ( 'NONE', ( #2123 ), #2966 ) ;
#2834 = CARTESIAN_POINT ( 'NONE',  ( 2.850000000000012100, 3.699999999999999700, 1.250000000000012400 ) ) ;
#2835 = SURFACE_STYLE_FILL_AREA ( #910 ) ;
#2836 = EDGE_LOOP ( 'NONE', ( #1639, #1603, #209, #1317 ) ) ;
#2837 = EDGE_CURVE ( 'NONE', #81, #2863, #517, .T. ) ;
#2838 = DIRECTION ( 'NONE',  ( -3.491483361109382100E-015, -1.000000000000000000, -3.369022725727144300E-015 ) ) ;
#2839 = DIRECTION ( 'NONE',  ( -3.491483361109382100E-015, -1.000000000000000000, -3.369022725727144300E-015 ) ) ;
#2840 = DIRECTION ( 'NONE',  ( 1.000000000000000000, -3.491483361109382100E-015, -1.219045606090366800E-029 ) ) ;
#2841 = VECTOR ( 'NONE', #1018, 1000.000000000000000 ) ;
#2842 = ORIENTED_EDGE ( 'NONE', *, *, #250, .F. ) ;
#2843 = FILL_AREA_STYLE_COLOUR ( '', #2875 ) ;
#2844 = EDGE_LOOP ( 'NONE', ( #365, #1437, #3083, #2391 ) ) ;
#2845 = VECTOR ( 'NONE', #3557, 1000.000000000000000 ) ;
#2846 = PLANE ( 'NONE',  #158 ) ;
#2847 = DIRECTION ( 'NONE',  ( -1.000000000000000000, 3.491483361109382100E-015, 1.219045606090366800E-029 ) ) ;
#2848 = VERTEX_POINT ( 'NONE', #1035 ) ;
#2849 = VECTOR ( 'NONE', #1251, 1000.000000000000000 ) ;
#2850 = LINE ( 'NONE', #397, #513 ) ;
#2851 = EDGE_CURVE ( 'NONE', #304, #2731, #1150, .T. ) ;
#2852 = LINE ( 'NONE', #918, #1394 ) ;
#2853 = CARTESIAN_POINT ( 'NONE',  ( 3.550000000000020300, 5.799999999999988300, 3.750000000000019500 ) ) ;
#2854 = LINE ( 'NONE', #481, #596 ) ;
#2855 = DIRECTION ( 'NONE',  ( -4.275692708279658900E-031, 3.369022725727144300E-015, -1.000000000000000000 ) ) ;
#2856 = MECHANICAL_DESIGN_GEOMETRIC_PRESENTATION_REPRESENTATION (  '', ( #288 ), #3066 ) ;
#2857 = AXIS2_PLACEMENT_3D ( 'NONE', #1814, #148, #2105 ) ;
#2858 = FILL_AREA_STYLE_COLOUR ( '', #3291 ) ;
#2859 = SURFACE_STYLE_USAGE ( .BOTH. , #3085 ) ;
#2860 =( NAMED_UNIT ( * ) SI_UNIT ( $, .STERADIAN. ) SOLID_ANGLE_UNIT ( ) );
#2861 =( NAMED_UNIT ( * ) SI_UNIT ( $, .STERADIAN. ) SOLID_ANGLE_UNIT ( ) );
#2862 = CARTESIAN_POINT ( 'NONE',  ( -4.800000000000000700, -0.09999999999996725400, -1.000000000000000000 ) ) ;
#2863 = VERTEX_POINT ( 'NONE', #1308 ) ;
#2864 = ORIENTED_EDGE ( 'NONE', *, *, #3371, .F. ) ;
#2865 = FACE_OUTER_BOUND ( 'NONE', #1646, .T. ) ;
#2866 = ORIENTED_EDGE ( 'NONE', *, *, #2650, .T. ) ;
#2867 = DIRECTION ( 'NONE',  ( -3.491483361109382100E-015, -1.000000000000000000, -3.491483361109382100E-015 ) ) ;
#2868 = PLANE ( 'NONE',  #1854 ) ;
#2869 = EDGE_CURVE ( 'NONE', #3230, #3004, #3622, .T. ) ;
#2870 = VERTEX_POINT ( 'NONE', #223 ) ;
#2871 = UNCERTAINTY_MEASURE_WITH_UNIT (LENGTH_MEASURE( 1.000000000000000100E-005 ), #2584, 'distance_accuracy_value', 'NONE');
#2872 = VECTOR ( 'NONE', #1442, 1000.000000000000000 ) ;
#2873 = EDGE_LOOP ( 'NONE', ( #355, #702, #2903, #1939 ) ) ;
#2874 = EDGE_CURVE ( 'NONE', #2795, #3350, #2681, .T. ) ;
#2875 = COLOUR_RGB ( '',0.7529411764705882200, 0.7529411764705882200, 0.7529411764705882200 ) ;
#2876 = CARTESIAN_POINT ( 'NONE',  ( -3.949999999999986400, 3.400000000000014100, 3.750000000000011100 ) ) ;
#2877 =( LENGTH_UNIT ( ) NAMED_UNIT ( * ) SI_UNIT ( .MILLI., .METRE. ) );
#2878 = FILL_AREA_STYLE_COLOUR ( '', #1267 ) ;
#2879 = DIRECTION ( 'NONE',  ( -1.000000000000000000, 3.491483361109382100E-015, 1.219045606090366800E-029 ) ) ;
#2880 = VERTEX_POINT ( 'NONE', #2473 ) ;
#2881 =( NAMED_UNIT ( * ) SI_UNIT ( $, .STERADIAN. ) SOLID_ANGLE_UNIT ( ) );
#2882 = LINE ( 'NONE', #3159, #3640 ) ;
#2883 = PLANE ( 'NONE',  #1091 ) ;
#2884 = PRESENTATION_LAYER_ASSIGNMENT (  '', '', ( #2490 ) ) ;
#2885 = MECHANICAL_DESIGN_GEOMETRIC_PRESENTATION_REPRESENTATION (  '', ( #2290 ), #3084 ) ;
#2886 = SURFACE_STYLE_FILL_AREA ( #3468 ) ;
#2887 = ORIENTED_EDGE ( 'NONE', *, *, #1632, .T. ) ;
#2888 = PLANE ( 'NONE',  #1596 ) ;
#2889 = FILL_AREA_STYLE ('',( #1184 ) ) ;
#2890 = CARTESIAN_POINT ( 'NONE',  ( 4.800000000000020300, 5.599999999999991700, 1.800000000000018900 ) ) ;
#2891 =( NAMED_UNIT ( * ) SI_UNIT ( $, .STERADIAN. ) SOLID_ANGLE_UNIT ( ) );
#2893 = ORIENTED_EDGE ( 'NONE', *, *, #523, .F. ) ;
#2892 = STYLED_ITEM ( 'NONE', ( #2483 ), #1323 ) ;
#2894 = CARTESIAN_POINT ( 'NONE',  ( -3.850000000000001000, 3.221988648105523300E-014, -1.800000000000000500 ) ) ;
#2895 = CARTESIAN_POINT ( 'NONE',  ( -2.100000000000000100, 3.259978550128328600E-014, -3.750000000000000000 ) ) ;
#2896 = UNCERTAINTY_MEASURE_WITH_UNIT (LENGTH_MEASURE( 1.000000000000000100E-005 ), #1976, 'distance_accuracy_value', 'NONE');
#2897 = ORIENTED_EDGE ( 'NONE', *, *, #5, .T. ) ;
#2898 = DIRECTION ( 'NONE',  ( 1.000000000000000000, -3.491483361109382500E-015, -1.219045606090366900E-029 ) ) ;
#2899 = ORIENTED_EDGE ( 'NONE', *, *, #210, .T. ) ;
#2900 = DIRECTION ( 'NONE',  ( -1.000000000000000000, 3.491483361109382100E-015, 1.219045606090366800E-029 ) ) ;
#2901 = DIRECTION ( 'NONE',  ( -5.359962966813144000E-031, 3.337968009253027300E-015, -1.000000000000000000 ) ) ;
#2902 = VECTOR ( 'NONE', #3376, 1000.000000000000000 ) ;
#2903 = ORIENTED_EDGE ( 'NONE', *, *, #2327, .F. ) ;
#2904 = MECHANICAL_DESIGN_GEOMETRIC_PRESENTATION_REPRESENTATION (  '', ( #2312 ), #3104 ) ;
#2905 = APPLICATION_PROTOCOL_DEFINITION ( 'draft international standard', 'automotive_design', 1998, #901 ) ;
#2906 = VECTOR ( 'NONE', #1912, 1000.000000000000000 ) ;
#2907 = CARTESIAN_POINT ( 'NONE',  ( 0.6000000000000012000, 0.4000000000000282200, -4.949999999999997500 ) ) ;
#2908 = SURFACE_STYLE_USAGE ( .BOTH. , #627 ) ;
#2909 = VECTOR ( 'NONE', #2184, 1000.000000000000000 ) ;
#2910 = SURFACE_STYLE_FILL_AREA ( #2210 ) ;
#2911 = ORIENTED_EDGE ( 'NONE', *, *, #374, .T. ) ;
#2912 = STYLED_ITEM ( 'NONE', ( #1492 ), #701 ) ;
#2913 = VECTOR ( 'NONE', #1975, 1000.000000000000000 ) ;
#2914 = CARTESIAN_POINT ( 'NONE',  ( 5.250000000000008900, 2.500000000000006700, -3.749999999999992000 ) ) ;
#2915 =( LENGTH_UNIT ( ) NAMED_UNIT ( * ) SI_UNIT ( .MILLI., .METRE. ) );
#2916 = EDGE_LOOP ( 'NONE', ( #1884, #2960, #3057, #342, #440, #811 ) ) ;
#2917 = UNCERTAINTY_MEASURE_WITH_UNIT (LENGTH_MEASURE( 1.000000000000000100E-005 ), #1950, 'distance_accuracy_value', 'NONE');
#2918 = CARTESIAN_POINT ( 'NONE',  ( -3.849999999999991700, 2.500000000000037300, -3.449999999999992200 ) ) ;
#2919 = PLANE ( 'NONE',  #2507 ) ;
#2920 = EDGE_CURVE ( 'NONE', #1241, #3424, #2585, .T. ) ;
#2921 = EDGE_CURVE ( 'NONE', #1005, #786, #335, .T. ) ;
#2922 = CARTESIAN_POINT ( 'NONE',  ( -3.949999999999983700, 4.130000000000014100, 3.750000000000013800 ) ) ;
#2923 = EDGE_LOOP ( 'NONE', ( #2246, #3671, #9, #1077 ) ) ;
#2924 = DIRECTION ( 'NONE',  ( -4.037838768332568800E-031, 3.375835129377594800E-015, -1.000000000000000000 ) ) ;
#2925 = ADVANCED_FACE ( 'NONE', ( #977 ), #3632, .F. ) ;
#2926 = CARTESIAN_POINT ( 'NONE',  ( -4.799999999999999800, 0.3500000000000354500, -1.799999999999999600 ) ) ;
#2927 = EDGE_CURVE ( 'NONE', #657, #3382, #728, .T. ) ;
#2928 = FILL_AREA_STYLE_COLOUR ( '', #324 ) ;
#2929 = SURFACE_STYLE_USAGE ( .BOTH. , #1703 ) ;
#2930 = ORIENTED_EDGE ( 'NONE', *, *, #1632, .F. ) ;
#2931 = CARTESIAN_POINT ( 'NONE',  ( 4.800000000000001600, 0.3499999999999993100, -0.9999999999999991100 ) ) ;
#2932 = FILL_AREA_STYLE ('',( #3219 ) ) ;
#2933 = CARTESIAN_POINT ( 'NONE',  ( -3.349999999999989000, 3.400000000000030600, -1.849999999999987900 ) ) ;
#2934 = VECTOR ( 'NONE', #3112, 1000.000000000000000 ) ;
#2935 = ORIENTED_EDGE ( 'NONE', *, *, #2410, .T. ) ;
#2936 = EDGE_CURVE ( 'NONE', #2140, #2428, #3008, .T. ) ;
#2937 = DIRECTION ( 'NONE',  ( 1.000000000000000000, -3.491483361109382100E-015, -1.219045606090366800E-029 ) ) ;
#2938 = LINE ( 'NONE', #2959, #2150 ) ;
#2939 = ORIENTED_EDGE ( 'NONE', *, *, #2012, .T. ) ;
#2940 = PRESENTATION_LAYER_ASSIGNMENT (  '', '', ( #2539 ) ) ;
#2941 = CARTESIAN_POINT ( 'NONE',  ( 2.300000000000011400, 3.700000000000001100, 1.250000000000012400 ) ) ;
#2942 = DIRECTION ( 'NONE',  ( 3.491483361109382100E-015, 1.000000000000000000, 3.491483361109382100E-015 ) ) ;
#2943 = COLOUR_RGB ( '',0.7529411764705882200, 0.7529411764705882200, 0.7529411764705882200 ) ;
#2944 =( NAMED_UNIT ( * ) PLANE_ANGLE_UNIT ( ) SI_UNIT ( $, .RADIAN. ) );
#2945 = LINE ( 'NONE', #3215, #667 ) ;
#2946 = CARTESIAN_POINT ( 'NONE',  ( -5.250000000000000000, 0.3500000000000183000, 3.750000000000001300 ) ) ;
#2947 = DIRECTION ( 'NONE',  ( 4.275692708279658900E-031, -3.369022725727144300E-015, 1.000000000000000000 ) ) ;
#2948 = ADVANCED_FACE ( 'NONE', ( #3661 ), #891, .F. ) ;
#2949 = ORIENTED_EDGE ( 'NONE', *, *, #878, .T. ) ;
#2950 = LINE ( 'NONE', #2968, #2161 ) ;
#2951 =( NAMED_UNIT ( * ) SI_UNIT ( $, .STERADIAN. ) SOLID_ANGLE_UNIT ( ) );
#2952 = ORIENTED_EDGE ( 'NONE', *, *, #2185, .F. ) ;
#2953 = LINE ( 'NONE', #689, #1392 ) ;
#2954 = LINE ( 'NONE', #1728, #2165 ) ;
#2955 = DIRECTION ( 'NONE',  ( 3.491483361109382100E-015, 1.000000000000000000, 3.491483361109382100E-015 ) ) ;
#2956 = LINE ( 'NONE', #1012, #2166 ) ;
#2957 = AXIS2_PLACEMENT_3D ( 'NONE', #1359, #3396, #1651 ) ;
#2958 = DIRECTION ( 'NONE',  ( -1.000000000000000000, 3.491483361109382100E-015, 1.219045606090366800E-029 ) ) ;
#2959 = CARTESIAN_POINT ( 'NONE',  ( -4.399999999999999500, 0.3500000000000341200, -1.799999999999999600 ) ) ;
#2960 = ORIENTED_EDGE ( 'NONE', *, *, #3190, .F. ) ;
#2961 = LINE ( 'NONE', #1551, #775 ) ;
#2962 = CARTESIAN_POINT ( 'NONE',  ( -0.9000000000000004700, -0.09999999999997211100, -3.350000000000000500 ) ) ;
#2963 = ORIENTED_EDGE ( 'NONE', *, *, #2851, .T. ) ;
#2964 = SURFACE_STYLE_USAGE ( .BOTH. , #176 ) ;
#2965 = LINE ( 'NONE', #3164, #2872 ) ;
#2966 = ADVANCED_FACE ( 'NONE', ( #632 ), #3476, .F. ) ;
#2967 = MECHANICAL_DESIGN_GEOMETRIC_PRESENTATION_REPRESENTATION (  '', ( #2380 ), #3158 ) ;
#2968 = CARTESIAN_POINT ( 'NONE',  ( -0.9000000000000002400, 2.701341212350826700E-014, -3.349999999999998800 ) ) ;
#2969 = SURFACE_SIDE_STYLE ('',( #1049 ) ) ;
#2970 = VERTEX_POINT ( 'NONE', #76 ) ;
#2971 = EDGE_LOOP ( 'NONE', ( #49, #1604, #1557, #3107 ) ) ;
#2972 = SURFACE_STYLE_FILL_AREA ( #39 ) ;
#2973 = CARTESIAN_POINT ( 'NONE',  ( 4.800000000000008700, 2.500000000000007100, -3.449999999999992200 ) ) ;
#2974 = VERTEX_POINT ( 'NONE', #3489 ) ;
#2975 = VERTEX_POINT ( 'NONE', #1739 ) ;
#2976 = EDGE_CURVE ( 'NONE', #187, #1013, #1856, .T. ) ;
#2977 = SURFACE_STYLE_USAGE ( .BOTH. , #965 ) ;
#2978 = CARTESIAN_POINT ( 'NONE',  ( -0.9000000000000004700, -0.09999999999996674000, -4.949999999999999300 ) ) ;
#2979 = EDGE_LOOP ( 'NONE', ( #55, #468, #225, #1582 ) ) ;
#2980 = EDGE_CURVE ( 'NONE', #1000, #66, #372, .T. ) ;
#2981 =( NAMED_UNIT ( * ) PLANE_ANGLE_UNIT ( ) SI_UNIT ( $, .RADIAN. ) );
#2982 = CARTESIAN_POINT ( 'NONE',  ( 4.400000000000019900, 5.599999999999990800, 1.800000000000018900 ) ) ;
#2983 = VERTEX_POINT ( 'NONE', #87 ) ;
#2984 = LINE ( 'NONE', #1160, #704 ) ;
#2985 = CARTESIAN_POINT ( 'NONE',  ( -5.249999999999980500, 5.800000000000043300, -3.749999999999980900 ) ) ;
#2986 = ORIENTED_EDGE ( 'NONE', *, *, #2061, .F. ) ;
#2987 = DIRECTION ( 'NONE',  ( -4.275692708279658900E-031, 3.369022725727144300E-015, -1.000000000000000000 ) ) ;
#2988 = DIRECTION ( 'NONE',  ( 3.491483361109382100E-015, 1.000000000000000000, 3.491483361109382100E-015 ) ) ;
#2989 = ADVANCED_FACE ( 'NONE', ( #1099 ), #3207, .F. ) ;
#2990 = EDGE_CURVE ( 'NONE', #3004, #623, #283, .T. ) ;
#2991 = ORIENTED_EDGE ( 'NONE', *, *, #1616, .F. ) ;
#2992 = FILL_AREA_STYLE_COLOUR ( '', #2074 ) ;
#2993 = MECHANICAL_DESIGN_GEOMETRIC_PRESENTATION_REPRESENTATION (  '', ( #2404 ), #3179 ) ;
#2994 = CARTESIAN_POINT ( 'NONE',  ( 0.9000000000000011300, 0.4000000000000271700, -4.949999999999997500 ) ) ;
#2995 = ORIENTED_EDGE ( 'NONE', *, *, #634, .T. ) ;
#2996 = ORIENTED_EDGE ( 'NONE', *, *, #3386, .F. ) ;
#2997 = DIRECTION ( 'NONE',  ( 4.275692708279658900E-031, -3.369022725727144300E-015, 1.000000000000000000 ) ) ;
#2998 = CARTESIAN_POINT ( 'NONE',  ( -5.250000000000000000, 4.359795808877784500E-014, -3.750000000000000000 ) ) ;
#2999 =( LENGTH_UNIT ( ) NAMED_UNIT ( * ) SI_UNIT ( .MILLI., .METRE. ) );
#3000 = CARTESIAN_POINT ( 'NONE',  ( -0.8999999999999988000, 0.4000000000000334400, -4.949999999999997500 ) ) ;
#3001 = UNCERTAINTY_MEASURE_WITH_UNIT (LENGTH_MEASURE( 1.000000000000000100E-005 ), #432, 'distance_accuracy_value', 'NONE');
#3002 = EDGE_CURVE ( 'NONE', #3573, #2175, #3322, .T. ) ;
#3003 = CARTESIAN_POINT ( 'NONE',  ( -5.250000000000000000, 4.359795808877784500E-014, -3.750000000000000000 ) ) ;
#3004 = VERTEX_POINT ( 'NONE', #2918 ) ;
#3005 = SURFACE_SIDE_STYLE ('',( #2674 ) ) ;
#3006 = VECTOR ( 'NONE', #1918, 1000.000000000000000 ) ;
#3007 = FACE_OUTER_BOUND ( 'NONE', #2828, .T. ) ;
#3008 = LINE ( 'NONE', #243, #2906 ) ;
#3009 = SURFACE_STYLE_USAGE ( .BOTH. , #990 ) ;
#3010 = EDGE_CURVE ( 'NONE', #3424, #1637, #1019, .T. ) ;
#3011 = ADVANCED_FACE ( 'NONE', ( #931 ), #1199, .T. ) ;
#3012 = CARTESIAN_POINT ( 'NONE',  ( 5.250000000000008900, 2.500000000000005800, -3.449999999999992200 ) ) ;
#3013 = DIRECTION ( 'NONE',  ( 3.491483361109382100E-015, 1.000000000000000000, 2.083871812087760400E-014 ) ) ;
#3014 = ORIENTED_EDGE ( 'NONE', *, *, #57, .T. ) ;
#3015 = PRODUCT_DEFINITION ( 'UNKNOWN', '', #3198, #588 ) ;
#3016 = VECTOR ( 'NONE', #2023, 1000.000000000000000 ) ;
#3017 = CARTESIAN_POINT ( 'NONE',  ( -3.949999999999986400, 3.400000000000014100, 3.750000000000011100 ) ) ;
#3018 = ORIENTED_EDGE ( 'NONE', *, *, #3119, .T. ) ;
#3019 = AXIS2_PLACEMENT_3D ( 'NONE', #1904, #247, #226 ) ;
#3020 = DIRECTION ( 'NONE',  ( 3.491483361109382100E-015, 1.000000000000000000, 3.491483361109382100E-015 ) ) ;
#3021 =( LENGTH_UNIT ( ) NAMED_UNIT ( * ) SI_UNIT ( .MILLI., .METRE. ) );
#3022 = PRESENTATION_LAYER_ASSIGNMENT (  '', '', ( #2618 ) ) ;
#3023 = ORIENTED_EDGE ( 'NONE', *, *, #1298, .T. ) ;
#3024 = CARTESIAN_POINT ( 'NONE',  ( 3.400000000000014600, 4.130000000000007000, -1.849999999999986100 ) ) ;
#3025 = DIRECTION ( 'NONE',  ( 1.000000000000000000, -3.491483361109382100E-015, -1.219045606090366800E-029 ) ) ;
#3026 = DIRECTION ( 'NONE',  ( 0.0000000000000000000, 3.491483361109382100E-015, -1.000000000000000000 ) ) ;
#3027 = EDGE_LOOP ( 'NONE', ( #25, #1725, #1593, #1980 ) ) ;
#3028 = DIRECTION ( 'NONE',  ( 3.491483361109382100E-015, 1.000000000000000000, 3.355958089548694000E-015 ) ) ;
#3029 = ORIENTED_EDGE ( 'NONE', *, *, #1475, .F. ) ;
#3030 = LINE ( 'NONE', #266, #3603 ) ;
#3031 = ORIENTED_EDGE ( 'NONE', *, *, #1938, .T. ) ;
#3032 = FILL_AREA_STYLE_COLOUR ( '', #1754 ) ;
#3033 = PRESENTATION_STYLE_ASSIGNMENT (( #2324 ) ) ;
#3034 = ORIENTED_EDGE ( 'NONE', *, *, #2600, .F. ) ;
#3035 =( GEOMETRIC_REPRESENTATION_CONTEXT ( 3 ) GLOBAL_UNCERTAINTY_ASSIGNED_CONTEXT ( ( #771 ) ) GLOBAL_UNIT_ASSIGNED_CONTEXT ( ( #2459, #760, #2753 ) ) REPRESENTATION_CONTEXT ( 'NONE', 'WORKASPACE' ) );
#3036 = SURFACE_SIDE_STYLE ('',( #2487 ) ) ;
#3037 = DIRECTION ( 'NONE',  ( 1.000000000000000000, -3.491483361109382100E-015, -1.219045606090366800E-029 ) ) ;
#3038 = AXIS2_PLACEMENT_3D ( 'NONE', #833, #2545, #571 ) ;
#3039 = SURFACE_STYLE_FILL_AREA ( #2932 ) ;
#3040 = FILL_AREA_STYLE ('',( #3605 ) ) ;
#3041 = AXIS2_PLACEMENT_3D ( 'NONE', #170, #157, #144 ) ;
#3042 = VECTOR ( 'NONE', #2014, 1000.000000000000000 ) ;
#3043 = ORIENTED_EDGE ( 'NONE', *, *, #3054, .T. ) ;
#3044 = PRESENTATION_LAYER_ASSIGNMENT (  '', '', ( #2635 ) ) ;
#3045 = VECTOR ( 'NONE', #2666, 1000.000000000000000 ) ;
#3046 = AXIS2_PLACEMENT_3D ( 'NONE', #2894, #1168, #3185 ) ;
#3047 = SURFACE_STYLE_FILL_AREA ( #1875 ) ;
#3048 = ORIENTED_EDGE ( 'NONE', *, *, #2135, .F. ) ;
#3049 = CARTESIAN_POINT ( 'NONE',  ( -3.349999999999996500, 1.150000000000020600, 1.150000000000003900 ) ) ;
#3050 = LINE ( 'NONE', #3534, #31 ) ;
#3051 = VECTOR ( 'NONE', #3674, 1000.000000000000000 ) ;
#3052 = LINE ( 'NONE', #142, #1495 ) ;
#3053 = CARTESIAN_POINT ( 'NONE',  ( 4.800000000000000700, -0.1000000000000105700, 1.799999999999999600 ) ) ;
#3054 = EDGE_CURVE ( 'NONE', #1161, #1460, #1668, .T. ) ;
#3055 = FACE_OUTER_BOUND ( 'NONE', #873, .T. ) ;
#3056 = SURFACE_STYLE_FILL_AREA ( #34 ) ;
#3057 = ORIENTED_EDGE ( 'NONE', *, *, #2650, .F. ) ;
#3058 = VECTOR ( 'NONE', #3037, 1000.000000000000000 ) ;
#3059 =( NAMED_UNIT ( * ) PLANE_ANGLE_UNIT ( ) SI_UNIT ( $, .RADIAN. ) );
#3060 = ORIENTED_EDGE ( 'NONE', *, *, #3176, .T. ) ;
#3061 = EDGE_LOOP ( 'NONE', ( #661, #774, #119, #214 ) ) ;
#3062 = VECTOR ( 'NONE', #2398, 1000.000000000000000 ) ;
#3063 = CARTESIAN_POINT ( 'NONE',  ( 2.100000000000000100, -0.09999999999997721800, -4.949999999999999300 ) ) ;
#3064 = EDGE_CURVE ( 'NONE', #961, #2974, #2358, .T. ) ;
#3065 = VERTEX_POINT ( 'NONE', #2639 ) ;
#3066 =( GEOMETRIC_REPRESENTATION_CONTEXT ( 3 ) GLOBAL_UNCERTAINTY_ASSIGNED_CONTEXT ( ( #2519 ) ) GLOBAL_UNIT_ASSIGNED_CONTEXT ( ( #888, #863, #727 ) ) REPRESENTATION_CONTEXT ( 'NONE', 'WORKASPACE' ) );
#3067 = FACE_OUTER_BOUND ( 'NONE', #1476, .T. ) ;
#3068 = PRESENTATION_LAYER_ASSIGNMENT (  '', '', ( #2663 ) ) ;
#3069 = CARTESIAN_POINT ( 'NONE',  ( -4.800000000000000700, -0.09999999999996725400, -1.000000000000000000 ) ) ;
#3070 = VERTEX_POINT ( 'NONE', #2946 ) ;
#3071 =( LENGTH_UNIT ( ) NAMED_UNIT ( * ) SI_UNIT ( .MILLI., .METRE. ) );
#3072 = CARTESIAN_POINT ( 'NONE',  ( 3.400000000000016800, 4.779999999999990500, 2.750000000000015500 ) ) ;
#3073 = EDGE_CURVE ( 'NONE', #3652, #3470, #2249, .T. ) ;
#3074 = ORIENTED_EDGE ( 'NONE', *, *, #707, .T. ) ;
#3075 = DIRECTION ( 'NONE',  ( -3.491483361109382100E-015, -1.000000000000000000, -3.491483361109382100E-015 ) ) ;
#3076 = ORIENTED_EDGE ( 'NONE', *, *, #2468, .F. ) ;
#3077 = EDGE_CURVE ( 'NONE', #1828, #90, #3222, .T. ) ;
#3078 = VERTEX_POINT ( 'NONE', #2067 ) ;
#3079 =( NAMED_UNIT ( * ) SI_UNIT ( $, .STERADIAN. ) SOLID_ANGLE_UNIT ( ) );
#3080 = ORIENTED_EDGE ( 'NONE', *, *, #3432, .F. ) ;
#3081 = SURFACE_STYLE_USAGE ( .BOTH. , #3093 ) ;
#3082 = MECHANICAL_DESIGN_GEOMETRIC_PRESENTATION_REPRESENTATION (  '', ( #2490 ), #3281 ) ;
#3083 = ORIENTED_EDGE ( 'NONE', *, *, #1231, .T. ) ;
#3084 =( GEOMETRIC_REPRESENTATION_CONTEXT ( 3 ) GLOBAL_UNCERTAINTY_ASSIGNED_CONTEXT ( ( #1314 ) ) GLOBAL_UNIT_ASSIGNED_CONTEXT ( ( #1094, #932, #856 ) ) REPRESENTATION_CONTEXT ( 'NONE', 'WORKASPACE' ) );
#3085 = SURFACE_SIDE_STYLE ('',( #1060 ) ) ;
#3086 = COLOUR_RGB ( '',0.7529411764705882200, 0.7529411764705882200, 0.7529411764705882200 ) ;
#3087 = ORIENTED_EDGE ( 'NONE', *, *, #1004, .F. ) ;
#3088 = VECTOR ( 'NONE', #2706, 1000.000000000000000 ) ;
#3089 = VECTOR ( 'NONE', #1650, 1000.000000000000000 ) ;
#3090 = CARTESIAN_POINT ( 'NONE',  ( -2.400000000000000800, -0.09999999999996152200, -4.949999999999999300 ) ) ;
#3091 = AXIS2_PLACEMENT_3D ( 'NONE', #745, #2749, #510 ) ;
#3092 = CARTESIAN_POINT ( 'NONE',  ( 3.850000000000001000, 5.335464600512982100E-015, -1.800000000000000500 ) ) ;
#3093 = SURFACE_SIDE_STYLE ('',( #2497 ) ) ;
#3094 = PRESENTATION_STYLE_ASSIGNMENT (( #2704 ) ) ;
#3095 = VERTEX_POINT ( 'NONE', #3520 ) ;
#3096 = PLANE ( 'NONE',  #2172 ) ;
#3097 = DIRECTION ( 'NONE',  ( -3.491483361109382100E-015, -1.000000000000000000, -3.369022725727144300E-015 ) ) ;
#3098 = ADVANCED_FACE ( 'NONE', ( #110 ), #952, .F. ) ;
#3099 = ORIENTED_EDGE ( 'NONE', *, *, #500, .T. ) ;
#3100 = CARTESIAN_POINT ( 'NONE',  ( -2.849999999999983700, 4.780000000000012700, 2.750000000000015500 ) ) ;
#3101 = PLANE ( 'NONE',  #486 ) ;
#3102 = ORIENTED_EDGE ( 'NONE', *, *, #1811, .F. ) ;
#3103 = AXIS2_PLACEMENT_3D ( 'NONE', #651, #1764, #104 ) ;
#3104 =( GEOMETRIC_REPRESENTATION_CONTEXT ( 3 ) GLOBAL_UNCERTAINTY_ASSIGNED_CONTEXT ( ( #1336 ) ) GLOBAL_UNIT_ASSIGNED_CONTEXT ( ( #3477, #1434, #3186 ) ) REPRESENTATION_CONTEXT ( 'NONE', 'WORKASPACE' ) );
#3105 = FILL_AREA_STYLE ('',( #3399 ) ) ;
#3106 = CARTESIAN_POINT ( 'NONE',  ( 5.250000000000000900, 0.3499999999999816600, 3.750000000000001300 ) ) ;
#3107 = ORIENTED_EDGE ( 'NONE', *, *, #2980, .F. ) ;
#3108 = SURFACE_STYLE_FILL_AREA ( #3184 ) ;
#3109 = PLANE ( 'NONE',  #413 ) ;
#3110 = AXIS2_PLACEMENT_3D ( 'NONE', #3415, #3394, #1086 ) ;
#3111 = ORIENTED_EDGE ( 'NONE', *, *, #1105, .F. ) ;
#3112 = DIRECTION ( 'NONE',  ( 1.000000000000000000, -3.491483361109382100E-015, -1.219045606090366800E-029 ) ) ;
#3113 = DIRECTION ( 'NONE',  ( 3.491483361109382100E-015, 1.000000000000000000, 3.491483361109382100E-015 ) ) ;
#3114 = EDGE_CURVE ( 'NONE', #2114, #3573, #3050, .T. ) ;
#3115 = VERTEX_POINT ( 'NONE', #3251 ) ;
#3116 = EDGE_CURVE ( 'NONE', #387, #268, #765, .T. ) ;
#3117 = ORIENTED_EDGE ( 'NONE', *, *, #1413, .T. ) ;
#3118 = DIRECTION ( 'NONE',  ( 1.000000000000000000, -3.491483361109382100E-015, -1.219045606090366800E-029 ) ) ;
#3119 = EDGE_CURVE ( 'NONE', #3591, #1460, #2953, .T. ) ;
#3120 = VECTOR ( 'NONE', #1496, 1000.000000000000000 ) ;
#3121 = CARTESIAN_POINT ( 'NONE',  ( -0.9000000000000004700, -0.09999999999997211100, -3.350000000000000500 ) ) ;
#3122 = PLANE ( 'NONE',  #471 ) ;
#3123 = LINE ( 'NONE', #3203, #1577 ) ;
#3124 = VERTEX_POINT ( 'NONE', #415 ) ;
#3125 = EDGE_CURVE ( 'NONE', #68, #2786, #3617, .T. ) ;
#3126 = LINE ( 'NONE', #1595, #2352 ) ;
#3127 = ORIENTED_EDGE ( 'NONE', *, *, #2135, .T. ) ;
#3128 = VECTOR ( 'NONE', #956, 1000.000000000000000 ) ;
#3129 = MECHANICAL_DESIGN_GEOMETRIC_PRESENTATION_REPRESENTATION (  '', ( #2539 ), #3336 ) ;
#3130 = DIRECTION ( 'NONE',  ( 0.0000000000000000000, -3.491483361109382100E-015, 1.000000000000000000 ) ) ;
#3131 = DIRECTION ( 'NONE',  ( 1.000000000000000000, -3.491483361109382100E-015, -1.219045606090366800E-029 ) ) ;
#3132 = VECTOR ( 'NONE', #388, 1000.000000000000000 ) ;
#3133 = SURFACE_STYLE_FILL_AREA ( #1691 ) ;
#3134 = CARTESIAN_POINT ( 'NONE',  ( -4.799999999999999800, 0.3500000000000230100, 1.800000000000001200 ) ) ;
#3135 = VECTOR ( 'NONE', #2332, 1000.000000000000000 ) ;
#3136 = LINE ( 'NONE', #817, #115 ) ;
#3137 = VERTEX_POINT ( 'NONE', #1809 ) ;
#3138 = VECTOR ( 'NONE', #3025, 1000.000000000000000 ) ;
#3139 = DIRECTION ( 'NONE',  ( -1.000000000000000000, 3.491483361109382100E-015, 1.219045606090366800E-029 ) ) ;
#3140 = ORIENTED_EDGE ( 'NONE', *, *, #2478, .F. ) ;
#3141 = LINE ( 'NONE', #1216, #854 ) ;
#3142 = CARTESIAN_POINT ( 'NONE',  ( 2.100000000000000100, -0.09999999999997721800, -4.949999999999999300 ) ) ;
#3143 = SURFACE_STYLE_USAGE ( .BOTH. , #2266 ) ;
#3144 = FILL_AREA_STYLE_COLOUR ( '', #2384 ) ;
#3145 = PRESENTATION_LAYER_ASSIGNMENT (  '', '', ( #2757 ) ) ;
#3146 = UNCERTAINTY_MEASURE_WITH_UNIT (LENGTH_MEASURE( 1.000000000000000100E-005 ), #2268, 'distance_accuracy_value', 'NONE');
#3147 = ORIENTED_EDGE ( 'NONE', *, *, #575, .T. ) ;
#3148 = DIRECTION ( 'NONE',  ( 3.491483361109382100E-015, 1.000000000000000000, 3.491483361109382100E-015 ) ) ;
#3149 = ORIENTED_EDGE ( 'NONE', *, *, #1506, .F. ) ;
#3150 = AXIS2_PLACEMENT_3D ( 'NONE', #2441, #1879, #1853 ) ;
#3151 = SURFACE_STYLE_FILL_AREA ( #3433 ) ;
#3152 = CARTESIAN_POINT ( 'NONE',  ( -0.9000000000000004700, -0.09999999999997211100, -3.350000000000000500 ) ) ;
#3153 = CARTESIAN_POINT ( 'NONE',  ( -2.299999999999979000, 5.800000000000015800, 1.250000000000019300 ) ) ;
#3154 = CARTESIAN_POINT ( 'NONE',  ( -2.299999999999979000, 5.800000000000015800, 1.250000000000019300 ) ) ;
#3155 =( NAMED_UNIT ( * ) PLANE_ANGLE_UNIT ( ) SI_UNIT ( $, .RADIAN. ) );
#3156 = DIRECTION ( 'NONE',  ( -1.000000000000000000, 3.491483361109382100E-015, 1.219045606090366800E-029 ) ) ;
#3157 = VERTEX_POINT ( 'NONE', #3266 ) ;
#3158 =( GEOMETRIC_REPRESENTATION_CONTEXT ( 3 ) GLOBAL_UNCERTAINTY_ASSIGNED_CONTEXT ( ( #3474 ) ) GLOBAL_UNIT_ASSIGNED_CONTEXT ( ( #2538, #2547, #2860 ) ) REPRESENTATION_CONTEXT ( 'NONE', 'WORKASPACE' ) );
#3159 = CARTESIAN_POINT ( 'NONE',  ( 4.400000000000019900, 5.600000000000011200, -3.849999999999981000 ) ) ;
#3160 = DIRECTION ( 'NONE',  ( 3.491483361109382100E-015, 1.000000000000000000, 3.491483361109382100E-015 ) ) ;
#3161 = VERTEX_POINT ( 'NONE', #1236 ) ;
#3162 = EDGE_CURVE ( 'NONE', #2425, #687, #3533, .T. ) ;
#3163 = ORIENTED_EDGE ( 'NONE', *, *, #1181, .T. ) ;
#3164 = CARTESIAN_POINT ( 'NONE',  ( -2.400000000000000800, -0.09999999999996687900, -3.350000000000000500 ) ) ;
#3165 = PLANE ( 'NONE',  #2591 ) ;
#3166 = PLANE ( 'NONE',  #2693 ) ;
#3167 = VERTEX_POINT ( 'NONE', #436 ) ;
#3168 = EDGE_CURVE ( 'NONE', #821, #86, #2164, .T. ) ;
#3169 = CARTESIAN_POINT ( 'NONE',  ( -4.800000000000000700, -0.09999999999997703800, 1.799999999999999600 ) ) ;
#3170 = VECTOR ( 'NONE', #1357, 1000.000000000000000 ) ;
#3171 = FILL_AREA_STYLE_COLOUR ( '', #1424 ) ;
#3172 = ORIENTED_EDGE ( 'NONE', *, *, #527, .F. ) ;
#3173 = ORIENTED_EDGE ( 'NONE', *, *, #3380, .F. ) ;
#3174 = UNCERTAINTY_MEASURE_WITH_UNIT (LENGTH_MEASURE( 1.000000000000000100E-005 ), #2669, 'distance_accuracy_value', 'NONE');
#3175 = VECTOR ( 'NONE', #3216, 1000.000000000000000 ) ;
#3176 = EDGE_CURVE ( 'NONE', #1414, #3167, #1987, .T. ) ;
#3177 = PRESENTATION_STYLE_ASSIGNMENT (( #3081 ) ) ;
#3178 = LINE ( 'NONE', #1529, #167 ) ;
#3179 =( GEOMETRIC_REPRESENTATION_CONTEXT ( 3 ) GLOBAL_UNCERTAINTY_ASSIGNED_CONTEXT ( ( #1054 ) ) GLOBAL_UNIT_ASSIGNED_CONTEXT ( ( #3465, #3155, #2891 ) ) REPRESENTATION_CONTEXT ( 'NONE', 'WORKASPACE' ) );
#3180 = CARTESIAN_POINT ( 'NONE',  ( 4.800000000000000700, -0.1000000000000007800, -1.000000000000000000 ) ) ;
#3181 = CARTESIAN_POINT ( 'NONE',  ( -3.949999999999983700, 4.130000000000032800, -1.849999999999986100 ) ) ;
#3182 = SURFACE_STYLE_FILL_AREA ( #2392 ) ;
#3183 = ORIENTED_EDGE ( 'NONE', *, *, #2990, .F. ) ;
#3184 = FILL_AREA_STYLE ('',( #64 ) ) ;
#3185 = DIRECTION ( 'NONE',  ( 3.491483361109382100E-015, 1.000000000000000000, 3.491483361109382100E-015 ) ) ;
#3186 =( NAMED_UNIT ( * ) SI_UNIT ( $, .STERADIAN. ) SOLID_ANGLE_UNIT ( ) );
#3187 = EDGE_CURVE ( 'NONE', #2975, #3157, #1227, .T. ) ;
#3188 = ORIENTED_EDGE ( 'NONE', *, *, #259, .F. ) ;
#3189 = ORIENTED_EDGE ( 'NONE', *, *, #799, .T. ) ;
#3190 = EDGE_CURVE ( 'NONE', #2578, #1472, #2076, .T. ) ;
#3191 =( NAMED_UNIT ( * ) SI_UNIT ( $, .STERADIAN. ) SOLID_ANGLE_UNIT ( ) );
#3192 = DIRECTION ( 'NONE',  ( 0.0000000000000000000, 3.491483361109382100E-015, -1.000000000000000000 ) ) ;
#3193 = CARTESIAN_POINT ( 'NONE',  ( 5.250000000000000000, 3.677884819613941600E-016, -1.800000000000000500 ) ) ;
#3194 = UNCERTAINTY_MEASURE_WITH_UNIT (LENGTH_MEASURE( 1.000000000000000100E-005 ), #2579, 'distance_accuracy_value', 'NONE');
#3195 = ORIENTED_EDGE ( 'NONE', *, *, #1821, .T. ) ;
#3196 = DIRECTION ( 'NONE',  ( 1.000000000000000000, -3.491483361109382100E-015, -1.219045606090366800E-029 ) ) ;
#3197 = DIRECTION ( 'NONE',  ( 6.056758152498904400E-029, 2.083871812087760100E-014, -1.000000000000000000 ) ) ;
#3198 = PRODUCT_DEFINITION_FORMATION_WITH_SPECIFIED_SOURCE ( 'ANY', '', #2289, .NOT_KNOWN. ) ;
#3199 = PRESENTATION_LAYER_ASSIGNMENT (  '', '', ( #2807 ) ) ;
#3200 = ORIENTED_EDGE ( 'NONE', *, *, #2420, .F. ) ;
#3201 = ORIENTED_EDGE ( 'NONE', *, *, #2733, .T. ) ;
#3202 = DIRECTION ( 'NONE',  ( -1.000000000000000000, 3.491483361109382100E-015, 1.219045606090366800E-029 ) ) ;
#3203 = CARTESIAN_POINT ( 'NONE',  ( -0.8999999999999988000, 0.4000000000000292800, -3.749999999999998200 ) ) ;
#3204 = MECHANICAL_DESIGN_GEOMETRIC_PRESENTATION_REPRESENTATION (  '', ( #2618 ), #3398 ) ;
#3205 = DIRECTION ( 'NONE',  ( 3.491483361109382100E-015, 1.000000000000000000, 3.491483361109382100E-015 ) ) ;
#3206 = ORIENTED_EDGE ( 'NONE', *, *, #1944, .T. ) ;
#3207 = PLANE ( 'NONE',  #2712 ) ;
#3208 = DIRECTION ( 'NONE',  ( 4.275692708279658900E-031, -3.369022725727144300E-015, 1.000000000000000000 ) ) ;
#3209 = LINE ( 'NONE', #3469, #1657 ) ;
#3210 = PLANE ( 'NONE',  #213 ) ;
#3211 = VECTOR ( 'NONE', #886, 1000.000000000000000 ) ;
#3212 = DIRECTION ( 'NONE',  ( 0.0000000000000000000, 3.491483361109382100E-015, -1.000000000000000000 ) ) ;
#3213 = EDGE_LOOP ( 'NONE', ( #1710, #357, #619, #2893, #3649, #1520 ) ) ;
#3214 =( NAMED_UNIT ( * ) PLANE_ANGLE_UNIT ( ) SI_UNIT ( $, .RADIAN. ) );
#3215 = CARTESIAN_POINT ( 'NONE',  ( -4.399999999999991500, 2.500000000000039100, -3.449999999999992200 ) ) ;
#3216 = DIRECTION ( 'NONE',  ( 1.000000000000000000, -3.491483361109382100E-015, -1.219045606090366800E-029 ) ) ;
#3217 = PLANE ( 'NONE',  #1525 ) ;
#3218 = ORIENTED_EDGE ( 'NONE', *, *, #3438, .T. ) ;
#3219 = FILL_AREA_STYLE_COLOUR ( '', #2943 ) ;
#3220 = PRESENTATION_LAYER_ASSIGNMENT (  '', '', ( #2821 ) ) ;
#3221 = VECTOR ( 'NONE', #2377, 1000.000000000000000 ) ;
#3222 = LINE ( 'NONE', #3240, #1584 ) ;
#3223 = DIRECTION ( 'NONE',  ( 4.731842306639732300E-031, -3.355958089548694400E-015, 1.000000000000000000 ) ) ;
#3224 = CARTESIAN_POINT ( 'NONE',  ( -0.9000000000000002400, 2.701341212350826700E-014, -3.349999999999998800 ) ) ;
#3225 = PRESENTATION_STYLE_ASSIGNMENT (( #2623 ) ) ;
#3226 = PRESENTATION_LAYER_ASSIGNMENT (  '', '', ( #2826 ) ) ;
#3227 = CARTESIAN_POINT ( 'NONE',  ( -2.299999999999981200, 5.300000000000027400, -2.449999999999982400 ) ) ;
#3228 = LINE ( 'NONE', #1130, #1590 ) ;
#3229 = ADVANCED_FACE ( 'NONE', ( #1145 ), #2414, .T. ) ;
#3230 = VERTEX_POINT ( 'NONE', #162 ) ;
#3231 =( NAMED_UNIT ( * ) SI_UNIT ( $, .STERADIAN. ) SOLID_ANGLE_UNIT ( ) );
#3232 = MECHANICAL_DESIGN_GEOMETRIC_PRESENTATION_REPRESENTATION (  '', ( #2635 ), #3417 ) ;
#3233 = VECTOR ( 'NONE', #189, 1000.000000000000000 ) ;
#3234 = CARTESIAN_POINT ( 'NONE',  ( 2.100000000000000100, 1.793555538462387600E-014, -3.750000000000000000 ) ) ;
#3235 = FILL_AREA_STYLE_COLOUR ( '', #1102 ) ;
#3236 = PRESENTATION_LAYER_ASSIGNMENT (  '', '', ( #2833 ) ) ;
#3237 = PLANE ( 'NONE',  #275 ) ;
#3238 = ORIENTED_EDGE ( 'NONE', *, *, #1876, .F. ) ;
#3239 = LINE ( 'NONE', #3286, #1685 ) ;
#3240 = CARTESIAN_POINT ( 'NONE',  ( -3.949999999999986400, 3.400000000000032800, -1.849999999999987900 ) ) ;
#3241 = CARTESIAN_POINT ( 'NONE',  ( -3.349999999999989000, 3.400000000000011900, 3.750000000000011100 ) ) ;
#3242 = EDGE_CURVE ( 'NONE', #3373, #3247, #1629, .T. ) ;
#3243 = CARTESIAN_POINT ( 'NONE',  ( -4.799999999999989200, 3.250000000000033300, -0.9999999999999879000 ) ) ;
#3244 = EDGE_LOOP ( 'NONE', ( #1288, #905, #652, #2480 ) ) ;
#3245 = PLANE ( 'NONE',  #598 ) ;
#3246 = DIRECTION ( 'NONE',  ( -4.275692708279658900E-031, 3.369022725727144300E-015, -1.000000000000000000 ) ) ;
#3247 = VERTEX_POINT ( 'NONE', #2717 ) ;
#3248 = CARTESIAN_POINT ( 'NONE',  ( 3.400000000000014600, 4.130000000000007000, -1.849999999999986100 ) ) ;
#3249 = LINE ( 'NONE', #1157, #2471 ) ;
#3250 = DIRECTION ( 'NONE',  ( 3.885738696558656800E-015, 1.000000000000000000, 3.369022725727144300E-015 ) ) ;
#3251 = CARTESIAN_POINT ( 'NONE',  ( 4.800000000000011400, 3.250000000000009300, -3.849999999999989900 ) ) ;
#3252 = FILL_AREA_STYLE ('',( #135 ) ) ;
#3253 = VERTEX_POINT ( 'NONE', #3017 ) ;
#3254 = ADVANCED_FACE ( 'NONE', ( #1536 ), #1555, .F. ) ;
#3255 = EDGE_CURVE ( 'NONE', #919, #757, #2026, .T. ) ;
#3256 = ORIENTED_EDGE ( 'NONE', *, *, #1222, .T. ) ;
#3257 = ORIENTED_EDGE ( 'NONE', *, *, #1556, .F. ) ;
#3258 = CARTESIAN_POINT ( 'NONE',  ( -3.549999999999985600, 4.130000000000015900, 2.750000000000013800 ) ) ;
#3259 = MECHANICAL_DESIGN_GEOMETRIC_PRESENTATION_REPRESENTATION (  '', ( #2663 ), #3443 ) ;
#3260 = ORIENTED_EDGE ( 'NONE', *, *, #3242, .T. ) ;
#3261 = CARTESIAN_POINT ( 'NONE',  ( 0.8999999999999994700, -0.09999999999997839800, -3.350000000000000500 ) ) ;
#3262 = PRESENTATION_STYLE_ASSIGNMENT (( #445 ) ) ;
#3263 = CARTESIAN_POINT ( 'NONE',  ( -3.849999999999991700, 2.500000000000038200, -3.749999999999992000 ) ) ;
#3264 = EDGE_CURVE ( 'NONE', #188, #1259, #2805, .T. ) ;
#3265 = FACE_OUTER_BOUND ( 'NONE', #2800, .T. ) ;
#3266 = CARTESIAN_POINT ( 'NONE',  ( 3.850000000000020500, 5.800000000000011400, -3.749999999999980900 ) ) ;
#3267 = ORIENTED_EDGE ( 'NONE', *, *, #2130, .T. ) ;
#3268 = VECTOR ( 'NONE', #3592, 1000.000000000000000 ) ;
#3269 = LINE ( 'NONE', #1402, #971 ) ;
#3270 =( NAMED_UNIT ( * ) PLANE_ANGLE_UNIT ( ) SI_UNIT ( $, .RADIAN. ) );
#3271 = EDGE_LOOP ( 'NONE', ( #1107, #478, #1947, #556, #640, #2214, #3099, #986 ) ) ;
#3272 = EDGE_CURVE ( 'NONE', #783, #3318, #1269, .T. ) ;
#3273 = FACE_OUTER_BOUND ( 'NONE', #1838, .T. ) ;
#3274 = LINE ( 'NONE', #2293, #976 ) ;
#3275 = ADVANCED_FACE ( 'NONE', ( #1185 ), #2740, .F. ) ;
#3276 = CARTESIAN_POINT ( 'NONE',  ( 3.850000000000009000, 2.500000000000010700, -3.449999999999992200 ) ) ;
#3277 = DIRECTION ( 'NONE',  ( 3.491483361109382100E-015, 1.000000000000000000, 3.369022725727144300E-015 ) ) ;
#3278 = SURFACE_STYLE_FILL_AREA ( #520 ) ;
#3279 = DIRECTION ( 'NONE',  ( 4.275692708279658900E-031, -3.369022725727144300E-015, 1.000000000000000000 ) ) ;
#3280 = FACE_OUTER_BOUND ( 'NONE', #1510, .T. ) ;
#3281 =( GEOMETRIC_REPRESENTATION_CONTEXT ( 3 ) GLOBAL_UNCERTAINTY_ASSIGNED_CONTEXT ( ( #124 ) ) GLOBAL_UNIT_ASSIGNED_CONTEXT ( ( #1982, #313, #2269 ) ) REPRESENTATION_CONTEXT ( 'NONE', 'WORKASPACE' ) );
#3282 = CARTESIAN_POINT ( 'NONE',  ( 5.250000000000001800, 0.3499999999999882100, 1.800000000000001200 ) ) ;
#3283 = VECTOR ( 'NONE', #370, 1000.000000000000000 ) ;
#3284 = DIRECTION ( 'NONE',  ( 0.0000000000000000000, 3.491483361109382100E-015, -1.000000000000000000 ) ) ;
#3285 = VECTOR ( 'NONE', #741, 1000.000000000000000 ) ;
#3286 = CARTESIAN_POINT ( 'NONE',  ( 2.300000000000014000, 3.800000000000002500, 1.250000000000012900 ) ) ;
#3287 = ORIENTED_EDGE ( 'NONE', *, *, #1238, .T. ) ;
#3288 = FILL_AREA_STYLE ('',( #1254 ) ) ;
#3289 = ORIENTED_EDGE ( 'NONE', *, *, #2921, .F. ) ;
#3290 = CARTESIAN_POINT ( 'NONE',  ( 2.100000000000000100, 1.653896204018012400E-014, -3.349999999999998800 ) ) ;
#3291 = COLOUR_RGB ( '',0.7529411764705882200, 0.7529411764705882200, 0.7529411764705882200 ) ;
#3292 = PRESENTATION_LAYER_ASSIGNMENT (  '', '', ( #2892 ) ) ;
#3293 = CARTESIAN_POINT ( 'NONE',  ( -0.6000000000000006400, -0.09999999999996779500, -4.949999999999999300 ) ) ;
#3294 =( NAMED_UNIT ( * ) SI_UNIT ( $, .STERADIAN. ) SOLID_ANGLE_UNIT ( ) );
#3295 = DIRECTION ( 'NONE',  ( -3.491483361109382100E-015, -1.000000000000000000, -3.369022725727144300E-015 ) ) ;
#3296 =( LENGTH_UNIT ( ) NAMED_UNIT ( * ) SI_UNIT ( .MILLI., .METRE. ) );
#3297 = ADVANCED_FACE ( 'NONE', ( #3491 ), #211, .T. ) ;
#3298 = VERTEX_POINT ( 'NONE', #1270 ) ;
#3299 =( NAMED_UNIT ( * ) PLANE_ANGLE_UNIT ( ) SI_UNIT ( $, .RADIAN. ) );
#3300 = CARTESIAN_POINT ( 'NONE',  ( 0.5999999999999998700, 2.177618708184419700E-014, -3.349999999999998800 ) ) ;
#3301 = ORIENTED_EDGE ( 'NONE', *, *, #2920, .T. ) ;
#3302 = STYLED_ITEM ( 'NONE', ( #424 ), #3229 ) ;
#3303 = ORIENTED_EDGE ( 'NONE', *, *, #2009, .T. ) ;
#3304 = DIRECTION ( 'NONE',  ( -4.275692708279658900E-031, 3.369022725727144300E-015, -1.000000000000000000 ) ) ;
#3305 = ORIENTED_EDGE ( 'NONE', *, *, #2588, .F. ) ;
#3306 = FACE_OUTER_BOUND ( 'NONE', #1924, .T. ) ;
#3307 = ORIENTED_EDGE ( 'NONE', *, *, #1802, .F. ) ;
#3308 = LINE ( 'NONE', #3241, #97 ) ;
#3309 = ORIENTED_EDGE ( 'NONE', *, *, #1113, .T. ) ;
#3310 = CARTESIAN_POINT ( 'NONE',  ( -4.800000000000000700, -0.09999999999996725400, -1.000000000000000000 ) ) ;
#3311 = PRESENTATION_LAYER_ASSIGNMENT (  '', '', ( #2912 ) ) ;
#3312 = CARTESIAN_POINT ( 'NONE',  ( -5.249999999999992000, 2.500000000000043100, -3.749999999999992000 ) ) ;
#3313 = LINE ( 'NONE', #3100, #2616 ) ;
#3314 = CARTESIAN_POINT ( 'NONE',  ( 2.400000000000000400, 1.549151703184730900E-014, -3.349999999999998800 ) ) ;
#3315 = VECTOR ( 'NONE', #1716, 1000.000000000000000 ) ;
#3316 = DIRECTION ( 'NONE',  ( -1.000000000000000000, 3.491483361109382100E-015, 1.219045606090366800E-029 ) ) ;
#3317 = EDGE_CURVE ( 'NONE', #906, #3065, #926, .T. ) ;
#3318 = VERTEX_POINT ( 'NONE', #3614 ) ;
#3319 = EDGE_CURVE ( 'NONE', #81, #1259, #199, .T. ) ;
#3320 = FACE_OUTER_BOUND ( 'NONE', #3244, .T. ) ;
#3321 = UNCERTAINTY_MEASURE_WITH_UNIT (LENGTH_MEASURE( 1.000000000000000100E-005 ), #379, 'distance_accuracy_value', 'NONE');
#3322 = LINE ( 'NONE', #2042, #2450 ) ;
#3323 = CARTESIAN_POINT ( 'NONE',  ( 2.100000000000000100, -0.09999999999997721800, -4.949999999999999300 ) ) ;
#3324 = LINE ( 'NONE', #807, #1759 ) ;
#3325 = CARTESIAN_POINT ( 'NONE',  ( 3.850000000000001000, -1.336261152727267100E-014, 3.750000000000000000 ) ) ;
#3326 = EDGE_CURVE ( 'NONE', #2732, #1985, #3126, .T. ) ;
#3327 = DIRECTION ( 'NONE',  ( 3.375318842628792200E-015, 1.000000000000000000, 3.369022725727144300E-015 ) ) ;
#3328 = VECTOR ( 'NONE', #3503, 1000.000000000000000 ) ;
#3329 =( LENGTH_UNIT ( ) NAMED_UNIT ( * ) SI_UNIT ( .MILLI., .METRE. ) );
#3330 = CARTESIAN_POINT ( 'NONE',  ( 2.100000000000000100, -0.09999999999997721800, -4.949999999999999300 ) ) ;
#3331 = ORIENTED_EDGE ( 'NONE', *, *, #927, .T. ) ;
#3332 = EDGE_CURVE ( 'NONE', #2100, #1834, #2446, .T. ) ;
#3333 = LINE ( 'NONE', #3601, #1108 ) ;
#3334 = DIRECTION ( 'NONE',  ( -3.491483361109382100E-015, -1.000000000000000000, -3.491483361109382100E-015 ) ) ;
#3335 = ORIENTED_EDGE ( 'NONE', *, *, #80, .T. ) ;
#3336 =( GEOMETRIC_REPRESENTATION_CONTEXT ( 3 ) GLOBAL_UNCERTAINTY_ASSIGNED_CONTEXT ( ( #3321 ) ) GLOBAL_UNIT_ASSIGNED_CONTEXT ( ( #379, #2344, #654 ) ) REPRESENTATION_CONTEXT ( 'NONE', 'WORKASPACE' ) );
#3337 = CARTESIAN_POINT ( 'NONE',  ( 3.400000000000014600, 4.129999999999987500, 3.750000000000013800 ) ) ;
#3338 = DIRECTION ( 'NONE',  ( 1.000000000000000000, -3.491483361109382100E-015, -1.219045606090366800E-029 ) ) ;
#3339 = ORIENTED_EDGE ( 'NONE', *, *, #2685, .T. ) ;
#3340 = DIRECTION ( 'NONE',  ( 0.0000000000000000000, 3.491483361109382100E-015, -1.000000000000000000 ) ) ;
#3341 = COLOUR_RGB ( '',0.7529411764705882200, 0.7529411764705882200, 0.7529411764705882200 ) ;
#3342 = ORIENTED_EDGE ( 'NONE', *, *, #3554, .F. ) ;
#3343 = DIRECTION ( 'NONE',  ( 3.491483361109382100E-015, 1.000000000000000000, 3.377356816637223900E-015 ) ) ;
#3344 = FACE_OUTER_BOUND ( 'NONE', #1621, .T. ) ;
#3345 = DIRECTION ( 'NONE',  ( -3.491483361109382100E-015, -1.000000000000000000, -3.491483361109382100E-015 ) ) ;
#3346 = ORIENTED_EDGE ( 'NONE', *, *, #2976, .F. ) ;
#3347 = DIRECTION ( 'NONE',  ( 3.491483361109382100E-015, 1.000000000000000000, 3.491483361109382100E-015 ) ) ;
#3348 = ORIENTED_EDGE ( 'NONE', *, *, #1871, .F. ) ;
#3349 = MECHANICAL_DESIGN_GEOMETRIC_PRESENTATION_REPRESENTATION (  '', ( #2757 ), #3530 ) ;
#3350 = VERTEX_POINT ( 'NONE', #2382 ) ;
#3351 = FACE_OUTER_BOUND ( 'NONE', #92, .T. ) ;
#3352 = LINE ( 'NONE', #3063, #1135 ) ;
#3353 = EDGE_LOOP ( 'NONE', ( #2022, #3657, #3087, #1196 ) ) ;
#3354 = ORIENTED_EDGE ( 'NONE', *, *, #3114, .F. ) ;
#3355 = PLANE ( 'NONE',  #2832 ) ;
#3356 = VECTOR ( 'NONE', #1006, 1000.000000000000000 ) ;
#3357 = LINE ( 'NONE', #2511, #2670 ) ;
#3358 = EDGE_LOOP ( 'NONE', ( #1823, #45, #2261, #853 ) ) ;
#3359 = VECTOR ( 'NONE', #885, 1000.000000000000000 ) ;
#3360 = COLOUR_RGB ( '',0.7529411764705882200, 0.7529411764705882200, 0.7529411764705882200 ) ;
#3361 = EDGE_CURVE ( 'NONE', #197, #3624, #1484, .T. ) ;
#3362 = FILL_AREA_STYLE ('',( #2928 ) ) ;
#3363 = DIRECTION ( 'NONE',  ( 1.000000000000000000, -3.434626637539057500E-015, -1.199890446708485700E-029 ) ) ;
#3364 = VECTOR ( 'NONE', #3345, 1000.000000000000000 ) ;
#3365 = LINE ( 'NONE', #3633, #336 ) ;
#3366 = LINE ( 'NONE', #1136, #3283 ) ;
#3367 = UNCERTAINTY_MEASURE_WITH_UNIT (LENGTH_MEASURE( 1.000000000000000100E-005 ), #363, 'distance_accuracy_value', 'NONE');
#3368 = CARTESIAN_POINT ( 'NONE',  ( -4.799999999999980300, 5.600000000000022700, 1.800000000000018900 ) ) ;
#3369 = ORIENTED_EDGE ( 'NONE', *, *, #261, .T. ) ;
#3370 = VECTOR ( 'NONE', #1851, 1000.000000000000000 ) ;
#3371 = EDGE_CURVE ( 'NONE', #1161, #3161, #106, .T. ) ;
#3372 = CARTESIAN_POINT ( 'NONE',  ( -0.6000000000000006400, -0.09999999999996779500, -4.949999999999999300 ) ) ;
#3373 = VERTEX_POINT ( 'NONE', #3261 ) ;
#3374 = EDGE_CURVE ( 'NONE', #3400, #2870, #26, .T. ) ;
#3375 = CARTESIAN_POINT ( 'NONE',  ( 3.400000000000016800, 4.780000000000006500, -1.849999999999984500 ) ) ;
#3376 = DIRECTION ( 'NONE',  ( 4.275692708279658900E-031, -3.369022725727144700E-015, 1.000000000000000000 ) ) ;
#3377 = CARTESIAN_POINT ( 'NONE',  ( 2.300000000000011400, 3.700000000000001100, 1.250000000000012400 ) ) ;
#3378 = EDGE_LOOP ( 'NONE', ( #12, #1524, #3670, #2418 ) ) ;
#3379 = EDGE_CURVE ( 'NONE', #716, #1212, #2950, .T. ) ;
#3380 = EDGE_CURVE ( 'NONE', #1485, #2975, #671, .T. ) ;
#3381 = ORIENTED_EDGE ( 'NONE', *, *, #2183, .T. ) ;
#3382 = VERTEX_POINT ( 'NONE', #1526 ) ;
#3383 = ORIENTED_EDGE ( 'NONE', *, *, #3386, .T. ) ;
#3384 = FACE_OUTER_BOUND ( 'NONE', #3271, .T. ) ;
#3385 = VERTEX_POINT ( 'NONE', #1819 ) ;
#3386 = EDGE_CURVE ( 'NONE', #1489, #3418, #832, .T. ) ;
#3387 = DIRECTION ( 'NONE',  ( -1.000000000000000000, 3.491483361109382100E-015, 1.219045606090366800E-029 ) ) ;
#3388 = VECTOR ( 'NONE', #1396, 1000.000000000000000 ) ;
#3389 = ADVANCED_FACE ( 'NONE', ( #2071, #3613 ), #2703, .T. ) ;
#3390 = PRODUCT_RELATED_PRODUCT_CATEGORY ( 'part', '', ( #2289 ) ) ;
#3391 = DIRECTION ( 'NONE',  ( -3.491483361109382500E-015, -1.000000000000000000, -3.369022725727144700E-015 ) ) ;
#3392 = VECTOR ( 'NONE', #3655, 1000.000000000000000 ) ;
#3393 = MECHANICAL_DESIGN_GEOMETRIC_PRESENTATION_REPRESENTATION (  '', ( #2807 ), #3587 ) ;
#3394 = DIRECTION ( 'NONE',  ( -1.000000000000000000, 3.491483361109382100E-015, 1.219045606090366800E-029 ) ) ;
#3395 = ADVANCED_FACE ( 'NONE', ( #3528 ), #2106, .F. ) ;
#3396 = DIRECTION ( 'NONE',  ( -1.000000000000000000, 3.491483361109382100E-015, 1.219045606090366800E-029 ) ) ;
#3397 = ORIENTED_EDGE ( 'NONE', *, *, #2003, .F. ) ;
#3398 =( GEOMETRIC_REPRESENTATION_CONTEXT ( 3 ) GLOBAL_UNCERTAINTY_ASSIGNED_CONTEXT ( ( #174 ) ) GLOBAL_UNIT_ASSIGNED_CONTEXT ( ( #2653, #2626, #2411 ) ) REPRESENTATION_CONTEXT ( 'NONE', 'WORKASPACE' ) );
#3399 = FILL_AREA_STYLE_COLOUR ( '', #1722 ) ;
#3400 = VERTEX_POINT ( 'NONE', #1257 ) ;
#3401 = VECTOR ( 'NONE', #2320, 1000.000000000000000 ) ;
#3402 = CARTESIAN_POINT ( 'NONE',  ( -4.799999999999989200, 3.250000000000043100, -3.849999999999989900 ) ) ;
#3403 = VECTOR ( 'NONE', #3391, 1000.000000000000000 ) ;
#3404 = DIRECTION ( 'NONE',  ( 3.491483361109382100E-015, 1.000000000000000000, 3.369022725727144300E-015 ) ) ;
#3405 = DIRECTION ( 'NONE',  ( -3.491483361109382100E-015, -1.000000000000000000, -3.491483361109382100E-015 ) ) ;
#3406 = EDGE_LOOP ( 'NONE', ( #1766, #3331, #1863, #1911 ) ) ;
#3407 = VECTOR ( 'NONE', #60, 1000.000000000000000 ) ;
#3408 = DIRECTION ( 'NONE',  ( -1.013306966856800300E-015, -1.000000000000000000, -3.369022725727144300E-015 ) ) ;
#3409 = ORIENTED_EDGE ( 'NONE', *, *, #438, .T. ) ;
#3410 = MECHANICAL_DESIGN_GEOMETRIC_PRESENTATION_REPRESENTATION (  '', ( #2821 ), #3602 ) ;
#3411 = CARTESIAN_POINT ( 'NONE',  ( 5.250000000000020400, 5.799999999999981200, 3.750000000000019500 ) ) ;
#3412 = MECHANICAL_DESIGN_GEOMETRIC_PRESENTATION_REPRESENTATION (  '', ( #2826 ), #3606 ) ;
#3413 = ORIENTED_EDGE ( 'NONE', *, *, #2130, .F. ) ;
#3414 =( LENGTH_UNIT ( ) NAMED_UNIT ( * ) SI_UNIT ( .MILLI., .METRE. ) );
#3415 = CARTESIAN_POINT ( 'NONE',  ( 0.8999999999999998000, 2.212533541795514000E-014, -3.750000000000000000 ) ) ;
#3416 = DIRECTION ( 'NONE',  ( -1.000000000000000000, 3.491483361109382100E-015, 1.219045606090366800E-029 ) ) ;
#3417 =( GEOMETRIC_REPRESENTATION_CONTEXT ( 3 ) GLOBAL_UNCERTAINTY_ASSIGNED_CONTEXT ( ( #1072 ) ) GLOBAL_UNIT_ASSIGNED_CONTEXT ( ( #2486, #2744, #2505 ) ) REPRESENTATION_CONTEXT ( 'NONE', 'WORKASPACE' ) );
#3418 = VERTEX_POINT ( 'NONE', #168 ) ;
#3419 = LINE ( 'NONE', #1407, #1119 ) ;
#3420 = MECHANICAL_DESIGN_GEOMETRIC_PRESENTATION_REPRESENTATION (  '', ( #2833 ), #3610 ) ;
#3421 =( NAMED_UNIT ( * ) PLANE_ANGLE_UNIT ( ) SI_UNIT ( $, .RADIAN. ) );
#3422 = UNCERTAINTY_MEASURE_WITH_UNIT (LENGTH_MEASURE( 1.000000000000000100E-005 ), #2314, 'distance_accuracy_value', 'NONE');
#3423 = VECTOR ( 'NONE', #416, 1000.000000000000000 ) ;
#3424 = VERTEX_POINT ( 'NONE', #1539 ) ;
#3425 = EDGE_CURVE ( 'NONE', #290, #623, #504, .T. ) ;
#3426 = VERTEX_POINT ( 'NONE', #725 ) ;
#3427 =( NAMED_UNIT ( * ) PLANE_ANGLE_UNIT ( ) SI_UNIT ( $, .RADIAN. ) );
#3428 = CARTESIAN_POINT ( 'NONE',  ( 3.950000000000010800, 3.400000000000004800, -1.849999999999987900 ) ) ;
#3429 = ORIENTED_EDGE ( 'NONE', *, *, #1871, .T. ) ;
#3430 = DIRECTION ( 'NONE',  ( -1.000000000000000000, 3.491483361109382100E-015, 1.219045606090366800E-029 ) ) ;
#3431 = VECTOR ( 'NONE', #1762, 1000.000000000000000 ) ;
#3432 = EDGE_CURVE ( 'NONE', #1945, #1262, #2762, .T. ) ;
#3433 = FILL_AREA_STYLE ('',( #3144 ) ) ;
#3434 = CARTESIAN_POINT ( 'NONE',  ( -2.299999999999986100, 3.700000000000017100, 1.250000000000012400 ) ) ;
#3435 = SURFACE_STYLE_FILL_AREA ( #3362 ) ;
#3436 = ORIENTED_EDGE ( 'NONE', *, *, #2583, .T. ) ;
#3437 = ORIENTED_EDGE ( 'NONE', *, *, #3615, .T. ) ;
#3438 = EDGE_CURVE ( 'NONE', #2509, #1075, #2667, .T. ) ;
#3439 = VECTOR ( 'NONE', #451, 1000.000000000000000 ) ;
#3440 = LINE ( 'NONE', #3659, #1223 ) ;
#3441 = DIRECTION ( 'NONE',  ( -3.491483361109382100E-015, -1.000000000000000000, -3.750397312747711400E-015 ) ) ;
#3442 = EDGE_LOOP ( 'NONE', ( #1333, #3339, #2456, #2188, #2369, #123 ) ) ;
#3443 =( GEOMETRIC_REPRESENTATION_CONTEXT ( 3 ) GLOBAL_UNCERTAINTY_ASSIGNED_CONTEXT ( ( #2356 ) ) GLOBAL_UNIT_ASSIGNED_CONTEXT ( ( #1825, #166, #2115 ) ) REPRESENTATION_CONTEXT ( 'NONE', 'WORKASPACE' ) );
#3444 = SURFACE_STYLE_USAGE ( .BOTH. , #3463 ) ;
#3445 = DIRECTION ( 'NONE',  ( 0.0000000000000000000, -3.491483361109382100E-015, 1.000000000000000000 ) ) ;
#3446 = VECTOR ( 'NONE', #3564, 1000.000000000000000 ) ;
#3447 = PLANE ( 'NONE',  #321 ) ;
#3448 = LINE ( 'NONE', #253, #1146 ) ;
#3449 = CARTESIAN_POINT ( 'NONE',  ( -2.400000000000000400, 3.364723050961609800E-014, -3.750000000000000000 ) ) ;
#3450 = PRESENTATION_STYLE_ASSIGNMENT (( #2044 ) ) ;
#3451 = EDGE_LOOP ( 'NONE', ( #3260, #1783, #1191, #2285 ) ) ;
#3452 = LINE ( 'NONE', #369, #426 ) ;
#3453 = VECTOR ( 'NONE', #2463, 1000.000000000000000 ) ;
#3454 = CARTESIAN_POINT ( 'NONE',  ( -2.400000000000000800, -0.09999999999996152200, -4.949999999999999300 ) ) ;
#3455 = EDGE_CURVE ( 'NONE', #903, #792, #1981, .T. ) ;
#3456 = FACE_OUTER_BOUND ( 'NONE', #2326, .T. ) ;
#3457 = VECTOR ( 'NONE', #1186, 1000.000000000000000 ) ;
#3458 = ORIENTED_EDGE ( 'NONE', *, *, #3064, .F. ) ;
#3459 = LINE ( 'NONE', #2060, #3370 ) ;
#3460 = ORIENTED_EDGE ( 'NONE', *, *, #2785, .T. ) ;
#3461 = ORIENTED_EDGE ( 'NONE', *, *, #1255, .F. ) ;
#3462 = EDGE_CURVE ( 'NONE', #1915, #3124, #1894, .T. ) ;
#3463 = SURFACE_SIDE_STYLE ('',( #2002 ) ) ;
#3464 = CARTESIAN_POINT ( 'NONE',  ( -0.6000000000000007500, 2.601495136932834900E-014, -3.349999999999998800 ) ) ;
#3465 =( LENGTH_UNIT ( ) NAMED_UNIT ( * ) SI_UNIT ( .MILLI., .METRE. ) );
#3466 = DIRECTION ( 'NONE',  ( -1.000000000000000000, 3.491483361109382100E-015, 1.219045606090366800E-029 ) ) ;
#3467 = DIRECTION ( 'NONE',  ( -3.491483361109382100E-015, -1.000000000000000000, -3.377356816637223900E-015 ) ) ;
#3468 = FILL_AREA_STYLE ('',( #3171 ) ) ;
#3469 = CARTESIAN_POINT ( 'NONE',  ( -5.250000000000000000, 4.359795808877784500E-014, -3.750000000000000000 ) ) ;
#3470 = VERTEX_POINT ( 'NONE', #738 ) ;
#3471 = ORIENTED_EDGE ( 'NONE', *, *, #383, .F. ) ;
#3472 = DIRECTION ( 'NONE',  ( 3.491483361109382100E-015, 1.000000000000000000, 3.369022725727144300E-015 ) ) ;
#3473 = MECHANICAL_DESIGN_GEOMETRIC_PRESENTATION_REPRESENTATION (  '', ( #2892 ), #3654 ) ;
#3474 = UNCERTAINTY_MEASURE_WITH_UNIT (LENGTH_MEASURE( 1.000000000000000100E-005 ), #2538, 'distance_accuracy_value', 'NONE');
#3475 = SURFACE_STYLE_USAGE ( .BOTH. , #1433 ) ;
#3476 = PLANE ( 'NONE',  #2311 ) ;
#3477 =( LENGTH_UNIT ( ) NAMED_UNIT ( * ) SI_UNIT ( .MILLI., .METRE. ) );
#3478 = EDGE_LOOP ( 'NONE', ( #2051, #3381, #1960, #265 ) ) ;
#3479 = LINE ( 'NONE', #1491, #1842 ) ;
#3480 = ORIENTED_EDGE ( 'NONE', *, *, #1355, .F. ) ;
#3481 = DIRECTION ( 'NONE',  ( -3.491483361109382100E-015, -1.000000000000000000, -3.369022725727144300E-015 ) ) ;
#3482 = DIRECTION ( 'NONE',  ( 1.000000000000000000, -3.491483361109382100E-015, -1.219045606090366800E-029 ) ) ;
#3483 = DIRECTION ( 'NONE',  ( 3.491483361109382100E-015, 1.000000000000000000, 3.337968009253027300E-015 ) ) ;
#3484 = LINE ( 'NONE', #1624, #3392 ) ;
#3485 = CARTESIAN_POINT ( 'NONE',  ( -2.849999999999983700, 4.780000000000027800, -1.849999999999984500 ) ) ;
#3486 = ORIENTED_EDGE ( 'NONE', *, *, #3114, .T. ) ;
#3487 = AXIS2_PLACEMENT_3D ( 'NONE', #404, #2958, #1218 ) ;
#3488 = STYLED_ITEM ( 'NONE', ( #2110 ), #141 ) ;
#3489 = CARTESIAN_POINT ( 'NONE',  ( 3.850000000000002300, 0.3499999999999867100, 3.750000000000001300 ) ) ;
#3490 = ORIENTED_EDGE ( 'NONE', *, *, #3162, .F. ) ;
#3491 = FACE_OUTER_BOUND ( 'NONE', #1972, .T. ) ;
#3492 = SURFACE_STYLE_FILL_AREA ( #391 ) ;
#3493 = FACE_OUTER_BOUND ( 'NONE', #535, .T. ) ;
#3494 = MECHANICAL_DESIGN_GEOMETRIC_PRESENTATION_REPRESENTATION (  '', ( #2912 ), #2 ) ;
#3495 = DIRECTION ( 'NONE',  ( 0.0000000000000000000, -3.491483361109382100E-015, 1.000000000000000000 ) ) ;
#3496 = DIRECTION ( 'NONE',  ( 4.275692708279658900E-031, -3.369022725727144300E-015, 1.000000000000000000 ) ) ;
#3497 = DIRECTION ( 'NONE',  ( 1.000000000000000000, -3.491483361109382100E-015, -1.219045606090366800E-029 ) ) ;
#3498 = EDGE_CURVE ( 'NONE', #1128, #2050, #1139, .T. ) ;
#3499 = ORIENTED_EDGE ( 'NONE', *, *, #3168, .F. ) ;
#3500 = VECTOR ( 'NONE', #566, 1000.000000000000000 ) ;
#3501 = EDGE_CURVE ( 'NONE', #3531, #1161, #1052, .T. ) ;
#3502 = ORIENTED_EDGE ( 'NONE', *, *, #2271, .F. ) ;
#3503 = DIRECTION ( 'NONE',  ( 3.491483361109382100E-015, 1.000000000000000000, 3.369022725727144300E-015 ) ) ;
#3504 = DIRECTION ( 'NONE',  ( -4.731842306639732300E-031, 3.355958089548694000E-015, -1.000000000000000000 ) ) ;
#3505 = EDGE_CURVE ( 'NONE', #1268, #1321, #1801, .T. ) ;
#3506 = DIRECTION ( 'NONE',  ( 3.491483361109382100E-015, 1.000000000000000000, 3.369022725727144300E-015 ) ) ;
#3507 =( NAMED_UNIT ( * ) SI_UNIT ( $, .STERADIAN. ) SOLID_ANGLE_UNIT ( ) );
#3508 = PLANE ( 'NONE',  #2811 ) ;
#3509 = ORIENTED_EDGE ( 'NONE', *, *, #1669, .T. ) ;
#3510 = CARTESIAN_POINT ( 'NONE',  ( 3.850000000000001000, -1.336261152727267100E-014, 3.750000000000000000 ) ) ;
#3511 = CARTESIAN_POINT ( 'NONE',  ( 4.800000000000011400, 3.250000000000008000, -3.449999999999989500 ) ) ;
#3512 = ADVANCED_FACE ( 'NONE', ( #327 ), #2736, .F. ) ;
#3513 = EDGE_CURVE ( 'NONE', #105, #1023, #1432, .T. ) ;
#3514 = ORIENTED_EDGE ( 'NONE', *, *, #1064, .T. ) ;
#3515 = DIRECTION ( 'NONE',  ( 4.275692708279658900E-031, -3.369022725727144300E-015, 1.000000000000000000 ) ) ;
#3516 = VECTOR ( 'NONE', #3408, 1000.000000000000000 ) ;
#3517 = ORIENTED_EDGE ( 'NONE', *, *, #2927, .F. ) ;
#3518 = CARTESIAN_POINT ( 'NONE',  ( 2.300000000000018500, 5.300000000000014000, -2.449999999999982400 ) ) ;
#3519 = VERTEX_POINT ( 'NONE', #1928 ) ;
#3520 = CARTESIAN_POINT ( 'NONE',  ( -5.249999999999992000, 2.500000000000043100, -3.749999999999991100 ) ) ;
#3521 = DIRECTION ( 'NONE',  ( 3.491483361109382100E-015, 1.000000000000000000, 3.750397312747711400E-015 ) ) ;
#3522 = DIRECTION ( 'NONE',  ( -4.275692708279658900E-031, 3.369022725727144300E-015, -1.000000000000000000 ) ) ;
#3523 = VECTOR ( 'NONE', #936, 1000.000000000000000 ) ;
#3524 = ADVANCED_FACE ( 'NONE', ( #649 ), #744, .T. ) ;
#3525 = EDGE_LOOP ( 'NONE', ( #2897, #2996, #2297, #1623 ) ) ;
#3526 = ADVANCED_FACE ( 'NONE', ( #394 ), #3109, .F. ) ;
#3527 = CARTESIAN_POINT ( 'NONE',  ( 3.850000000000009000, 2.500000000000011500, -3.749999999999992000 ) ) ;
#3528 = FACE_OUTER_BOUND ( 'NONE', #1917, .T. ) ;
#3529 = CARTESIAN_POINT ( 'NONE',  ( 0.8999999999999994700, -0.09999999999997304100, -4.949999999999999300 ) ) ;
#3530 =( GEOMETRIC_REPRESENTATION_CONTEXT ( 3 ) GLOBAL_UNCERTAINTY_ASSIGNED_CONTEXT ( ( #1791 ) ) GLOBAL_UNIT_ASSIGNED_CONTEXT ( ( #820, #2817, #1100 ) ) REPRESENTATION_CONTEXT ( 'NONE', 'WORKASPACE' ) );
#3531 = VERTEX_POINT ( 'NONE', #1 ) ;
#3532 = LINE ( 'NONE', #2698, #1313 ) ;
#3533 = LINE ( 'NONE', #3552, #2766 ) ;
#3534 = CARTESIAN_POINT ( 'NONE',  ( -2.399999999999999000, 0.4000000000000345500, -3.749999999999998200 ) ) ;
#3535 = CARTESIAN_POINT ( 'NONE',  ( 5.250000000000000000, 3.677884819613941600E-016, -1.800000000000000500 ) ) ;
#3536 = VECTOR ( 'NONE', #3445, 1000.000000000000000 ) ;
#3537 = VECTOR ( 'NONE', #2649, 1000.000000000000000 ) ;
#3538 = VECTOR ( 'NONE', #1760, 1000.000000000000000 ) ;
#3539 = AXIS2_PLACEMENT_3D ( 'NONE', #1301, #969, #772 ) ;
#3540 = LINE ( 'NONE', #3337, #1232 ) ;
#3541 = FILL_AREA_STYLE_COLOUR ( '', #109 ) ;
#3542 = DIRECTION ( 'NONE',  ( 3.491483361109382100E-015, 1.000000000000000000, 3.369022725727144300E-015 ) ) ;
#3543 = STYLED_ITEM ( 'NONE', ( #1345 ), #1106 ) ;
#3544 = FACE_OUTER_BOUND ( 'NONE', #708, .T. ) ;
#3545 = DIRECTION ( 'NONE',  ( -3.491483361109382100E-015, -1.000000000000000000, -3.369022725727144300E-015 ) ) ;
#3546 = CARTESIAN_POINT ( 'NONE',  ( -4.800000000000000700, -0.09999999999997703800, 1.799999999999999600 ) ) ;
#3547 = VERTEX_POINT ( 'NONE', #1956 ) ;
#3548 = DIRECTION ( 'NONE',  ( 1.000000000000000000, -3.491483361109382500E-015, -1.219045606090366900E-029 ) ) ;
#3549 = ORIENTED_EDGE ( 'NONE', *, *, #505, .F. ) ;
#3550 = CARTESIAN_POINT ( 'NONE',  ( -2.849999999999983700, 4.780000000000012700, 2.750000000000015500 ) ) ;
#3551 = COLOUR_RGB ( '',0.7529411764705882200, 0.7529411764705882200, 0.7529411764705882200 ) ;
#3552 = CARTESIAN_POINT ( 'NONE',  ( -3.850000000000001000, 3.221988648105523300E-014, -1.800000000000000500 ) ) ;
#3553 = ADVANCED_FACE ( 'NONE', ( #3067 ), #568, .F. ) ;
#3554 = EDGE_CURVE ( 'NONE', #173, #1578, #2273, .T. ) ;
#3555 = VERTEX_POINT ( 'NONE', #1112 ) ;
#3556 = VERTEX_POINT ( 'NONE', #3134 ) ;
#3557 = DIRECTION ( 'NONE',  ( 3.491483361109382100E-015, 1.000000000000000000, 3.375835129377594800E-015 ) ) ;
#3558 = CARTESIAN_POINT ( 'NONE',  ( 5.250000000000008900, 2.500000000000005800, -3.449999999999992200 ) ) ;
#3559 = EDGE_CURVE ( 'NONE', #1024, #1340, #2180, .T. ) ;
#3560 = PRESENTATION_STYLE_ASSIGNMENT (( #605 ) ) ;
#3561 = DIRECTION ( 'NONE',  ( 1.000000000000000000, -3.491483361109382100E-015, -1.219045606090366800E-029 ) ) ;
#3562 = DIRECTION ( 'NONE',  ( 4.414208614288531700E-015, 1.000000000000000000, 3.369022725727144300E-015 ) ) ;
#3563 = ADVANCED_FACE ( 'NONE', ( #1513, #50 ), #298, .F. ) ;
#3564 = DIRECTION ( 'NONE',  ( 0.0000000000000000000, 3.491483361109382100E-015, -1.000000000000000000 ) ) ;
#3565 = EDGE_CURVE ( 'NONE', #354, #197, #3637, .T. ) ;
#3566 = SURFACE_STYLE_USAGE ( .BOTH. , #1534 ) ;
#3567 = ORIENTED_EDGE ( 'NONE', *, *, #1222, .F. ) ;
#3568 = ADVANCED_FACE ( 'NONE', ( #695 ), #1693, .F. ) ;
#3569 = ORIENTED_EDGE ( 'NONE', *, *, #383, .T. ) ;
#3570 = DIRECTION ( 'NONE',  ( -1.000000000000000000, 3.491483361109382100E-015, 1.219045606090366800E-029 ) ) ;
#3571 = CARTESIAN_POINT ( 'NONE',  ( 2.300000000000018900, 5.300000000000001600, 1.250000000000017500 ) ) ;
#3572 = DIRECTION ( 'NONE',  ( 6.056758152498904400E-029, 2.083871812087760100E-014, -1.000000000000000000 ) ) ;
#3573 = VERTEX_POINT ( 'NONE', #1123 ) ;
#3574 = EDGE_CURVE ( 'NONE', #1285, #354, #3419, .T. ) ;
#3575 = CARTESIAN_POINT ( 'NONE',  ( -5.250000000000000000, 4.359795808877784500E-014, -3.750000000000000000 ) ) ;
#3576 =( NAMED_UNIT ( * ) SI_UNIT ( $, .STERADIAN. ) SOLID_ANGLE_UNIT ( ) );
#3577 = EDGE_CURVE ( 'NONE', #1425, #2114, #1878, .T. ) ;
#3578 = ORIENTED_EDGE ( 'NONE', *, *, #1362, .F. ) ;
#3579 = FACE_OUTER_BOUND ( 'NONE', #983, .T. ) ;
#3580 = ORIENTED_EDGE ( 'NONE', *, *, #1042, .F. ) ;
#3581 = EDGE_CURVE ( 'NONE', #1545, #1005, #2644, .T. ) ;
#3582 = CARTESIAN_POINT ( 'NONE',  ( -3.549999999999985600, 4.130000000000015900, 2.750000000000013800 ) ) ;
#3583 = PRESENTATION_STYLE_ASSIGNMENT (( #1602 ) ) ;
#3584 = FILL_AREA_STYLE ('',( #731 ) ) ;
#3585 = ADVANCED_FACE ( 'NONE', ( #3344 ), #3166, .T. ) ;
#3586 = UNCERTAINTY_MEASURE_WITH_UNIT (LENGTH_MEASURE( 1.000000000000000100E-005 ), #3071, 'distance_accuracy_value', 'NONE');
#3587 =( GEOMETRIC_REPRESENTATION_CONTEXT ( 3 ) GLOBAL_UNCERTAINTY_ASSIGNED_CONTEXT ( ( #3586 ) ) GLOBAL_UNIT_ASSIGNED_CONTEXT ( ( #3071, #3059, #2823 ) ) REPRESENTATION_CONTEXT ( 'NONE', 'WORKASPACE' ) );
#3588 = VERTEX_POINT ( 'NONE', #875 ) ;
#3589 =( NAMED_UNIT ( * ) PLANE_ANGLE_UNIT ( ) SI_UNIT ( $, .RADIAN. ) );
#3590 = LINE ( 'NONE', #1162, #734 ) ;
#3591 = VERTEX_POINT ( 'NONE', #62 ) ;
#3592 = DIRECTION ( 'NONE',  ( 4.275692708279658900E-031, -3.369022725727144300E-015, 1.000000000000000000 ) ) ;
#3593 = DIRECTION ( 'NONE',  ( 1.000000000000000000, -3.491483361109382500E-015, -1.219045606090366900E-029 ) ) ;
#3594 = CARTESIAN_POINT ( 'NONE',  ( 2.300000000000018500, 5.299999999999996300, 2.750000000000017300 ) ) ;
#3595 = ORIENTED_EDGE ( 'NONE', *, *, #1179, .T. ) ;
#3596 = COLOUR_RGB ( '',0.7529411764705882200, 0.7529411764705882200, 0.7529411764705882200 ) ;
#3597 = CARTESIAN_POINT ( 'NONE',  ( 4.800000000000020300, 5.599999999999989900, 1.800000000000018900 ) ) ;
#3598 = ORIENTED_EDGE ( 'NONE', *, *, #3462, .T. ) ;
#3599 = AXIS2_PLACEMENT_3D ( 'NONE', #3053, #1304, #3343 ) ;
#3600 =( NAMED_UNIT ( * ) SI_UNIT ( $, .STERADIAN. ) SOLID_ANGLE_UNIT ( ) );
#3601 = CARTESIAN_POINT ( 'NONE',  ( 0.9000000000000011300, 0.4000000000000271700, -4.949999999999997500 ) ) ;
#3602 =( GEOMETRIC_REPRESENTATION_CONTEXT ( 3 ) GLOBAL_UNCERTAINTY_ASSIGNED_CONTEXT ( ( #2780 ) ) GLOBAL_UNIT_ASSIGNED_CONTEXT ( ( #1552, #1486, #1418 ) ) REPRESENTATION_CONTEXT ( 'NONE', 'WORKASPACE' ) );
#3603 = VECTOR ( 'NONE', #2799, 1000.000000000000000 ) ;
#3604 = ORIENTED_EDGE ( 'NONE', *, *, #1042, .T. ) ;
#3605 = FILL_AREA_STYLE_COLOUR ( '', #469 ) ;
#3606 =( GEOMETRIC_REPRESENTATION_CONTEXT ( 3 ) GLOBAL_UNCERTAINTY_ASSIGNED_CONTEXT ( ( #2512 ) ) GLOBAL_UNIT_ASSIGNED_CONTEXT ( ( #3414, #37, #3191 ) ) REPRESENTATION_CONTEXT ( 'NONE', 'WORKASPACE' ) );
#3607 = FACE_OUTER_BOUND ( 'NONE', #1372, .T. ) ;
#3608 = ORIENTED_EDGE ( 'NONE', *, *, #2658, .T. ) ;
#3609 = DIRECTION ( 'NONE',  ( 4.275692708279658900E-031, -3.369022725727144300E-015, 1.000000000000000000 ) ) ;
#3610 =( GEOMETRIC_REPRESENTATION_CONTEXT ( 3 ) GLOBAL_UNCERTAINTY_ASSIGNED_CONTEXT ( ( #3422 ) ) GLOBAL_UNIT_ASSIGNED_CONTEXT ( ( #2314, #626, #2606 ) ) REPRESENTATION_CONTEXT ( 'NONE', 'WORKASPACE' ) );
#3611 = VECTOR ( 'NONE', #1786, 1000.000000000000000 ) ;
#3612 = ORIENTED_EDGE ( 'NONE', *, *, #3574, .T. ) ;
#3613 = FACE_BOUND ( 'NONE', #531, .T. ) ;
#3614 = CARTESIAN_POINT ( 'NONE',  ( -2.299999999999986500, 3.800000000000018500, 1.250000000000012900 ) ) ;
#3615 = EDGE_CURVE ( 'NONE', #687, #961, #307, .T. ) ;
#3616 = ORIENTED_EDGE ( 'NONE', *, *, #1674, .T. ) ;
#3617 = LINE ( 'NONE', #2973, #1315 ) ;
#3618 = VECTOR ( 'NONE', #2349, 1000.000000000000000 ) ;
#3619 = VECTOR ( 'NONE', #1855, 1000.000000000000000 ) ;
#3620 =( NAMED_UNIT ( * ) SI_UNIT ( $, .STERADIAN. ) SOLID_ANGLE_UNIT ( ) );
#3621 = EDGE_CURVE ( 'NONE', #2974, #1013, #3249, .T. ) ;
#3622 = LINE ( 'NONE', #1886, #1905 ) ;
#3623 = CARTESIAN_POINT ( 'NONE',  ( 2.850000000000016500, 4.779999999999993100, 2.750000000000015500 ) ) ;
#3624 = VERTEX_POINT ( 'NONE', #613 ) ;
#3625 = EDGE_CURVE ( 'NONE', #1340, #2754, #402, .T. ) ;
#3626 = VECTOR ( 'NONE', #452, 1000.000000000000000 ) ;
#3627 =( LENGTH_UNIT ( ) NAMED_UNIT ( * ) SI_UNIT ( .MILLI., .METRE. ) );
#3628 = ORIENTED_EDGE ( 'NONE', *, *, #2980, .T. ) ;
#3629 = AXIS2_PLACEMENT_3D ( 'NONE', #645, #622, #612 ) ;
#3630 = VECTOR ( 'NONE', #434, 1000.000000000000000 ) ;
#3631 = STYLED_ITEM ( 'NONE', ( #2492 ), #2700 ) ;
#3632 = PLANE ( 'NONE',  #2637 ) ;
#3633 = CARTESIAN_POINT ( 'NONE',  ( 4.800000000000020300, 5.600000000000010300, -3.849999999999981000 ) ) ;
#3634 = EDGE_CURVE ( 'NONE', #3115, #68, #1782, .T. ) ;
#3635 = ADVANCED_FACE ( 'NONE', ( #1607 ), #2846, .F. ) ;
#3636 = ORIENTED_EDGE ( 'NONE', *, *, #505, .T. ) ;
#3637 = LINE ( 'NONE', #1393, #133 ) ;
#3638 = ORIENTED_EDGE ( 'NONE', *, *, #1105, .T. ) ;
#3639 = DIRECTION ( 'NONE',  ( 1.000000000000000000, -3.491483361109382100E-015, -1.219045606090366800E-029 ) ) ;
#3640 = VECTOR ( 'NONE', #1140, 1000.000000000000000 ) ;
#3641 = EDGE_CURVE ( 'NONE', #3078, #2880, #2882, .T. ) ;
#3642 = EDGE_LOOP ( 'NONE', ( #1069, #3409, #2815, #736, #2316, #2741 ) ) ;
#3643 = DIRECTION ( 'NONE',  ( 3.491483361109382100E-015, 1.000000000000000000, 3.491483361109382100E-015 ) ) ;
#3644 =( NAMED_UNIT ( * ) PLANE_ANGLE_UNIT ( ) SI_UNIT ( $, .RADIAN. ) );
#3645 = CARTESIAN_POINT ( 'NONE',  ( 5.250000000000001800, 0.3499999999999976500, -0.9999999999999991100 ) ) ;
#3646 = FACE_OUTER_BOUND ( 'NONE', #183, .T. ) ;
#3647 = ORIENTED_EDGE ( 'NONE', *, *, #749, .T. ) ;
#3648 = STYLED_ITEM ( 'NONE', ( #3560 ), #3669 ) ;
#3649 = ORIENTED_EDGE ( 'NONE', *, *, #3625, .F. ) ;
#3650 = AXIS2_PLACEMENT_3D ( 'NONE', #1770, #576, #303 ) ;
#3651 = ORIENTED_EDGE ( 'NONE', *, *, #1744, .T. ) ;
#3652 = VERTEX_POINT ( 'NONE', #1706 ) ;
#3653 =( LENGTH_UNIT ( ) NAMED_UNIT ( * ) SI_UNIT ( .MILLI., .METRE. ) );
#3654 =( GEOMETRIC_REPRESENTATION_CONTEXT ( 3 ) GLOBAL_UNCERTAINTY_ASSIGNED_CONTEXT ( ( #2118 ) ) GLOBAL_UNIT_ASSIGNED_CONTEXT ( ( #3627, #1329, #516 ) ) REPRESENTATION_CONTEXT ( 'NONE', 'WORKASPACE' ) );
#3655 = DIRECTION ( 'NONE',  ( -3.491483361109382100E-015, -1.000000000000000000, -3.750397312747711400E-015 ) ) ;
#3656 = DIRECTION ( 'NONE',  ( 1.000000000000000000, -3.491483361109382500E-015, -1.219045606090366900E-029 ) ) ;
#3657 = ORIENTED_EDGE ( 'NONE', *, *, #1827, .F. ) ;
#3658 = FACE_OUTER_BOUND ( 'NONE', #2836, .T. ) ;
#3659 = CARTESIAN_POINT ( 'NONE',  ( 4.400000000000011900, 3.250000000000001300, -0.9999999999999879000 ) ) ;
#3660 = PLANE ( 'NONE',  #1546 ) ;
#3661 = FACE_OUTER_BOUND ( 'NONE', #69, .T. ) ;
#3662 = DIRECTION ( 'NONE',  ( 4.275692708279658900E-031, -3.369022725727144700E-015, 1.000000000000000000 ) ) ;
#3663 = SURFACE_STYLE_FILL_AREA ( #1625 ) ;
#3664 = CARTESIAN_POINT ( 'NONE',  ( -4.800000000000000700, -0.09999999999996725400, -1.000000000000000000 ) ) ;
#3665 = PRESENTATION_STYLE_ASSIGNMENT (( #1687 ) ) ;
#3666 = PRESENTATION_LAYER_ASSIGNMENT (  '', '', ( #3302 ) ) ;
#3667 = AXIS2_PLACEMENT_3D ( 'NONE', #2895, #892, #2597 ) ;
#3668 = CARTESIAN_POINT ( 'NONE',  ( -5.250000000000000000, 4.359795808877784500E-014, -3.750000000000000000 ) ) ;
#3669 = ADVANCED_FACE ( 'NONE', ( #2104 ), #1409, .F. ) ;
#3670 = ORIENTED_EDGE ( 'NONE', *, *, #78, .F. ) ;
#3671 = ORIENTED_EDGE ( 'NONE', *, *, #2783, .T. ) ;
#3672 = LINE ( 'NONE', #1962, #1363 ) ;
#3673 = ORIENTED_EDGE ( 'NONE', *, *, #3077, .T. ) ;
#3674 = DIRECTION ( 'NONE',  ( 1.000000000000000000, -3.491483361109382100E-015, -1.219045606090366800E-029 ) ) ;
ENDSEC;
END-ISO-10303-21;
