ISO-10303-21;
HEADER;
FILE_DESCRIPTION(('KiCad electronic assembly'),'2;1');
FILE_NAME('helios-bms-lipo.step','2026-09-29T13:20:07',('Pcbnew'),(
    'Kicad'),'Open CASCADE STEP processor 7.9','KiCad to STEP converter'
  ,'Unknown');
FILE_SCHEMA(('AUTOMOTIVE_DESIGN { 1 0 10303 214 1 1 1 1 }'));
ENDSEC;
DATA;
#1 = APPLICATION_PROTOCOL_DEFINITION('international standard',
  'automotive_design',2000,#2);
#2 = APPLICATION_CONTEXT(
  'core data for automotive mechanical design processes');
#3 = SHAPE_DEFINITION_REPRESENTATION(#4,#10);
#4 = PRODUCT_DEFINITION_SHAPE('','',#5);
#5 = PRODUCT_DEFINITION('design','',#6,#9);
#6 = PRODUCT_DEFINITION_FORMATION('','',#7);
#7 = PRODUCT('helios-bms-lipo 1','helios-bms-lipo 1','',(#8));
#8 = PRODUCT_CONTEXT('',#2,'mechanical');
#9 = PRODUCT_DEFINITION_CONTEXT('part definition',#2,'design');
#10 = SHAPE_REPRESENTATION('',(#11,#15,#19,#23,#27,#31,#35,#39,#43,#47,
    #51,#55,#59,#63,#67,#71,#75,#79,#83,#87,#91,#95,#99,#103,#107,#111,
    #115,#119,#123,#127,#131,#135,#139,#143),#147);
#11 = AXIS2_PLACEMENT_3D('',#12,#13,#14);
#12 = CARTESIAN_POINT('',(0.,0.,0.));
#13 = DIRECTION('',(0.,0.,1.));
#14 = DIRECTION('',(1.,0.,-0.));
#15 = AXIS2_PLACEMENT_3D('',#16,#17,#18);
#16 = CARTESIAN_POINT('',(90.1,-92.85,1.595));
#17 = DIRECTION('',(1.,-1.110223024625E-16,1.110223024625E-16));
#18 = DIRECTION('',(1.110223024625E-16,1.,0.));
#19 = AXIS2_PLACEMENT_3D('',#20,#21,#22);
#20 = CARTESIAN_POINT('',(89.5475,-83.479104,1.595));
#21 = DIRECTION('',(-1.,-1.110223024625E-16,1.110223024625E-16));
#22 = DIRECTION('',(1.110223024625E-16,-1.,0.));
#23 = AXIS2_PLACEMENT_3D('',#24,#25,#26);
#24 = CARTESIAN_POINT('',(96.8,-83.05,1.595));
#25 = DIRECTION('',(1.,-1.110223024625E-16,1.110223024625E-16));
#26 = DIRECTION('',(1.110223024625E-16,1.,0.));
#27 = AXIS2_PLACEMENT_3D('',#28,#29,#30);
#28 = CARTESIAN_POINT('',(90.7025,-80.875896,-8.5E-02));
#29 = DIRECTION('',(1.499759782662E-32,1.224646799147E-16,-1.));
#30 = DIRECTION('',(-1.,1.224646799147E-16,0.));
#31 = AXIS2_PLACEMENT_3D('',#32,#33,#34);
#32 = CARTESIAN_POINT('',(109.6,-71.85,-8.5E-02));
#33 = DIRECTION('',(0.,-1.224646799147E-16,-1.));
#34 = DIRECTION('',(1.,0.,0.));
#35 = AXIS2_PLACEMENT_3D('',#36,#37,#38);
#36 = CARTESIAN_POINT('',(86.3625,-86.2775,-8.5E-02));
#37 = DIRECTION('',(-1.224646799147E-16,-1.359631073447E-32,-1.));
#38 = DIRECTION('',(1.110223024625E-16,-1.,0.));
#39 = AXIS2_PLACEMENT_3D('',#40,#41,#42);
#40 = CARTESIAN_POINT('',(103.8,-80.65,-8.5E-02));
#41 = DIRECTION('',(1.224646799147E-16,-1.359631073447E-32,-1.));
#42 = DIRECTION('',(1.110223024625E-16,1.,0.));
#43 = AXIS2_PLACEMENT_3D('',#44,#45,#46);
#44 = CARTESIAN_POINT('',(101.9,-80.65,-8.5E-02));
#45 = DIRECTION('',(0.,-1.224646799147E-16,-1.));
#46 = DIRECTION('',(1.,0.,0.));
#47 = AXIS2_PLACEMENT_3D('',#48,#49,#50);
#48 = CARTESIAN_POINT('',(98.57,-76.845,-8.5E-02));
#49 = DIRECTION('',(0.,-1.224646799147E-16,-1.));
#50 = DIRECTION('',(1.,0.,0.));
#51 = AXIS2_PLACEMENT_3D('',#52,#53,#54);
#52 = CARTESIAN_POINT('',(109.95,-77.85,-8.5E-02));
#53 = DIRECTION('',(-1.224646799147E-16,-1.359631073447E-32,-1.));
#54 = DIRECTION('',(1.110223024625E-16,-1.,0.));
#55 = AXIS2_PLACEMENT_3D('',#56,#57,#58);
#56 = CARTESIAN_POINT('',(98.56,-77.845,-8.5E-02));
#57 = DIRECTION('',(1.499759782662E-32,1.224646799147E-16,-1.));
#58 = DIRECTION('',(-1.,1.224646799147E-16,0.));
#59 = AXIS2_PLACEMENT_3D('',#60,#61,#62);
#60 = CARTESIAN_POINT('',(90.7275,-82.875896,-8.5E-02));
#61 = DIRECTION('',(0.,-1.224646799147E-16,-1.));
#62 = DIRECTION('',(1.,0.,0.));
#63 = AXIS2_PLACEMENT_3D('',#64,#65,#66);
#64 = CARTESIAN_POINT('',(93.1825,-84.715896,-8.5E-02));
#65 = DIRECTION('',(-1.224646799147E-16,-1.359631073447E-32,-1.));
#66 = DIRECTION('',(1.110223024625E-16,-1.,0.));
#67 = AXIS2_PLACEMENT_3D('',#68,#69,#70);
#68 = CARTESIAN_POINT('',(99.75,-80.7,-8.5E-02));
#69 = DIRECTION('',(1.224646799147E-16,-1.359631073447E-32,-1.));
#70 = DIRECTION('',(1.110223024625E-16,1.,0.));
#71 = AXIS2_PLACEMENT_3D('',#72,#73,#74);
#72 = CARTESIAN_POINT('',(95.775,-80.66,-8.5E-02));
#73 = DIRECTION('',(1.224646799147E-16,-1.359631073447E-32,-1.));
#74 = DIRECTION('',(1.110223024625E-16,1.,0.));
#75 = AXIS2_PLACEMENT_3D('',#76,#77,#78);
#76 = CARTESIAN_POINT('',(90.7225,-81.875896,-8.5E-02));
#77 = DIRECTION('',(0.,-1.224646799147E-16,-1.));
#78 = DIRECTION('',(1.,0.,0.));
#79 = AXIS2_PLACEMENT_3D('',#80,#81,#82);
#80 = CARTESIAN_POINT('',(87.3125,-81.4875,-8.5E-02));
#81 = DIRECTION('',(1.499759782662E-32,1.224646799147E-16,-1.));
#82 = DIRECTION('',(-1.,1.224646799147E-16,0.));
#83 = AXIS2_PLACEMENT_3D('',#84,#85,#86);
#84 = CARTESIAN_POINT('',(90.7075,-79.875896,-8.5E-02));
#85 = DIRECTION('',(1.499759782662E-32,1.224646799147E-16,-1.));
#86 = DIRECTION('',(-1.,1.224646799147E-16,0.));
#87 = AXIS2_PLACEMENT_3D('',#88,#89,#90);
#88 = CARTESIAN_POINT('',(86.3625,-84.2775,-8.5E-02));
#89 = DIRECTION('',(-1.224646799147E-16,-1.359631073447E-32,-1.));
#90 = DIRECTION('',(1.110223024625E-16,-1.,0.));
#91 = AXIS2_PLACEMENT_3D('',#92,#93,#94);
#92 = CARTESIAN_POINT('',(109.6,-72.9,-8.5E-02));
#93 = DIRECTION('',(0.,-1.224646799147E-16,-1.));
#94 = DIRECTION('',(1.,0.,0.));
#95 = AXIS2_PLACEMENT_3D('',#96,#97,#98);
#96 = CARTESIAN_POINT('',(88.9625,-88.5375,-8.5E-02));
#97 = DIRECTION('',(1.499759782662E-32,1.224646799147E-16,-1.));
#98 = DIRECTION('',(-1.,1.224646799147E-16,0.));
#99 = AXIS2_PLACEMENT_3D('',#100,#101,#102);
#100 = CARTESIAN_POINT('',(95.075,-84.68,-8.5E-02));
#101 = DIRECTION('',(1.224646799147E-16,-1.359631073447E-32,-1.));
#102 = DIRECTION('',(1.110223024625E-16,1.,0.));
#103 = AXIS2_PLACEMENT_3D('',#104,#105,#106);
#104 = CARTESIAN_POINT('',(109.35,-75.05,-8.5E-02));
#105 = DIRECTION('',(-1.224646799147E-16,-1.359631073447E-32,-1.));
#106 = DIRECTION('',(1.110223024625E-16,-1.,0.));
#107 = AXIS2_PLACEMENT_3D('',#108,#109,#110);
#108 = CARTESIAN_POINT('',(86.7625,-82.7875,-8.5E-02));
#109 = DIRECTION('',(1.499759782662E-32,1.224646799147E-16,-1.));
#110 = DIRECTION('',(-1.,1.224646799147E-16,0.));
#111 = AXIS2_PLACEMENT_3D('',#112,#113,#114);
#112 = CARTESIAN_POINT('',(105.9,-77.55,-8.5E-02));
#113 = DIRECTION('',(1.499759782662E-32,1.224646799147E-16,-1.));
#114 = DIRECTION('',(-1.,1.224646799147E-16,0.));
#115 = AXIS2_PLACEMENT_3D('',#116,#117,#118);
#116 = CARTESIAN_POINT('',(107.85,-78.55,-8.5E-02));
#117 = DIRECTION('',(1.499759782662E-32,1.224646799147E-16,-1.));
#118 = DIRECTION('',(-1.,1.224646799147E-16,0.));
#119 = AXIS2_PLACEMENT_3D('',#120,#121,#122);
#120 = CARTESIAN_POINT('',(98.45,-81.,-8.5E-02));
#121 = DIRECTION('',(1.224646799147E-16,-1.359631073447E-32,-1.));
#122 = DIRECTION('',(1.110223024625E-16,1.,0.));
#123 = AXIS2_PLACEMENT_3D('',#124,#125,#126);
#124 = CARTESIAN_POINT('',(107.45,-74.12,-8.5E-02));
#125 = DIRECTION('',(-1.224646799147E-16,-1.359631073447E-32,-1.));
#126 = DIRECTION('',(1.110223024625E-16,-1.,0.));
#127 = AXIS2_PLACEMENT_3D('',#128,#129,#130);
#128 = CARTESIAN_POINT('',(104.8,-80.66,-8.5E-02));
#129 = DIRECTION('',(1.224646799147E-16,-1.359631073447E-32,-1.));
#130 = DIRECTION('',(1.110223024625E-16,1.,0.));
#131 = AXIS2_PLACEMENT_3D('',#132,#133,#134);
#132 = CARTESIAN_POINT('',(107.45,-76.08,-8.5E-02));
#133 = DIRECTION('',(1.224646799147E-16,-1.359631073447E-32,-1.));
#134 = DIRECTION('',(1.110223024625E-16,1.,0.));
#135 = AXIS2_PLACEMENT_3D('',#136,#137,#138);
#136 = CARTESIAN_POINT('',(105.9,-78.55,-8.5E-02));
#137 = DIRECTION('',(1.499759782662E-32,1.224646799147E-16,-1.));
#138 = DIRECTION('',(-1.,1.224646799147E-16,0.));
#139 = AXIS2_PLACEMENT_3D('',#140,#141,#142);
#140 = CARTESIAN_POINT('',(107.85,-77.55,-8.5E-02));
#141 = DIRECTION('',(1.499759782662E-32,1.224646799147E-16,-1.));
#142 = DIRECTION('',(-1.,1.224646799147E-16,0.));
#143 = AXIS2_PLACEMENT_3D('',#144,#145,#146);
#144 = CARTESIAN_POINT('',(0.,0.,0.));
#145 = DIRECTION('',(0.,0.,1.));
#146 = DIRECTION('',(1.,0.,-0.));
#147 = ( GEOMETRIC_REPRESENTATION_CONTEXT(3) 
GLOBAL_UNCERTAINTY_ASSIGNED_CONTEXT((#151)) GLOBAL_UNIT_ASSIGNED_CONTEXT
((#148,#149,#150)) REPRESENTATION_CONTEXT('Context #1',
  '3D Context with UNIT and UNCERTAINTY') );
#148 = ( LENGTH_UNIT() NAMED_UNIT(*) SI_UNIT(.MILLI.,.METRE.) );
#149 = ( NAMED_UNIT(*) PLANE_ANGLE_UNIT() SI_UNIT($,.RADIAN.) );
#150 = ( NAMED_UNIT(*) SI_UNIT($,.STERADIAN.) SOLID_ANGLE_UNIT() );
#151 = UNCERTAINTY_MEASURE_WITH_UNIT(LENGTH_MEASURE(2.E-07),#148,
  'distance_accuracy_value','confusion accuracy');
#152 = PRODUCT_RELATED_PRODUCT_CATEGORY('part',$,(#7));
#153 = SHAPE_DEFINITION_REPRESENTATION(#154,#160);
#154 = PRODUCT_DEFINITION_SHAPE('','',#155);
#155 = PRODUCT_DEFINITION('design','',#156,#159);
#156 = PRODUCT_DEFINITION_FORMATION('','',#157);
#157 = PRODUCT('S2B-PH-SM4-TB','S2B-PH-SM4-TB','',(#158));
#158 = PRODUCT_CONTEXT('',#2,'mechanical');
#159 = PRODUCT_DEFINITION_CONTEXT('part definition',#2,'design');
#160 = SHAPE_REPRESENTATION('',(#11,#161),#165);
#161 = AXIS2_PLACEMENT_3D('',#162,#163,#164);
#162 = CARTESIAN_POINT('',(0.,0.,0.));
#163 = DIRECTION('',(0.,0.,1.));
#164 = DIRECTION('',(1.,0.,-0.));
#165 = ( GEOMETRIC_REPRESENTATION_CONTEXT(3) 
GLOBAL_UNCERTAINTY_ASSIGNED_CONTEXT((#169)) GLOBAL_UNIT_ASSIGNED_CONTEXT
((#166,#167,#168)) REPRESENTATION_CONTEXT('Context #1',
  '3D Context with UNIT and UNCERTAINTY') );
#166 = ( LENGTH_UNIT() NAMED_UNIT(*) SI_UNIT(.MILLI.,.METRE.) );
#167 = ( NAMED_UNIT(*) PLANE_ANGLE_UNIT() SI_UNIT($,.RADIAN.) );
#168 = ( NAMED_UNIT(*) SI_UNIT($,.STERADIAN.) SOLID_ANGLE_UNIT() );
#169 = UNCERTAINTY_MEASURE_WITH_UNIT(LENGTH_MEASURE(1.E-07),#166,
  'distance_accuracy_value','confusion accuracy');
#170 = CONTEXT_DEPENDENT_SHAPE_REPRESENTATION(#171,#173);
#171 = ( REPRESENTATION_RELATIONSHIP('','',#160,#10) 
REPRESENTATION_RELATIONSHIP_WITH_TRANSFORMATION(#172) 
SHAPE_REPRESENTATION_RELATIONSHIP() );
#172 = ITEM_DEFINED_TRANSFORMATION('','',#11,#15);
#173 = PRODUCT_DEFINITION_SHAPE('Placement','Placement of an item',#174
  );
#174 = NEXT_ASSEMBLY_USAGE_OCCURRENCE('2','J3','',#5,#155,$);
#175 = PRODUCT_RELATED_PRODUCT_CATEGORY('part',$,(#157));
#176 = SHAPE_DEFINITION_REPRESENTATION(#177,#183);
#177 = PRODUCT_DEFINITION_SHAPE('','',#178);
#178 = PRODUCT_DEFINITION('design','',#179,#182);
#179 = PRODUCT_DEFINITION_FORMATION('','',#180);
#180 = PRODUCT('S2B-PH-SM4','S2B-PH-SM4','',(#181));
#181 = PRODUCT_CONTEXT('',#2,'mechanical');
#182 = PRODUCT_DEFINITION_CONTEXT('part definition',#2,'design');
#183 = ADVANCED_BREP_SHAPE_REPRESENTATION('',(#11,#184),#3042);
#184 = MANIFOLD_SOLID_BREP('',#185);
#185 = CLOSED_SHELL('',(#186,#226,#292,#317,#342,#392,#573,#590,#612,
    #624,#636,#702,#797,#828,#939,#956,#1035,#1066,#1091,#1108,#1166,
    #1245,#1276,#1300,#1404,#1436,#1453,#1485,#1552,#1574,#1591,#1608,
    #1620,#1632,#1773,#1785,#1809,#1821,#1838,#1862,#1879,#1901,#1918,
    #1930,#2054,#2092,#2118,#2149,#2161,#2224,#2236,#2267,#2298,#2310,
    #2350,#2367,#2402,#2444,#2461,#2494,#2518,#2530,#2542,#2554,#2578,
    #2609,#2626,#2650,#2674,#2691,#2715,#2732,#2744,#2756,#2773,#2804,
    #2835,#2866,#2890,#2907,#2924,#2941,#2953,#2977,#2994,#3006,#3018,
    #3030));
#186 = ADVANCED_FACE('',(#187),#221,.F.);
#187 = FACE_BOUND('',#188,.T.);
#188 = EDGE_LOOP('',(#189,#199,#207,#215));
#189 = ORIENTED_EDGE('',*,*,#190,.F.);
#190 = EDGE_CURVE('',#191,#193,#195,.T.);
#191 = VERTEX_POINT('',#192);
#192 = CARTESIAN_POINT('',(9.15,2.75,10.5));
#193 = VERTEX_POINT('',#194);
#194 = CARTESIAN_POINT('',(8.65,2.75,10.5));
#195 = LINE('',#196,#197);
#196 = CARTESIAN_POINT('',(8.65,2.75,10.5));
#197 = VECTOR('',#198,1.);
#198 = DIRECTION('',(-1.,5.374889246201E-17,7.281636885445E-15));
#199 = ORIENTED_EDGE('',*,*,#200,.T.);
#200 = EDGE_CURVE('',#191,#201,#203,.T.);
#201 = VERTEX_POINT('',#202);
#202 = CARTESIAN_POINT('',(9.15,0.5,10.5));
#203 = LINE('',#204,#205);
#204 = CARTESIAN_POINT('',(9.15,2.75,10.5));
#205 = VECTOR('',#206,1.);
#206 = DIRECTION('',(-5.374889246193E-17,-1.,1.083585080749E-14));
#207 = ORIENTED_EDGE('',*,*,#208,.T.);
#208 = EDGE_CURVE('',#201,#209,#211,.T.);
#209 = VERTEX_POINT('',#210);
#210 = CARTESIAN_POINT('',(8.65,0.5,10.5));
#211 = LINE('',#212,#213);
#212 = CARTESIAN_POINT('',(8.65,0.5,10.5));
#213 = VECTOR('',#214,1.);
#214 = DIRECTION('',(-1.,5.374889246201E-17,7.281636885445E-15));
#215 = ORIENTED_EDGE('',*,*,#216,.F.);
#216 = EDGE_CURVE('',#193,#209,#217,.T.);
#217 = LINE('',#218,#219);
#218 = CARTESIAN_POINT('',(8.65,2.75,10.5));
#219 = VECTOR('',#220,1.);
#220 = DIRECTION('',(-5.374889246193E-17,-1.,1.083585080749E-14));
#221 = PLANE('',#222);
#222 = AXIS2_PLACEMENT_3D('',#223,#224,#225);
#223 = CARTESIAN_POINT('',(8.65,2.75,10.5));
#224 = DIRECTION('',(7.281636885445E-15,1.083585080749E-14,1.));
#225 = DIRECTION('',(5.374889246193E-17,1.,-1.083585080749E-14));
#226 = ADVANCED_FACE('',(#227),#287,.T.);
#227 = FACE_BOUND('',#228,.T.);
#228 = EDGE_LOOP('',(#229,#238,#246,#255,#263,#271,#279,#286));
#229 = ORIENTED_EDGE('',*,*,#230,.F.);
#230 = EDGE_CURVE('',#231,#191,#233,.T.);
#231 = VERTEX_POINT('',#232);
#232 = CARTESIAN_POINT('',(9.15,3.34160797831,11.));
#233 = CIRCLE('',#234,0.6);
#234 = AXIS2_PLACEMENT_3D('',#235,#236,#237);
#235 = CARTESIAN_POINT('',(9.15,2.75,11.1));
#236 = DIRECTION('',(-1.,5.374889246201E-17,7.281636885445E-15));
#237 = DIRECTION('',(-5.374889246193E-17,-1.,1.156482317318E-14));
#238 = ORIENTED_EDGE('',*,*,#239,.T.);
#239 = EDGE_CURVE('',#231,#240,#242,.T.);
#240 = VERTEX_POINT('',#241);
#241 = CARTESIAN_POINT('',(9.15,0.5,11.));
#242 = LINE('',#243,#244);
#243 = CARTESIAN_POINT('',(9.15,2.75,11.));
#244 = VECTOR('',#245,1.);
#245 = DIRECTION('',(-5.374889246193E-17,-1.,1.083585080749E-14));
#246 = ORIENTED_EDGE('',*,*,#247,.T.);
#247 = EDGE_CURVE('',#240,#248,#250,.T.);
#248 = VERTEX_POINT('',#249);
#249 = CARTESIAN_POINT('',(9.15,-0.1,10.4));
#250 = CIRCLE('',#251,0.6);
#251 = AXIS2_PLACEMENT_3D('',#252,#253,#254);
#252 = CARTESIAN_POINT('',(9.15,0.5,10.4));
#253 = DIRECTION('',(1.,-5.374889246201E-17,-7.281636885445E-15));
#254 = DIRECTION('',(5.374889246193E-17,1.,-1.156482317318E-14));
#255 = ORIENTED_EDGE('',*,*,#256,.T.);
#256 = EDGE_CURVE('',#248,#257,#259,.T.);
#257 = VERTEX_POINT('',#258);
#258 = CARTESIAN_POINT('',(9.15,-0.1,8.4));
#259 = LINE('',#260,#261);
#260 = CARTESIAN_POINT('',(9.15,-0.1,10.4));
#261 = VECTOR('',#262,1.);
#262 = DIRECTION('',(-7.281636885445E-15,-1.052866019195E-14,-1.));
#263 = ORIENTED_EDGE('',*,*,#264,.T.);
#264 = EDGE_CURVE('',#257,#265,#267,.T.);
#265 = VERTEX_POINT('',#266);
#266 = CARTESIAN_POINT('',(9.15,0.4,8.4));
#267 = LINE('',#268,#269);
#268 = CARTESIAN_POINT('',(9.15,0.4,8.4));
#269 = VECTOR('',#270,1.);
#270 = DIRECTION('',(5.374889246204E-17,1.,3.736404631874E-15));
#271 = ORIENTED_EDGE('',*,*,#272,.F.);
#272 = EDGE_CURVE('',#273,#265,#275,.T.);
#273 = VERTEX_POINT('',#274);
#274 = CARTESIAN_POINT('',(9.15,0.4,10.4));
#275 = LINE('',#276,#277);
#276 = CARTESIAN_POINT('',(9.15,0.4,10.4));
#277 = VECTOR('',#278,1.);
#278 = DIRECTION('',(-7.281636885445E-15,-1.052866019195E-14,-1.));
#279 = ORIENTED_EDGE('',*,*,#280,.F.);
#280 = EDGE_CURVE('',#201,#273,#281,.T.);
#281 = CIRCLE('',#282,1.E-01);
#282 = AXIS2_PLACEMENT_3D('',#283,#284,#285);
#283 = CARTESIAN_POINT('',(9.15,0.5,10.4));
#284 = DIRECTION('',(1.,-5.374889246201E-17,-7.281636885445E-15));
#285 = DIRECTION('',(5.374889246189E-17,1.,-1.734723475977E-14));
#286 = ORIENTED_EDGE('',*,*,#200,.F.);
#287 = PLANE('',#288);
#288 = AXIS2_PLACEMENT_3D('',#289,#290,#291);
#289 = CARTESIAN_POINT('',(9.15,3.35,11.1));
#290 = DIRECTION('',(1.,-5.374889246201E-17,-7.281636885445E-15));
#291 = DIRECTION('',(5.374889246194E-17,1.,-1.047445008333E-14));
#292 = ADVANCED_FACE('',(#293),#312,.T.);
#293 = FACE_BOUND('',#294,.T.);
#294 = EDGE_LOOP('',(#295,#304,#310,#311));
#295 = ORIENTED_EDGE('',*,*,#296,.F.);
#296 = EDGE_CURVE('',#297,#193,#299,.T.);
#297 = VERTEX_POINT('',#298);
#298 = CARTESIAN_POINT('',(8.65,3.34160797831,11.));
#299 = CIRCLE('',#300,0.6);
#300 = AXIS2_PLACEMENT_3D('',#301,#302,#303);
#301 = CARTESIAN_POINT('',(8.65,2.75,11.1));
#302 = DIRECTION('',(-1.,5.374889246201E-17,7.281636885445E-15));
#303 = DIRECTION('',(-5.374889246193E-17,-1.,1.156482317318E-14));
#304 = ORIENTED_EDGE('',*,*,#305,.T.);
#305 = EDGE_CURVE('',#297,#231,#306,.T.);
#306 = LINE('',#307,#308);
#307 = CARTESIAN_POINT('',(8.9,3.34160797831,11.));
#308 = VECTOR('',#309,1.);
#309 = DIRECTION('',(1.,-5.374889246201E-17,-7.281636885445E-15));
#310 = ORIENTED_EDGE('',*,*,#230,.T.);
#311 = ORIENTED_EDGE('',*,*,#190,.T.);
#312 = CYLINDRICAL_SURFACE('',#313,0.6);
#313 = AXIS2_PLACEMENT_3D('',#314,#315,#316);
#314 = CARTESIAN_POINT('',(8.9,2.75,11.1));
#315 = DIRECTION('',(-1.,5.374889246201E-17,7.281636885445E-15));
#316 = DIRECTION('',(-5.374889246193E-17,-1.,1.156482317318E-14));
#317 = ADVANCED_FACE('',(#318),#337,.F.);
#318 = FACE_BOUND('',#319,.F.);
#319 = EDGE_LOOP('',(#320,#329,#335,#336));
#320 = ORIENTED_EDGE('',*,*,#321,.T.);
#321 = EDGE_CURVE('',#209,#322,#324,.T.);
#322 = VERTEX_POINT('',#323);
#323 = CARTESIAN_POINT('',(8.65,0.4,10.4));
#324 = CIRCLE('',#325,1.E-01);
#325 = AXIS2_PLACEMENT_3D('',#326,#327,#328);
#326 = CARTESIAN_POINT('',(8.65,0.5,10.4));
#327 = DIRECTION('',(1.,-5.374889246201E-17,-7.281636885445E-15));
#328 = DIRECTION('',(5.374889246189E-17,1.,-1.734723475977E-14));
#329 = ORIENTED_EDGE('',*,*,#330,.F.);
#330 = EDGE_CURVE('',#273,#322,#331,.T.);
#331 = LINE('',#332,#333);
#332 = CARTESIAN_POINT('',(8.65,0.4,10.4));
#333 = VECTOR('',#334,1.);
#334 = DIRECTION('',(-1.,5.374889246201E-17,7.281636885445E-15));
#335 = ORIENTED_EDGE('',*,*,#280,.F.);
#336 = ORIENTED_EDGE('',*,*,#208,.T.);
#337 = CYLINDRICAL_SURFACE('',#338,1.E-01);
#338 = AXIS2_PLACEMENT_3D('',#339,#340,#341);
#339 = CARTESIAN_POINT('',(8.9,0.5,10.4));
#340 = DIRECTION('',(1.,-5.374889246201E-17,-7.281636885445E-15));
#341 = DIRECTION('',(5.374889246189E-17,1.,-1.734723475977E-14));
#342 = ADVANCED_FACE('',(#343),#387,.T.);
#343 = FACE_BOUND('',#344,.T.);
#344 = EDGE_LOOP('',(#345,#353,#354,#355,#356,#364,#372,#380));
#345 = ORIENTED_EDGE('',*,*,#346,.F.);
#346 = EDGE_CURVE('',#297,#347,#349,.T.);
#347 = VERTEX_POINT('',#348);
#348 = CARTESIAN_POINT('',(8.65,0.5,11.));
#349 = LINE('',#350,#351);
#350 = CARTESIAN_POINT('',(8.65,2.75,11.));
#351 = VECTOR('',#352,1.);
#352 = DIRECTION('',(-5.374889246193E-17,-1.,1.083585080749E-14));
#353 = ORIENTED_EDGE('',*,*,#296,.T.);
#354 = ORIENTED_EDGE('',*,*,#216,.T.);
#355 = ORIENTED_EDGE('',*,*,#321,.T.);
#356 = ORIENTED_EDGE('',*,*,#357,.T.);
#357 = EDGE_CURVE('',#322,#358,#360,.T.);
#358 = VERTEX_POINT('',#359);
#359 = CARTESIAN_POINT('',(8.65,0.4,8.4));
#360 = LINE('',#361,#362);
#361 = CARTESIAN_POINT('',(8.65,0.4,10.4));
#362 = VECTOR('',#363,1.);
#363 = DIRECTION('',(-7.281636885445E-15,-1.052866019195E-14,-1.));
#364 = ORIENTED_EDGE('',*,*,#365,.T.);
#365 = EDGE_CURVE('',#358,#366,#368,.T.);
#366 = VERTEX_POINT('',#367);
#367 = CARTESIAN_POINT('',(8.65,-0.1,8.4));
#368 = LINE('',#369,#370);
#369 = CARTESIAN_POINT('',(8.65,0.4,8.4));
#370 = VECTOR('',#371,1.);
#371 = DIRECTION('',(-5.374889246204E-17,-1.,-3.736404631874E-15));
#372 = ORIENTED_EDGE('',*,*,#373,.F.);
#373 = EDGE_CURVE('',#374,#366,#376,.T.);
#374 = VERTEX_POINT('',#375);
#375 = CARTESIAN_POINT('',(8.65,-0.1,10.4));
#376 = LINE('',#377,#378);
#377 = CARTESIAN_POINT('',(8.65,-0.1,10.4));
#378 = VECTOR('',#379,1.);
#379 = DIRECTION('',(-7.281636885445E-15,-1.052866019195E-14,-1.));
#380 = ORIENTED_EDGE('',*,*,#381,.F.);
#381 = EDGE_CURVE('',#347,#374,#382,.T.);
#382 = CIRCLE('',#383,0.6);
#383 = AXIS2_PLACEMENT_3D('',#384,#385,#386);
#384 = CARTESIAN_POINT('',(8.65,0.5,10.4));
#385 = DIRECTION('',(1.,-5.374889246201E-17,-7.281636885445E-15));
#386 = DIRECTION('',(5.374889246193E-17,1.,-1.156482317318E-14));
#387 = PLANE('',#388);
#388 = AXIS2_PLACEMENT_3D('',#389,#390,#391);
#389 = CARTESIAN_POINT('',(8.65,3.35,11.1));
#390 = DIRECTION('',(-1.,5.374889246201E-17,7.281636885445E-15));
#391 = DIRECTION('',(-5.374889246194E-17,-1.,1.047445008333E-14));
#392 = ADVANCED_FACE('',(#393,#404,#438),#568,.F.);
#393 = FACE_BOUND('',#394,.T.);
#394 = EDGE_LOOP('',(#395,#396,#397,#403));
#395 = ORIENTED_EDGE('',*,*,#305,.F.);
#396 = ORIENTED_EDGE('',*,*,#346,.T.);
#397 = ORIENTED_EDGE('',*,*,#398,.T.);
#398 = EDGE_CURVE('',#347,#240,#399,.T.);
#399 = LINE('',#400,#401);
#400 = CARTESIAN_POINT('',(8.65,0.5,11.));
#401 = VECTOR('',#402,1.);
#402 = DIRECTION('',(1.,-5.374889246201E-17,-7.281636885445E-15));
#403 = ORIENTED_EDGE('',*,*,#239,.F.);
#404 = FACE_BOUND('',#405,.T.);
#405 = EDGE_LOOP('',(#406,#416,#424,#432));
#406 = ORIENTED_EDGE('',*,*,#407,.F.);
#407 = EDGE_CURVE('',#408,#410,#412,.T.);
#408 = VERTEX_POINT('',#409);
#409 = CARTESIAN_POINT('',(6.65,3.34160797831,11.));
#410 = VERTEX_POINT('',#411);
#411 = CARTESIAN_POINT('',(7.15,3.34160797831,11.));
#412 = LINE('',#413,#414);
#413 = CARTESIAN_POINT('',(6.9,3.34160797831,11.));
#414 = VECTOR('',#415,1.);
#415 = DIRECTION('',(1.,-5.374889246201E-17,-7.281636885445E-15));
#416 = ORIENTED_EDGE('',*,*,#417,.T.);
#417 = EDGE_CURVE('',#408,#418,#420,.T.);
#418 = VERTEX_POINT('',#419);
#419 = CARTESIAN_POINT('',(6.65,0.5,11.));
#420 = LINE('',#421,#422);
#421 = CARTESIAN_POINT('',(6.65,2.75,11.));
#422 = VECTOR('',#423,1.);
#423 = DIRECTION('',(-5.374889246193E-17,-1.,1.083585080749E-14));
#424 = ORIENTED_EDGE('',*,*,#425,.T.);
#425 = EDGE_CURVE('',#418,#426,#428,.T.);
#426 = VERTEX_POINT('',#427);
#427 = CARTESIAN_POINT('',(7.15,0.5,11.));
#428 = LINE('',#429,#430);
#429 = CARTESIAN_POINT('',(6.65,0.5,11.));
#430 = VECTOR('',#431,1.);
#431 = DIRECTION('',(1.,-5.374889246201E-17,-7.281636885445E-15));
#432 = ORIENTED_EDGE('',*,*,#433,.F.);
#433 = EDGE_CURVE('',#410,#426,#434,.T.);
#434 = LINE('',#435,#436);
#435 = CARTESIAN_POINT('',(7.15,2.75,11.));
#436 = VECTOR('',#437,1.);
#437 = DIRECTION('',(-5.374889246193E-17,-1.,1.083585080749E-14));
#438 = FACE_BOUND('',#439,.T.);
#439 = EDGE_LOOP('',(#440,#450,#458,#466,#474,#482,#490,#498,#506,#514,
    #522,#530,#538,#546,#554,#562));
#440 = ORIENTED_EDGE('',*,*,#441,.T.);
#441 = EDGE_CURVE('',#442,#444,#446,.T.);
#442 = VERTEX_POINT('',#443);
#443 = CARTESIAN_POINT('',(6.6,5.5,11.));
#444 = VERTEX_POINT('',#445);
#445 = CARTESIAN_POINT('',(9.2,5.5,11.));
#446 = LINE('',#447,#448);
#447 = CARTESIAN_POINT('',(3.95,5.5,11.));
#448 = VECTOR('',#449,1.);
#449 = DIRECTION('',(1.,-5.374889246201E-17,-7.281636885445E-15));
#450 = ORIENTED_EDGE('',*,*,#451,.F.);
#451 = EDGE_CURVE('',#452,#444,#454,.T.);
#452 = VERTEX_POINT('',#453);
#453 = CARTESIAN_POINT('',(9.2,4.2,11.));
#454 = LINE('',#455,#456);
#455 = CARTESIAN_POINT('',(9.2,7.689437438234E-02,11.));
#456 = VECTOR('',#457,1.);
#457 = DIRECTION('',(5.374889246194E-17,1.,-1.047445008333E-14));
#458 = ORIENTED_EDGE('',*,*,#459,.T.);
#459 = EDGE_CURVE('',#452,#460,#462,.T.);
#460 = VERTEX_POINT('',#461);
#461 = CARTESIAN_POINT('',(10.2,4.2,11.));
#462 = LINE('',#463,#464);
#463 = CARTESIAN_POINT('',(10.2,4.2,11.));
#464 = VECTOR('',#465,1.);
#465 = DIRECTION('',(1.,-5.374889246202E-17,-7.649018791592E-15));
#466 = ORIENTED_EDGE('',*,*,#467,.T.);
#467 = EDGE_CURVE('',#460,#468,#470,.T.);
#468 = VERTEX_POINT('',#469);
#469 = CARTESIAN_POINT('',(10.2,5.5,11.));
#470 = LINE('',#471,#472);
#471 = CARTESIAN_POINT('',(10.2,7.689437438234E-02,11.));
#472 = VECTOR('',#473,1.);
#473 = DIRECTION('',(5.374889246194E-17,1.,-1.047445008333E-14));
#474 = ORIENTED_EDGE('',*,*,#475,.T.);
#475 = EDGE_CURVE('',#468,#476,#478,.T.);
#476 = VERTEX_POINT('',#477);
#477 = CARTESIAN_POINT('',(11.85,5.5,11.));
#478 = LINE('',#479,#480);
#479 = CARTESIAN_POINT('',(3.95,5.5,11.));
#480 = VECTOR('',#481,1.);
#481 = DIRECTION('',(1.,-5.374889246201E-17,-7.281636885445E-15));
#482 = ORIENTED_EDGE('',*,*,#483,.T.);
#483 = EDGE_CURVE('',#476,#484,#486,.T.);
#484 = VERTEX_POINT('',#485);
#485 = CARTESIAN_POINT('',(11.85,3.7,11.));
#486 = LINE('',#487,#488);
#487 = CARTESIAN_POINT('',(11.85,3.7,11.));
#488 = VECTOR('',#489,1.);
#489 = DIRECTION('',(-5.374889246194E-17,-1.,1.037329745436E-14));
#490 = ORIENTED_EDGE('',*,*,#491,.F.);
#491 = EDGE_CURVE('',#492,#484,#494,.T.);
#492 = VERTEX_POINT('',#493);
#493 = CARTESIAN_POINT('',(11.05,3.7,11.));
#494 = LINE('',#495,#496);
#495 = CARTESIAN_POINT('',(3.95,3.7,11.));
#496 = VECTOR('',#497,1.);
#497 = DIRECTION('',(1.,-5.374889246201E-17,-7.281636885445E-15));
#498 = ORIENTED_EDGE('',*,*,#499,.T.);
#499 = EDGE_CURVE('',#492,#500,#502,.T.);
#500 = VERTEX_POINT('',#501);
#501 = CARTESIAN_POINT('',(11.05,-5.20417042793E-15,11.));
#502 = LINE('',#503,#504);
#503 = CARTESIAN_POINT('',(11.05,5.5,11.));
#504 = VECTOR('',#505,1.);
#505 = DIRECTION('',(-5.374889246194E-17,-1.,1.047445008333E-14));
#506 = ORIENTED_EDGE('',*,*,#507,.T.);
#507 = EDGE_CURVE('',#500,#508,#510,.T.);
#508 = VERTEX_POINT('',#509);
#509 = CARTESIAN_POINT('',(4.75,-5.20417042793E-15,11.));
#510 = LINE('',#511,#512);
#511 = CARTESIAN_POINT('',(4.75,-5.20417042793E-15,11.));
#512 = VECTOR('',#513,1.);
#513 = DIRECTION('',(-1.,5.374889246201E-17,7.159176250063E-15));
#514 = ORIENTED_EDGE('',*,*,#515,.F.);
#515 = EDGE_CURVE('',#516,#508,#518,.T.);
#516 = VERTEX_POINT('',#517);
#517 = CARTESIAN_POINT('',(4.75,3.7,11.));
#518 = LINE('',#519,#520);
#519 = CARTESIAN_POINT('',(4.75,5.5,11.));
#520 = VECTOR('',#521,1.);
#521 = DIRECTION('',(-5.374889246194E-17,-1.,1.047445008333E-14));
#522 = ORIENTED_EDGE('',*,*,#523,.F.);
#523 = EDGE_CURVE('',#524,#516,#526,.T.);
#524 = VERTEX_POINT('',#525);
#525 = CARTESIAN_POINT('',(3.95,3.7,11.));
#526 = LINE('',#527,#528);
#527 = CARTESIAN_POINT('',(3.95,3.7,11.));
#528 = VECTOR('',#529,1.);
#529 = DIRECTION('',(1.,-5.374889246201E-17,-7.281636885445E-15));
#530 = ORIENTED_EDGE('',*,*,#531,.F.);
#531 = EDGE_CURVE('',#532,#524,#534,.T.);
#532 = VERTEX_POINT('',#533);
#533 = CARTESIAN_POINT('',(3.95,5.5,11.));
#534 = LINE('',#535,#536);
#535 = CARTESIAN_POINT('',(3.95,3.7,11.));
#536 = VECTOR('',#537,1.);
#537 = DIRECTION('',(-5.374889246194E-17,-1.,1.037329745436E-14));
#538 = ORIENTED_EDGE('',*,*,#539,.T.);
#539 = EDGE_CURVE('',#532,#540,#542,.T.);
#540 = VERTEX_POINT('',#541);
#541 = CARTESIAN_POINT('',(5.6,5.5,11.));
#542 = LINE('',#543,#544);
#543 = CARTESIAN_POINT('',(3.95,5.5,11.));
#544 = VECTOR('',#545,1.);
#545 = DIRECTION('',(1.,-5.374889246201E-17,-7.281636885445E-15));
#546 = ORIENTED_EDGE('',*,*,#547,.F.);
#547 = EDGE_CURVE('',#548,#540,#550,.T.);
#548 = VERTEX_POINT('',#549);
#549 = CARTESIAN_POINT('',(5.6,4.2,11.));
#550 = LINE('',#551,#552);
#551 = CARTESIAN_POINT('',(5.6,7.689437438234E-02,11.));
#552 = VECTOR('',#553,1.);
#553 = DIRECTION('',(5.374889246194E-17,1.,-1.047445008333E-14));
#554 = ORIENTED_EDGE('',*,*,#555,.T.);
#555 = EDGE_CURVE('',#548,#556,#558,.T.);
#556 = VERTEX_POINT('',#557);
#557 = CARTESIAN_POINT('',(6.6,4.2,11.));
#558 = LINE('',#559,#560);
#559 = CARTESIAN_POINT('',(5.6,4.2,11.));
#560 = VECTOR('',#561,1.);
#561 = DIRECTION('',(1.,-5.374889246201E-17,-7.159176250063E-15));
#562 = ORIENTED_EDGE('',*,*,#563,.T.);
#563 = EDGE_CURVE('',#556,#442,#564,.T.);
#564 = LINE('',#565,#566);
#565 = CARTESIAN_POINT('',(6.6,7.689437438234E-02,11.));
#566 = VECTOR('',#567,1.);
#567 = DIRECTION('',(5.374889246194E-17,1.,-1.047445008333E-14));
#568 = PLANE('',#569);
#569 = AXIS2_PLACEMENT_3D('',#570,#571,#572);
#570 = CARTESIAN_POINT('',(3.95,3.7,11.));
#571 = DIRECTION('',(7.281636885445E-15,1.037329745436E-14,1.));
#572 = DIRECTION('',(5.374889246194E-17,1.,-1.037329745436E-14));
#573 = ADVANCED_FACE('',(#574),#585,.T.);
#574 = FACE_BOUND('',#575,.T.);
#575 = EDGE_LOOP('',(#576,#577,#578,#584));
#576 = ORIENTED_EDGE('',*,*,#398,.F.);
#577 = ORIENTED_EDGE('',*,*,#381,.T.);
#578 = ORIENTED_EDGE('',*,*,#579,.T.);
#579 = EDGE_CURVE('',#374,#248,#580,.T.);
#580 = LINE('',#581,#582);
#581 = CARTESIAN_POINT('',(8.65,-0.1,10.4));
#582 = VECTOR('',#583,1.);
#583 = DIRECTION('',(1.,-5.374889246201E-17,-7.281636885445E-15));
#584 = ORIENTED_EDGE('',*,*,#247,.F.);
#585 = CYLINDRICAL_SURFACE('',#586,0.6);
#586 = AXIS2_PLACEMENT_3D('',#587,#588,#589);
#587 = CARTESIAN_POINT('',(8.9,0.5,10.4));
#588 = DIRECTION('',(1.,-5.374889246201E-17,-7.281636885445E-15));
#589 = DIRECTION('',(5.374889246193E-17,1.,-1.156482317318E-14));
#590 = ADVANCED_FACE('',(#591),#607,.F.);
#591 = FACE_BOUND('',#592,.T.);
#592 = EDGE_LOOP('',(#593,#594,#600,#601));
#593 = ORIENTED_EDGE('',*,*,#365,.F.);
#594 = ORIENTED_EDGE('',*,*,#595,.F.);
#595 = EDGE_CURVE('',#265,#358,#596,.T.);
#596 = LINE('',#597,#598);
#597 = CARTESIAN_POINT('',(8.65,0.4,8.4));
#598 = VECTOR('',#599,1.);
#599 = DIRECTION('',(-1.,5.374889246201E-17,7.281636885445E-15));
#600 = ORIENTED_EDGE('',*,*,#264,.F.);
#601 = ORIENTED_EDGE('',*,*,#602,.F.);
#602 = EDGE_CURVE('',#366,#257,#603,.T.);
#603 = LINE('',#604,#605);
#604 = CARTESIAN_POINT('',(8.65,-0.1,8.4));
#605 = VECTOR('',#606,1.);
#606 = DIRECTION('',(1.,-5.374889246201E-17,-7.281636885445E-15));
#607 = PLANE('',#608);
#608 = AXIS2_PLACEMENT_3D('',#609,#610,#611);
#609 = CARTESIAN_POINT('',(8.65,-0.1,8.4));
#610 = DIRECTION('',(7.281636885445E-15,-3.736404631874E-15,1.));
#611 = DIRECTION('',(5.374889246204E-17,1.,3.736404631874E-15));
#612 = ADVANCED_FACE('',(#613),#619,.F.);
#613 = FACE_BOUND('',#614,.T.);
#614 = EDGE_LOOP('',(#615,#616,#617,#618));
#615 = ORIENTED_EDGE('',*,*,#330,.F.);
#616 = ORIENTED_EDGE('',*,*,#272,.T.);
#617 = ORIENTED_EDGE('',*,*,#595,.T.);
#618 = ORIENTED_EDGE('',*,*,#357,.F.);
#619 = PLANE('',#620);
#620 = AXIS2_PLACEMENT_3D('',#621,#622,#623);
#621 = CARTESIAN_POINT('',(8.65,0.4,10.4));
#622 = DIRECTION('',(-5.374889246194E-17,-1.,1.052866019195E-14));
#623 = DIRECTION('',(7.281636885445E-15,1.052866019195E-14,1.));
#624 = ADVANCED_FACE('',(#625),#631,.F.);
#625 = FACE_BOUND('',#626,.T.);
#626 = EDGE_LOOP('',(#627,#628,#629,#630));
#627 = ORIENTED_EDGE('',*,*,#579,.F.);
#628 = ORIENTED_EDGE('',*,*,#373,.T.);
#629 = ORIENTED_EDGE('',*,*,#602,.T.);
#630 = ORIENTED_EDGE('',*,*,#256,.F.);
#631 = PLANE('',#632);
#632 = AXIS2_PLACEMENT_3D('',#633,#634,#635);
#633 = CARTESIAN_POINT('',(8.65,-0.1,10.4));
#634 = DIRECTION('',(5.374889246194E-17,1.,-1.052866019195E-14));
#635 = DIRECTION('',(-7.281636885445E-15,-1.052866019195E-14,-1.));
#636 = ADVANCED_FACE('',(#637),#697,.T.);
#637 = FACE_BOUND('',#638,.T.);
#638 = EDGE_LOOP('',(#639,#648,#649,#658,#666,#674,#682,#691));
#639 = ORIENTED_EDGE('',*,*,#640,.F.);
#640 = EDGE_CURVE('',#410,#641,#643,.T.);
#641 = VERTEX_POINT('',#642);
#642 = CARTESIAN_POINT('',(7.15,2.75,10.5));
#643 = CIRCLE('',#644,0.6);
#644 = AXIS2_PLACEMENT_3D('',#645,#646,#647);
#645 = CARTESIAN_POINT('',(7.15,2.75,11.1));
#646 = DIRECTION('',(-1.,5.374889246201E-17,7.281636885445E-15));
#647 = DIRECTION('',(-5.374889246193E-17,-1.,1.156482317318E-14));
#648 = ORIENTED_EDGE('',*,*,#433,.T.);
#649 = ORIENTED_EDGE('',*,*,#650,.T.);
#650 = EDGE_CURVE('',#426,#651,#653,.T.);
#651 = VERTEX_POINT('',#652);
#652 = CARTESIAN_POINT('',(7.15,-0.1,10.4));
#653 = CIRCLE('',#654,0.6);
#654 = AXIS2_PLACEMENT_3D('',#655,#656,#657);
#655 = CARTESIAN_POINT('',(7.15,0.5,10.4));
#656 = DIRECTION('',(1.,-5.374889246201E-17,-7.281636885445E-15));
#657 = DIRECTION('',(5.374889246193E-17,1.,-1.156482317318E-14));
#658 = ORIENTED_EDGE('',*,*,#659,.T.);
#659 = EDGE_CURVE('',#651,#660,#662,.T.);
#660 = VERTEX_POINT('',#661);
#661 = CARTESIAN_POINT('',(7.15,-0.1,8.4));
#662 = LINE('',#663,#664);
#663 = CARTESIAN_POINT('',(7.15,-0.1,10.4));
#664 = VECTOR('',#665,1.);
#665 = DIRECTION('',(-7.281636885445E-15,-1.052866019195E-14,-1.));
#666 = ORIENTED_EDGE('',*,*,#667,.T.);
#667 = EDGE_CURVE('',#660,#668,#670,.T.);
#668 = VERTEX_POINT('',#669);
#669 = CARTESIAN_POINT('',(7.15,0.4,8.4));
#670 = LINE('',#671,#672);
#671 = CARTESIAN_POINT('',(7.15,0.4,8.4));
#672 = VECTOR('',#673,1.);
#673 = DIRECTION('',(5.374889246204E-17,1.,3.736404631874E-15));
#674 = ORIENTED_EDGE('',*,*,#675,.F.);
#675 = EDGE_CURVE('',#676,#668,#678,.T.);
#676 = VERTEX_POINT('',#677);
#677 = CARTESIAN_POINT('',(7.15,0.4,10.4));
#678 = LINE('',#679,#680);
#679 = CARTESIAN_POINT('',(7.15,0.4,10.4));
#680 = VECTOR('',#681,1.);
#681 = DIRECTION('',(-7.281636885445E-15,-1.052866019195E-14,-1.));
#682 = ORIENTED_EDGE('',*,*,#683,.F.);
#683 = EDGE_CURVE('',#684,#676,#686,.T.);
#684 = VERTEX_POINT('',#685);
#685 = CARTESIAN_POINT('',(7.15,0.5,10.5));
#686 = CIRCLE('',#687,1.E-01);
#687 = AXIS2_PLACEMENT_3D('',#688,#689,#690);
#688 = CARTESIAN_POINT('',(7.15,0.5,10.4));
#689 = DIRECTION('',(1.,-5.374889246201E-17,-7.281636885445E-15));
#690 = DIRECTION('',(5.374889246189E-17,1.,-1.734723475977E-14));
#691 = ORIENTED_EDGE('',*,*,#692,.F.);
#692 = EDGE_CURVE('',#641,#684,#693,.T.);
#693 = LINE('',#694,#695);
#694 = CARTESIAN_POINT('',(7.15,2.75,10.5));
#695 = VECTOR('',#696,1.);
#696 = DIRECTION('',(-5.374889246193E-17,-1.,1.083585080749E-14));
#697 = PLANE('',#698);
#698 = AXIS2_PLACEMENT_3D('',#699,#700,#701);
#699 = CARTESIAN_POINT('',(7.15,3.35,11.1));
#700 = DIRECTION('',(1.,-5.374889246201E-17,-7.281636885445E-15));
#701 = DIRECTION('',(5.374889246194E-17,1.,-1.047445008333E-14));
#702 = ADVANCED_FACE('',(#703),#792,.T.);
#703 = FACE_BOUND('',#704,.T.);
#704 = EDGE_LOOP('',(#705,#715,#723,#731,#739,#745,#746,#754,#762,#770,
    #778,#786));
#705 = ORIENTED_EDGE('',*,*,#706,.T.);
#706 = EDGE_CURVE('',#707,#709,#711,.T.);
#707 = VERTEX_POINT('',#708);
#708 = CARTESIAN_POINT('',(5.45,5.724587470723E-14,17.));
#709 = VERTEX_POINT('',#710);
#710 = CARTESIAN_POINT('',(5.45,2.602085213965E-14,14.));
#711 = LINE('',#712,#713);
#712 = CARTESIAN_POINT('',(5.45,5.724587470723E-14,17.));
#713 = VECTOR('',#714,1.);
#714 = DIRECTION('',(-7.281636885445E-15,-1.047445008333E-14,-1.));
#715 = ORIENTED_EDGE('',*,*,#716,.T.);
#716 = EDGE_CURVE('',#709,#717,#719,.T.);
#717 = VERTEX_POINT('',#718);
#718 = CARTESIAN_POINT('',(3.95,2.602085213965E-14,14.));
#719 = LINE('',#720,#721);
#720 = CARTESIAN_POINT('',(5.45,2.602085213965E-14,14.));
#721 = VECTOR('',#722,1.);
#722 = DIRECTION('',(-1.,5.374889246201E-17,7.281636885445E-15));
#723 = ORIENTED_EDGE('',*,*,#724,.F.);
#724 = EDGE_CURVE('',#725,#717,#727,.T.);
#725 = VERTEX_POINT('',#726);
#726 = CARTESIAN_POINT('',(3.95,-2.25514051877E-14,9.4));
#727 = LINE('',#728,#729);
#728 = CARTESIAN_POINT('',(3.95,5.724587470723E-14,17.));
#729 = VECTOR('',#730,1.);
#730 = DIRECTION('',(7.395763429917E-15,1.047445008333E-14,1.));
#731 = ORIENTED_EDGE('',*,*,#732,.F.);
#732 = EDGE_CURVE('',#733,#725,#735,.T.);
#733 = VERTEX_POINT('',#734);
#734 = CARTESIAN_POINT('',(4.75,-2.25514051877E-14,9.4));
#735 = LINE('',#736,#737);
#736 = CARTESIAN_POINT('',(3.95,-2.25514051877E-14,9.4));
#737 = VECTOR('',#738,1.);
#738 = DIRECTION('',(-1.,5.374889246201E-17,7.391429510507E-15));
#739 = ORIENTED_EDGE('',*,*,#740,.F.);
#740 = EDGE_CURVE('',#508,#733,#741,.T.);
#741 = LINE('',#742,#743);
#742 = CARTESIAN_POINT('',(4.75,-5.20417042793E-15,11.));
#743 = VECTOR('',#744,1.);
#744 = DIRECTION('',(-6.739535799202E-15,-1.047445008333E-14,-1.));
#745 = ORIENTED_EDGE('',*,*,#507,.F.);
#746 = ORIENTED_EDGE('',*,*,#747,.F.);
#747 = EDGE_CURVE('',#748,#500,#750,.T.);
#748 = VERTEX_POINT('',#749);
#749 = CARTESIAN_POINT('',(11.05,-2.081668171172E-14,9.4));
#750 = LINE('',#751,#752);
#751 = CARTESIAN_POINT('',(11.05,-5.20417042793E-15,11.));
#752 = VECTOR('',#753,1.);
#753 = DIRECTION('',(7.281636885445E-15,1.047445008333E-14,1.));
#754 = ORIENTED_EDGE('',*,*,#755,.F.);
#755 = EDGE_CURVE('',#756,#748,#758,.T.);
#756 = VERTEX_POINT('',#757);
#757 = CARTESIAN_POINT('',(11.85,-2.25514051877E-14,9.4));
#758 = LINE('',#759,#760);
#759 = CARTESIAN_POINT('',(3.95,-2.25514051877E-14,9.4));
#760 = VECTOR('',#761,1.);
#761 = DIRECTION('',(-1.,5.374889246201E-17,7.391429510507E-15));
#762 = ORIENTED_EDGE('',*,*,#763,.F.);
#763 = EDGE_CURVE('',#764,#756,#766,.T.);
#764 = VERTEX_POINT('',#765);
#765 = CARTESIAN_POINT('',(11.85,2.602085213965E-14,14.));
#766 = LINE('',#767,#768);
#767 = CARTESIAN_POINT('',(11.85,5.724587470723E-14,17.));
#768 = VECTOR('',#769,1.);
#769 = DIRECTION('',(-7.395763429917E-15,-1.047445008333E-14,-1.));
#770 = ORIENTED_EDGE('',*,*,#771,.F.);
#771 = EDGE_CURVE('',#772,#764,#774,.T.);
#772 = VERTEX_POINT('',#773);
#773 = CARTESIAN_POINT('',(10.35,2.602085213965E-14,14.));
#774 = LINE('',#775,#776);
#775 = CARTESIAN_POINT('',(10.35,2.602085213965E-14,14.));
#776 = VECTOR('',#777,1.);
#777 = DIRECTION('',(1.,-5.374889246201E-17,-7.281636885445E-15));
#778 = ORIENTED_EDGE('',*,*,#779,.F.);
#779 = EDGE_CURVE('',#780,#772,#782,.T.);
#780 = VERTEX_POINT('',#781);
#781 = CARTESIAN_POINT('',(10.35,5.724587470723E-14,17.));
#782 = LINE('',#783,#784);
#783 = CARTESIAN_POINT('',(10.35,5.724587470723E-14,17.));
#784 = VECTOR('',#785,1.);
#785 = DIRECTION('',(-7.281636885445E-15,-1.047445008333E-14,-1.));
#786 = ORIENTED_EDGE('',*,*,#787,.F.);
#787 = EDGE_CURVE('',#707,#780,#788,.T.);
#788 = LINE('',#789,#790);
#789 = CARTESIAN_POINT('',(11.85,5.724587470723E-14,17.));
#790 = VECTOR('',#791,1.);
#791 = DIRECTION('',(1.,-5.374889246201E-17,-7.391429510507E-15));
#792 = PLANE('',#793);
#793 = AXIS2_PLACEMENT_3D('',#794,#795,#796);
#794 = CARTESIAN_POINT('',(3.95,-2.25514051877E-14,9.4));
#795 = DIRECTION('',(-5.374889246194E-17,-1.,1.047445008333E-14));
#796 = DIRECTION('',(1.,-5.374889246201E-17,-7.281636885445E-15));
#797 = ADVANCED_FACE('',(#798),#823,.F.);
#798 = FACE_BOUND('',#799,.T.);
#799 = EDGE_LOOP('',(#800,#801,#809,#817));
#800 = ORIENTED_EDGE('',*,*,#523,.T.);
#801 = ORIENTED_EDGE('',*,*,#802,.T.);
#802 = EDGE_CURVE('',#516,#803,#805,.T.);
#803 = VERTEX_POINT('',#804);
#804 = CARTESIAN_POINT('',(4.75,2.776239569297,9.4));
#805 = LINE('',#806,#807);
#806 = CARTESIAN_POINT('',(4.75,2.776239569297,9.4));
#807 = VECTOR('',#808,1.);
#808 = DIRECTION('',(-5.863483658055E-15,-0.5,-0.866025403784));
#809 = ORIENTED_EDGE('',*,*,#810,.F.);
#810 = EDGE_CURVE('',#811,#803,#813,.T.);
#811 = VERTEX_POINT('',#812);
#812 = CARTESIAN_POINT('',(3.95,2.776239569297,9.4));
#813 = LINE('',#814,#815);
#814 = CARTESIAN_POINT('',(3.95,2.776239569297,9.4));
#815 = VECTOR('',#816,1.);
#816 = DIRECTION('',(1.,-5.374889246201E-17,-7.281636885445E-15));
#817 = ORIENTED_EDGE('',*,*,#818,.F.);
#818 = EDGE_CURVE('',#524,#811,#819,.T.);
#819 = LINE('',#820,#821);
#820 = CARTESIAN_POINT('',(3.95,2.776239569297,9.4));
#821 = VECTOR('',#822,1.);
#822 = DIRECTION('',(-6.33295697016E-15,-0.5,-0.866025403784));
#823 = PLANE('',#824);
#824 = AXIS2_PLACEMENT_3D('',#825,#826,#827);
#825 = CARTESIAN_POINT('',(3.95,2.776239569297,9.4));
#826 = DIRECTION('',(3.594270536425E-15,-0.866025403784,0.5));
#827 = DIRECTION('',(6.33295697016E-15,0.5,0.866025403784));
#828 = ADVANCED_FACE('',(#829),#934,.F.);
#829 = FACE_BOUND('',#830,.T.);
#830 = EDGE_LOOP('',(#831,#841,#849,#857,#865,#873,#879,#880,#888,#896,
    #904,#912,#920,#928));
#831 = ORIENTED_EDGE('',*,*,#832,.F.);
#832 = EDGE_CURVE('',#833,#835,#837,.T.);
#833 = VERTEX_POINT('',#834);
#834 = CARTESIAN_POINT('',(10.2,3.35,15.1));
#835 = VERTEX_POINT('',#836);
#836 = CARTESIAN_POINT('',(10.2,2.55,15.1));
#837 = LINE('',#838,#839);
#838 = CARTESIAN_POINT('',(10.2,2.55,15.1));
#839 = VECTOR('',#840,1.);
#840 = DIRECTION('',(-5.374889246194E-17,-1.,1.047445008333E-14));
#841 = ORIENTED_EDGE('',*,*,#842,.F.);
#842 = EDGE_CURVE('',#843,#833,#845,.T.);
#843 = VERTEX_POINT('',#844);
#844 = CARTESIAN_POINT('',(10.2,3.35,17.));
#845 = LINE('',#846,#847);
#846 = CARTESIAN_POINT('',(10.2,3.35,17.));
#847 = VECTOR('',#848,1.);
#848 = DIRECTION('',(-7.281636885445E-15,-1.001794390544E-14,-1.));
#849 = ORIENTED_EDGE('',*,*,#850,.T.);
#850 = EDGE_CURVE('',#843,#851,#853,.T.);
#851 = VERTEX_POINT('',#852);
#852 = CARTESIAN_POINT('',(10.2,4.2,17.));
#853 = LINE('',#854,#855);
#854 = CARTESIAN_POINT('',(10.2,0.7,17.));
#855 = VECTOR('',#856,1.);
#856 = DIRECTION('',(5.374889246194E-17,1.,-1.047445008333E-14));
#857 = ORIENTED_EDGE('',*,*,#858,.T.);
#858 = EDGE_CURVE('',#851,#859,#861,.T.);
#859 = VERTEX_POINT('',#860);
#860 = CARTESIAN_POINT('',(10.2,4.2,15.));
#861 = LINE('',#862,#863);
#862 = CARTESIAN_POINT('',(10.2,4.2,17.));
#863 = VECTOR('',#864,1.);
#864 = DIRECTION('',(-7.281636885445E-15,-1.067853519815E-14,-1.));
#865 = ORIENTED_EDGE('',*,*,#866,.T.);
#866 = EDGE_CURVE('',#859,#867,#869,.T.);
#867 = VERTEX_POINT('',#868);
#868 = CARTESIAN_POINT('',(10.2,5.5,15.));
#869 = LINE('',#870,#871);
#870 = CARTESIAN_POINT('',(10.2,7.689437438238E-02,15.));
#871 = VECTOR('',#872,1.);
#872 = DIRECTION('',(5.374889246194E-17,1.,-1.047445008333E-14));
#873 = ORIENTED_EDGE('',*,*,#874,.T.);
#874 = EDGE_CURVE('',#867,#468,#875,.T.);
#875 = LINE('',#876,#877);
#876 = CARTESIAN_POINT('',(10.2,5.5,15.));
#877 = VECTOR('',#878,1.);
#878 = DIRECTION('',(-7.390057102694E-15,-1.047445008333E-14,-1.));
#879 = ORIENTED_EDGE('',*,*,#467,.F.);
#880 = ORIENTED_EDGE('',*,*,#881,.T.);
#881 = EDGE_CURVE('',#460,#882,#884,.T.);
#882 = VERTEX_POINT('',#883);
#883 = CARTESIAN_POINT('',(10.2,4.2,12.75));
#884 = LINE('',#885,#886);
#885 = CARTESIAN_POINT('',(10.2,4.2,15.));
#886 = VECTOR('',#887,1.);
#887 = DIRECTION('',(7.390057102694E-15,1.067853519815E-14,1.));
#888 = ORIENTED_EDGE('',*,*,#889,.T.);
#889 = EDGE_CURVE('',#882,#890,#892,.T.);
#890 = VERTEX_POINT('',#891);
#891 = CARTESIAN_POINT('',(10.2,2.825,12.75));
#892 = LINE('',#893,#894);
#893 = CARTESIAN_POINT('',(10.2,4.2,12.75));
#894 = VECTOR('',#895,1.);
#895 = DIRECTION('',(-5.374889246193E-17,-1.,1.110525862005E-14));
#896 = ORIENTED_EDGE('',*,*,#897,.T.);
#897 = EDGE_CURVE('',#890,#898,#900,.T.);
#898 = VERTEX_POINT('',#899);
#899 = CARTESIAN_POINT('',(10.2,2.225,12.15));
#900 = LINE('',#901,#902);
#901 = CARTESIAN_POINT('',(10.2,2.825,12.75));
#902 = VECTOR('',#903,1.);
#903 = DIRECTION('',(-5.186901026178E-15,-0.707106781187,-0.707106781187
    ));
#904 = ORIENTED_EDGE('',*,*,#905,.T.);
#905 = EDGE_CURVE('',#898,#906,#908,.T.);
#906 = VERTEX_POINT('',#907);
#907 = CARTESIAN_POINT('',(10.2,0.7,12.15));
#908 = LINE('',#909,#910);
#909 = CARTESIAN_POINT('',(10.2,2.225,12.15));
#910 = VECTOR('',#911,1.);
#911 = DIRECTION('',(-5.374889246194E-17,-1.,1.047445008333E-14));
#912 = ORIENTED_EDGE('',*,*,#913,.T.);
#913 = EDGE_CURVE('',#906,#914,#916,.T.);
#914 = VERTEX_POINT('',#915);
#915 = CARTESIAN_POINT('',(10.2,0.7,17.));
#916 = LINE('',#917,#918);
#917 = CARTESIAN_POINT('',(10.2,0.7,12.15));
#918 = VECTOR('',#919,1.);
#919 = DIRECTION('',(7.281636885445E-15,1.045209539936E-14,1.));
#920 = ORIENTED_EDGE('',*,*,#921,.T.);
#921 = EDGE_CURVE('',#914,#922,#924,.T.);
#922 = VERTEX_POINT('',#923);
#923 = CARTESIAN_POINT('',(10.2,2.55,17.));
#924 = LINE('',#925,#926);
#925 = CARTESIAN_POINT('',(10.2,0.7,17.));
#926 = VECTOR('',#927,1.);
#927 = DIRECTION('',(5.374889246194E-17,1.,-1.047445008333E-14));
#928 = ORIENTED_EDGE('',*,*,#929,.F.);
#929 = EDGE_CURVE('',#835,#922,#930,.T.);
#930 = LINE('',#931,#932);
#931 = CARTESIAN_POINT('',(10.2,2.55,17.));
#932 = VECTOR('',#933,1.);
#933 = DIRECTION('',(7.281636885445E-15,1.024619699438E-14,1.));
#934 = PLANE('',#935);
#935 = AXIS2_PLACEMENT_3D('',#936,#937,#938);
#936 = CARTESIAN_POINT('',(10.2,0.7,17.));
#937 = DIRECTION('',(1.,-5.374889246201E-17,-7.281636885445E-15));
#938 = DIRECTION('',(5.374889246194E-17,1.,-1.047445008333E-14));
#939 = ADVANCED_FACE('',(#940),#951,.F.);
#940 = FACE_BOUND('',#941,.T.);
#941 = EDGE_LOOP('',(#942,#943,#944,#950));
#942 = ORIENTED_EDGE('',*,*,#515,.T.);
#943 = ORIENTED_EDGE('',*,*,#740,.T.);
#944 = ORIENTED_EDGE('',*,*,#945,.F.);
#945 = EDGE_CURVE('',#803,#733,#946,.T.);
#946 = LINE('',#947,#948);
#947 = CARTESIAN_POINT('',(4.75,5.5,9.4));
#948 = VECTOR('',#949,1.);
#949 = DIRECTION('',(-5.374889246194E-17,-1.,1.047445008333E-14));
#950 = ORIENTED_EDGE('',*,*,#802,.F.);
#951 = PLANE('',#952);
#952 = AXIS2_PLACEMENT_3D('',#953,#954,#955);
#953 = CARTESIAN_POINT('',(4.75,5.5,11.));
#954 = DIRECTION('',(-1.,5.374889246201E-17,6.739535799202E-15));
#955 = DIRECTION('',(6.739535799202E-15,1.047445008333E-14,1.));
#956 = ADVANCED_FACE('',(#957),#1030,.F.);
#957 = FACE_BOUND('',#958,.T.);
#958 = EDGE_LOOP('',(#959,#967,#975,#983,#991,#999,#1007,#1015,#1021,
    #1022,#1023,#1029));
#959 = ORIENTED_EDGE('',*,*,#960,.T.);
#960 = EDGE_CURVE('',#717,#961,#963,.T.);
#961 = VERTEX_POINT('',#962);
#962 = CARTESIAN_POINT('',(3.95,0.4,14.));
#963 = LINE('',#964,#965);
#964 = CARTESIAN_POINT('',(3.95,2.602085213965E-14,14.));
#965 = VECTOR('',#966,1.);
#966 = DIRECTION('',(5.374889246194E-17,1.,-1.047445008333E-14));
#967 = ORIENTED_EDGE('',*,*,#968,.T.);
#968 = EDGE_CURVE('',#961,#969,#971,.T.);
#969 = VERTEX_POINT('',#970);
#970 = CARTESIAN_POINT('',(3.95,0.4,16.2));
#971 = LINE('',#972,#973);
#972 = CARTESIAN_POINT('',(3.95,0.4,17.));
#973 = VECTOR('',#974,1.);
#974 = DIRECTION('',(7.281636885445E-15,1.032988979366E-14,1.));
#975 = ORIENTED_EDGE('',*,*,#976,.T.);
#976 = EDGE_CURVE('',#969,#977,#979,.T.);
#977 = VERTEX_POINT('',#978);
#978 = CARTESIAN_POINT('',(3.95,2.55,16.2));
#979 = LINE('',#980,#981);
#980 = CARTESIAN_POINT('',(3.95,4.857225732735E-14,16.2));
#981 = VECTOR('',#982,1.);
#982 = DIRECTION('',(5.374889246194E-17,1.,-1.047445008333E-14));
#983 = ORIENTED_EDGE('',*,*,#984,.T.);
#984 = EDGE_CURVE('',#977,#985,#987,.T.);
#985 = VERTEX_POINT('',#986);
#986 = CARTESIAN_POINT('',(3.95,2.55,15.1));
#987 = LINE('',#988,#989);
#988 = CARTESIAN_POINT('',(3.95,2.55,17.));
#989 = VECTOR('',#990,1.);
#990 = DIRECTION('',(-7.281636885445E-15,-1.024619699438E-14,-1.));
#991 = ORIENTED_EDGE('',*,*,#992,.T.);
#992 = EDGE_CURVE('',#985,#993,#995,.T.);
#993 = VERTEX_POINT('',#994);
#994 = CARTESIAN_POINT('',(3.95,3.35,15.1));
#995 = LINE('',#996,#997);
#996 = CARTESIAN_POINT('',(3.95,2.55,15.1));
#997 = VECTOR('',#998,1.);
#998 = DIRECTION('',(5.374889246194E-17,1.,-1.047445008333E-14));
#999 = ORIENTED_EDGE('',*,*,#1000,.T.);
#1000 = EDGE_CURVE('',#993,#1001,#1003,.T.);
#1001 = VERTEX_POINT('',#1002);
#1002 = CARTESIAN_POINT('',(3.95,3.35,16.2));
#1003 = LINE('',#1004,#1005);
#1004 = CARTESIAN_POINT('',(3.95,3.35,17.));
#1005 = VECTOR('',#1006,1.);
#1006 = DIRECTION('',(7.281636885445E-15,1.001794390544E-14,1.));
#1007 = ORIENTED_EDGE('',*,*,#1008,.T.);
#1008 = EDGE_CURVE('',#1001,#1009,#1011,.T.);
#1009 = VERTEX_POINT('',#1010);
#1010 = CARTESIAN_POINT('',(3.95,5.5,16.2));
#1011 = LINE('',#1012,#1013);
#1012 = CARTESIAN_POINT('',(3.95,4.857225732735E-14,16.2));
#1013 = VECTOR('',#1014,1.);
#1014 = DIRECTION('',(5.374889246194E-17,1.,-1.047445008333E-14));
#1015 = ORIENTED_EDGE('',*,*,#1016,.F.);
#1016 = EDGE_CURVE('',#532,#1009,#1017,.T.);
#1017 = LINE('',#1018,#1019);
#1018 = CARTESIAN_POINT('',(3.95,5.5,17.));
#1019 = VECTOR('',#1020,1.);
#1020 = DIRECTION('',(7.395763429917E-15,1.047445008333E-14,1.));
#1021 = ORIENTED_EDGE('',*,*,#531,.T.);
#1022 = ORIENTED_EDGE('',*,*,#818,.T.);
#1023 = ORIENTED_EDGE('',*,*,#1024,.T.);
#1024 = EDGE_CURVE('',#811,#725,#1025,.T.);
#1025 = LINE('',#1026,#1027);
#1026 = CARTESIAN_POINT('',(3.95,5.5,9.4));
#1027 = VECTOR('',#1028,1.);
#1028 = DIRECTION('',(-5.374889246194E-17,-1.,1.047445008333E-14));
#1029 = ORIENTED_EDGE('',*,*,#724,.T.);
#1030 = PLANE('',#1031);
#1031 = AXIS2_PLACEMENT_3D('',#1032,#1033,#1034);
#1032 = CARTESIAN_POINT('',(3.95,5.5,17.));
#1033 = DIRECTION('',(1.,-5.374889246201E-17,-7.395763429917E-15));
#1034 = DIRECTION('',(-7.395763429917E-15,-1.047445008333E-14,-1.));
#1035 = ADVANCED_FACE('',(#1036),#1061,.F.);
#1036 = FACE_BOUND('',#1037,.T.);
#1037 = EDGE_LOOP('',(#1038,#1048,#1054,#1055));
#1038 = ORIENTED_EDGE('',*,*,#1039,.F.);
#1039 = EDGE_CURVE('',#1040,#1042,#1044,.T.);
#1040 = VERTEX_POINT('',#1041);
#1041 = CARTESIAN_POINT('',(11.05,2.776239569297,9.4));
#1042 = VERTEX_POINT('',#1043);
#1043 = CARTESIAN_POINT('',(11.85,2.776239569297,9.4));
#1044 = LINE('',#1045,#1046);
#1045 = CARTESIAN_POINT('',(3.95,2.776239569297,9.4));
#1046 = VECTOR('',#1047,1.);
#1047 = DIRECTION('',(1.,-5.374889246201E-17,-7.281636885445E-15));
#1048 = ORIENTED_EDGE('',*,*,#1049,.T.);
#1049 = EDGE_CURVE('',#1040,#492,#1050,.T.);
#1050 = LINE('',#1051,#1052);
#1051 = CARTESIAN_POINT('',(11.05,2.776239569297,9.4));
#1052 = VECTOR('',#1053,1.);
#1053 = DIRECTION('',(6.33295697016E-15,0.5,0.866025403784));
#1054 = ORIENTED_EDGE('',*,*,#491,.T.);
#1055 = ORIENTED_EDGE('',*,*,#1056,.T.);
#1056 = EDGE_CURVE('',#484,#1042,#1057,.T.);
#1057 = LINE('',#1058,#1059);
#1058 = CARTESIAN_POINT('',(11.85,2.776239569297,9.4));
#1059 = VECTOR('',#1060,1.);
#1060 = DIRECTION('',(-6.33295697016E-15,-0.5,-0.866025403784));
#1061 = PLANE('',#1062);
#1062 = AXIS2_PLACEMENT_3D('',#1063,#1064,#1065);
#1063 = CARTESIAN_POINT('',(3.95,2.776239569297,9.4));
#1064 = DIRECTION('',(3.594270536425E-15,-0.866025403784,0.5));
#1065 = DIRECTION('',(6.33295697016E-15,0.5,0.866025403784));
#1066 = ADVANCED_FACE('',(#1067),#1086,.T.);
#1067 = FACE_BOUND('',#1068,.T.);
#1068 = EDGE_LOOP('',(#1069,#1078,#1079,#1080));
#1069 = ORIENTED_EDGE('',*,*,#1070,.F.);
#1070 = EDGE_CURVE('',#408,#1071,#1073,.T.);
#1071 = VERTEX_POINT('',#1072);
#1072 = CARTESIAN_POINT('',(6.65,2.75,10.5));
#1073 = CIRCLE('',#1074,0.6);
#1074 = AXIS2_PLACEMENT_3D('',#1075,#1076,#1077);
#1075 = CARTESIAN_POINT('',(6.65,2.75,11.1));
#1076 = DIRECTION('',(-1.,5.374889246201E-17,7.281636885445E-15));
#1077 = DIRECTION('',(-5.374889246193E-17,-1.,1.156482317318E-14));
#1078 = ORIENTED_EDGE('',*,*,#407,.T.);
#1079 = ORIENTED_EDGE('',*,*,#640,.T.);
#1080 = ORIENTED_EDGE('',*,*,#1081,.T.);
#1081 = EDGE_CURVE('',#641,#1071,#1082,.T.);
#1082 = LINE('',#1083,#1084);
#1083 = CARTESIAN_POINT('',(6.65,2.75,10.5));
#1084 = VECTOR('',#1085,1.);
#1085 = DIRECTION('',(-1.,5.374889246201E-17,7.281636885445E-15));
#1086 = CYLINDRICAL_SURFACE('',#1087,0.6);
#1087 = AXIS2_PLACEMENT_3D('',#1088,#1089,#1090);
#1088 = CARTESIAN_POINT('',(6.9,2.75,11.1));
#1089 = DIRECTION('',(-1.,5.374889246201E-17,7.281636885445E-15));
#1090 = DIRECTION('',(-5.374889246193E-17,-1.,1.156482317318E-14));
#1091 = ADVANCED_FACE('',(#1092),#1103,.F.);
#1092 = FACE_BOUND('',#1093,.T.);
#1093 = EDGE_LOOP('',(#1094,#1100,#1101,#1102));
#1094 = ORIENTED_EDGE('',*,*,#1095,.T.);
#1095 = EDGE_CURVE('',#1040,#748,#1096,.T.);
#1096 = LINE('',#1097,#1098);
#1097 = CARTESIAN_POINT('',(11.05,5.5,9.4));
#1098 = VECTOR('',#1099,1.);
#1099 = DIRECTION('',(-5.374889246194E-17,-1.,1.047445008333E-14));
#1100 = ORIENTED_EDGE('',*,*,#747,.T.);
#1101 = ORIENTED_EDGE('',*,*,#499,.F.);
#1102 = ORIENTED_EDGE('',*,*,#1049,.F.);
#1103 = PLANE('',#1104);
#1104 = AXIS2_PLACEMENT_3D('',#1105,#1106,#1107);
#1105 = CARTESIAN_POINT('',(11.05,5.5,11.));
#1106 = DIRECTION('',(1.,-5.374889246201E-17,-7.281636885445E-15));
#1107 = DIRECTION('',(5.374889246194E-17,1.,-1.047445008333E-14));
#1108 = ADVANCED_FACE('',(#1109),#1161,.T.);
#1109 = FACE_BOUND('',#1110,.T.);
#1110 = EDGE_LOOP('',(#1111,#1112,#1113,#1121,#1130,#1138,#1146,#1154));
#1111 = ORIENTED_EDGE('',*,*,#417,.F.);
#1112 = ORIENTED_EDGE('',*,*,#1070,.T.);
#1113 = ORIENTED_EDGE('',*,*,#1114,.T.);
#1114 = EDGE_CURVE('',#1071,#1115,#1117,.T.);
#1115 = VERTEX_POINT('',#1116);
#1116 = CARTESIAN_POINT('',(6.65,0.5,10.5));
#1117 = LINE('',#1118,#1119);
#1118 = CARTESIAN_POINT('',(6.65,2.75,10.5));
#1119 = VECTOR('',#1120,1.);
#1120 = DIRECTION('',(-5.374889246193E-17,-1.,1.083585080749E-14));
#1121 = ORIENTED_EDGE('',*,*,#1122,.T.);
#1122 = EDGE_CURVE('',#1115,#1123,#1125,.T.);
#1123 = VERTEX_POINT('',#1124);
#1124 = CARTESIAN_POINT('',(6.65,0.4,10.4));
#1125 = CIRCLE('',#1126,1.E-01);
#1126 = AXIS2_PLACEMENT_3D('',#1127,#1128,#1129);
#1127 = CARTESIAN_POINT('',(6.65,0.5,10.4));
#1128 = DIRECTION('',(1.,-5.374889246201E-17,-7.281636885445E-15));
#1129 = DIRECTION('',(5.374889246189E-17,1.,-1.734723475977E-14));
#1130 = ORIENTED_EDGE('',*,*,#1131,.T.);
#1131 = EDGE_CURVE('',#1123,#1132,#1134,.T.);
#1132 = VERTEX_POINT('',#1133);
#1133 = CARTESIAN_POINT('',(6.65,0.4,8.4));
#1134 = LINE('',#1135,#1136);
#1135 = CARTESIAN_POINT('',(6.65,0.4,10.4));
#1136 = VECTOR('',#1137,1.);
#1137 = DIRECTION('',(-7.281636885445E-15,-1.052866019195E-14,-1.));
#1138 = ORIENTED_EDGE('',*,*,#1139,.T.);
#1139 = EDGE_CURVE('',#1132,#1140,#1142,.T.);
#1140 = VERTEX_POINT('',#1141);
#1141 = CARTESIAN_POINT('',(6.65,-0.1,8.4));
#1142 = LINE('',#1143,#1144);
#1143 = CARTESIAN_POINT('',(6.65,0.4,8.4));
#1144 = VECTOR('',#1145,1.);
#1145 = DIRECTION('',(-5.374889246204E-17,-1.,-3.736404631874E-15));
#1146 = ORIENTED_EDGE('',*,*,#1147,.F.);
#1147 = EDGE_CURVE('',#1148,#1140,#1150,.T.);
#1148 = VERTEX_POINT('',#1149);
#1149 = CARTESIAN_POINT('',(6.65,-0.1,10.4));
#1150 = LINE('',#1151,#1152);
#1151 = CARTESIAN_POINT('',(6.65,-0.1,10.4));
#1152 = VECTOR('',#1153,1.);
#1153 = DIRECTION('',(-7.281636885445E-15,-1.052866019195E-14,-1.));
#1154 = ORIENTED_EDGE('',*,*,#1155,.F.);
#1155 = EDGE_CURVE('',#418,#1148,#1156,.T.);
#1156 = CIRCLE('',#1157,0.6);
#1157 = AXIS2_PLACEMENT_3D('',#1158,#1159,#1160);
#1158 = CARTESIAN_POINT('',(6.65,0.5,10.4));
#1159 = DIRECTION('',(1.,-5.374889246201E-17,-7.281636885445E-15));
#1160 = DIRECTION('',(5.374889246193E-17,1.,-1.156482317318E-14));
#1161 = PLANE('',#1162);
#1162 = AXIS2_PLACEMENT_3D('',#1163,#1164,#1165);
#1163 = CARTESIAN_POINT('',(6.65,3.35,11.1));
#1164 = DIRECTION('',(-1.,5.374889246201E-17,7.281636885445E-15));
#1165 = DIRECTION('',(-5.374889246194E-17,-1.,1.047445008333E-14));
#1166 = ADVANCED_FACE('',(#1167),#1240,.F.);
#1167 = FACE_BOUND('',#1168,.T.);
#1168 = EDGE_LOOP('',(#1169,#1179,#1187,#1193,#1194,#1200,#1201,#1202,
    #1210,#1218,#1226,#1234));
#1169 = ORIENTED_EDGE('',*,*,#1170,.F.);
#1170 = EDGE_CURVE('',#1171,#1173,#1175,.T.);
#1171 = VERTEX_POINT('',#1172);
#1172 = CARTESIAN_POINT('',(11.85,0.4,16.2));
#1173 = VERTEX_POINT('',#1174);
#1174 = CARTESIAN_POINT('',(11.85,2.55,16.2));
#1175 = LINE('',#1176,#1177);
#1176 = CARTESIAN_POINT('',(11.85,4.857225732735E-14,16.2));
#1177 = VECTOR('',#1178,1.);
#1178 = DIRECTION('',(5.374889246194E-17,1.,-1.047445008333E-14));
#1179 = ORIENTED_EDGE('',*,*,#1180,.F.);
#1180 = EDGE_CURVE('',#1181,#1171,#1183,.T.);
#1181 = VERTEX_POINT('',#1182);
#1182 = CARTESIAN_POINT('',(11.85,0.4,14.));
#1183 = LINE('',#1184,#1185);
#1184 = CARTESIAN_POINT('',(11.85,0.4,17.));
#1185 = VECTOR('',#1186,1.);
#1186 = DIRECTION('',(7.281636885445E-15,1.032988979366E-14,1.));
#1187 = ORIENTED_EDGE('',*,*,#1188,.F.);
#1188 = EDGE_CURVE('',#764,#1181,#1189,.T.);
#1189 = LINE('',#1190,#1191);
#1190 = CARTESIAN_POINT('',(11.85,2.602085213965E-14,14.));
#1191 = VECTOR('',#1192,1.);
#1192 = DIRECTION('',(5.374889246194E-17,1.,-1.047445008333E-14));
#1193 = ORIENTED_EDGE('',*,*,#763,.T.);
#1194 = ORIENTED_EDGE('',*,*,#1195,.F.);
#1195 = EDGE_CURVE('',#1042,#756,#1196,.T.);
#1196 = LINE('',#1197,#1198);
#1197 = CARTESIAN_POINT('',(11.85,5.5,9.4));
#1198 = VECTOR('',#1199,1.);
#1199 = DIRECTION('',(-5.374889246194E-17,-1.,1.047445008333E-14));
#1200 = ORIENTED_EDGE('',*,*,#1056,.F.);
#1201 = ORIENTED_EDGE('',*,*,#483,.F.);
#1202 = ORIENTED_EDGE('',*,*,#1203,.F.);
#1203 = EDGE_CURVE('',#1204,#476,#1206,.T.);
#1204 = VERTEX_POINT('',#1205);
#1205 = CARTESIAN_POINT('',(11.85,5.5,16.2));
#1206 = LINE('',#1207,#1208);
#1207 = CARTESIAN_POINT('',(11.85,5.5,17.));
#1208 = VECTOR('',#1209,1.);
#1209 = DIRECTION('',(-7.395763429917E-15,-1.047445008333E-14,-1.));
#1210 = ORIENTED_EDGE('',*,*,#1211,.F.);
#1211 = EDGE_CURVE('',#1212,#1204,#1214,.T.);
#1212 = VERTEX_POINT('',#1213);
#1213 = CARTESIAN_POINT('',(11.85,3.35,16.2));
#1214 = LINE('',#1215,#1216);
#1215 = CARTESIAN_POINT('',(11.85,4.857225732735E-14,16.2));
#1216 = VECTOR('',#1217,1.);
#1217 = DIRECTION('',(5.374889246194E-17,1.,-1.047445008333E-14));
#1218 = ORIENTED_EDGE('',*,*,#1219,.F.);
#1219 = EDGE_CURVE('',#1220,#1212,#1222,.T.);
#1220 = VERTEX_POINT('',#1221);
#1221 = CARTESIAN_POINT('',(11.85,3.35,15.1));
#1222 = LINE('',#1223,#1224);
#1223 = CARTESIAN_POINT('',(11.85,3.35,17.));
#1224 = VECTOR('',#1225,1.);
#1225 = DIRECTION('',(7.281636885445E-15,1.001794390544E-14,1.));
#1226 = ORIENTED_EDGE('',*,*,#1227,.F.);
#1227 = EDGE_CURVE('',#1228,#1220,#1230,.T.);
#1228 = VERTEX_POINT('',#1229);
#1229 = CARTESIAN_POINT('',(11.85,2.55,15.1));
#1230 = LINE('',#1231,#1232);
#1231 = CARTESIAN_POINT('',(11.85,2.55,15.1));
#1232 = VECTOR('',#1233,1.);
#1233 = DIRECTION('',(5.374889246194E-17,1.,-1.047445008333E-14));
#1234 = ORIENTED_EDGE('',*,*,#1235,.F.);
#1235 = EDGE_CURVE('',#1173,#1228,#1236,.T.);
#1236 = LINE('',#1237,#1238);
#1237 = CARTESIAN_POINT('',(11.85,2.55,17.));
#1238 = VECTOR('',#1239,1.);
#1239 = DIRECTION('',(-7.281636885445E-15,-1.024619699438E-14,-1.));
#1240 = PLANE('',#1241);
#1241 = AXIS2_PLACEMENT_3D('',#1242,#1243,#1244);
#1242 = CARTESIAN_POINT('',(11.85,5.5,17.));
#1243 = DIRECTION('',(-1.,5.374889246201E-17,7.395763429917E-15));
#1244 = DIRECTION('',(7.395763429917E-15,1.047445008333E-14,1.));
#1245 = ADVANCED_FACE('',(#1246),#1271,.T.);
#1246 = FACE_BOUND('',#1247,.T.);
#1247 = EDGE_LOOP('',(#1248,#1258,#1264,#1265));
#1248 = ORIENTED_EDGE('',*,*,#1249,.F.);
#1249 = EDGE_CURVE('',#1250,#1252,#1254,.T.);
#1250 = VERTEX_POINT('',#1251);
#1251 = CARTESIAN_POINT('',(6.6,4.2,12.75));
#1252 = VERTEX_POINT('',#1253);
#1253 = CARTESIAN_POINT('',(5.6,4.2,12.75));
#1254 = LINE('',#1255,#1256);
#1255 = CARTESIAN_POINT('',(10.2,4.2,12.75));
#1256 = VECTOR('',#1257,1.);
#1257 = DIRECTION('',(-1.,5.374889246201E-17,7.281636885445E-15));
#1258 = ORIENTED_EDGE('',*,*,#1259,.F.);
#1259 = EDGE_CURVE('',#556,#1250,#1260,.T.);
#1260 = LINE('',#1261,#1262);
#1261 = CARTESIAN_POINT('',(6.6,4.2,15.));
#1262 = VECTOR('',#1263,1.);
#1263 = DIRECTION('',(7.390057102694E-15,1.067853519815E-14,1.));
#1264 = ORIENTED_EDGE('',*,*,#555,.F.);
#1265 = ORIENTED_EDGE('',*,*,#1266,.F.);
#1266 = EDGE_CURVE('',#1252,#548,#1267,.T.);
#1267 = LINE('',#1268,#1269);
#1268 = CARTESIAN_POINT('',(5.6,4.2,15.));
#1269 = VECTOR('',#1270,1.);
#1270 = DIRECTION('',(-7.390057102694E-15,-1.067853519815E-14,-1.));
#1271 = PLANE('',#1272);
#1272 = AXIS2_PLACEMENT_3D('',#1273,#1274,#1275);
#1273 = CARTESIAN_POINT('',(10.2,4.2,17.));
#1274 = DIRECTION('',(5.374889246193E-17,1.,-1.067853519815E-14));
#1275 = DIRECTION('',(-7.281636885445E-15,-1.067853519815E-14,-1.));
#1276 = ADVANCED_FACE('',(#1277),#1295,.T.);
#1277 = FACE_BOUND('',#1278,.T.);
#1278 = EDGE_LOOP('',(#1279,#1287,#1288,#1289));
#1279 = ORIENTED_EDGE('',*,*,#1280,.F.);
#1280 = EDGE_CURVE('',#882,#1281,#1283,.T.);
#1281 = VERTEX_POINT('',#1282);
#1282 = CARTESIAN_POINT('',(9.2,4.2,12.75));
#1283 = LINE('',#1284,#1285);
#1284 = CARTESIAN_POINT('',(10.2,4.2,12.75));
#1285 = VECTOR('',#1286,1.);
#1286 = DIRECTION('',(-1.,5.374889246201E-17,7.281636885445E-15));
#1287 = ORIENTED_EDGE('',*,*,#881,.F.);
#1288 = ORIENTED_EDGE('',*,*,#459,.F.);
#1289 = ORIENTED_EDGE('',*,*,#1290,.F.);
#1290 = EDGE_CURVE('',#1281,#452,#1291,.T.);
#1291 = LINE('',#1292,#1293);
#1292 = CARTESIAN_POINT('',(9.2,4.2,15.));
#1293 = VECTOR('',#1294,1.);
#1294 = DIRECTION('',(-7.390057102694E-15,-1.067853519815E-14,-1.));
#1295 = PLANE('',#1296);
#1296 = AXIS2_PLACEMENT_3D('',#1297,#1298,#1299);
#1297 = CARTESIAN_POINT('',(10.2,4.2,17.));
#1298 = DIRECTION('',(5.374889246193E-17,1.,-1.067853519815E-14));
#1299 = DIRECTION('',(-7.281636885445E-15,-1.067853519815E-14,-1.));
#1300 = ADVANCED_FACE('',(#1301),#1399,.T.);
#1301 = FACE_BOUND('',#1302,.T.);
#1302 = EDGE_LOOP('',(#1303,#1313,#1321,#1329,#1337,#1345,#1351,#1352,
    #1353,#1361,#1369,#1377,#1385,#1393));
#1303 = ORIENTED_EDGE('',*,*,#1304,.T.);
#1304 = EDGE_CURVE('',#1305,#1307,#1309,.T.);
#1305 = VERTEX_POINT('',#1306);
#1306 = CARTESIAN_POINT('',(5.6,2.55,15.1));
#1307 = VERTEX_POINT('',#1308);
#1308 = CARTESIAN_POINT('',(5.6,2.55,17.));
#1309 = LINE('',#1310,#1311);
#1310 = CARTESIAN_POINT('',(5.6,2.55,17.));
#1311 = VECTOR('',#1312,1.);
#1312 = DIRECTION('',(7.281636885445E-15,1.024619699438E-14,1.));
#1313 = ORIENTED_EDGE('',*,*,#1314,.F.);
#1314 = EDGE_CURVE('',#1315,#1307,#1317,.T.);
#1315 = VERTEX_POINT('',#1316);
#1316 = CARTESIAN_POINT('',(5.6,0.7,17.));
#1317 = LINE('',#1318,#1319);
#1318 = CARTESIAN_POINT('',(5.6,0.7,17.));
#1319 = VECTOR('',#1320,1.);
#1320 = DIRECTION('',(5.374889246194E-17,1.,-1.047445008333E-14));
#1321 = ORIENTED_EDGE('',*,*,#1322,.F.);
#1322 = EDGE_CURVE('',#1323,#1315,#1325,.T.);
#1323 = VERTEX_POINT('',#1324);
#1324 = CARTESIAN_POINT('',(5.6,0.7,12.15));
#1325 = LINE('',#1326,#1327);
#1326 = CARTESIAN_POINT('',(5.6,0.7,12.15));
#1327 = VECTOR('',#1328,1.);
#1328 = DIRECTION('',(7.281636885445E-15,1.045209539936E-14,1.));
#1329 = ORIENTED_EDGE('',*,*,#1330,.F.);
#1330 = EDGE_CURVE('',#1331,#1323,#1333,.T.);
#1331 = VERTEX_POINT('',#1332);
#1332 = CARTESIAN_POINT('',(5.6,2.225,12.15));
#1333 = LINE('',#1334,#1335);
#1334 = CARTESIAN_POINT('',(5.6,2.225,12.15));
#1335 = VECTOR('',#1336,1.);
#1336 = DIRECTION('',(-5.374889246194E-17,-1.,1.047445008333E-14));
#1337 = ORIENTED_EDGE('',*,*,#1338,.F.);
#1338 = EDGE_CURVE('',#1339,#1331,#1341,.T.);
#1339 = VERTEX_POINT('',#1340);
#1340 = CARTESIAN_POINT('',(5.6,2.825,12.75));
#1341 = LINE('',#1342,#1343);
#1342 = CARTESIAN_POINT('',(5.6,2.825,12.75));
#1343 = VECTOR('',#1344,1.);
#1344 = DIRECTION('',(-5.186901026178E-15,-0.707106781187,
    -0.707106781187));
#1345 = ORIENTED_EDGE('',*,*,#1346,.F.);
#1346 = EDGE_CURVE('',#1252,#1339,#1347,.T.);
#1347 = LINE('',#1348,#1349);
#1348 = CARTESIAN_POINT('',(5.6,4.2,12.75));
#1349 = VECTOR('',#1350,1.);
#1350 = DIRECTION('',(-5.374889246193E-17,-1.,1.110525862005E-14));
#1351 = ORIENTED_EDGE('',*,*,#1266,.T.);
#1352 = ORIENTED_EDGE('',*,*,#547,.T.);
#1353 = ORIENTED_EDGE('',*,*,#1354,.T.);
#1354 = EDGE_CURVE('',#540,#1355,#1357,.T.);
#1355 = VERTEX_POINT('',#1356);
#1356 = CARTESIAN_POINT('',(5.6,5.5,15.));
#1357 = LINE('',#1358,#1359);
#1358 = CARTESIAN_POINT('',(5.6,5.5,15.));
#1359 = VECTOR('',#1360,1.);
#1360 = DIRECTION('',(7.390057102694E-15,1.047445008333E-14,1.));
#1361 = ORIENTED_EDGE('',*,*,#1362,.F.);
#1362 = EDGE_CURVE('',#1363,#1355,#1365,.T.);
#1363 = VERTEX_POINT('',#1364);
#1364 = CARTESIAN_POINT('',(5.6,4.2,15.));
#1365 = LINE('',#1366,#1367);
#1366 = CARTESIAN_POINT('',(5.6,7.689437438238E-02,15.));
#1367 = VECTOR('',#1368,1.);
#1368 = DIRECTION('',(5.374889246194E-17,1.,-1.047445008333E-14));
#1369 = ORIENTED_EDGE('',*,*,#1370,.F.);
#1370 = EDGE_CURVE('',#1371,#1363,#1373,.T.);
#1371 = VERTEX_POINT('',#1372);
#1372 = CARTESIAN_POINT('',(5.6,4.2,17.));
#1373 = LINE('',#1374,#1375);
#1374 = CARTESIAN_POINT('',(5.6,4.2,17.));
#1375 = VECTOR('',#1376,1.);
#1376 = DIRECTION('',(-7.281636885445E-15,-1.067853519815E-14,-1.));
#1377 = ORIENTED_EDGE('',*,*,#1378,.F.);
#1378 = EDGE_CURVE('',#1379,#1371,#1381,.T.);
#1379 = VERTEX_POINT('',#1380);
#1380 = CARTESIAN_POINT('',(5.6,3.35,17.));
#1381 = LINE('',#1382,#1383);
#1382 = CARTESIAN_POINT('',(5.6,0.7,17.));
#1383 = VECTOR('',#1384,1.);
#1384 = DIRECTION('',(5.374889246194E-17,1.,-1.047445008333E-14));
#1385 = ORIENTED_EDGE('',*,*,#1386,.T.);
#1386 = EDGE_CURVE('',#1379,#1387,#1389,.T.);
#1387 = VERTEX_POINT('',#1388);
#1388 = CARTESIAN_POINT('',(5.6,3.35,15.1));
#1389 = LINE('',#1390,#1391);
#1390 = CARTESIAN_POINT('',(5.6,3.35,17.));
#1391 = VECTOR('',#1392,1.);
#1392 = DIRECTION('',(-7.281636885445E-15,-1.001794390544E-14,-1.));
#1393 = ORIENTED_EDGE('',*,*,#1394,.T.);
#1394 = EDGE_CURVE('',#1387,#1305,#1395,.T.);
#1395 = LINE('',#1396,#1397);
#1396 = CARTESIAN_POINT('',(5.6,2.55,15.1));
#1397 = VECTOR('',#1398,1.);
#1398 = DIRECTION('',(-5.374889246194E-17,-1.,1.047445008333E-14));
#1399 = PLANE('',#1400);
#1400 = AXIS2_PLACEMENT_3D('',#1401,#1402,#1403);
#1401 = CARTESIAN_POINT('',(5.6,0.7,17.));
#1402 = DIRECTION('',(1.,-5.374889246201E-17,-7.281636885445E-15));
#1403 = DIRECTION('',(5.374889246194E-17,1.,-1.047445008333E-14));
#1404 = ADVANCED_FACE('',(#1405),#1431,.F.);
#1405 = FACE_BOUND('',#1406,.T.);
#1406 = EDGE_LOOP('',(#1407,#1415,#1416,#1417,#1425));
#1407 = ORIENTED_EDGE('',*,*,#1408,.T.);
#1408 = EDGE_CURVE('',#1409,#1281,#1411,.T.);
#1409 = VERTEX_POINT('',#1410);
#1410 = CARTESIAN_POINT('',(9.2,4.2,15.));
#1411 = LINE('',#1412,#1413);
#1412 = CARTESIAN_POINT('',(9.2,4.2,15.));
#1413 = VECTOR('',#1414,1.);
#1414 = DIRECTION('',(-7.390057102694E-15,-1.067853519815E-14,-1.));
#1415 = ORIENTED_EDGE('',*,*,#1290,.T.);
#1416 = ORIENTED_EDGE('',*,*,#451,.T.);
#1417 = ORIENTED_EDGE('',*,*,#1418,.T.);
#1418 = EDGE_CURVE('',#444,#1419,#1421,.T.);
#1419 = VERTEX_POINT('',#1420);
#1420 = CARTESIAN_POINT('',(9.2,5.5,15.));
#1421 = LINE('',#1422,#1423);
#1422 = CARTESIAN_POINT('',(9.2,5.5,15.));
#1423 = VECTOR('',#1424,1.);
#1424 = DIRECTION('',(7.390057102694E-15,1.047445008333E-14,1.));
#1425 = ORIENTED_EDGE('',*,*,#1426,.F.);
#1426 = EDGE_CURVE('',#1409,#1419,#1427,.T.);
#1427 = LINE('',#1428,#1429);
#1428 = CARTESIAN_POINT('',(9.2,7.689437438238E-02,15.));
#1429 = VECTOR('',#1430,1.);
#1430 = DIRECTION('',(5.374889246194E-17,1.,-1.047445008333E-14));
#1431 = PLANE('',#1432);
#1432 = AXIS2_PLACEMENT_3D('',#1433,#1434,#1435);
#1433 = CARTESIAN_POINT('',(9.2,7.689437438238E-02,15.));
#1434 = DIRECTION('',(-1.,5.374889246201E-17,7.390057102694E-15));
#1435 = DIRECTION('',(7.390057102694E-15,1.047445008333E-14,1.));
#1436 = ADVANCED_FACE('',(#1437),#1448,.T.);
#1437 = FACE_BOUND('',#1438,.T.);
#1438 = EDGE_LOOP('',(#1439,#1440,#1441,#1447));
#1439 = ORIENTED_EDGE('',*,*,#425,.F.);
#1440 = ORIENTED_EDGE('',*,*,#1155,.T.);
#1441 = ORIENTED_EDGE('',*,*,#1442,.T.);
#1442 = EDGE_CURVE('',#1148,#651,#1443,.T.);
#1443 = LINE('',#1444,#1445);
#1444 = CARTESIAN_POINT('',(6.65,-0.1,10.4));
#1445 = VECTOR('',#1446,1.);
#1446 = DIRECTION('',(1.,-5.374889246201E-17,-7.281636885445E-15));
#1447 = ORIENTED_EDGE('',*,*,#650,.F.);
#1448 = CYLINDRICAL_SURFACE('',#1449,0.6);
#1449 = AXIS2_PLACEMENT_3D('',#1450,#1451,#1452);
#1450 = CARTESIAN_POINT('',(6.9,0.5,10.4));
#1451 = DIRECTION('',(1.,-5.374889246201E-17,-7.281636885445E-15));
#1452 = DIRECTION('',(5.374889246193E-17,1.,-1.156482317318E-14));
#1453 = ADVANCED_FACE('',(#1454),#1480,.F.);
#1454 = FACE_BOUND('',#1455,.T.);
#1455 = EDGE_LOOP('',(#1456,#1457,#1465,#1473,#1479));
#1456 = ORIENTED_EDGE('',*,*,#1259,.T.);
#1457 = ORIENTED_EDGE('',*,*,#1458,.T.);
#1458 = EDGE_CURVE('',#1250,#1459,#1461,.T.);
#1459 = VERTEX_POINT('',#1460);
#1460 = CARTESIAN_POINT('',(6.6,4.2,15.));
#1461 = LINE('',#1462,#1463);
#1462 = CARTESIAN_POINT('',(6.6,4.2,15.));
#1463 = VECTOR('',#1464,1.);
#1464 = DIRECTION('',(7.390057102694E-15,1.067853519815E-14,1.));
#1465 = ORIENTED_EDGE('',*,*,#1466,.T.);
#1466 = EDGE_CURVE('',#1459,#1467,#1469,.T.);
#1467 = VERTEX_POINT('',#1468);
#1468 = CARTESIAN_POINT('',(6.6,5.5,15.));
#1469 = LINE('',#1470,#1471);
#1470 = CARTESIAN_POINT('',(6.6,7.689437438238E-02,15.));
#1471 = VECTOR('',#1472,1.);
#1472 = DIRECTION('',(5.374889246194E-17,1.,-1.047445008333E-14));
#1473 = ORIENTED_EDGE('',*,*,#1474,.T.);
#1474 = EDGE_CURVE('',#1467,#442,#1475,.T.);
#1475 = LINE('',#1476,#1477);
#1476 = CARTESIAN_POINT('',(6.6,5.5,15.));
#1477 = VECTOR('',#1478,1.);
#1478 = DIRECTION('',(-7.390057102694E-15,-1.047445008333E-14,-1.));
#1479 = ORIENTED_EDGE('',*,*,#563,.F.);
#1480 = PLANE('',#1481);
#1481 = AXIS2_PLACEMENT_3D('',#1482,#1483,#1484);
#1482 = CARTESIAN_POINT('',(6.6,7.689437438238E-02,15.));
#1483 = DIRECTION('',(1.,-5.374889246201E-17,-7.390057102694E-15));
#1484 = DIRECTION('',(-7.390057102694E-15,-1.047445008333E-14,-1.));
#1485 = ADVANCED_FACE('',(#1486),#1547,.F.);
#1486 = FACE_BOUND('',#1487,.T.);
#1487 = EDGE_LOOP('',(#1488,#1494,#1495,#1496,#1497,#1503,#1504,#1505,
    #1506,#1514,#1522,#1530,#1538,#1544,#1545,#1546));
#1488 = ORIENTED_EDGE('',*,*,#1489,.F.);
#1489 = EDGE_CURVE('',#1419,#867,#1490,.T.);
#1490 = LINE('',#1491,#1492);
#1491 = CARTESIAN_POINT('',(10.2,5.5,15.));
#1492 = VECTOR('',#1493,1.);
#1493 = DIRECTION('',(1.,-5.374889246202E-17,-8.148998623434E-15));
#1494 = ORIENTED_EDGE('',*,*,#1418,.F.);
#1495 = ORIENTED_EDGE('',*,*,#441,.F.);
#1496 = ORIENTED_EDGE('',*,*,#1474,.F.);
#1497 = ORIENTED_EDGE('',*,*,#1498,.F.);
#1498 = EDGE_CURVE('',#1355,#1467,#1499,.T.);
#1499 = LINE('',#1500,#1501);
#1500 = CARTESIAN_POINT('',(5.6,5.5,15.));
#1501 = VECTOR('',#1502,1.);
#1502 = DIRECTION('',(1.,-5.374889246201E-17,-7.281636885445E-15));
#1503 = ORIENTED_EDGE('',*,*,#1354,.F.);
#1504 = ORIENTED_EDGE('',*,*,#539,.F.);
#1505 = ORIENTED_EDGE('',*,*,#1016,.T.);
#1506 = ORIENTED_EDGE('',*,*,#1507,.F.);
#1507 = EDGE_CURVE('',#1508,#1009,#1510,.T.);
#1508 = VERTEX_POINT('',#1509);
#1509 = CARTESIAN_POINT('',(4.85,5.5,16.2));
#1510 = LINE('',#1511,#1512);
#1511 = CARTESIAN_POINT('',(3.95,5.5,16.2));
#1512 = VECTOR('',#1513,1.);
#1513 = DIRECTION('',(-1.,5.374889246201E-17,7.281636885445E-15));
#1514 = ORIENTED_EDGE('',*,*,#1515,.F.);
#1515 = EDGE_CURVE('',#1516,#1508,#1518,.T.);
#1516 = VERTEX_POINT('',#1517);
#1517 = CARTESIAN_POINT('',(4.85,5.5,17.));
#1518 = LINE('',#1519,#1520);
#1519 = CARTESIAN_POINT('',(4.85,5.5,17.));
#1520 = VECTOR('',#1521,1.);
#1521 = DIRECTION('',(-7.281636885445E-15,-1.047445008333E-14,-1.));
#1522 = ORIENTED_EDGE('',*,*,#1523,.T.);
#1523 = EDGE_CURVE('',#1516,#1524,#1526,.T.);
#1524 = VERTEX_POINT('',#1525);
#1525 = CARTESIAN_POINT('',(10.95,5.5,17.));
#1526 = LINE('',#1527,#1528);
#1527 = CARTESIAN_POINT('',(11.85,5.5,17.));
#1528 = VECTOR('',#1529,1.);
#1529 = DIRECTION('',(1.,-5.374889246201E-17,-7.391429510507E-15));
#1530 = ORIENTED_EDGE('',*,*,#1531,.F.);
#1531 = EDGE_CURVE('',#1532,#1524,#1534,.T.);
#1532 = VERTEX_POINT('',#1533);
#1533 = CARTESIAN_POINT('',(10.95,5.5,16.2));
#1534 = LINE('',#1535,#1536);
#1535 = CARTESIAN_POINT('',(10.95,5.5,17.));
#1536 = VECTOR('',#1537,1.);
#1537 = DIRECTION('',(8.365839057931E-15,1.047445008333E-14,1.));
#1538 = ORIENTED_EDGE('',*,*,#1539,.F.);
#1539 = EDGE_CURVE('',#1204,#1532,#1540,.T.);
#1540 = LINE('',#1541,#1542);
#1541 = CARTESIAN_POINT('',(11.85,5.5,16.2));
#1542 = VECTOR('',#1543,1.);
#1543 = DIRECTION('',(-1.,5.374889246201E-17,7.281636885445E-15));
#1544 = ORIENTED_EDGE('',*,*,#1203,.T.);
#1545 = ORIENTED_EDGE('',*,*,#475,.F.);
#1546 = ORIENTED_EDGE('',*,*,#874,.F.);
#1547 = PLANE('',#1548);
#1548 = AXIS2_PLACEMENT_3D('',#1549,#1550,#1551);
#1549 = CARTESIAN_POINT('',(3.95,5.5,9.4));
#1550 = DIRECTION('',(-5.374889246194E-17,-1.,1.047445008333E-14));
#1551 = DIRECTION('',(1.,-5.374889246201E-17,-7.281636885445E-15));
#1552 = ADVANCED_FACE('',(#1553),#1569,.F.);
#1553 = FACE_BOUND('',#1554,.T.);
#1554 = EDGE_LOOP('',(#1555,#1556,#1562,#1563));
#1555 = ORIENTED_EDGE('',*,*,#1139,.F.);
#1556 = ORIENTED_EDGE('',*,*,#1557,.F.);
#1557 = EDGE_CURVE('',#668,#1132,#1558,.T.);
#1558 = LINE('',#1559,#1560);
#1559 = CARTESIAN_POINT('',(6.65,0.4,8.4));
#1560 = VECTOR('',#1561,1.);
#1561 = DIRECTION('',(-1.,5.374889246201E-17,7.281636885445E-15));
#1562 = ORIENTED_EDGE('',*,*,#667,.F.);
#1563 = ORIENTED_EDGE('',*,*,#1564,.F.);
#1564 = EDGE_CURVE('',#1140,#660,#1565,.T.);
#1565 = LINE('',#1566,#1567);
#1566 = CARTESIAN_POINT('',(6.65,-0.1,8.4));
#1567 = VECTOR('',#1568,1.);
#1568 = DIRECTION('',(1.,-5.374889246201E-17,-7.281636885445E-15));
#1569 = PLANE('',#1570);
#1570 = AXIS2_PLACEMENT_3D('',#1571,#1572,#1573);
#1571 = CARTESIAN_POINT('',(6.65,-0.1,8.4));
#1572 = DIRECTION('',(7.281636885445E-15,-3.736404631874E-15,1.));
#1573 = DIRECTION('',(5.374889246204E-17,1.,3.736404631874E-15));
#1574 = ADVANCED_FACE('',(#1575),#1586,.F.);
#1575 = FACE_BOUND('',#1576,.T.);
#1576 = EDGE_LOOP('',(#1577,#1578,#1579,#1585));
#1577 = ORIENTED_EDGE('',*,*,#1081,.F.);
#1578 = ORIENTED_EDGE('',*,*,#692,.T.);
#1579 = ORIENTED_EDGE('',*,*,#1580,.T.);
#1580 = EDGE_CURVE('',#684,#1115,#1581,.T.);
#1581 = LINE('',#1582,#1583);
#1582 = CARTESIAN_POINT('',(6.65,0.5,10.5));
#1583 = VECTOR('',#1584,1.);
#1584 = DIRECTION('',(-1.,5.374889246201E-17,7.281636885445E-15));
#1585 = ORIENTED_EDGE('',*,*,#1114,.F.);
#1586 = PLANE('',#1587);
#1587 = AXIS2_PLACEMENT_3D('',#1588,#1589,#1590);
#1588 = CARTESIAN_POINT('',(6.65,2.75,10.5));
#1589 = DIRECTION('',(7.281636885445E-15,1.083585080749E-14,1.));
#1590 = DIRECTION('',(5.374889246193E-17,1.,-1.083585080749E-14));
#1591 = ADVANCED_FACE('',(#1592),#1603,.F.);
#1592 = FACE_BOUND('',#1593,.T.);
#1593 = EDGE_LOOP('',(#1594,#1600,#1601,#1602));
#1594 = ORIENTED_EDGE('',*,*,#1595,.F.);
#1595 = EDGE_CURVE('',#676,#1123,#1596,.T.);
#1596 = LINE('',#1597,#1598);
#1597 = CARTESIAN_POINT('',(6.65,0.4,10.4));
#1598 = VECTOR('',#1599,1.);
#1599 = DIRECTION('',(-1.,5.374889246201E-17,7.281636885445E-15));
#1600 = ORIENTED_EDGE('',*,*,#675,.T.);
#1601 = ORIENTED_EDGE('',*,*,#1557,.T.);
#1602 = ORIENTED_EDGE('',*,*,#1131,.F.);
#1603 = PLANE('',#1604);
#1604 = AXIS2_PLACEMENT_3D('',#1605,#1606,#1607);
#1605 = CARTESIAN_POINT('',(6.65,0.4,10.4));
#1606 = DIRECTION('',(-5.374889246194E-17,-1.,1.052866019195E-14));
#1607 = DIRECTION('',(7.281636885445E-15,1.052866019195E-14,1.));
#1608 = ADVANCED_FACE('',(#1609),#1615,.F.);
#1609 = FACE_BOUND('',#1610,.T.);
#1610 = EDGE_LOOP('',(#1611,#1612,#1613,#1614));
#1611 = ORIENTED_EDGE('',*,*,#1442,.F.);
#1612 = ORIENTED_EDGE('',*,*,#1147,.T.);
#1613 = ORIENTED_EDGE('',*,*,#1564,.T.);
#1614 = ORIENTED_EDGE('',*,*,#659,.F.);
#1615 = PLANE('',#1616);
#1616 = AXIS2_PLACEMENT_3D('',#1617,#1618,#1619);
#1617 = CARTESIAN_POINT('',(6.65,-0.1,10.4));
#1618 = DIRECTION('',(5.374889246194E-17,1.,-1.052866019195E-14));
#1619 = DIRECTION('',(-7.281636885445E-15,-1.052866019195E-14,-1.));
#1620 = ADVANCED_FACE('',(#1621),#1627,.F.);
#1621 = FACE_BOUND('',#1622,.F.);
#1622 = EDGE_LOOP('',(#1623,#1624,#1625,#1626));
#1623 = ORIENTED_EDGE('',*,*,#1122,.T.);
#1624 = ORIENTED_EDGE('',*,*,#1595,.F.);
#1625 = ORIENTED_EDGE('',*,*,#683,.F.);
#1626 = ORIENTED_EDGE('',*,*,#1580,.T.);
#1627 = CYLINDRICAL_SURFACE('',#1628,1.E-01);
#1628 = AXIS2_PLACEMENT_3D('',#1629,#1630,#1631);
#1629 = CARTESIAN_POINT('',(6.9,0.5,10.4));
#1630 = DIRECTION('',(1.,-5.374889246201E-17,-7.281636885445E-15));
#1631 = DIRECTION('',(5.374889246189E-17,1.,-1.734723475977E-14));
#1632 = ADVANCED_FACE('',(#1633),#1768,.F.);
#1633 = FACE_BOUND('',#1634,.T.);
#1634 = EDGE_LOOP('',(#1635,#1645,#1651,#1652,#1660,#1668,#1676,#1684,
    #1692,#1700,#1708,#1714,#1715,#1721,#1722,#1730,#1738,#1746,#1754,
    #1762));
#1635 = ORIENTED_EDGE('',*,*,#1636,.F.);
#1636 = EDGE_CURVE('',#1637,#1639,#1641,.T.);
#1637 = VERTEX_POINT('',#1638);
#1638 = CARTESIAN_POINT('',(5.45,0.4,17.));
#1639 = VERTEX_POINT('',#1640);
#1640 = CARTESIAN_POINT('',(4.85,0.4,17.));
#1641 = LINE('',#1642,#1643);
#1642 = CARTESIAN_POINT('',(5.45,0.4,17.));
#1643 = VECTOR('',#1644,1.);
#1644 = DIRECTION('',(-1.,5.374889246201E-17,7.281636885445E-15));
#1645 = ORIENTED_EDGE('',*,*,#1646,.T.);
#1646 = EDGE_CURVE('',#1637,#707,#1647,.T.);
#1647 = LINE('',#1648,#1649);
#1648 = CARTESIAN_POINT('',(5.45,5.724587470723E-14,17.));
#1649 = VECTOR('',#1650,1.);
#1650 = DIRECTION('',(-5.374889246194E-17,-1.,1.047445008333E-14));
#1651 = ORIENTED_EDGE('',*,*,#787,.T.);
#1652 = ORIENTED_EDGE('',*,*,#1653,.F.);
#1653 = EDGE_CURVE('',#1654,#780,#1656,.T.);
#1654 = VERTEX_POINT('',#1655);
#1655 = CARTESIAN_POINT('',(10.35,0.4,17.));
#1656 = LINE('',#1657,#1658);
#1657 = CARTESIAN_POINT('',(10.35,5.724587470723E-14,17.));
#1658 = VECTOR('',#1659,1.);
#1659 = DIRECTION('',(-5.374889246194E-17,-1.,1.047445008333E-14));
#1660 = ORIENTED_EDGE('',*,*,#1661,.T.);
#1661 = EDGE_CURVE('',#1654,#1662,#1664,.T.);
#1662 = VERTEX_POINT('',#1663);
#1663 = CARTESIAN_POINT('',(10.95,0.4,17.));
#1664 = LINE('',#1665,#1666);
#1665 = CARTESIAN_POINT('',(10.35,0.4,17.));
#1666 = VECTOR('',#1667,1.);
#1667 = DIRECTION('',(1.,-5.374889246201E-17,-7.281636885445E-15));
#1668 = ORIENTED_EDGE('',*,*,#1669,.F.);
#1669 = EDGE_CURVE('',#1670,#1662,#1672,.T.);
#1670 = VERTEX_POINT('',#1671);
#1671 = CARTESIAN_POINT('',(10.95,-9.999999999994E-02,17.));
#1672 = LINE('',#1673,#1674);
#1673 = CARTESIAN_POINT('',(10.95,-9.999999999994E-02,17.));
#1674 = VECTOR('',#1675,1.);
#1675 = DIRECTION('',(5.374889246194E-17,1.,-1.008019474788E-14));
#1676 = ORIENTED_EDGE('',*,*,#1677,.F.);
#1677 = EDGE_CURVE('',#1678,#1670,#1680,.T.);
#1678 = VERTEX_POINT('',#1679);
#1679 = CARTESIAN_POINT('',(11.35,-9.999999999994E-02,17.));
#1680 = LINE('',#1681,#1682);
#1681 = CARTESIAN_POINT('',(11.35,-9.999999999994E-02,17.));
#1682 = VECTOR('',#1683,1.);
#1683 = DIRECTION('',(-1.,5.374889246201E-17,7.281636885445E-15));
#1684 = ORIENTED_EDGE('',*,*,#1685,.T.);
#1685 = EDGE_CURVE('',#1678,#1686,#1688,.T.);
#1686 = VERTEX_POINT('',#1687);
#1687 = CARTESIAN_POINT('',(11.35,2.1,17.));
#1688 = LINE('',#1689,#1690);
#1689 = CARTESIAN_POINT('',(11.35,-9.999999999994E-02,17.));
#1690 = VECTOR('',#1691,1.);
#1691 = DIRECTION('',(5.374889246194E-17,1.,-1.008019474788E-14));
#1692 = ORIENTED_EDGE('',*,*,#1693,.T.);
#1693 = EDGE_CURVE('',#1686,#1694,#1696,.T.);
#1694 = VERTEX_POINT('',#1695);
#1695 = CARTESIAN_POINT('',(10.95,2.1,17.));
#1696 = LINE('',#1697,#1698);
#1697 = CARTESIAN_POINT('',(11.35,2.1,17.));
#1698 = VECTOR('',#1699,1.);
#1699 = DIRECTION('',(-1.,5.374889246201E-17,7.281636885445E-15));
#1700 = ORIENTED_EDGE('',*,*,#1701,.T.);
#1701 = EDGE_CURVE('',#1694,#1702,#1704,.T.);
#1702 = VERTEX_POINT('',#1703);
#1703 = CARTESIAN_POINT('',(10.95,2.55,17.));
#1704 = LINE('',#1705,#1706);
#1705 = CARTESIAN_POINT('',(10.95,5.724587470723E-14,17.));
#1706 = VECTOR('',#1707,1.);
#1707 = DIRECTION('',(5.374889246194E-17,1.,-1.047445008333E-14));
#1708 = ORIENTED_EDGE('',*,*,#1709,.F.);
#1709 = EDGE_CURVE('',#922,#1702,#1710,.T.);
#1710 = LINE('',#1711,#1712);
#1711 = CARTESIAN_POINT('',(3.95,2.55,17.));
#1712 = VECTOR('',#1713,1.);
#1713 = DIRECTION('',(1.,-5.374889246201E-17,-7.281636885445E-15));
#1714 = ORIENTED_EDGE('',*,*,#921,.F.);
#1715 = ORIENTED_EDGE('',*,*,#1716,.T.);
#1716 = EDGE_CURVE('',#914,#1315,#1717,.T.);
#1717 = LINE('',#1718,#1719);
#1718 = CARTESIAN_POINT('',(10.2,0.7,17.));
#1719 = VECTOR('',#1720,1.);
#1720 = DIRECTION('',(-1.,5.374889246201E-17,7.281636885445E-15));
#1721 = ORIENTED_EDGE('',*,*,#1314,.T.);
#1722 = ORIENTED_EDGE('',*,*,#1723,.F.);
#1723 = EDGE_CURVE('',#1724,#1307,#1726,.T.);
#1724 = VERTEX_POINT('',#1725);
#1725 = CARTESIAN_POINT('',(4.85,2.55,17.));
#1726 = LINE('',#1727,#1728);
#1727 = CARTESIAN_POINT('',(3.95,2.55,17.));
#1728 = VECTOR('',#1729,1.);
#1729 = DIRECTION('',(1.,-5.374889246201E-17,-7.281636885445E-15));
#1730 = ORIENTED_EDGE('',*,*,#1731,.F.);
#1731 = EDGE_CURVE('',#1732,#1724,#1734,.T.);
#1732 = VERTEX_POINT('',#1733);
#1733 = CARTESIAN_POINT('',(4.85,2.1,17.));
#1734 = LINE('',#1735,#1736);
#1735 = CARTESIAN_POINT('',(4.85,5.898059818321E-14,17.));
#1736 = VECTOR('',#1737,1.);
#1737 = DIRECTION('',(5.374889246194E-17,1.,-1.047445008333E-14));
#1738 = ORIENTED_EDGE('',*,*,#1739,.F.);
#1739 = EDGE_CURVE('',#1740,#1732,#1742,.T.);
#1740 = VERTEX_POINT('',#1741);
#1741 = CARTESIAN_POINT('',(4.45,2.1,17.));
#1742 = LINE('',#1743,#1744);
#1743 = CARTESIAN_POINT('',(4.45,2.1,17.));
#1744 = VECTOR('',#1745,1.);
#1745 = DIRECTION('',(1.,-5.374889246201E-17,-7.281636885445E-15));
#1746 = ORIENTED_EDGE('',*,*,#1747,.F.);
#1747 = EDGE_CURVE('',#1748,#1740,#1750,.T.);
#1748 = VERTEX_POINT('',#1749);
#1749 = CARTESIAN_POINT('',(4.45,-9.999999999994E-02,17.));
#1750 = LINE('',#1751,#1752);
#1751 = CARTESIAN_POINT('',(4.45,-9.999999999994E-02,17.));
#1752 = VECTOR('',#1753,1.);
#1753 = DIRECTION('',(5.374889246194E-17,1.,-1.008019474788E-14));
#1754 = ORIENTED_EDGE('',*,*,#1755,.T.);
#1755 = EDGE_CURVE('',#1748,#1756,#1758,.T.);
#1756 = VERTEX_POINT('',#1757);
#1757 = CARTESIAN_POINT('',(4.85,-9.999999999994E-02,17.));
#1758 = LINE('',#1759,#1760);
#1759 = CARTESIAN_POINT('',(4.45,-9.999999999994E-02,17.));
#1760 = VECTOR('',#1761,1.);
#1761 = DIRECTION('',(1.,-5.374889246201E-17,-7.281636885445E-15));
#1762 = ORIENTED_EDGE('',*,*,#1763,.T.);
#1763 = EDGE_CURVE('',#1756,#1639,#1764,.T.);
#1764 = LINE('',#1765,#1766);
#1765 = CARTESIAN_POINT('',(4.85,-9.999999999994E-02,17.));
#1766 = VECTOR('',#1767,1.);
#1767 = DIRECTION('',(5.374889246194E-17,1.,-1.008019474788E-14));
#1768 = PLANE('',#1769);
#1769 = AXIS2_PLACEMENT_3D('',#1770,#1771,#1772);
#1770 = CARTESIAN_POINT('',(11.85,5.5,17.));
#1771 = DIRECTION('',(-7.391429510507E-15,-1.047445008333E-14,-1.));
#1772 = DIRECTION('',(-1.,5.374889246201E-17,7.391429510507E-15));
#1773 = ADVANCED_FACE('',(#1774),#1780,.F.);
#1774 = FACE_BOUND('',#1775,.T.);
#1775 = EDGE_LOOP('',(#1776,#1777,#1778,#1779));
#1776 = ORIENTED_EDGE('',*,*,#755,.T.);
#1777 = ORIENTED_EDGE('',*,*,#1095,.F.);
#1778 = ORIENTED_EDGE('',*,*,#1039,.T.);
#1779 = ORIENTED_EDGE('',*,*,#1195,.T.);
#1780 = PLANE('',#1781);
#1781 = AXIS2_PLACEMENT_3D('',#1782,#1783,#1784);
#1782 = CARTESIAN_POINT('',(3.95,5.5,9.4));
#1783 = DIRECTION('',(7.391429510507E-15,1.047445008333E-14,1.));
#1784 = DIRECTION('',(1.,-5.374889246201E-17,-7.391429510507E-15));
#1785 = ADVANCED_FACE('',(#1786),#1804,.T.);
#1786 = FACE_BOUND('',#1787,.T.);
#1787 = EDGE_LOOP('',(#1788,#1789,#1790,#1798));
#1788 = ORIENTED_EDGE('',*,*,#706,.F.);
#1789 = ORIENTED_EDGE('',*,*,#1646,.F.);
#1790 = ORIENTED_EDGE('',*,*,#1791,.F.);
#1791 = EDGE_CURVE('',#1792,#1637,#1794,.T.);
#1792 = VERTEX_POINT('',#1793);
#1793 = CARTESIAN_POINT('',(5.45,0.4,14.));
#1794 = LINE('',#1795,#1796);
#1795 = CARTESIAN_POINT('',(5.45,0.4,17.));
#1796 = VECTOR('',#1797,1.);
#1797 = DIRECTION('',(7.281636885445E-15,1.032988979366E-14,1.));
#1798 = ORIENTED_EDGE('',*,*,#1799,.F.);
#1799 = EDGE_CURVE('',#709,#1792,#1800,.T.);
#1800 = LINE('',#1801,#1802);
#1801 = CARTESIAN_POINT('',(5.45,2.602085213965E-14,14.));
#1802 = VECTOR('',#1803,1.);
#1803 = DIRECTION('',(5.374889246194E-17,1.,-1.047445008333E-14));
#1804 = PLANE('',#1805);
#1805 = AXIS2_PLACEMENT_3D('',#1806,#1807,#1808);
#1806 = CARTESIAN_POINT('',(5.45,2.602085213965E-14,14.));
#1807 = DIRECTION('',(-1.,5.374889246201E-17,7.281636885445E-15));
#1808 = DIRECTION('',(5.374889246194E-17,1.,-1.047445008333E-14));
#1809 = ADVANCED_FACE('',(#1810),#1816,.F.);
#1810 = FACE_BOUND('',#1811,.T.);
#1811 = EDGE_LOOP('',(#1812,#1813,#1814,#1815));
#1812 = ORIENTED_EDGE('',*,*,#810,.T.);
#1813 = ORIENTED_EDGE('',*,*,#945,.T.);
#1814 = ORIENTED_EDGE('',*,*,#732,.T.);
#1815 = ORIENTED_EDGE('',*,*,#1024,.F.);
#1816 = PLANE('',#1817);
#1817 = AXIS2_PLACEMENT_3D('',#1818,#1819,#1820);
#1818 = CARTESIAN_POINT('',(3.95,5.5,9.4));
#1819 = DIRECTION('',(7.391429510507E-15,1.047445008333E-14,1.));
#1820 = DIRECTION('',(1.,-5.374889246201E-17,-7.391429510507E-15));
#1821 = ADVANCED_FACE('',(#1822),#1833,.T.);
#1822 = FACE_BOUND('',#1823,.T.);
#1823 = EDGE_LOOP('',(#1824,#1825,#1826,#1827));
#1824 = ORIENTED_EDGE('',*,*,#960,.F.);
#1825 = ORIENTED_EDGE('',*,*,#716,.F.);
#1826 = ORIENTED_EDGE('',*,*,#1799,.T.);
#1827 = ORIENTED_EDGE('',*,*,#1828,.T.);
#1828 = EDGE_CURVE('',#1792,#961,#1829,.T.);
#1829 = LINE('',#1830,#1831);
#1830 = CARTESIAN_POINT('',(5.45,0.4,14.));
#1831 = VECTOR('',#1832,1.);
#1832 = DIRECTION('',(-1.,5.374889246201E-17,7.281636885445E-15));
#1833 = PLANE('',#1834);
#1834 = AXIS2_PLACEMENT_3D('',#1835,#1836,#1837);
#1835 = CARTESIAN_POINT('',(5.45,2.602085213965E-14,14.));
#1836 = DIRECTION('',(7.281636885445E-15,1.047445008333E-14,1.));
#1837 = DIRECTION('',(5.374889246194E-17,1.,-1.047445008333E-14));
#1838 = ADVANCED_FACE('',(#1839),#1857,.T.);
#1839 = FACE_BOUND('',#1840,.T.);
#1840 = EDGE_LOOP('',(#1841,#1842,#1850,#1856));
#1841 = ORIENTED_EDGE('',*,*,#779,.T.);
#1842 = ORIENTED_EDGE('',*,*,#1843,.T.);
#1843 = EDGE_CURVE('',#772,#1844,#1846,.T.);
#1844 = VERTEX_POINT('',#1845);
#1845 = CARTESIAN_POINT('',(10.35,0.4,14.));
#1846 = LINE('',#1847,#1848);
#1847 = CARTESIAN_POINT('',(10.35,2.602085213965E-14,14.));
#1848 = VECTOR('',#1849,1.);
#1849 = DIRECTION('',(5.374889246194E-17,1.,-1.047445008333E-14));
#1850 = ORIENTED_EDGE('',*,*,#1851,.T.);
#1851 = EDGE_CURVE('',#1844,#1654,#1852,.T.);
#1852 = LINE('',#1853,#1854);
#1853 = CARTESIAN_POINT('',(10.35,0.4,17.));
#1854 = VECTOR('',#1855,1.);
#1855 = DIRECTION('',(7.281636885445E-15,1.032988979366E-14,1.));
#1856 = ORIENTED_EDGE('',*,*,#1653,.T.);
#1857 = PLANE('',#1858);
#1858 = AXIS2_PLACEMENT_3D('',#1859,#1860,#1861);
#1859 = CARTESIAN_POINT('',(10.35,2.602085213965E-14,14.));
#1860 = DIRECTION('',(1.,-5.374889246201E-17,-7.281636885445E-15));
#1861 = DIRECTION('',(5.374889246194E-17,1.,-1.047445008333E-14));
#1862 = ADVANCED_FACE('',(#1863),#1874,.F.);
#1863 = FACE_BOUND('',#1864,.T.);
#1864 = EDGE_LOOP('',(#1865,#1866,#1872,#1873));
#1865 = ORIENTED_EDGE('',*,*,#1188,.T.);
#1866 = ORIENTED_EDGE('',*,*,#1867,.F.);
#1867 = EDGE_CURVE('',#1844,#1181,#1868,.T.);
#1868 = LINE('',#1869,#1870);
#1869 = CARTESIAN_POINT('',(10.35,0.4,14.));
#1870 = VECTOR('',#1871,1.);
#1871 = DIRECTION('',(1.,-5.374889246201E-17,-7.281636885445E-15));
#1872 = ORIENTED_EDGE('',*,*,#1843,.F.);
#1873 = ORIENTED_EDGE('',*,*,#771,.T.);
#1874 = PLANE('',#1875);
#1875 = AXIS2_PLACEMENT_3D('',#1876,#1877,#1878);
#1876 = CARTESIAN_POINT('',(10.35,2.602085213965E-14,14.));
#1877 = DIRECTION('',(-7.281636885445E-15,-1.047445008333E-14,-1.));
#1878 = DIRECTION('',(-5.374889246194E-17,-1.,1.047445008333E-14));
#1879 = ADVANCED_FACE('',(#1880),#1896,.F.);
#1880 = FACE_BOUND('',#1881,.T.);
#1881 = EDGE_LOOP('',(#1882,#1883,#1889,#1890));
#1882 = ORIENTED_EDGE('',*,*,#1330,.T.);
#1883 = ORIENTED_EDGE('',*,*,#1884,.F.);
#1884 = EDGE_CURVE('',#906,#1323,#1885,.T.);
#1885 = LINE('',#1886,#1887);
#1886 = CARTESIAN_POINT('',(10.2,0.7,12.15));
#1887 = VECTOR('',#1888,1.);
#1888 = DIRECTION('',(-1.,5.374889246201E-17,7.281636885445E-15));
#1889 = ORIENTED_EDGE('',*,*,#905,.F.);
#1890 = ORIENTED_EDGE('',*,*,#1891,.T.);
#1891 = EDGE_CURVE('',#898,#1331,#1892,.T.);
#1892 = LINE('',#1893,#1894);
#1893 = CARTESIAN_POINT('',(10.2,2.225,12.15));
#1894 = VECTOR('',#1895,1.);
#1895 = DIRECTION('',(-1.,5.374889246201E-17,7.281636885445E-15));
#1896 = PLANE('',#1897);
#1897 = AXIS2_PLACEMENT_3D('',#1898,#1899,#1900);
#1898 = CARTESIAN_POINT('',(10.2,2.225,12.15));
#1899 = DIRECTION('',(-7.281636885445E-15,-1.047445008333E-14,-1.));
#1900 = DIRECTION('',(-5.374889246194E-17,-1.,1.047445008333E-14));
#1901 = ADVANCED_FACE('',(#1902),#1913,.F.);
#1902 = FACE_BOUND('',#1903,.T.);
#1903 = EDGE_LOOP('',(#1904,#1910,#1911,#1912));
#1904 = ORIENTED_EDGE('',*,*,#1905,.T.);
#1905 = EDGE_CURVE('',#859,#1409,#1906,.T.);
#1906 = LINE('',#1907,#1908);
#1907 = CARTESIAN_POINT('',(10.2,4.2,15.));
#1908 = VECTOR('',#1909,1.);
#1909 = DIRECTION('',(-1.,5.374889246202E-17,8.148998623434E-15));
#1910 = ORIENTED_EDGE('',*,*,#1426,.T.);
#1911 = ORIENTED_EDGE('',*,*,#1489,.T.);
#1912 = ORIENTED_EDGE('',*,*,#866,.F.);
#1913 = PLANE('',#1914);
#1914 = AXIS2_PLACEMENT_3D('',#1915,#1916,#1917);
#1915 = CARTESIAN_POINT('',(10.2,7.689437438238E-02,15.));
#1916 = DIRECTION('',(8.148998623434E-15,1.047445008333E-14,1.));
#1917 = DIRECTION('',(1.,-5.374889246202E-17,-8.148998623434E-15));
#1918 = ADVANCED_FACE('',(#1919),#1925,.F.);
#1919 = FACE_BOUND('',#1920,.T.);
#1920 = EDGE_LOOP('',(#1921,#1922,#1923,#1924));
#1921 = ORIENTED_EDGE('',*,*,#1322,.T.);
#1922 = ORIENTED_EDGE('',*,*,#1716,.F.);
#1923 = ORIENTED_EDGE('',*,*,#913,.F.);
#1924 = ORIENTED_EDGE('',*,*,#1884,.T.);
#1925 = PLANE('',#1926);
#1926 = AXIS2_PLACEMENT_3D('',#1927,#1928,#1929);
#1927 = CARTESIAN_POINT('',(10.2,0.7,12.15));
#1928 = DIRECTION('',(-5.374889246194E-17,-1.,1.045209539936E-14));
#1929 = DIRECTION('',(7.281636885445E-15,1.045209539936E-14,1.));
#1930 = ADVANCED_FACE('',(#1931,#1965,#1999),#2049,.F.);
#1931 = FACE_BOUND('',#1932,.T.);
#1932 = EDGE_LOOP('',(#1933,#1943,#1951,#1959));
#1933 = ORIENTED_EDGE('',*,*,#1934,.T.);
#1934 = EDGE_CURVE('',#1935,#1937,#1939,.T.);
#1935 = VERTEX_POINT('',#1936);
#1936 = CARTESIAN_POINT('',(9.15,2.85,12.75));
#1937 = VERTEX_POINT('',#1938);
#1938 = CARTESIAN_POINT('',(8.65,2.85,12.75));
#1939 = LINE('',#1940,#1941);
#1940 = CARTESIAN_POINT('',(10.2,2.85,12.75));
#1941 = VECTOR('',#1942,1.);
#1942 = DIRECTION('',(-1.,5.374889246201E-17,7.281636885445E-15));
#1943 = ORIENTED_EDGE('',*,*,#1944,.T.);
#1944 = EDGE_CURVE('',#1937,#1945,#1947,.T.);
#1945 = VERTEX_POINT('',#1946);
#1946 = CARTESIAN_POINT('',(8.65,3.35,12.75));
#1947 = LINE('',#1948,#1949);
#1948 = CARTESIAN_POINT('',(8.65,4.2,12.75));
#1949 = VECTOR('',#1950,1.);
#1950 = DIRECTION('',(5.374889246193E-17,1.,-1.110525862005E-14));
#1951 = ORIENTED_EDGE('',*,*,#1952,.T.);
#1952 = EDGE_CURVE('',#1945,#1953,#1955,.T.);
#1953 = VERTEX_POINT('',#1954);
#1954 = CARTESIAN_POINT('',(9.15,3.35,12.75));
#1955 = LINE('',#1956,#1957);
#1956 = CARTESIAN_POINT('',(10.2,3.35,12.75));
#1957 = VECTOR('',#1958,1.);
#1958 = DIRECTION('',(1.,-5.374889246201E-17,-7.281636885445E-15));
#1959 = ORIENTED_EDGE('',*,*,#1960,.T.);
#1960 = EDGE_CURVE('',#1953,#1935,#1961,.T.);
#1961 = LINE('',#1962,#1963);
#1962 = CARTESIAN_POINT('',(9.15,4.2,12.75));
#1963 = VECTOR('',#1964,1.);
#1964 = DIRECTION('',(-5.374889246193E-17,-1.,1.110525862005E-14));
#1965 = FACE_BOUND('',#1966,.T.);
#1966 = EDGE_LOOP('',(#1967,#1977,#1985,#1993));
#1967 = ORIENTED_EDGE('',*,*,#1968,.T.);
#1968 = EDGE_CURVE('',#1969,#1971,#1973,.T.);
#1969 = VERTEX_POINT('',#1970);
#1970 = CARTESIAN_POINT('',(7.15,2.85,12.75));
#1971 = VERTEX_POINT('',#1972);
#1972 = CARTESIAN_POINT('',(6.65,2.85,12.75));
#1973 = LINE('',#1974,#1975);
#1974 = CARTESIAN_POINT('',(10.2,2.85,12.75));
#1975 = VECTOR('',#1976,1.);
#1976 = DIRECTION('',(-1.,5.374889246201E-17,7.281636885445E-15));
#1977 = ORIENTED_EDGE('',*,*,#1978,.T.);
#1978 = EDGE_CURVE('',#1971,#1979,#1981,.T.);
#1979 = VERTEX_POINT('',#1980);
#1980 = CARTESIAN_POINT('',(6.65,3.35,12.75));
#1981 = LINE('',#1982,#1983);
#1982 = CARTESIAN_POINT('',(6.65,4.2,12.75));
#1983 = VECTOR('',#1984,1.);
#1984 = DIRECTION('',(5.374889246193E-17,1.,-1.110525862005E-14));
#1985 = ORIENTED_EDGE('',*,*,#1986,.T.);
#1986 = EDGE_CURVE('',#1979,#1987,#1989,.T.);
#1987 = VERTEX_POINT('',#1988);
#1988 = CARTESIAN_POINT('',(7.15,3.35,12.75));
#1989 = LINE('',#1990,#1991);
#1990 = CARTESIAN_POINT('',(10.2,3.35,12.75));
#1991 = VECTOR('',#1992,1.);
#1992 = DIRECTION('',(1.,-5.374889246201E-17,-7.281636885445E-15));
#1993 = ORIENTED_EDGE('',*,*,#1994,.T.);
#1994 = EDGE_CURVE('',#1987,#1969,#1995,.T.);
#1995 = LINE('',#1996,#1997);
#1996 = CARTESIAN_POINT('',(7.15,4.2,12.75));
#1997 = VECTOR('',#1998,1.);
#1998 = DIRECTION('',(-5.374889246193E-17,-1.,1.110525862005E-14));
#1999 = FACE_BOUND('',#2000,.T.);
#2000 = EDGE_LOOP('',(#2001,#2002,#2008,#2009,#2010,#2018,#2026,#2034,
    #2042,#2048));
#2001 = ORIENTED_EDGE('',*,*,#1346,.T.);
#2002 = ORIENTED_EDGE('',*,*,#2003,.F.);
#2003 = EDGE_CURVE('',#890,#1339,#2004,.T.);
#2004 = LINE('',#2005,#2006);
#2005 = CARTESIAN_POINT('',(10.2,2.825,12.75));
#2006 = VECTOR('',#2007,1.);
#2007 = DIRECTION('',(-1.,5.374889246201E-17,7.281636885445E-15));
#2008 = ORIENTED_EDGE('',*,*,#889,.F.);
#2009 = ORIENTED_EDGE('',*,*,#1280,.T.);
#2010 = ORIENTED_EDGE('',*,*,#2011,.T.);
#2011 = EDGE_CURVE('',#1281,#2012,#2014,.T.);
#2012 = VERTEX_POINT('',#2013);
#2013 = CARTESIAN_POINT('',(8.2,4.2,12.75));
#2014 = LINE('',#2015,#2016);
#2015 = CARTESIAN_POINT('',(10.2,4.2,12.75));
#2016 = VECTOR('',#2017,1.);
#2017 = DIRECTION('',(-1.,5.374889246201E-17,7.281636885445E-15));
#2018 = ORIENTED_EDGE('',*,*,#2019,.T.);
#2019 = EDGE_CURVE('',#2012,#2020,#2022,.T.);
#2020 = VERTEX_POINT('',#2021);
#2021 = CARTESIAN_POINT('',(8.2,5.,12.75));
#2022 = LINE('',#2023,#2024);
#2023 = CARTESIAN_POINT('',(8.2,4.2,12.75));
#2024 = VECTOR('',#2025,1.);
#2025 = DIRECTION('',(1.215115282423E-16,1.,-1.110525862005E-14));
#2026 = ORIENTED_EDGE('',*,*,#2027,.T.);
#2027 = EDGE_CURVE('',#2020,#2028,#2030,.T.);
#2028 = VERTEX_POINT('',#2029);
#2029 = CARTESIAN_POINT('',(7.6,5.,12.75));
#2030 = LINE('',#2031,#2032);
#2031 = CARTESIAN_POINT('',(8.2,5.,12.75));
#2032 = VECTOR('',#2033,1.);
#2033 = DIRECTION('',(-1.,5.374889246201E-17,7.281636885445E-15));
#2034 = ORIENTED_EDGE('',*,*,#2035,.T.);
#2035 = EDGE_CURVE('',#2028,#2036,#2038,.T.);
#2036 = VERTEX_POINT('',#2037);
#2037 = CARTESIAN_POINT('',(7.6,4.2,12.75));
#2038 = LINE('',#2039,#2040);
#2039 = CARTESIAN_POINT('',(7.6,4.2,12.75));
#2040 = VECTOR('',#2041,1.);
#2041 = DIRECTION('',(2.850642864398E-16,-1.,1.110525862005E-14));
#2042 = ORIENTED_EDGE('',*,*,#2043,.T.);
#2043 = EDGE_CURVE('',#2036,#1250,#2044,.T.);
#2044 = LINE('',#2045,#2046);
#2045 = CARTESIAN_POINT('',(10.2,4.2,12.75));
#2046 = VECTOR('',#2047,1.);
#2047 = DIRECTION('',(-1.,5.374889246201E-17,7.281636885445E-15));
#2048 = ORIENTED_EDGE('',*,*,#1249,.T.);
#2049 = PLANE('',#2050);
#2050 = AXIS2_PLACEMENT_3D('',#2051,#2052,#2053);
#2051 = CARTESIAN_POINT('',(10.2,4.2,12.75));
#2052 = DIRECTION('',(-7.281636885445E-15,-1.110525862005E-14,-1.));
#2053 = DIRECTION('',(-5.374889246193E-17,-1.,1.110525862005E-14));
#2054 = ADVANCED_FACE('',(#2055),#2087,.F.);
#2055 = FACE_BOUND('',#2056,.T.);
#2056 = EDGE_LOOP('',(#2057,#2065,#2066,#2072,#2073,#2081));
#2057 = ORIENTED_EDGE('',*,*,#2058,.F.);
#2058 = EDGE_CURVE('',#843,#2059,#2061,.T.);
#2059 = VERTEX_POINT('',#2060);
#2060 = CARTESIAN_POINT('',(10.95,3.35,17.));
#2061 = LINE('',#2062,#2063);
#2062 = CARTESIAN_POINT('',(3.95,3.35,17.));
#2063 = VECTOR('',#2064,1.);
#2064 = DIRECTION('',(1.,-5.374889246201E-17,-7.281636885445E-15));
#2065 = ORIENTED_EDGE('',*,*,#842,.T.);
#2066 = ORIENTED_EDGE('',*,*,#2067,.T.);
#2067 = EDGE_CURVE('',#833,#1220,#2068,.T.);
#2068 = LINE('',#2069,#2070);
#2069 = CARTESIAN_POINT('',(3.95,3.35,15.1));
#2070 = VECTOR('',#2071,1.);
#2071 = DIRECTION('',(1.,-5.374889246201E-17,-7.281636885445E-15));
#2072 = ORIENTED_EDGE('',*,*,#1219,.T.);
#2073 = ORIENTED_EDGE('',*,*,#2074,.T.);
#2074 = EDGE_CURVE('',#1212,#2075,#2077,.T.);
#2075 = VERTEX_POINT('',#2076);
#2076 = CARTESIAN_POINT('',(10.95,3.35,16.2));
#2077 = LINE('',#2078,#2079);
#2078 = CARTESIAN_POINT('',(3.95,3.35,16.2));
#2079 = VECTOR('',#2080,1.);
#2080 = DIRECTION('',(-1.,5.374889246201E-17,7.281636885445E-15));
#2081 = ORIENTED_EDGE('',*,*,#2082,.T.);
#2082 = EDGE_CURVE('',#2075,#2059,#2083,.T.);
#2083 = LINE('',#2084,#2085);
#2084 = CARTESIAN_POINT('',(10.95,3.35,17.));
#2085 = VECTOR('',#2086,1.);
#2086 = DIRECTION('',(8.365839057931E-15,1.001794390544E-14,1.));
#2087 = PLANE('',#2088);
#2088 = AXIS2_PLACEMENT_3D('',#2089,#2090,#2091);
#2089 = CARTESIAN_POINT('',(3.95,3.35,17.));
#2090 = DIRECTION('',(5.374889246194E-17,1.,-1.001794390544E-14));
#2091 = DIRECTION('',(-7.281636885445E-15,-1.001794390544E-14,-1.));
#2092 = ADVANCED_FACE('',(#2093),#2113,.F.);
#2093 = FACE_BOUND('',#2094,.T.);
#2094 = EDGE_LOOP('',(#2095,#2096,#2097,#2098,#2106,#2112));
#2095 = ORIENTED_EDGE('',*,*,#1408,.F.);
#2096 = ORIENTED_EDGE('',*,*,#1905,.F.);
#2097 = ORIENTED_EDGE('',*,*,#858,.F.);
#2098 = ORIENTED_EDGE('',*,*,#2099,.T.);
#2099 = EDGE_CURVE('',#851,#2100,#2102,.T.);
#2100 = VERTEX_POINT('',#2101);
#2101 = CARTESIAN_POINT('',(8.2,4.2,17.));
#2102 = LINE('',#2103,#2104);
#2103 = CARTESIAN_POINT('',(10.2,4.2,17.));
#2104 = VECTOR('',#2105,1.);
#2105 = DIRECTION('',(-1.,5.374889246201E-17,7.281636885445E-15));
#2106 = ORIENTED_EDGE('',*,*,#2107,.F.);
#2107 = EDGE_CURVE('',#2012,#2100,#2108,.T.);
#2108 = LINE('',#2109,#2110);
#2109 = CARTESIAN_POINT('',(8.2,4.2,11.75));
#2110 = VECTOR('',#2111,1.);
#2111 = DIRECTION('',(7.409566345326E-15,1.047445008333E-14,1.));
#2112 = ORIENTED_EDGE('',*,*,#2011,.F.);
#2113 = PLANE('',#2114);
#2114 = AXIS2_PLACEMENT_3D('',#2115,#2116,#2117);
#2115 = CARTESIAN_POINT('',(10.2,4.2,17.));
#2116 = DIRECTION('',(5.374889246193E-17,1.,-1.067853519815E-14));
#2117 = DIRECTION('',(-7.281636885445E-15,-1.067853519815E-14,-1.));
#2118 = ADVANCED_FACE('',(#2119),#2144,.F.);
#2119 = FACE_BOUND('',#2120,.T.);
#2120 = EDGE_LOOP('',(#2121,#2127,#2128,#2129,#2137,#2143));
#2121 = ORIENTED_EDGE('',*,*,#2122,.F.);
#2122 = EDGE_CURVE('',#835,#1228,#2123,.T.);
#2123 = LINE('',#2124,#2125);
#2124 = CARTESIAN_POINT('',(3.95,2.55,15.1));
#2125 = VECTOR('',#2126,1.);
#2126 = DIRECTION('',(1.,-5.374889246201E-17,-7.281636885445E-15));
#2127 = ORIENTED_EDGE('',*,*,#929,.T.);
#2128 = ORIENTED_EDGE('',*,*,#1709,.T.);
#2129 = ORIENTED_EDGE('',*,*,#2130,.T.);
#2130 = EDGE_CURVE('',#1702,#2131,#2133,.T.);
#2131 = VERTEX_POINT('',#2132);
#2132 = CARTESIAN_POINT('',(10.95,2.55,16.2));
#2133 = LINE('',#2134,#2135);
#2134 = CARTESIAN_POINT('',(10.95,2.55,17.));
#2135 = VECTOR('',#2136,1.);
#2136 = DIRECTION('',(-8.365839057931E-15,-1.024619699438E-14,-1.));
#2137 = ORIENTED_EDGE('',*,*,#2138,.T.);
#2138 = EDGE_CURVE('',#2131,#1173,#2139,.T.);
#2139 = LINE('',#2140,#2141);
#2140 = CARTESIAN_POINT('',(3.95,2.55,16.2));
#2141 = VECTOR('',#2142,1.);
#2142 = DIRECTION('',(1.,-5.374889246201E-17,-7.281636885445E-15));
#2143 = ORIENTED_EDGE('',*,*,#1235,.T.);
#2144 = PLANE('',#2145);
#2145 = AXIS2_PLACEMENT_3D('',#2146,#2147,#2148);
#2146 = CARTESIAN_POINT('',(3.95,2.55,17.));
#2147 = DIRECTION('',(-5.374889246194E-17,-1.,1.024619699438E-14));
#2148 = DIRECTION('',(7.281636885445E-15,1.024619699438E-14,1.));
#2149 = ADVANCED_FACE('',(#2150),#2156,.F.);
#2150 = FACE_BOUND('',#2151,.T.);
#2151 = EDGE_LOOP('',(#2152,#2153,#2154,#2155));
#2152 = ORIENTED_EDGE('',*,*,#1338,.T.);
#2153 = ORIENTED_EDGE('',*,*,#1891,.F.);
#2154 = ORIENTED_EDGE('',*,*,#897,.F.);
#2155 = ORIENTED_EDGE('',*,*,#2003,.T.);
#2156 = PLANE('',#2157);
#2157 = AXIS2_PLACEMENT_3D('',#2158,#2159,#2160);
#2158 = CARTESIAN_POINT('',(10.2,2.825,12.75));
#2159 = DIRECTION('',(-5.110888613495E-15,0.707106781187,-0.707106781187
    ));
#2160 = DIRECTION('',(-5.186901026178E-15,-0.707106781187,
    -0.707106781187));
#2161 = ADVANCED_FACE('',(#2162),#2219,.F.);
#2162 = FACE_BOUND('',#2163,.T.);
#2163 = EDGE_LOOP('',(#2164,#2172,#2180,#2188,#2194,#2195,#2196,#2197,
    #2203,#2204,#2212,#2218));
#2164 = ORIENTED_EDGE('',*,*,#2165,.F.);
#2165 = EDGE_CURVE('',#2166,#1371,#2168,.T.);
#2166 = VERTEX_POINT('',#2167);
#2167 = CARTESIAN_POINT('',(7.6,4.2,17.));
#2168 = LINE('',#2169,#2170);
#2169 = CARTESIAN_POINT('',(10.2,4.2,17.));
#2170 = VECTOR('',#2171,1.);
#2171 = DIRECTION('',(-1.,5.374889246201E-17,7.281636885445E-15));
#2172 = ORIENTED_EDGE('',*,*,#2173,.F.);
#2173 = EDGE_CURVE('',#2174,#2166,#2176,.T.);
#2174 = VERTEX_POINT('',#2175);
#2175 = CARTESIAN_POINT('',(7.6,5.,17.));
#2176 = LINE('',#2177,#2178);
#2177 = CARTESIAN_POINT('',(7.6,4.2,17.));
#2178 = VECTOR('',#2179,1.);
#2179 = DIRECTION('',(2.850642864398E-16,-1.,1.047445008333E-14));
#2180 = ORIENTED_EDGE('',*,*,#2181,.F.);
#2181 = EDGE_CURVE('',#2182,#2174,#2184,.T.);
#2182 = VERTEX_POINT('',#2183);
#2183 = CARTESIAN_POINT('',(8.2,5.,17.));
#2184 = LINE('',#2185,#2186);
#2185 = CARTESIAN_POINT('',(8.2,5.,17.));
#2186 = VECTOR('',#2187,1.);
#2187 = DIRECTION('',(-1.,5.374889246201E-17,7.281636885445E-15));
#2188 = ORIENTED_EDGE('',*,*,#2189,.F.);
#2189 = EDGE_CURVE('',#2100,#2182,#2190,.T.);
#2190 = LINE('',#2191,#2192);
#2191 = CARTESIAN_POINT('',(8.2,4.2,17.));
#2192 = VECTOR('',#2193,1.);
#2193 = DIRECTION('',(1.215115282423E-16,1.,-1.047445008333E-14));
#2194 = ORIENTED_EDGE('',*,*,#2099,.F.);
#2195 = ORIENTED_EDGE('',*,*,#850,.F.);
#2196 = ORIENTED_EDGE('',*,*,#2058,.T.);
#2197 = ORIENTED_EDGE('',*,*,#2198,.T.);
#2198 = EDGE_CURVE('',#2059,#1524,#2199,.T.);
#2199 = LINE('',#2200,#2201);
#2200 = CARTESIAN_POINT('',(10.95,5.724587470723E-14,17.));
#2201 = VECTOR('',#2202,1.);
#2202 = DIRECTION('',(5.374889246194E-17,1.,-1.047445008333E-14));
#2203 = ORIENTED_EDGE('',*,*,#1523,.F.);
#2204 = ORIENTED_EDGE('',*,*,#2205,.F.);
#2205 = EDGE_CURVE('',#2206,#1516,#2208,.T.);
#2206 = VERTEX_POINT('',#2207);
#2207 = CARTESIAN_POINT('',(4.85,3.35,17.));
#2208 = LINE('',#2209,#2210);
#2209 = CARTESIAN_POINT('',(4.85,5.898059818321E-14,17.));
#2210 = VECTOR('',#2211,1.);
#2211 = DIRECTION('',(5.374889246194E-17,1.,-1.047445008333E-14));
#2212 = ORIENTED_EDGE('',*,*,#2213,.T.);
#2213 = EDGE_CURVE('',#2206,#1379,#2214,.T.);
#2214 = LINE('',#2215,#2216);
#2215 = CARTESIAN_POINT('',(3.95,3.35,17.));
#2216 = VECTOR('',#2217,1.);
#2217 = DIRECTION('',(1.,-5.374889246201E-17,-7.281636885445E-15));
#2218 = ORIENTED_EDGE('',*,*,#1378,.T.);
#2219 = PLANE('',#2220);
#2220 = AXIS2_PLACEMENT_3D('',#2221,#2222,#2223);
#2221 = CARTESIAN_POINT('',(11.85,5.5,17.));
#2222 = DIRECTION('',(-7.391429510507E-15,-1.047445008333E-14,-1.));
#2223 = DIRECTION('',(-1.,5.374889246201E-17,7.391429510507E-15));
#2224 = ADVANCED_FACE('',(#2225),#2231,.F.);
#2225 = FACE_BOUND('',#2226,.T.);
#2226 = EDGE_LOOP('',(#2227,#2228,#2229,#2230));
#2227 = ORIENTED_EDGE('',*,*,#2067,.F.);
#2228 = ORIENTED_EDGE('',*,*,#832,.T.);
#2229 = ORIENTED_EDGE('',*,*,#2122,.T.);
#2230 = ORIENTED_EDGE('',*,*,#1227,.T.);
#2231 = PLANE('',#2232);
#2232 = AXIS2_PLACEMENT_3D('',#2233,#2234,#2235);
#2233 = CARTESIAN_POINT('',(3.95,2.55,15.1));
#2234 = DIRECTION('',(-7.281636885445E-15,-1.047445008333E-14,-1.));
#2235 = DIRECTION('',(-5.374889246194E-17,-1.,1.047445008333E-14));
#2236 = ADVANCED_FACE('',(#2237),#2262,.F.);
#2237 = FACE_BOUND('',#2238,.T.);
#2238 = EDGE_LOOP('',(#2239,#2240,#2241,#2249,#2255,#2256));
#2239 = ORIENTED_EDGE('',*,*,#1386,.F.);
#2240 = ORIENTED_EDGE('',*,*,#2213,.F.);
#2241 = ORIENTED_EDGE('',*,*,#2242,.T.);
#2242 = EDGE_CURVE('',#2206,#2243,#2245,.T.);
#2243 = VERTEX_POINT('',#2244);
#2244 = CARTESIAN_POINT('',(4.85,3.35,16.2));
#2245 = LINE('',#2246,#2247);
#2246 = CARTESIAN_POINT('',(4.85,3.35,17.));
#2247 = VECTOR('',#2248,1.);
#2248 = DIRECTION('',(-7.281636885445E-15,-1.001794390544E-14,-1.));
#2249 = ORIENTED_EDGE('',*,*,#2250,.T.);
#2250 = EDGE_CURVE('',#2243,#1001,#2251,.T.);
#2251 = LINE('',#2252,#2253);
#2252 = CARTESIAN_POINT('',(3.95,3.35,16.2));
#2253 = VECTOR('',#2254,1.);
#2254 = DIRECTION('',(-1.,5.374889246201E-17,7.281636885445E-15));
#2255 = ORIENTED_EDGE('',*,*,#1000,.F.);
#2256 = ORIENTED_EDGE('',*,*,#2257,.T.);
#2257 = EDGE_CURVE('',#993,#1387,#2258,.T.);
#2258 = LINE('',#2259,#2260);
#2259 = CARTESIAN_POINT('',(3.95,3.35,15.1));
#2260 = VECTOR('',#2261,1.);
#2261 = DIRECTION('',(1.,-5.374889246201E-17,-7.281636885445E-15));
#2262 = PLANE('',#2263);
#2263 = AXIS2_PLACEMENT_3D('',#2264,#2265,#2266);
#2264 = CARTESIAN_POINT('',(3.95,3.35,17.));
#2265 = DIRECTION('',(5.374889246194E-17,1.,-1.001794390544E-14));
#2266 = DIRECTION('',(-7.281636885445E-15,-1.001794390544E-14,-1.));
#2267 = ADVANCED_FACE('',(#2268),#2293,.F.);
#2268 = FACE_BOUND('',#2269,.T.);
#2269 = EDGE_LOOP('',(#2270,#2271,#2277,#2278,#2286,#2292));
#2270 = ORIENTED_EDGE('',*,*,#1304,.F.);
#2271 = ORIENTED_EDGE('',*,*,#2272,.F.);
#2272 = EDGE_CURVE('',#985,#1305,#2273,.T.);
#2273 = LINE('',#2274,#2275);
#2274 = CARTESIAN_POINT('',(3.95,2.55,15.1));
#2275 = VECTOR('',#2276,1.);
#2276 = DIRECTION('',(1.,-5.374889246201E-17,-7.281636885445E-15));
#2277 = ORIENTED_EDGE('',*,*,#984,.F.);
#2278 = ORIENTED_EDGE('',*,*,#2279,.T.);
#2279 = EDGE_CURVE('',#977,#2280,#2282,.T.);
#2280 = VERTEX_POINT('',#2281);
#2281 = CARTESIAN_POINT('',(4.85,2.55,16.2));
#2282 = LINE('',#2283,#2284);
#2283 = CARTESIAN_POINT('',(3.95,2.55,16.2));
#2284 = VECTOR('',#2285,1.);
#2285 = DIRECTION('',(1.,-5.374889246201E-17,-7.281636885445E-15));
#2286 = ORIENTED_EDGE('',*,*,#2287,.T.);
#2287 = EDGE_CURVE('',#2280,#1724,#2288,.T.);
#2288 = LINE('',#2289,#2290);
#2289 = CARTESIAN_POINT('',(4.85,2.55,17.));
#2290 = VECTOR('',#2291,1.);
#2291 = DIRECTION('',(7.281636885445E-15,1.024619699438E-14,1.));
#2292 = ORIENTED_EDGE('',*,*,#1723,.T.);
#2293 = PLANE('',#2294);
#2294 = AXIS2_PLACEMENT_3D('',#2295,#2296,#2297);
#2295 = CARTESIAN_POINT('',(3.95,2.55,17.));
#2296 = DIRECTION('',(-5.374889246194E-17,-1.,1.024619699438E-14));
#2297 = DIRECTION('',(7.281636885445E-15,1.024619699438E-14,1.));
#2298 = ADVANCED_FACE('',(#2299),#2305,.F.);
#2299 = FACE_BOUND('',#2300,.T.);
#2300 = EDGE_LOOP('',(#2301,#2302,#2303,#2304));
#2301 = ORIENTED_EDGE('',*,*,#1394,.F.);
#2302 = ORIENTED_EDGE('',*,*,#2257,.F.);
#2303 = ORIENTED_EDGE('',*,*,#992,.F.);
#2304 = ORIENTED_EDGE('',*,*,#2272,.T.);
#2305 = PLANE('',#2306);
#2306 = AXIS2_PLACEMENT_3D('',#2307,#2308,#2309);
#2307 = CARTESIAN_POINT('',(3.95,2.55,15.1));
#2308 = DIRECTION('',(-7.281636885445E-15,-1.047445008333E-14,-1.));
#2309 = DIRECTION('',(-5.374889246194E-17,-1.,1.047445008333E-14));
#2310 = ADVANCED_FACE('',(#2311),#2345,.F.);
#2311 = FACE_BOUND('',#2312,.T.);
#2312 = EDGE_LOOP('',(#2313,#2323,#2329,#2330,#2331,#2339));
#2313 = ORIENTED_EDGE('',*,*,#2314,.F.);
#2314 = EDGE_CURVE('',#2315,#2317,#2319,.T.);
#2315 = VERTEX_POINT('',#2316);
#2316 = CARTESIAN_POINT('',(4.85,2.1,16.2));
#2317 = VERTEX_POINT('',#2318);
#2318 = CARTESIAN_POINT('',(4.45,2.1,16.2));
#2319 = LINE('',#2320,#2321);
#2320 = CARTESIAN_POINT('',(3.95,2.1,16.2));
#2321 = VECTOR('',#2322,1.);
#2322 = DIRECTION('',(-1.,5.374889246201E-17,7.281636885445E-15));
#2323 = ORIENTED_EDGE('',*,*,#2324,.T.);
#2324 = EDGE_CURVE('',#2315,#2280,#2325,.T.);
#2325 = LINE('',#2326,#2327);
#2326 = CARTESIAN_POINT('',(4.85,5.030698080333E-14,16.2));
#2327 = VECTOR('',#2328,1.);
#2328 = DIRECTION('',(5.374889246194E-17,1.,-1.047445008333E-14));
#2329 = ORIENTED_EDGE('',*,*,#2279,.F.);
#2330 = ORIENTED_EDGE('',*,*,#976,.F.);
#2331 = ORIENTED_EDGE('',*,*,#2332,.F.);
#2332 = EDGE_CURVE('',#2333,#969,#2335,.T.);
#2333 = VERTEX_POINT('',#2334);
#2334 = CARTESIAN_POINT('',(4.45,0.4,16.2));
#2335 = LINE('',#2336,#2337);
#2336 = CARTESIAN_POINT('',(3.95,0.4,16.2));
#2337 = VECTOR('',#2338,1.);
#2338 = DIRECTION('',(-1.,5.374889246201E-17,7.281636885445E-15));
#2339 = ORIENTED_EDGE('',*,*,#2340,.F.);
#2340 = EDGE_CURVE('',#2317,#2333,#2341,.T.);
#2341 = LINE('',#2342,#2343);
#2342 = CARTESIAN_POINT('',(4.45,4.857225732735E-14,16.2));
#2343 = VECTOR('',#2344,1.);
#2344 = DIRECTION('',(-5.374889246194E-17,-1.,1.047445008333E-14));
#2345 = PLANE('',#2346);
#2346 = AXIS2_PLACEMENT_3D('',#2347,#2348,#2349);
#2347 = CARTESIAN_POINT('',(3.95,4.857225732735E-14,16.2));
#2348 = DIRECTION('',(-7.281636885445E-15,-1.047445008333E-14,-1.));
#2349 = DIRECTION('',(-5.374889246194E-17,-1.,1.047445008333E-14));
#2350 = ADVANCED_FACE('',(#2351),#2362,.F.);
#2351 = FACE_BOUND('',#2352,.T.);
#2352 = EDGE_LOOP('',(#2353,#2359,#2360,#2361));
#2353 = ORIENTED_EDGE('',*,*,#2354,.T.);
#2354 = EDGE_CURVE('',#2243,#1508,#2355,.T.);
#2355 = LINE('',#2356,#2357);
#2356 = CARTESIAN_POINT('',(4.85,5.030698080333E-14,16.2));
#2357 = VECTOR('',#2358,1.);
#2358 = DIRECTION('',(5.374889246194E-17,1.,-1.047445008333E-14));
#2359 = ORIENTED_EDGE('',*,*,#1507,.T.);
#2360 = ORIENTED_EDGE('',*,*,#1008,.F.);
#2361 = ORIENTED_EDGE('',*,*,#2250,.F.);
#2362 = PLANE('',#2363);
#2363 = AXIS2_PLACEMENT_3D('',#2364,#2365,#2366);
#2364 = CARTESIAN_POINT('',(3.95,4.857225732735E-14,16.2));
#2365 = DIRECTION('',(-7.281636885445E-15,-1.047445008333E-14,-1.));
#2366 = DIRECTION('',(-5.374889246194E-17,-1.,1.047445008333E-14));
#2367 = ADVANCED_FACE('',(#2368),#2397,.T.);
#2368 = FACE_BOUND('',#2369,.T.);
#2369 = EDGE_LOOP('',(#2370,#2378,#2386,#2392,#2393,#2394,#2395,#2396));
#2370 = ORIENTED_EDGE('',*,*,#2371,.T.);
#2371 = EDGE_CURVE('',#1639,#2372,#2374,.T.);
#2372 = VERTEX_POINT('',#2373);
#2373 = CARTESIAN_POINT('',(4.85,0.4,14.1));
#2374 = LINE('',#2375,#2376);
#2375 = CARTESIAN_POINT('',(4.85,0.4,17.));
#2376 = VECTOR('',#2377,1.);
#2377 = DIRECTION('',(-7.281636885445E-15,-1.032988979366E-14,-1.));
#2378 = ORIENTED_EDGE('',*,*,#2379,.F.);
#2379 = EDGE_CURVE('',#2380,#2372,#2382,.T.);
#2380 = VERTEX_POINT('',#2381);
#2381 = CARTESIAN_POINT('',(4.45,0.4,14.1));
#2382 = LINE('',#2383,#2384);
#2383 = CARTESIAN_POINT('',(4.45,0.4,14.1));
#2384 = VECTOR('',#2385,1.);
#2385 = DIRECTION('',(1.,-5.374889246201E-17,-7.281636885445E-15));
#2386 = ORIENTED_EDGE('',*,*,#2387,.T.);
#2387 = EDGE_CURVE('',#2380,#2333,#2388,.T.);
#2388 = LINE('',#2389,#2390);
#2389 = CARTESIAN_POINT('',(4.45,0.4,17.));
#2390 = VECTOR('',#2391,1.);
#2391 = DIRECTION('',(7.281636885445E-15,1.032988979366E-14,1.));
#2392 = ORIENTED_EDGE('',*,*,#2332,.T.);
#2393 = ORIENTED_EDGE('',*,*,#968,.F.);
#2394 = ORIENTED_EDGE('',*,*,#1828,.F.);
#2395 = ORIENTED_EDGE('',*,*,#1791,.T.);
#2396 = ORIENTED_EDGE('',*,*,#1636,.T.);
#2397 = PLANE('',#2398);
#2398 = AXIS2_PLACEMENT_3D('',#2399,#2400,#2401);
#2399 = CARTESIAN_POINT('',(5.45,0.4,17.));
#2400 = DIRECTION('',(-5.374889246194E-17,-1.,1.032988979366E-14));
#2401 = DIRECTION('',(7.281636885445E-15,1.032988979366E-14,1.));
#2402 = ADVANCED_FACE('',(#2403),#2439,.F.);
#2403 = FACE_BOUND('',#2404,.T.);
#2404 = EDGE_LOOP('',(#2405,#2406,#2407,#2415,#2423,#2431,#2437,#2438));
#2405 = ORIENTED_EDGE('',*,*,#1867,.T.);
#2406 = ORIENTED_EDGE('',*,*,#1180,.T.);
#2407 = ORIENTED_EDGE('',*,*,#2408,.F.);
#2408 = EDGE_CURVE('',#2409,#1171,#2411,.T.);
#2409 = VERTEX_POINT('',#2410);
#2410 = CARTESIAN_POINT('',(11.35,0.4,16.2));
#2411 = LINE('',#2412,#2413);
#2412 = CARTESIAN_POINT('',(11.85,0.4,16.2));
#2413 = VECTOR('',#2414,1.);
#2414 = DIRECTION('',(1.,-5.374889246201E-17,-7.281636885445E-15));
#2415 = ORIENTED_EDGE('',*,*,#2416,.F.);
#2416 = EDGE_CURVE('',#2417,#2409,#2419,.T.);
#2417 = VERTEX_POINT('',#2418);
#2418 = CARTESIAN_POINT('',(11.35,0.4,14.1));
#2419 = LINE('',#2420,#2421);
#2420 = CARTESIAN_POINT('',(11.35,0.4,17.));
#2421 = VECTOR('',#2422,1.);
#2422 = DIRECTION('',(7.281636885445E-15,1.032988979366E-14,1.));
#2423 = ORIENTED_EDGE('',*,*,#2424,.T.);
#2424 = EDGE_CURVE('',#2417,#2425,#2427,.T.);
#2425 = VERTEX_POINT('',#2426);
#2426 = CARTESIAN_POINT('',(10.95,0.4,14.1));
#2427 = LINE('',#2428,#2429);
#2428 = CARTESIAN_POINT('',(11.35,0.4,14.1));
#2429 = VECTOR('',#2430,1.);
#2430 = DIRECTION('',(-1.,5.374889246201E-17,7.281636885445E-15));
#2431 = ORIENTED_EDGE('',*,*,#2432,.F.);
#2432 = EDGE_CURVE('',#1662,#2425,#2433,.T.);
#2433 = LINE('',#2434,#2435);
#2434 = CARTESIAN_POINT('',(10.95,0.4,17.));
#2435 = VECTOR('',#2436,1.);
#2436 = DIRECTION('',(-8.365839057931E-15,-1.032988979366E-14,-1.));
#2437 = ORIENTED_EDGE('',*,*,#1661,.F.);
#2438 = ORIENTED_EDGE('',*,*,#1851,.F.);
#2439 = PLANE('',#2440);
#2440 = AXIS2_PLACEMENT_3D('',#2441,#2442,#2443);
#2441 = CARTESIAN_POINT('',(10.35,0.4,17.));
#2442 = DIRECTION('',(5.374889246194E-17,1.,-1.032988979366E-14));
#2443 = DIRECTION('',(-7.281636885445E-15,-1.032988979366E-14,-1.));
#2444 = ADVANCED_FACE('',(#2445),#2456,.F.);
#2445 = FACE_BOUND('',#2446,.T.);
#2446 = EDGE_LOOP('',(#2447,#2448,#2449,#2455));
#2447 = ORIENTED_EDGE('',*,*,#1211,.T.);
#2448 = ORIENTED_EDGE('',*,*,#1539,.T.);
#2449 = ORIENTED_EDGE('',*,*,#2450,.F.);
#2450 = EDGE_CURVE('',#2075,#1532,#2451,.T.);
#2451 = LINE('',#2452,#2453);
#2452 = CARTESIAN_POINT('',(10.95,4.857225732735E-14,16.2));
#2453 = VECTOR('',#2454,1.);
#2454 = DIRECTION('',(5.374889246194E-17,1.,-1.047445008333E-14));
#2455 = ORIENTED_EDGE('',*,*,#2074,.F.);
#2456 = PLANE('',#2457);
#2457 = AXIS2_PLACEMENT_3D('',#2458,#2459,#2460);
#2458 = CARTESIAN_POINT('',(11.85,4.857225732735E-14,16.2));
#2459 = DIRECTION('',(-7.281636885445E-15,-1.047445008333E-14,-1.));
#2460 = DIRECTION('',(-5.374889246194E-17,-1.,1.047445008333E-14));
#2461 = ADVANCED_FACE('',(#2462),#2489,.F.);
#2462 = FACE_BOUND('',#2463,.T.);
#2463 = EDGE_LOOP('',(#2464,#2472,#2480,#2486,#2487,#2488));
#2464 = ORIENTED_EDGE('',*,*,#2465,.F.);
#2465 = EDGE_CURVE('',#2466,#2131,#2468,.T.);
#2466 = VERTEX_POINT('',#2467);
#2467 = CARTESIAN_POINT('',(10.95,2.1,16.2));
#2468 = LINE('',#2469,#2470);
#2469 = CARTESIAN_POINT('',(10.95,4.857225732735E-14,16.2));
#2470 = VECTOR('',#2471,1.);
#2471 = DIRECTION('',(5.374889246194E-17,1.,-1.047445008333E-14));
#2472 = ORIENTED_EDGE('',*,*,#2473,.T.);
#2473 = EDGE_CURVE('',#2466,#2474,#2476,.T.);
#2474 = VERTEX_POINT('',#2475);
#2475 = CARTESIAN_POINT('',(11.35,2.1,16.2));
#2476 = LINE('',#2477,#2478);
#2477 = CARTESIAN_POINT('',(11.85,2.1,16.2));
#2478 = VECTOR('',#2479,1.);
#2479 = DIRECTION('',(1.,-5.374889246201E-17,-7.281636885445E-15));
#2480 = ORIENTED_EDGE('',*,*,#2481,.F.);
#2481 = EDGE_CURVE('',#2409,#2474,#2482,.T.);
#2482 = LINE('',#2483,#2484);
#2483 = CARTESIAN_POINT('',(11.35,4.857225732735E-14,16.2));
#2484 = VECTOR('',#2485,1.);
#2485 = DIRECTION('',(5.374889246194E-17,1.,-1.047445008333E-14));
#2486 = ORIENTED_EDGE('',*,*,#2408,.T.);
#2487 = ORIENTED_EDGE('',*,*,#1170,.T.);
#2488 = ORIENTED_EDGE('',*,*,#2138,.F.);
#2489 = PLANE('',#2490);
#2490 = AXIS2_PLACEMENT_3D('',#2491,#2492,#2493);
#2491 = CARTESIAN_POINT('',(11.85,4.857225732735E-14,16.2));
#2492 = DIRECTION('',(-7.281636885445E-15,-1.047445008333E-14,-1.));
#2493 = DIRECTION('',(-5.374889246194E-17,-1.,1.047445008333E-14));
#2494 = ADVANCED_FACE('',(#2495),#2513,.F.);
#2495 = FACE_BOUND('',#2496,.T.);
#2496 = EDGE_LOOP('',(#2497,#2503,#2504,#2505,#2511,#2512));
#2497 = ORIENTED_EDGE('',*,*,#2498,.F.);
#2498 = EDGE_CURVE('',#1459,#1363,#2499,.T.);
#2499 = LINE('',#2500,#2501);
#2500 = CARTESIAN_POINT('',(5.6,4.2,15.));
#2501 = VECTOR('',#2502,1.);
#2502 = DIRECTION('',(-1.,5.374889246201E-17,7.281636885445E-15));
#2503 = ORIENTED_EDGE('',*,*,#1458,.F.);
#2504 = ORIENTED_EDGE('',*,*,#2043,.F.);
#2505 = ORIENTED_EDGE('',*,*,#2506,.T.);
#2506 = EDGE_CURVE('',#2036,#2166,#2507,.T.);
#2507 = LINE('',#2508,#2509);
#2508 = CARTESIAN_POINT('',(7.6,4.2,11.75));
#2509 = VECTOR('',#2510,1.);
#2510 = DIRECTION('',(7.409566345326E-15,1.047445008333E-14,1.));
#2511 = ORIENTED_EDGE('',*,*,#2165,.T.);
#2512 = ORIENTED_EDGE('',*,*,#1370,.T.);
#2513 = PLANE('',#2514);
#2514 = AXIS2_PLACEMENT_3D('',#2515,#2516,#2517);
#2515 = CARTESIAN_POINT('',(10.2,4.2,17.));
#2516 = DIRECTION('',(5.374889246193E-17,1.,-1.067853519815E-14));
#2517 = DIRECTION('',(-7.281636885445E-15,-1.067853519815E-14,-1.));
#2518 = ADVANCED_FACE('',(#2519),#2525,.F.);
#2519 = FACE_BOUND('',#2520,.T.);
#2520 = EDGE_LOOP('',(#2521,#2522,#2523,#2524));
#2521 = ORIENTED_EDGE('',*,*,#2498,.T.);
#2522 = ORIENTED_EDGE('',*,*,#1362,.T.);
#2523 = ORIENTED_EDGE('',*,*,#1498,.T.);
#2524 = ORIENTED_EDGE('',*,*,#1466,.F.);
#2525 = PLANE('',#2526);
#2526 = AXIS2_PLACEMENT_3D('',#2527,#2528,#2529);
#2527 = CARTESIAN_POINT('',(5.6,7.689437438238E-02,15.));
#2528 = DIRECTION('',(7.281636885445E-15,1.047445008333E-14,1.));
#2529 = DIRECTION('',(5.374889246194E-17,1.,-1.047445008333E-14));
#2530 = ADVANCED_FACE('',(#2531),#2537,.F.);
#2531 = FACE_BOUND('',#2532,.T.);
#2532 = EDGE_LOOP('',(#2533,#2534,#2535,#2536));
#2533 = ORIENTED_EDGE('',*,*,#2450,.T.);
#2534 = ORIENTED_EDGE('',*,*,#1531,.T.);
#2535 = ORIENTED_EDGE('',*,*,#2198,.F.);
#2536 = ORIENTED_EDGE('',*,*,#2082,.F.);
#2537 = PLANE('',#2538);
#2538 = AXIS2_PLACEMENT_3D('',#2539,#2540,#2541);
#2539 = CARTESIAN_POINT('',(10.95,5.724587470723E-14,17.));
#2540 = DIRECTION('',(-1.,5.374889246202E-17,8.365839057931E-15));
#2541 = DIRECTION('',(8.365839057931E-15,1.047445008333E-14,1.));
#2542 = ADVANCED_FACE('',(#2543),#2549,.F.);
#2543 = FACE_BOUND('',#2544,.T.);
#2544 = EDGE_LOOP('',(#2545,#2546,#2547,#2548));
#2545 = ORIENTED_EDGE('',*,*,#2205,.T.);
#2546 = ORIENTED_EDGE('',*,*,#1515,.T.);
#2547 = ORIENTED_EDGE('',*,*,#2354,.F.);
#2548 = ORIENTED_EDGE('',*,*,#2242,.F.);
#2549 = PLANE('',#2550);
#2550 = AXIS2_PLACEMENT_3D('',#2551,#2552,#2553);
#2551 = CARTESIAN_POINT('',(4.85,5.898059818321E-14,17.));
#2552 = DIRECTION('',(1.,-5.374889246201E-17,-7.281636885445E-15));
#2553 = DIRECTION('',(5.374889246194E-17,1.,-1.047445008333E-14));
#2554 = ADVANCED_FACE('',(#2555),#2573,.T.);
#2555 = FACE_BOUND('',#2556,.T.);
#2556 = EDGE_LOOP('',(#2557,#2558,#2566,#2572));
#2557 = ORIENTED_EDGE('',*,*,#2432,.T.);
#2558 = ORIENTED_EDGE('',*,*,#2559,.T.);
#2559 = EDGE_CURVE('',#2425,#2560,#2562,.T.);
#2560 = VERTEX_POINT('',#2561);
#2561 = CARTESIAN_POINT('',(10.95,-9.999999999997E-02,14.1));
#2562 = LINE('',#2563,#2564);
#2563 = CARTESIAN_POINT('',(10.95,0.4,14.1));
#2564 = VECTOR('',#2565,1.);
#2565 = DIRECTION('',(-5.374889246194E-17,-1.,1.047445008333E-14));
#2566 = ORIENTED_EDGE('',*,*,#2567,.T.);
#2567 = EDGE_CURVE('',#2560,#1670,#2568,.T.);
#2568 = LINE('',#2569,#2570);
#2569 = CARTESIAN_POINT('',(10.95,-9.999999999997E-02,14.1));
#2570 = VECTOR('',#2571,1.);
#2571 = DIRECTION('',(7.281636885445E-15,1.047912336855E-14,1.));
#2572 = ORIENTED_EDGE('',*,*,#1669,.T.);
#2573 = PLANE('',#2574);
#2574 = AXIS2_PLACEMENT_3D('',#2575,#2576,#2577);
#2575 = CARTESIAN_POINT('',(10.95,1.5,17.));
#2576 = DIRECTION('',(-1.,5.374889246201E-17,7.281636885445E-15));
#2577 = DIRECTION('',(5.374889246194E-17,1.,-1.047445008333E-14));
#2578 = ADVANCED_FACE('',(#2579),#2604,.F.);
#2579 = FACE_BOUND('',#2580,.T.);
#2580 = EDGE_LOOP('',(#2581,#2587,#2588,#2589,#2597,#2603));
#2581 = ORIENTED_EDGE('',*,*,#2582,.T.);
#2582 = EDGE_CURVE('',#1740,#2317,#2583,.T.);
#2583 = LINE('',#2584,#2585);
#2584 = CARTESIAN_POINT('',(4.45,2.1,17.));
#2585 = VECTOR('',#2586,1.);
#2586 = DIRECTION('',(-7.281636885445E-15,-1.059835890304E-14,-1.));
#2587 = ORIENTED_EDGE('',*,*,#2340,.T.);
#2588 = ORIENTED_EDGE('',*,*,#2387,.F.);
#2589 = ORIENTED_EDGE('',*,*,#2590,.T.);
#2590 = EDGE_CURVE('',#2380,#2591,#2593,.T.);
#2591 = VERTEX_POINT('',#2592);
#2592 = CARTESIAN_POINT('',(4.45,-9.999999999997E-02,14.1));
#2593 = LINE('',#2594,#2595);
#2594 = CARTESIAN_POINT('',(4.45,0.4,14.1));
#2595 = VECTOR('',#2596,1.);
#2596 = DIRECTION('',(-5.374889246194E-17,-1.,1.047445008333E-14));
#2597 = ORIENTED_EDGE('',*,*,#2598,.T.);
#2598 = EDGE_CURVE('',#2591,#1748,#2599,.T.);
#2599 = LINE('',#2600,#2601);
#2600 = CARTESIAN_POINT('',(4.45,-9.999999999997E-02,14.1));
#2601 = VECTOR('',#2602,1.);
#2602 = DIRECTION('',(7.281636885445E-15,1.047912336855E-14,1.));
#2603 = ORIENTED_EDGE('',*,*,#1747,.T.);
#2604 = PLANE('',#2605);
#2605 = AXIS2_PLACEMENT_3D('',#2606,#2607,#2608);
#2606 = CARTESIAN_POINT('',(4.45,1.5,17.));
#2607 = DIRECTION('',(1.,-5.374889246201E-17,-7.281636885445E-15));
#2608 = DIRECTION('',(5.374889246194E-17,1.,-1.047445008333E-14));
#2609 = ADVANCED_FACE('',(#2610),#2621,.F.);
#2610 = FACE_BOUND('',#2611,.T.);
#2611 = EDGE_LOOP('',(#2612,#2613,#2619,#2620));
#2612 = ORIENTED_EDGE('',*,*,#1701,.F.);
#2613 = ORIENTED_EDGE('',*,*,#2614,.T.);
#2614 = EDGE_CURVE('',#1694,#2466,#2615,.T.);
#2615 = LINE('',#2616,#2617);
#2616 = CARTESIAN_POINT('',(10.95,2.1,17.));
#2617 = VECTOR('',#2618,1.);
#2618 = DIRECTION('',(-7.281636885445E-15,-1.059835890304E-14,-1.));
#2619 = ORIENTED_EDGE('',*,*,#2465,.T.);
#2620 = ORIENTED_EDGE('',*,*,#2130,.F.);
#2621 = PLANE('',#2622);
#2622 = AXIS2_PLACEMENT_3D('',#2623,#2624,#2625);
#2623 = CARTESIAN_POINT('',(10.95,5.724587470723E-14,17.));
#2624 = DIRECTION('',(-1.,5.374889246202E-17,8.365839057931E-15));
#2625 = DIRECTION('',(8.365839057931E-15,1.047445008333E-14,1.));
#2626 = ADVANCED_FACE('',(#2627),#2645,.T.);
#2627 = FACE_BOUND('',#2628,.T.);
#2628 = EDGE_LOOP('',(#2629,#2630,#2638,#2644));
#2629 = ORIENTED_EDGE('',*,*,#2567,.F.);
#2630 = ORIENTED_EDGE('',*,*,#2631,.F.);
#2631 = EDGE_CURVE('',#2632,#2560,#2634,.T.);
#2632 = VERTEX_POINT('',#2633);
#2633 = CARTESIAN_POINT('',(11.35,-9.999999999997E-02,14.1));
#2634 = LINE('',#2635,#2636);
#2635 = CARTESIAN_POINT('',(11.35,-9.999999999997E-02,14.1));
#2636 = VECTOR('',#2637,1.);
#2637 = DIRECTION('',(-1.,5.374889246201E-17,7.281636885445E-15));
#2638 = ORIENTED_EDGE('',*,*,#2639,.T.);
#2639 = EDGE_CURVE('',#2632,#1678,#2640,.T.);
#2640 = LINE('',#2641,#2642);
#2641 = CARTESIAN_POINT('',(11.35,-9.999999999997E-02,14.1));
#2642 = VECTOR('',#2643,1.);
#2643 = DIRECTION('',(7.281636885445E-15,1.047912336855E-14,1.));
#2644 = ORIENTED_EDGE('',*,*,#1677,.T.);
#2645 = PLANE('',#2646);
#2646 = AXIS2_PLACEMENT_3D('',#2647,#2648,#2649);
#2647 = CARTESIAN_POINT('',(11.35,-9.999999999997E-02,14.1));
#2648 = DIRECTION('',(-5.374889246194E-17,-1.,1.047912336855E-14));
#2649 = DIRECTION('',(7.281636885445E-15,1.047912336855E-14,1.));
#2650 = ADVANCED_FACE('',(#2651),#2669,.T.);
#2651 = FACE_BOUND('',#2652,.T.);
#2652 = EDGE_LOOP('',(#2653,#2661,#2662,#2663));
#2653 = ORIENTED_EDGE('',*,*,#2654,.F.);
#2654 = EDGE_CURVE('',#2372,#2655,#2657,.T.);
#2655 = VERTEX_POINT('',#2656);
#2656 = CARTESIAN_POINT('',(4.85,-9.999999999997E-02,14.1));
#2657 = LINE('',#2658,#2659);
#2658 = CARTESIAN_POINT('',(4.85,0.4,14.1));
#2659 = VECTOR('',#2660,1.);
#2660 = DIRECTION('',(-5.374889246194E-17,-1.,1.047445008333E-14));
#2661 = ORIENTED_EDGE('',*,*,#2371,.F.);
#2662 = ORIENTED_EDGE('',*,*,#1763,.F.);
#2663 = ORIENTED_EDGE('',*,*,#2664,.F.);
#2664 = EDGE_CURVE('',#2655,#1756,#2665,.T.);
#2665 = LINE('',#2666,#2667);
#2666 = CARTESIAN_POINT('',(4.85,-9.999999999997E-02,14.1));
#2667 = VECTOR('',#2668,1.);
#2668 = DIRECTION('',(7.281636885445E-15,1.047912336855E-14,1.));
#2669 = PLANE('',#2670);
#2670 = AXIS2_PLACEMENT_3D('',#2671,#2672,#2673);
#2671 = CARTESIAN_POINT('',(4.85,1.5,17.));
#2672 = DIRECTION('',(1.,-5.374889246201E-17,-7.281636885445E-15));
#2673 = DIRECTION('',(5.374889246194E-17,1.,-1.047445008333E-14));
#2674 = ADVANCED_FACE('',(#2675),#2686,.F.);
#2675 = FACE_BOUND('',#2676,.T.);
#2676 = EDGE_LOOP('',(#2677,#2678,#2679,#2680));
#2677 = ORIENTED_EDGE('',*,*,#2664,.T.);
#2678 = ORIENTED_EDGE('',*,*,#1755,.F.);
#2679 = ORIENTED_EDGE('',*,*,#2598,.F.);
#2680 = ORIENTED_EDGE('',*,*,#2681,.T.);
#2681 = EDGE_CURVE('',#2591,#2655,#2682,.T.);
#2682 = LINE('',#2683,#2684);
#2683 = CARTESIAN_POINT('',(4.45,-9.999999999997E-02,14.1));
#2684 = VECTOR('',#2685,1.);
#2685 = DIRECTION('',(1.,-5.374889246201E-17,-7.281636885445E-15));
#2686 = PLANE('',#2687);
#2687 = AXIS2_PLACEMENT_3D('',#2688,#2689,#2690);
#2688 = CARTESIAN_POINT('',(4.45,-9.999999999997E-02,14.1));
#2689 = DIRECTION('',(5.374889246194E-17,1.,-1.047912336855E-14));
#2690 = DIRECTION('',(-7.281636885445E-15,-1.047912336855E-14,-1.));
#2691 = ADVANCED_FACE('',(#2692),#2710,.F.);
#2692 = FACE_BOUND('',#2693,.T.);
#2693 = EDGE_LOOP('',(#2694,#2695,#2696,#2702,#2703,#2704));
#2694 = ORIENTED_EDGE('',*,*,#2416,.T.);
#2695 = ORIENTED_EDGE('',*,*,#2481,.T.);
#2696 = ORIENTED_EDGE('',*,*,#2697,.F.);
#2697 = EDGE_CURVE('',#1686,#2474,#2698,.T.);
#2698 = LINE('',#2699,#2700);
#2699 = CARTESIAN_POINT('',(11.35,2.1,17.));
#2700 = VECTOR('',#2701,1.);
#2701 = DIRECTION('',(-7.281636885445E-15,-1.059835890304E-14,-1.));
#2702 = ORIENTED_EDGE('',*,*,#1685,.F.);
#2703 = ORIENTED_EDGE('',*,*,#2639,.F.);
#2704 = ORIENTED_EDGE('',*,*,#2705,.F.);
#2705 = EDGE_CURVE('',#2417,#2632,#2706,.T.);
#2706 = LINE('',#2707,#2708);
#2707 = CARTESIAN_POINT('',(11.35,0.4,14.1));
#2708 = VECTOR('',#2709,1.);
#2709 = DIRECTION('',(-5.374889246194E-17,-1.,1.047445008333E-14));
#2710 = PLANE('',#2711);
#2711 = AXIS2_PLACEMENT_3D('',#2712,#2713,#2714);
#2712 = CARTESIAN_POINT('',(11.35,1.5,17.));
#2713 = DIRECTION('',(-1.,5.374889246201E-17,7.281636885445E-15));
#2714 = DIRECTION('',(5.374889246194E-17,1.,-1.047445008333E-14));
#2715 = ADVANCED_FACE('',(#2716),#2727,.F.);
#2716 = FACE_BOUND('',#2717,.T.);
#2717 = EDGE_LOOP('',(#2718,#2724,#2725,#2726));
#2718 = ORIENTED_EDGE('',*,*,#2719,.T.);
#2719 = EDGE_CURVE('',#1732,#2315,#2720,.T.);
#2720 = LINE('',#2721,#2722);
#2721 = CARTESIAN_POINT('',(4.85,2.1,17.));
#2722 = VECTOR('',#2723,1.);
#2723 = DIRECTION('',(-7.281636885445E-15,-1.059835890304E-14,-1.));
#2724 = ORIENTED_EDGE('',*,*,#2314,.T.);
#2725 = ORIENTED_EDGE('',*,*,#2582,.F.);
#2726 = ORIENTED_EDGE('',*,*,#1739,.T.);
#2727 = PLANE('',#2728);
#2728 = AXIS2_PLACEMENT_3D('',#2729,#2730,#2731);
#2729 = CARTESIAN_POINT('',(4.45,2.1,17.));
#2730 = DIRECTION('',(-5.374889246194E-17,-1.,1.059835890304E-14));
#2731 = DIRECTION('',(7.281636885445E-15,1.059835890304E-14,1.));
#2732 = ADVANCED_FACE('',(#2733),#2739,.F.);
#2733 = FACE_BOUND('',#2734,.T.);
#2734 = EDGE_LOOP('',(#2735,#2736,#2737,#2738));
#2735 = ORIENTED_EDGE('',*,*,#2719,.F.);
#2736 = ORIENTED_EDGE('',*,*,#1731,.T.);
#2737 = ORIENTED_EDGE('',*,*,#2287,.F.);
#2738 = ORIENTED_EDGE('',*,*,#2324,.F.);
#2739 = PLANE('',#2740);
#2740 = AXIS2_PLACEMENT_3D('',#2741,#2742,#2743);
#2741 = CARTESIAN_POINT('',(4.85,5.898059818321E-14,17.));
#2742 = DIRECTION('',(1.,-5.374889246201E-17,-7.281636885445E-15));
#2743 = DIRECTION('',(5.374889246194E-17,1.,-1.047445008333E-14));
#2744 = ADVANCED_FACE('',(#2745),#2751,.T.);
#2745 = FACE_BOUND('',#2746,.T.);
#2746 = EDGE_LOOP('',(#2747,#2748,#2749,#2750));
#2747 = ORIENTED_EDGE('',*,*,#2473,.F.);
#2748 = ORIENTED_EDGE('',*,*,#2614,.F.);
#2749 = ORIENTED_EDGE('',*,*,#1693,.F.);
#2750 = ORIENTED_EDGE('',*,*,#2697,.T.);
#2751 = PLANE('',#2752);
#2752 = AXIS2_PLACEMENT_3D('',#2753,#2754,#2755);
#2753 = CARTESIAN_POINT('',(11.35,2.1,17.));
#2754 = DIRECTION('',(5.374889246194E-17,1.,-1.059835890304E-14));
#2755 = DIRECTION('',(-7.281636885445E-15,-1.059835890304E-14,-1.));
#2756 = ADVANCED_FACE('',(#2757),#2768,.F.);
#2757 = FACE_BOUND('',#2758,.T.);
#2758 = EDGE_LOOP('',(#2759,#2765,#2766,#2767));
#2759 = ORIENTED_EDGE('',*,*,#2760,.T.);
#2760 = EDGE_CURVE('',#2028,#2174,#2761,.T.);
#2761 = LINE('',#2762,#2763);
#2762 = CARTESIAN_POINT('',(7.6,5.,11.75));
#2763 = VECTOR('',#2764,1.);
#2764 = DIRECTION('',(7.409566345326E-15,1.047445008333E-14,1.));
#2765 = ORIENTED_EDGE('',*,*,#2173,.T.);
#2766 = ORIENTED_EDGE('',*,*,#2506,.F.);
#2767 = ORIENTED_EDGE('',*,*,#2035,.F.);
#2768 = PLANE('',#2769);
#2769 = AXIS2_PLACEMENT_3D('',#2770,#2771,#2772);
#2770 = CARTESIAN_POINT('',(7.6,4.2,11.75));
#2771 = DIRECTION('',(-1.,-2.850642864397E-16,7.409566345326E-15));
#2772 = DIRECTION('',(2.850642864398E-16,-1.,1.047445008333E-14));
#2773 = ADVANCED_FACE('',(#2774),#2799,.T.);
#2774 = FACE_BOUND('',#2775,.T.);
#2775 = EDGE_LOOP('',(#2776,#2777,#2785,#2793));
#2776 = ORIENTED_EDGE('',*,*,#1968,.F.);
#2777 = ORIENTED_EDGE('',*,*,#2778,.T.);
#2778 = EDGE_CURVE('',#1969,#2779,#2781,.T.);
#2779 = VERTEX_POINT('',#2780);
#2780 = CARTESIAN_POINT('',(7.15,2.85,16.05));
#2781 = LINE('',#2782,#2783);
#2782 = CARTESIAN_POINT('',(7.15,2.85,11.1));
#2783 = VECTOR('',#2784,1.);
#2784 = DIRECTION('',(7.281636885445E-15,1.064967467686E-14,1.));
#2785 = ORIENTED_EDGE('',*,*,#2786,.F.);
#2786 = EDGE_CURVE('',#2787,#2779,#2789,.T.);
#2787 = VERTEX_POINT('',#2788);
#2788 = CARTESIAN_POINT('',(6.65,2.85,16.05));
#2789 = LINE('',#2790,#2791);
#2790 = CARTESIAN_POINT('',(6.65,2.85,16.05));
#2791 = VECTOR('',#2792,1.);
#2792 = DIRECTION('',(1.,-5.374889246201E-17,-7.281636885445E-15));
#2793 = ORIENTED_EDGE('',*,*,#2794,.F.);
#2794 = EDGE_CURVE('',#1971,#2787,#2795,.T.);
#2795 = LINE('',#2796,#2797);
#2796 = CARTESIAN_POINT('',(6.65,2.85,11.1));
#2797 = VECTOR('',#2798,1.);
#2798 = DIRECTION('',(7.281636885445E-15,1.064967467686E-14,1.));
#2799 = PLANE('',#2800);
#2800 = AXIS2_PLACEMENT_3D('',#2801,#2802,#2803);
#2801 = CARTESIAN_POINT('',(6.65,2.85,11.1));
#2802 = DIRECTION('',(-5.374889246193E-17,-1.,1.064967467686E-14));
#2803 = DIRECTION('',(7.281636885445E-15,1.064967467686E-14,1.));
#2804 = ADVANCED_FACE('',(#2805),#2830,.T.);
#2805 = FACE_BOUND('',#2806,.T.);
#2806 = EDGE_LOOP('',(#2807,#2808,#2816,#2824));
#2807 = ORIENTED_EDGE('',*,*,#1960,.F.);
#2808 = ORIENTED_EDGE('',*,*,#2809,.T.);
#2809 = EDGE_CURVE('',#1953,#2810,#2812,.T.);
#2810 = VERTEX_POINT('',#2811);
#2811 = CARTESIAN_POINT('',(9.15,3.35,16.05));
#2812 = LINE('',#2813,#2814);
#2813 = CARTESIAN_POINT('',(9.15,3.35,11.1));
#2814 = VECTOR('',#2815,1.);
#2815 = DIRECTION('',(7.281636885445E-15,1.064967467686E-14,1.));
#2816 = ORIENTED_EDGE('',*,*,#2817,.F.);
#2817 = EDGE_CURVE('',#2818,#2810,#2820,.T.);
#2818 = VERTEX_POINT('',#2819);
#2819 = CARTESIAN_POINT('',(9.15,2.85,16.05));
#2820 = LINE('',#2821,#2822);
#2821 = CARTESIAN_POINT('',(9.15,3.35,16.05));
#2822 = VECTOR('',#2823,1.);
#2823 = DIRECTION('',(5.374889246194E-17,1.,-1.047445008333E-14));
#2824 = ORIENTED_EDGE('',*,*,#2825,.F.);
#2825 = EDGE_CURVE('',#1935,#2818,#2826,.T.);
#2826 = LINE('',#2827,#2828);
#2827 = CARTESIAN_POINT('',(9.15,2.85,11.1));
#2828 = VECTOR('',#2829,1.);
#2829 = DIRECTION('',(7.281636885445E-15,1.064967467686E-14,1.));
#2830 = PLANE('',#2831);
#2831 = AXIS2_PLACEMENT_3D('',#2832,#2833,#2834);
#2832 = CARTESIAN_POINT('',(9.15,3.35,11.1));
#2833 = DIRECTION('',(1.,-5.374889246201E-17,-7.281636885445E-15));
#2834 = DIRECTION('',(5.374889246194E-17,1.,-1.047445008333E-14));
#2835 = ADVANCED_FACE('',(#2836),#2861,.T.);
#2836 = FACE_BOUND('',#2837,.T.);
#2837 = EDGE_LOOP('',(#2838,#2839,#2847,#2855));
#2838 = ORIENTED_EDGE('',*,*,#1944,.F.);
#2839 = ORIENTED_EDGE('',*,*,#2840,.T.);
#2840 = EDGE_CURVE('',#1937,#2841,#2843,.T.);
#2841 = VERTEX_POINT('',#2842);
#2842 = CARTESIAN_POINT('',(8.65,2.85,16.05));
#2843 = LINE('',#2844,#2845);
#2844 = CARTESIAN_POINT('',(8.65,2.85,11.1));
#2845 = VECTOR('',#2846,1.);
#2846 = DIRECTION('',(7.281636885445E-15,1.064967467686E-14,1.));
#2847 = ORIENTED_EDGE('',*,*,#2848,.F.);
#2848 = EDGE_CURVE('',#2849,#2841,#2851,.T.);
#2849 = VERTEX_POINT('',#2850);
#2850 = CARTESIAN_POINT('',(8.65,3.35,16.05));
#2851 = LINE('',#2852,#2853);
#2852 = CARTESIAN_POINT('',(8.65,3.35,16.05));
#2853 = VECTOR('',#2854,1.);
#2854 = DIRECTION('',(-5.374889246194E-17,-1.,1.047445008333E-14));
#2855 = ORIENTED_EDGE('',*,*,#2856,.F.);
#2856 = EDGE_CURVE('',#1945,#2849,#2857,.T.);
#2857 = LINE('',#2858,#2859);
#2858 = CARTESIAN_POINT('',(8.65,3.35,11.1));
#2859 = VECTOR('',#2860,1.);
#2860 = DIRECTION('',(7.281636885445E-15,1.064967467686E-14,1.));
#2861 = PLANE('',#2862);
#2862 = AXIS2_PLACEMENT_3D('',#2863,#2864,#2865);
#2863 = CARTESIAN_POINT('',(8.65,3.35,11.1));
#2864 = DIRECTION('',(-1.,5.374889246201E-17,7.281636885445E-15));
#2865 = DIRECTION('',(-5.374889246194E-17,-1.,1.047445008333E-14));
#2866 = ADVANCED_FACE('',(#2867),#2885,.T.);
#2867 = FACE_BOUND('',#2868,.T.);
#2868 = EDGE_LOOP('',(#2869,#2870,#2871,#2879));
#2869 = ORIENTED_EDGE('',*,*,#1978,.F.);
#2870 = ORIENTED_EDGE('',*,*,#2794,.T.);
#2871 = ORIENTED_EDGE('',*,*,#2872,.F.);
#2872 = EDGE_CURVE('',#2873,#2787,#2875,.T.);
#2873 = VERTEX_POINT('',#2874);
#2874 = CARTESIAN_POINT('',(6.65,3.35,16.05));
#2875 = LINE('',#2876,#2877);
#2876 = CARTESIAN_POINT('',(6.65,3.35,16.05));
#2877 = VECTOR('',#2878,1.);
#2878 = DIRECTION('',(-5.374889246194E-17,-1.,1.047445008333E-14));
#2879 = ORIENTED_EDGE('',*,*,#2880,.F.);
#2880 = EDGE_CURVE('',#1979,#2873,#2881,.T.);
#2881 = LINE('',#2882,#2883);
#2882 = CARTESIAN_POINT('',(6.65,3.35,11.1));
#2883 = VECTOR('',#2884,1.);
#2884 = DIRECTION('',(7.281636885445E-15,1.064967467686E-14,1.));
#2885 = PLANE('',#2886);
#2886 = AXIS2_PLACEMENT_3D('',#2887,#2888,#2889);
#2887 = CARTESIAN_POINT('',(6.65,3.35,11.1));
#2888 = DIRECTION('',(-1.,5.374889246201E-17,7.281636885445E-15));
#2889 = DIRECTION('',(-5.374889246194E-17,-1.,1.047445008333E-14));
#2890 = ADVANCED_FACE('',(#2891),#2902,.F.);
#2891 = FACE_BOUND('',#2892,.T.);
#2892 = EDGE_LOOP('',(#2893,#2894,#2895,#2901));
#2893 = ORIENTED_EDGE('',*,*,#2107,.T.);
#2894 = ORIENTED_EDGE('',*,*,#2189,.T.);
#2895 = ORIENTED_EDGE('',*,*,#2896,.F.);
#2896 = EDGE_CURVE('',#2020,#2182,#2897,.T.);
#2897 = LINE('',#2898,#2899);
#2898 = CARTESIAN_POINT('',(8.2,5.,11.75));
#2899 = VECTOR('',#2900,1.);
#2900 = DIRECTION('',(7.409566345326E-15,1.047445008333E-14,1.));
#2901 = ORIENTED_EDGE('',*,*,#2019,.F.);
#2902 = PLANE('',#2903);
#2903 = AXIS2_PLACEMENT_3D('',#2904,#2905,#2906);
#2904 = CARTESIAN_POINT('',(8.2,4.2,11.75));
#2905 = DIRECTION('',(1.,-1.215115282424E-16,-7.409566345326E-15));
#2906 = DIRECTION('',(-7.409566345326E-15,-1.047445008333E-14,-1.));
#2907 = ADVANCED_FACE('',(#2908),#2919,.T.);
#2908 = FACE_BOUND('',#2909,.T.);
#2909 = EDGE_LOOP('',(#2910,#2911,#2912,#2918));
#2910 = ORIENTED_EDGE('',*,*,#1934,.F.);
#2911 = ORIENTED_EDGE('',*,*,#2825,.T.);
#2912 = ORIENTED_EDGE('',*,*,#2913,.F.);
#2913 = EDGE_CURVE('',#2841,#2818,#2914,.T.);
#2914 = LINE('',#2915,#2916);
#2915 = CARTESIAN_POINT('',(8.65,2.85,16.05));
#2916 = VECTOR('',#2917,1.);
#2917 = DIRECTION('',(1.,-5.374889246201E-17,-7.281636885445E-15));
#2918 = ORIENTED_EDGE('',*,*,#2840,.F.);
#2919 = PLANE('',#2920);
#2920 = AXIS2_PLACEMENT_3D('',#2921,#2922,#2923);
#2921 = CARTESIAN_POINT('',(8.65,2.85,11.1));
#2922 = DIRECTION('',(-5.374889246193E-17,-1.,1.064967467686E-14));
#2923 = DIRECTION('',(7.281636885445E-15,1.064967467686E-14,1.));
#2924 = ADVANCED_FACE('',(#2925),#2936,.T.);
#2925 = FACE_BOUND('',#2926,.T.);
#2926 = EDGE_LOOP('',(#2927,#2928,#2929,#2935));
#2927 = ORIENTED_EDGE('',*,*,#1952,.F.);
#2928 = ORIENTED_EDGE('',*,*,#2856,.T.);
#2929 = ORIENTED_EDGE('',*,*,#2930,.F.);
#2930 = EDGE_CURVE('',#2810,#2849,#2931,.T.);
#2931 = LINE('',#2932,#2933);
#2932 = CARTESIAN_POINT('',(8.65,3.35,16.05));
#2933 = VECTOR('',#2934,1.);
#2934 = DIRECTION('',(-1.,5.374889246201E-17,7.281636885445E-15));
#2935 = ORIENTED_EDGE('',*,*,#2809,.F.);
#2936 = PLANE('',#2937);
#2937 = AXIS2_PLACEMENT_3D('',#2938,#2939,#2940);
#2938 = CARTESIAN_POINT('',(8.65,3.35,11.1));
#2939 = DIRECTION('',(5.374889246193E-17,1.,-1.064967467686E-14));
#2940 = DIRECTION('',(-7.281636885445E-15,-1.064967467686E-14,-1.));
#2941 = ADVANCED_FACE('',(#2942),#2948,.F.);
#2942 = FACE_BOUND('',#2943,.T.);
#2943 = EDGE_LOOP('',(#2944,#2945,#2946,#2947));
#2944 = ORIENTED_EDGE('',*,*,#2896,.T.);
#2945 = ORIENTED_EDGE('',*,*,#2181,.T.);
#2946 = ORIENTED_EDGE('',*,*,#2760,.F.);
#2947 = ORIENTED_EDGE('',*,*,#2027,.F.);
#2948 = PLANE('',#2949);
#2949 = AXIS2_PLACEMENT_3D('',#2950,#2951,#2952);
#2950 = CARTESIAN_POINT('',(8.2,5.,11.75));
#2951 = DIRECTION('',(5.374889246194E-17,1.,-1.047445008333E-14));
#2952 = DIRECTION('',(-1.,5.374889246201E-17,7.281636885445E-15));
#2953 = ADVANCED_FACE('',(#2954),#2972,.T.);
#2954 = FACE_BOUND('',#2955,.T.);
#2955 = EDGE_LOOP('',(#2956,#2957,#2958,#2966));
#2956 = ORIENTED_EDGE('',*,*,#1986,.F.);
#2957 = ORIENTED_EDGE('',*,*,#2880,.T.);
#2958 = ORIENTED_EDGE('',*,*,#2959,.F.);
#2959 = EDGE_CURVE('',#2960,#2873,#2962,.T.);
#2960 = VERTEX_POINT('',#2961);
#2961 = CARTESIAN_POINT('',(7.15,3.35,16.05));
#2962 = LINE('',#2963,#2964);
#2963 = CARTESIAN_POINT('',(6.65,3.35,16.05));
#2964 = VECTOR('',#2965,1.);
#2965 = DIRECTION('',(-1.,5.374889246201E-17,7.281636885445E-15));
#2966 = ORIENTED_EDGE('',*,*,#2967,.F.);
#2967 = EDGE_CURVE('',#1987,#2960,#2968,.T.);
#2968 = LINE('',#2969,#2970);
#2969 = CARTESIAN_POINT('',(7.15,3.35,11.1));
#2970 = VECTOR('',#2971,1.);
#2971 = DIRECTION('',(7.281636885445E-15,1.064967467686E-14,1.));
#2972 = PLANE('',#2973);
#2973 = AXIS2_PLACEMENT_3D('',#2974,#2975,#2976);
#2974 = CARTESIAN_POINT('',(6.65,3.35,11.1));
#2975 = DIRECTION('',(5.374889246193E-17,1.,-1.064967467686E-14));
#2976 = DIRECTION('',(-7.281636885445E-15,-1.064967467686E-14,-1.));
#2977 = ADVANCED_FACE('',(#2978),#2989,.T.);
#2978 = FACE_BOUND('',#2979,.T.);
#2979 = EDGE_LOOP('',(#2980,#2981,#2982,#2988));
#2980 = ORIENTED_EDGE('',*,*,#1994,.F.);
#2981 = ORIENTED_EDGE('',*,*,#2967,.T.);
#2982 = ORIENTED_EDGE('',*,*,#2983,.F.);
#2983 = EDGE_CURVE('',#2779,#2960,#2984,.T.);
#2984 = LINE('',#2985,#2986);
#2985 = CARTESIAN_POINT('',(7.15,3.35,16.05));
#2986 = VECTOR('',#2987,1.);
#2987 = DIRECTION('',(5.374889246194E-17,1.,-1.047445008333E-14));
#2988 = ORIENTED_EDGE('',*,*,#2778,.F.);
#2989 = PLANE('',#2990);
#2990 = AXIS2_PLACEMENT_3D('',#2991,#2992,#2993);
#2991 = CARTESIAN_POINT('',(7.15,3.35,11.1));
#2992 = DIRECTION('',(1.,-5.374889246201E-17,-7.281636885445E-15));
#2993 = DIRECTION('',(5.374889246194E-17,1.,-1.047445008333E-14));
#2994 = ADVANCED_FACE('',(#2995),#3001,.F.);
#2995 = FACE_BOUND('',#2996,.T.);
#2996 = EDGE_LOOP('',(#2997,#2998,#2999,#3000));
#2997 = ORIENTED_EDGE('',*,*,#2654,.T.);
#2998 = ORIENTED_EDGE('',*,*,#2681,.F.);
#2999 = ORIENTED_EDGE('',*,*,#2590,.F.);
#3000 = ORIENTED_EDGE('',*,*,#2379,.T.);
#3001 = PLANE('',#3002);
#3002 = AXIS2_PLACEMENT_3D('',#3003,#3004,#3005);
#3003 = CARTESIAN_POINT('',(4.45,0.4,14.1));
#3004 = DIRECTION('',(7.281636885445E-15,1.047445008333E-14,1.));
#3005 = DIRECTION('',(5.374889246194E-17,1.,-1.047445008333E-14));
#3006 = ADVANCED_FACE('',(#3007),#3013,.T.);
#3007 = FACE_BOUND('',#3008,.T.);
#3008 = EDGE_LOOP('',(#3009,#3010,#3011,#3012));
#3009 = ORIENTED_EDGE('',*,*,#2559,.F.);
#3010 = ORIENTED_EDGE('',*,*,#2424,.F.);
#3011 = ORIENTED_EDGE('',*,*,#2705,.T.);
#3012 = ORIENTED_EDGE('',*,*,#2631,.T.);
#3013 = PLANE('',#3014);
#3014 = AXIS2_PLACEMENT_3D('',#3015,#3016,#3017);
#3015 = CARTESIAN_POINT('',(11.35,0.4,14.1));
#3016 = DIRECTION('',(-7.281636885445E-15,-1.047445008333E-14,-1.));
#3017 = DIRECTION('',(-5.374889246194E-17,-1.,1.047445008333E-14));
#3018 = ADVANCED_FACE('',(#3019),#3025,.T.);
#3019 = FACE_BOUND('',#3020,.T.);
#3020 = EDGE_LOOP('',(#3021,#3022,#3023,#3024));
#3021 = ORIENTED_EDGE('',*,*,#2872,.T.);
#3022 = ORIENTED_EDGE('',*,*,#2786,.T.);
#3023 = ORIENTED_EDGE('',*,*,#2983,.T.);
#3024 = ORIENTED_EDGE('',*,*,#2959,.T.);
#3025 = PLANE('',#3026);
#3026 = AXIS2_PLACEMENT_3D('',#3027,#3028,#3029);
#3027 = CARTESIAN_POINT('',(6.65,2.85,16.05));
#3028 = DIRECTION('',(7.281636885445E-15,1.047445008333E-14,1.));
#3029 = DIRECTION('',(5.374889246194E-17,1.,-1.047445008333E-14));
#3030 = ADVANCED_FACE('',(#3031),#3037,.T.);
#3031 = FACE_BOUND('',#3032,.T.);
#3032 = EDGE_LOOP('',(#3033,#3034,#3035,#3036));
#3033 = ORIENTED_EDGE('',*,*,#2848,.T.);
#3034 = ORIENTED_EDGE('',*,*,#2913,.T.);
#3035 = ORIENTED_EDGE('',*,*,#2817,.T.);
#3036 = ORIENTED_EDGE('',*,*,#2930,.T.);
#3037 = PLANE('',#3038);
#3038 = AXIS2_PLACEMENT_3D('',#3039,#3040,#3041);
#3039 = CARTESIAN_POINT('',(8.65,2.85,16.05));
#3040 = DIRECTION('',(7.281636885445E-15,1.047445008333E-14,1.));
#3041 = DIRECTION('',(5.374889246194E-17,1.,-1.047445008333E-14));
#3042 = ( GEOMETRIC_REPRESENTATION_CONTEXT(3) 
GLOBAL_UNCERTAINTY_ASSIGNED_CONTEXT((#3046)) 
GLOBAL_UNIT_ASSIGNED_CONTEXT((#3043,#3044,#3045)) REPRESENTATION_CONTEXT
('Context #1','3D Context with UNIT and UNCERTAINTY') );
#3043 = ( LENGTH_UNIT() NAMED_UNIT(*) SI_UNIT(.MILLI.,.METRE.) );
#3044 = ( NAMED_UNIT(*) PLANE_ANGLE_UNIT() SI_UNIT($,.RADIAN.) );
#3045 = ( NAMED_UNIT(*) SI_UNIT($,.STERADIAN.) SOLID_ANGLE_UNIT() );
#3046 = UNCERTAINTY_MEASURE_WITH_UNIT(LENGTH_MEASURE(1.E-07),#3043,
  'distance_accuracy_value','confusion accuracy');
#3047 = CONTEXT_DEPENDENT_SHAPE_REPRESENTATION(#3048,#3050);
#3048 = ( REPRESENTATION_RELATIONSHIP('','',#183,#160) 
REPRESENTATION_RELATIONSHIP_WITH_TRANSFORMATION(#3049) 
SHAPE_REPRESENTATION_RELATIONSHIP() );
#3049 = ITEM_DEFINED_TRANSFORMATION('','',#11,#161);
#3050 = PRODUCT_DEFINITION_SHAPE('Placement','Placement of an item',
  #3051);
#3051 = NEXT_ASSEMBLY_USAGE_OCCURRENCE('1','=>[0:1:1:3]','',#155,#178,$
  );
#3052 = PRODUCT_RELATED_PRODUCT_CATEGORY('part',$,(#180));
#3053 = SHAPE_DEFINITION_REPRESENTATION(#3054,#3060);
#3054 = PRODUCT_DEFINITION_SHAPE('','',#3055);
#3055 = PRODUCT_DEFINITION('design','',#3056,#3059);
#3056 = PRODUCT_DEFINITION_FORMATION('','',#3057);
#3057 = PRODUCT('SM04B-ZESS-TB','SM04B-ZESS-TB','',(#3058));
#3058 = PRODUCT_CONTEXT('',#2,'mechanical');
#3059 = PRODUCT_DEFINITION_CONTEXT('part definition',#2,'design');
#3060 = SHAPE_REPRESENTATION('',(#11,#3061),#3065);
#3061 = AXIS2_PLACEMENT_3D('',#3062,#3063,#3064);
#3062 = CARTESIAN_POINT('',(0.,0.,0.));
#3063 = DIRECTION('',(0.,0.,1.));
#3064 = DIRECTION('',(1.,0.,-0.));
#3065 = ( GEOMETRIC_REPRESENTATION_CONTEXT(3) 
GLOBAL_UNCERTAINTY_ASSIGNED_CONTEXT((#3069)) 
GLOBAL_UNIT_ASSIGNED_CONTEXT((#3066,#3067,#3068)) REPRESENTATION_CONTEXT
('Context #1','3D Context with UNIT and UNCERTAINTY') );
#3066 = ( LENGTH_UNIT() NAMED_UNIT(*) SI_UNIT(.MILLI.,.METRE.) );
#3067 = ( NAMED_UNIT(*) PLANE_ANGLE_UNIT() SI_UNIT($,.RADIAN.) );
#3068 = ( NAMED_UNIT(*) SI_UNIT($,.STERADIAN.) SOLID_ANGLE_UNIT() );
#3069 = UNCERTAINTY_MEASURE_WITH_UNIT(LENGTH_MEASURE(1.E-07),#3066,
  'distance_accuracy_value','confusion accuracy');
#3070 = CONTEXT_DEPENDENT_SHAPE_REPRESENTATION(#3071,#3073);
#3071 = ( REPRESENTATION_RELATIONSHIP('','',#3060,#10) 
REPRESENTATION_RELATIONSHIP_WITH_TRANSFORMATION(#3072) 
SHAPE_REPRESENTATION_RELATIONSHIP() );
#3072 = ITEM_DEFINED_TRANSFORMATION('','',#11,#19);
#3073 = PRODUCT_DEFINITION_SHAPE('Placement','Placement of an item',
  #3074);
#3074 = NEXT_ASSEMBLY_USAGE_OCCURRENCE('4','J1','',#5,#3055,$);
#3075 = PRODUCT_RELATED_PRODUCT_CATEGORY('part',$,(#3057));
#3076 = SHAPE_DEFINITION_REPRESENTATION(#3077,#3083);
#3077 = PRODUCT_DEFINITION_SHAPE('','',#3078);
#3078 = PRODUCT_DEFINITION('design','',#3079,#3082);
#3079 = PRODUCT_DEFINITION_FORMATION('','',#3080);
#3080 = PRODUCT('SM04B-ZESS','SM04B-ZESS','',(#3081));
#3081 = PRODUCT_CONTEXT('',#2,'mechanical');
#3082 = PRODUCT_DEFINITION_CONTEXT('part definition',#2,'design');
#3083 = ADVANCED_BREP_SHAPE_REPRESENTATION('',(#11,#3084),#6046);
#3084 = MANIFOLD_SOLID_BREP('',#3085);
#3085 = CLOSED_SHELL('',(#3086,#3160,#3234,#3308,#3382,#3436,#3627,#3761
    ,#3856,#3995,#4035,#4098,#4124,#4155,#4179,#4210,#4234,#4258,#4289,
    #4336,#4367,#4398,#4436,#4460,#4484,#4524,#4555,#4586,#4610,#4627,
    #4639,#4679,#4733,#4764,#4802,#4814,#4826,#4852,#4864,#4876,#4902,
    #4914,#4926,#4943,#4955,#4972,#4984,#5001,#5013,#5030,#5042,#5073,
    #5104,#5135,#5157,#5171,#5185,#5216,#5247,#5278,#5300,#5314,#5328,
    #5359,#5390,#5421,#5443,#5457,#5471,#5502,#5533,#5564,#5586,#5600,
    #5614,#5654,#5676,#5698,#5710,#5722,#5753,#5784,#5801,#5818,#5830,
    #5870,#5892,#5914,#5926,#5938,#5969,#6000,#6017,#6034));
#3086 = ADVANCED_FACE('',(#3087,#3121),#3155,.T.);
#3087 = FACE_BOUND('',#3088,.T.);
#3088 = EDGE_LOOP('',(#3089,#3099,#3107,#3115));
#3089 = ORIENTED_EDGE('',*,*,#3090,.F.);
#3090 = EDGE_CURVE('',#3091,#3093,#3095,.T.);
#3091 = VERTEX_POINT('',#3092);
#3092 = CARTESIAN_POINT('',(5.25,5.8,-3.45));
#3093 = VERTEX_POINT('',#3094);
#3094 = CARTESIAN_POINT('',(3.85,5.8,-3.45));
#3095 = LINE('',#3096,#3097);
#3096 = CARTESIAN_POINT('',(5.25,5.8,-3.45));
#3097 = VECTOR('',#3098,1.);
#3098 = DIRECTION('',(-1.,3.491483361109E-15,1.21904560609E-29));
#3099 = ORIENTED_EDGE('',*,*,#3100,.F.);
#3100 = EDGE_CURVE('',#3101,#3091,#3103,.T.);
#3101 = VERTEX_POINT('',#3102);
#3102 = CARTESIAN_POINT('',(5.25,2.5,-3.45));
#3103 = LINE('',#3104,#3105);
#3104 = CARTESIAN_POINT('',(5.25,2.5,-3.45));
#3105 = VECTOR('',#3106,1.);
#3106 = DIRECTION('',(3.491483361109E-15,1.,3.375835129378E-15));
#3107 = ORIENTED_EDGE('',*,*,#3108,.T.);
#3108 = EDGE_CURVE('',#3101,#3109,#3111,.T.);
#3109 = VERTEX_POINT('',#3110);
#3110 = CARTESIAN_POINT('',(3.85,2.5,-3.45));
#3111 = LINE('',#3112,#3113);
#3112 = CARTESIAN_POINT('',(5.25,2.5,-3.45));
#3113 = VECTOR('',#3114,1.);
#3114 = DIRECTION('',(-1.,3.491483361109E-15,1.21904560609E-29));
#3115 = ORIENTED_EDGE('',*,*,#3116,.T.);
#3116 = EDGE_CURVE('',#3109,#3093,#3117,.T.);
#3117 = LINE('',#3118,#3119);
#3118 = CARTESIAN_POINT('',(3.85,2.5,-3.45));
#3119 = VECTOR('',#3120,1.);
#3120 = DIRECTION('',(3.491483361109E-15,1.,3.375835129378E-15));
#3121 = FACE_BOUND('',#3122,.T.);
#3122 = EDGE_LOOP('',(#3123,#3133,#3141,#3149));
#3123 = ORIENTED_EDGE('',*,*,#3124,.F.);
#3124 = EDGE_CURVE('',#3125,#3127,#3129,.T.);
#3125 = VERTEX_POINT('',#3126);
#3126 = CARTESIAN_POINT('',(4.8,3.25,-3.45));
#3127 = VERTEX_POINT('',#3128);
#3128 = CARTESIAN_POINT('',(4.4,3.25,-3.45));
#3129 = LINE('',#3130,#3131);
#3130 = CARTESIAN_POINT('',(5.25,3.25,-3.45));
#3131 = VECTOR('',#3132,1.);
#3132 = DIRECTION('',(-1.,3.491483361109E-15,1.21904560609E-29));
#3133 = ORIENTED_EDGE('',*,*,#3134,.T.);
#3134 = EDGE_CURVE('',#3125,#3135,#3137,.T.);
#3135 = VERTEX_POINT('',#3136);
#3136 = CARTESIAN_POINT('',(4.8,5.6,-3.45));
#3137 = LINE('',#3138,#3139);
#3138 = CARTESIAN_POINT('',(4.8,2.5,-3.45));
#3139 = VECTOR('',#3140,1.);
#3140 = DIRECTION('',(3.491483361109E-15,1.,3.375835129378E-15));
#3141 = ORIENTED_EDGE('',*,*,#3142,.F.);
#3142 = EDGE_CURVE('',#3143,#3135,#3145,.T.);
#3143 = VERTEX_POINT('',#3144);
#3144 = CARTESIAN_POINT('',(4.4,5.6,-3.45));
#3145 = LINE('',#3146,#3147);
#3146 = CARTESIAN_POINT('',(5.25,5.6,-3.45));
#3147 = VECTOR('',#3148,1.);
#3148 = DIRECTION('',(1.,-3.491483361109E-15,-1.21904560609E-29));
#3149 = ORIENTED_EDGE('',*,*,#3150,.F.);
#3150 = EDGE_CURVE('',#3127,#3143,#3151,.T.);
#3151 = LINE('',#3152,#3153);
#3152 = CARTESIAN_POINT('',(4.4,2.5,-3.45));
#3153 = VECTOR('',#3154,1.);
#3154 = DIRECTION('',(3.491483361109E-15,1.,3.375835129378E-15));
#3155 = PLANE('',#3156);
#3156 = AXIS2_PLACEMENT_3D('',#3157,#3158,#3159);
#3157 = CARTESIAN_POINT('',(5.25,2.5,-3.45));
#3158 = DIRECTION('',(-4.037838768333E-31,3.375835129378E-15,-1.));
#3159 = DIRECTION('',(-3.491483361109E-15,-1.,-3.375835129378E-15));
#3160 = ADVANCED_FACE('',(#3161,#3195),#3229,.T.);
#3161 = FACE_BOUND('',#3162,.T.);
#3162 = EDGE_LOOP('',(#3163,#3173,#3181,#3189));
#3163 = ORIENTED_EDGE('',*,*,#3164,.F.);
#3164 = EDGE_CURVE('',#3165,#3167,#3169,.T.);
#3165 = VERTEX_POINT('',#3166);
#3166 = CARTESIAN_POINT('',(3.85,0.35,3.75));
#3167 = VERTEX_POINT('',#3168);
#3168 = CARTESIAN_POINT('',(5.25,0.35,3.75));
#3169 = LINE('',#3170,#3171);
#3170 = CARTESIAN_POINT('',(5.25,0.35,3.75));
#3171 = VECTOR('',#3172,1.);
#3172 = DIRECTION('',(1.,-3.60764787959E-15,-1.257884674126E-29));
#3173 = ORIENTED_EDGE('',*,*,#3174,.F.);
#3174 = EDGE_CURVE('',#3175,#3165,#3177,.T.);
#3175 = VERTEX_POINT('',#3176);
#3176 = CARTESIAN_POINT('',(3.85,0.35,-1.8));
#3177 = LINE('',#3178,#3179);
#3178 = CARTESIAN_POINT('',(3.85,0.35,-1.8));
#3179 = VECTOR('',#3180,1.);
#3180 = DIRECTION('',(4.27569270828E-31,-3.369022725727E-15,1.));
#3181 = ORIENTED_EDGE('',*,*,#3182,.T.);
#3182 = EDGE_CURVE('',#3175,#3183,#3185,.T.);
#3183 = VERTEX_POINT('',#3184);
#3184 = CARTESIAN_POINT('',(5.25,0.35,-1.8));
#3185 = LINE('',#3186,#3187);
#3186 = CARTESIAN_POINT('',(5.25,0.35,-1.8));
#3187 = VECTOR('',#3188,1.);
#3188 = DIRECTION('',(1.,-3.60764787959E-15,-1.257884674126E-29));
#3189 = ORIENTED_EDGE('',*,*,#3190,.T.);
#3190 = EDGE_CURVE('',#3183,#3167,#3191,.T.);
#3191 = LINE('',#3192,#3193);
#3192 = CARTESIAN_POINT('',(5.25,0.35,-1.8));
#3193 = VECTOR('',#3194,1.);
#3194 = DIRECTION('',(4.27569270828E-31,-3.369022725727E-15,1.));
#3195 = FACE_BOUND('',#3196,.T.);
#3196 = EDGE_LOOP('',(#3197,#3207,#3215,#3223));
#3197 = ORIENTED_EDGE('',*,*,#3198,.F.);
#3198 = EDGE_CURVE('',#3199,#3201,#3203,.T.);
#3199 = VERTEX_POINT('',#3200);
#3200 = CARTESIAN_POINT('',(4.8,0.35,1.8));
#3201 = VERTEX_POINT('',#3202);
#3202 = CARTESIAN_POINT('',(4.4,0.35,1.8));
#3203 = LINE('',#3204,#3205);
#3204 = CARTESIAN_POINT('',(5.25,0.35,1.8));
#3205 = VECTOR('',#3206,1.);
#3206 = DIRECTION('',(-1.,3.60764787959E-15,1.258278508925E-29));
#3207 = ORIENTED_EDGE('',*,*,#3208,.T.);
#3208 = EDGE_CURVE('',#3199,#3209,#3211,.T.);
#3209 = VERTEX_POINT('',#3210);
#3210 = CARTESIAN_POINT('',(4.8,0.35,-1.));
#3211 = LINE('',#3212,#3213);
#3212 = CARTESIAN_POINT('',(4.8,0.35,-1.8));
#3213 = VECTOR('',#3214,1.);
#3214 = DIRECTION('',(-4.27569270828E-31,3.369022725727E-15,-1.));
#3215 = ORIENTED_EDGE('',*,*,#3216,.F.);
#3216 = EDGE_CURVE('',#3217,#3209,#3219,.T.);
#3217 = VERTEX_POINT('',#3218);
#3218 = CARTESIAN_POINT('',(4.4,0.35,-1.));
#3219 = LINE('',#3220,#3221);
#3220 = CARTESIAN_POINT('',(5.25,0.35,-1.));
#3221 = VECTOR('',#3222,1.);
#3222 = DIRECTION('',(1.,-3.60764787959E-15,-1.262611915885E-29));
#3223 = ORIENTED_EDGE('',*,*,#3224,.F.);
#3224 = EDGE_CURVE('',#3201,#3217,#3225,.T.);
#3225 = LINE('',#3226,#3227);
#3226 = CARTESIAN_POINT('',(4.4,0.35,-1.8));
#3227 = VECTOR('',#3228,1.);
#3228 = DIRECTION('',(-4.27569270828E-31,3.369022725727E-15,-1.));
#3229 = PLANE('',#3230);
#3230 = AXIS2_PLACEMENT_3D('',#3231,#3232,#3233);
#3231 = CARTESIAN_POINT('',(5.25,0.35,-1.8));
#3232 = DIRECTION('',(-3.60764787959E-15,-1.,-3.369022725727E-15));
#3233 = DIRECTION('',(4.27569270828E-31,-3.369022725727E-15,1.));
#3234 = ADVANCED_FACE('',(#3235,#3269),#3303,.F.);
#3235 = FACE_BOUND('',#3236,.T.);
#3236 = EDGE_LOOP('',(#3237,#3247,#3255,#3263));
#3237 = ORIENTED_EDGE('',*,*,#3238,.T.);
#3238 = EDGE_CURVE('',#3239,#3241,#3243,.T.);
#3239 = VERTEX_POINT('',#3240);
#3240 = CARTESIAN_POINT('',(-5.25,5.8,-3.45));
#3241 = VERTEX_POINT('',#3242);
#3242 = CARTESIAN_POINT('',(-3.85,5.8,-3.45));
#3243 = LINE('',#3244,#3245);
#3244 = CARTESIAN_POINT('',(-5.25,5.8,-3.45));
#3245 = VECTOR('',#3246,1.);
#3246 = DIRECTION('',(1.,-3.491483361109E-15,-1.21904560609E-29));
#3247 = ORIENTED_EDGE('',*,*,#3248,.F.);
#3248 = EDGE_CURVE('',#3249,#3241,#3251,.T.);
#3249 = VERTEX_POINT('',#3250);
#3250 = CARTESIAN_POINT('',(-3.85,2.5,-3.45));
#3251 = LINE('',#3252,#3253);
#3252 = CARTESIAN_POINT('',(-3.85,2.5,-3.45));
#3253 = VECTOR('',#3254,1.);
#3254 = DIRECTION('',(3.491483361109E-15,1.,3.375835129378E-15));
#3255 = ORIENTED_EDGE('',*,*,#3256,.F.);
#3256 = EDGE_CURVE('',#3257,#3249,#3259,.T.);
#3257 = VERTEX_POINT('',#3258);
#3258 = CARTESIAN_POINT('',(-5.25,2.5,-3.45));
#3259 = LINE('',#3260,#3261);
#3260 = CARTESIAN_POINT('',(-5.25,2.5,-3.45));
#3261 = VECTOR('',#3262,1.);
#3262 = DIRECTION('',(1.,-3.491483361109E-15,-1.21904560609E-29));
#3263 = ORIENTED_EDGE('',*,*,#3264,.T.);
#3264 = EDGE_CURVE('',#3257,#3239,#3265,.T.);
#3265 = LINE('',#3266,#3267);
#3266 = CARTESIAN_POINT('',(-5.25,2.5,-3.45));
#3267 = VECTOR('',#3268,1.);
#3268 = DIRECTION('',(3.491483361109E-15,1.,3.375835129378E-15));
#3269 = FACE_BOUND('',#3270,.T.);
#3270 = EDGE_LOOP('',(#3271,#3281,#3289,#3297));
#3271 = ORIENTED_EDGE('',*,*,#3272,.F.);
#3272 = EDGE_CURVE('',#3273,#3275,#3277,.T.);
#3273 = VERTEX_POINT('',#3274);
#3274 = CARTESIAN_POINT('',(-4.8,3.25,-3.45));
#3275 = VERTEX_POINT('',#3276);
#3276 = CARTESIAN_POINT('',(-4.8,5.6,-3.45));
#3277 = LINE('',#3278,#3279);
#3278 = CARTESIAN_POINT('',(-4.8,2.5,-3.45));
#3279 = VECTOR('',#3280,1.);
#3280 = DIRECTION('',(3.491483361109E-15,1.,3.375835129378E-15));
#3281 = ORIENTED_EDGE('',*,*,#3282,.F.);
#3282 = EDGE_CURVE('',#3283,#3273,#3285,.T.);
#3283 = VERTEX_POINT('',#3284);
#3284 = CARTESIAN_POINT('',(-4.4,3.25,-3.45));
#3285 = LINE('',#3286,#3287);
#3286 = CARTESIAN_POINT('',(-5.25,3.25,-3.45));
#3287 = VECTOR('',#3288,1.);
#3288 = DIRECTION('',(-1.,3.491483361109E-15,1.21904560609E-29));
#3289 = ORIENTED_EDGE('',*,*,#3290,.T.);
#3290 = EDGE_CURVE('',#3283,#3291,#3293,.T.);
#3291 = VERTEX_POINT('',#3292);
#3292 = CARTESIAN_POINT('',(-4.4,5.6,-3.45));
#3293 = LINE('',#3294,#3295);
#3294 = CARTESIAN_POINT('',(-4.4,2.5,-3.45));
#3295 = VECTOR('',#3296,1.);
#3296 = DIRECTION('',(3.491483361109E-15,1.,3.375835129378E-15));
#3297 = ORIENTED_EDGE('',*,*,#3298,.F.);
#3298 = EDGE_CURVE('',#3275,#3291,#3299,.T.);
#3299 = LINE('',#3300,#3301);
#3300 = CARTESIAN_POINT('',(-5.25,5.6,-3.45));
#3301 = VECTOR('',#3302,1.);
#3302 = DIRECTION('',(1.,-3.491483361109E-15,-1.21904560609E-29));
#3303 = PLANE('',#3304);
#3304 = AXIS2_PLACEMENT_3D('',#3305,#3306,#3307);
#3305 = CARTESIAN_POINT('',(-5.25,2.5,-3.45));
#3306 = DIRECTION('',(4.037838768333E-31,-3.375835129378E-15,1.));
#3307 = DIRECTION('',(3.491483361109E-15,1.,3.375835129378E-15));
#3308 = ADVANCED_FACE('',(#3309,#3343),#3377,.F.);
#3309 = FACE_BOUND('',#3310,.T.);
#3310 = EDGE_LOOP('',(#3311,#3321,#3329,#3337));
#3311 = ORIENTED_EDGE('',*,*,#3312,.T.);
#3312 = EDGE_CURVE('',#3313,#3315,#3317,.T.);
#3313 = VERTEX_POINT('',#3314);
#3314 = CARTESIAN_POINT('',(-3.85,0.35,3.75));
#3315 = VERTEX_POINT('',#3316);
#3316 = CARTESIAN_POINT('',(-5.25,0.35,3.75));
#3317 = LINE('',#3318,#3319);
#3318 = CARTESIAN_POINT('',(-5.25,0.35,3.75));
#3319 = VECTOR('',#3320,1.);
#3320 = DIRECTION('',(-1.,3.375318842629E-15,1.180206538055E-29));
#3321 = ORIENTED_EDGE('',*,*,#3322,.F.);
#3322 = EDGE_CURVE('',#3323,#3315,#3325,.T.);
#3323 = VERTEX_POINT('',#3324);
#3324 = CARTESIAN_POINT('',(-5.25,0.35,-1.8));
#3325 = LINE('',#3326,#3327);
#3326 = CARTESIAN_POINT('',(-5.25,0.35,-1.8));
#3327 = VECTOR('',#3328,1.);
#3328 = DIRECTION('',(4.27569270828E-31,-3.369022725727E-15,1.));
#3329 = ORIENTED_EDGE('',*,*,#3330,.F.);
#3330 = EDGE_CURVE('',#3331,#3323,#3333,.T.);
#3331 = VERTEX_POINT('',#3332);
#3332 = CARTESIAN_POINT('',(-3.85,0.35,-1.8));
#3333 = LINE('',#3334,#3335);
#3334 = CARTESIAN_POINT('',(-5.25,0.35,-1.8));
#3335 = VECTOR('',#3336,1.);
#3336 = DIRECTION('',(-1.,3.375318842629E-15,1.180206538055E-29));
#3337 = ORIENTED_EDGE('',*,*,#3338,.T.);
#3338 = EDGE_CURVE('',#3331,#3313,#3339,.T.);
#3339 = LINE('',#3340,#3341);
#3340 = CARTESIAN_POINT('',(-3.85,0.35,-1.8));
#3341 = VECTOR('',#3342,1.);
#3342 = DIRECTION('',(4.27569270828E-31,-3.369022725727E-15,1.));
#3343 = FACE_BOUND('',#3344,.T.);
#3344 = EDGE_LOOP('',(#3345,#3355,#3363,#3371));
#3345 = ORIENTED_EDGE('',*,*,#3346,.F.);
#3346 = EDGE_CURVE('',#3347,#3349,#3351,.T.);
#3347 = VERTEX_POINT('',#3348);
#3348 = CARTESIAN_POINT('',(-4.8,0.35,1.8));
#3349 = VERTEX_POINT('',#3350);
#3350 = CARTESIAN_POINT('',(-4.8,0.35,-1.));
#3351 = LINE('',#3352,#3353);
#3352 = CARTESIAN_POINT('',(-4.8,0.35,-1.8));
#3353 = VECTOR('',#3354,1.);
#3354 = DIRECTION('',(-4.27569270828E-31,3.369022725727E-15,-1.));
#3355 = ORIENTED_EDGE('',*,*,#3356,.F.);
#3356 = EDGE_CURVE('',#3357,#3347,#3359,.T.);
#3357 = VERTEX_POINT('',#3358);
#3358 = CARTESIAN_POINT('',(-4.4,0.35,1.8));
#3359 = LINE('',#3360,#3361);
#3360 = CARTESIAN_POINT('',(-5.25,0.35,1.8));
#3361 = VECTOR('',#3362,1.);
#3362 = DIRECTION('',(-1.,3.375318842629E-15,1.179812703256E-29));
#3363 = ORIENTED_EDGE('',*,*,#3364,.T.);
#3364 = EDGE_CURVE('',#3357,#3365,#3367,.T.);
#3365 = VERTEX_POINT('',#3366);
#3366 = CARTESIAN_POINT('',(-4.4,0.35,-1.));
#3367 = LINE('',#3368,#3369);
#3368 = CARTESIAN_POINT('',(-4.4,0.35,-1.8));
#3369 = VECTOR('',#3370,1.);
#3370 = DIRECTION('',(-4.27569270828E-31,3.369022725727E-15,-1.));
#3371 = ORIENTED_EDGE('',*,*,#3372,.F.);
#3372 = EDGE_CURVE('',#3349,#3365,#3373,.T.);
#3373 = LINE('',#3374,#3375);
#3374 = CARTESIAN_POINT('',(-5.25,0.35,-1.));
#3375 = VECTOR('',#3376,1.);
#3376 = DIRECTION('',(1.,-3.375318842629E-15,-1.175479296296E-29));
#3377 = PLANE('',#3378);
#3378 = AXIS2_PLACEMENT_3D('',#3379,#3380,#3381);
#3379 = CARTESIAN_POINT('',(-5.25,0.35,-1.8));
#3380 = DIRECTION('',(3.375318842629E-15,1.,3.369022725727E-15));
#3381 = DIRECTION('',(-4.27569270828E-31,3.369022725727E-15,-1.));
#3382 = ADVANCED_FACE('',(#3383),#3431,.T.);
#3383 = FACE_BOUND('',#3384,.T.);
#3384 = EDGE_LOOP('',(#3385,#3393,#3394,#3402,#3410,#3418,#3424,#3425));
#3385 = ORIENTED_EDGE('',*,*,#3386,.F.);
#3386 = EDGE_CURVE('',#3167,#3387,#3389,.T.);
#3387 = VERTEX_POINT('',#3388);
#3388 = CARTESIAN_POINT('',(5.25,5.8,3.75));
#3389 = LINE('',#3390,#3391);
#3390 = CARTESIAN_POINT('',(5.25,-1.833028764582E-14,3.75));
#3391 = VECTOR('',#3392,1.);
#3392 = DIRECTION('',(3.491483361109E-15,1.,3.369022725727E-15));
#3393 = ORIENTED_EDGE('',*,*,#3190,.F.);
#3394 = ORIENTED_EDGE('',*,*,#3395,.T.);
#3395 = EDGE_CURVE('',#3183,#3396,#3398,.T.);
#3396 = VERTEX_POINT('',#3397);
#3397 = CARTESIAN_POINT('',(5.25,3.677884819614E-16,-1.8));
#3398 = LINE('',#3399,#3400);
#3399 = CARTESIAN_POINT('',(5.25,3.677884819614E-16,-1.8));
#3400 = VECTOR('',#3401,1.);
#3401 = DIRECTION('',(-5.969659755362E-15,-1.,-3.369022725727E-15));
#3402 = ORIENTED_EDGE('',*,*,#3403,.F.);
#3403 = EDGE_CURVE('',#3404,#3396,#3406,.T.);
#3404 = VERTEX_POINT('',#3405);
#3405 = CARTESIAN_POINT('',(5.25,6.937382797129E-15,-3.75));
#3406 = LINE('',#3407,#3408);
#3407 = CARTESIAN_POINT('',(5.25,-1.833028764582E-14,3.75));
#3408 = VECTOR('',#3409,1.);
#3409 = DIRECTION('',(4.27569270828E-31,-3.369022725727E-15,1.));
#3410 = ORIENTED_EDGE('',*,*,#3411,.F.);
#3411 = EDGE_CURVE('',#3412,#3404,#3414,.T.);
#3412 = VERTEX_POINT('',#3413);
#3413 = CARTESIAN_POINT('',(5.25,2.5,-3.75));
#3414 = LINE('',#3415,#3416);
#3415 = CARTESIAN_POINT('',(5.25,6.937382797129E-15,-3.75));
#3416 = VECTOR('',#3417,1.);
#3417 = DIRECTION('',(-3.491483361109E-15,-1.,-3.34193823387E-15));
#3418 = ORIENTED_EDGE('',*,*,#3419,.T.);
#3419 = EDGE_CURVE('',#3412,#3101,#3420,.T.);
#3420 = LINE('',#3421,#3422);
#3421 = CARTESIAN_POINT('',(5.25,2.5,-3.75));
#3422 = VECTOR('',#3423,1.);
#3423 = DIRECTION('',(0.,-3.491483361109E-15,1.));
#3424 = ORIENTED_EDGE('',*,*,#3100,.T.);
#3425 = ORIENTED_EDGE('',*,*,#3426,.F.);
#3426 = EDGE_CURVE('',#3387,#3091,#3427,.T.);
#3427 = LINE('',#3428,#3429);
#3428 = CARTESIAN_POINT('',(5.25,5.8,3.75));
#3429 = VECTOR('',#3430,1.);
#3430 = DIRECTION('',(-4.037838768333E-31,3.375835129378E-15,-1.));
#3431 = PLANE('',#3432);
#3432 = AXIS2_PLACEMENT_3D('',#3433,#3434,#3435);
#3433 = CARTESIAN_POINT('',(5.25,-1.833028764582E-14,3.75));
#3434 = DIRECTION('',(1.,-3.491483361109E-15,-1.21904560609E-29));
#3435 = DIRECTION('',(3.491483361109E-15,1.,3.491483361109E-15));
#3436 = ADVANCED_FACE('',(#3437),#3622,.F.);
#3437 = FACE_BOUND('',#3438,.T.);
#3438 = EDGE_LOOP('',(#3439,#3449,#3457,#3465,#3473,#3479,#3480,#3488,
    #3496,#3504,#3512,#3520,#3528,#3536,#3544,#3552,#3560,#3568,#3576,
    #3584,#3592,#3600,#3608,#3616));
#3439 = ORIENTED_EDGE('',*,*,#3440,.T.);
#3440 = EDGE_CURVE('',#3441,#3443,#3445,.T.);
#3441 = VERTEX_POINT('',#3442);
#3442 = CARTESIAN_POINT('',(0.9,2.212533541796E-14,-3.75));
#3443 = VERTEX_POINT('',#3444);
#3444 = CARTESIAN_POINT('',(2.1,1.793555538462E-14,-3.75));
#3445 = LINE('',#3446,#3447);
#3446 = CARTESIAN_POINT('',(-5.25,4.359795808878E-14,-3.75));
#3447 = VECTOR('',#3448,1.);
#3448 = DIRECTION('',(1.,-3.491483361109E-15,-1.21904560609E-29));
#3449 = ORIENTED_EDGE('',*,*,#3450,.F.);
#3450 = EDGE_CURVE('',#3451,#3443,#3453,.T.);
#3451 = VERTEX_POINT('',#3452);
#3452 = CARTESIAN_POINT('',(2.1,1.658794629433E-14,-3.35));
#3453 = LINE('',#3454,#3455);
#3454 = CARTESIAN_POINT('',(2.1,1.793555538462E-14,-3.75));
#3455 = VECTOR('',#3456,1.);
#3456 = DIRECTION('',(0.,3.491483361109E-15,-1.));
#3457 = ORIENTED_EDGE('',*,*,#3458,.T.);
#3458 = EDGE_CURVE('',#3451,#3459,#3461,.T.);
#3459 = VERTEX_POINT('',#3460);
#3460 = CARTESIAN_POINT('',(2.4,1.5540501286E-14,-3.35));
#3461 = LINE('',#3462,#3463);
#3462 = CARTESIAN_POINT('',(2.1,1.653896204018E-14,-3.35));
#3463 = VECTOR('',#3464,1.);
#3464 = DIRECTION('',(1.,-3.491483361109E-15,-1.21904560609E-29));
#3465 = ORIENTED_EDGE('',*,*,#3466,.T.);
#3466 = EDGE_CURVE('',#3459,#3467,#3469,.T.);
#3467 = VERTEX_POINT('',#3468);
#3468 = CARTESIAN_POINT('',(2.4,1.688811037629E-14,-3.75));
#3469 = LINE('',#3470,#3471);
#3470 = CARTESIAN_POINT('',(2.4,1.688811037629E-14,-3.75));
#3471 = VECTOR('',#3472,1.);
#3472 = DIRECTION('',(0.,3.491483361109E-15,-1.));
#3473 = ORIENTED_EDGE('',*,*,#3474,.T.);
#3474 = EDGE_CURVE('',#3467,#3404,#3475,.T.);
#3475 = LINE('',#3476,#3477);
#3476 = CARTESIAN_POINT('',(-5.25,4.359795808878E-14,-3.75));
#3477 = VECTOR('',#3478,1.);
#3478 = DIRECTION('',(1.,-3.491483361109E-15,-1.21904560609E-29));
#3479 = ORIENTED_EDGE('',*,*,#3403,.T.);
#3480 = ORIENTED_EDGE('',*,*,#3481,.T.);
#3481 = EDGE_CURVE('',#3396,#3482,#3484,.T.);
#3482 = VERTEX_POINT('',#3483);
#3483 = CARTESIAN_POINT('',(3.85,5.335464600513E-15,-1.8));
#3484 = LINE('',#3485,#3486);
#3485 = CARTESIAN_POINT('',(5.25,3.677884819614E-16,-1.8));
#3486 = VECTOR('',#3487,1.);
#3487 = DIRECTION('',(-1.,3.54834008468E-15,1.238200765472E-29));
#3488 = ORIENTED_EDGE('',*,*,#3489,.T.);
#3489 = EDGE_CURVE('',#3482,#3490,#3492,.T.);
#3490 = VERTEX_POINT('',#3491);
#3491 = CARTESIAN_POINT('',(3.85,-1.336261152727E-14,3.75));
#3492 = LINE('',#3493,#3494);
#3493 = CARTESIAN_POINT('',(3.85,5.335464600513E-15,-1.8));
#3494 = VECTOR('',#3495,1.);
#3495 = DIRECTION('',(4.27569270828E-31,-3.369022725727E-15,1.));
#3496 = ORIENTED_EDGE('',*,*,#3497,.F.);
#3497 = EDGE_CURVE('',#3498,#3490,#3500,.T.);
#3498 = VERTEX_POINT('',#3499);
#3499 = CARTESIAN_POINT('',(-3.85,1.352181035327E-14,3.75));
#3500 = LINE('',#3501,#3502);
#3501 = CARTESIAN_POINT('',(-5.25,1.833028764582E-14,3.75));
#3502 = VECTOR('',#3503,1.);
#3503 = DIRECTION('',(1.,-3.491483361109E-15,-1.21904560609E-29));
#3504 = ORIENTED_EDGE('',*,*,#3505,.F.);
#3505 = EDGE_CURVE('',#3506,#3498,#3508,.T.);
#3506 = VERTEX_POINT('',#3507);
#3507 = CARTESIAN_POINT('',(-3.85,3.221988648106E-14,-1.8));
#3508 = LINE('',#3509,#3510);
#3509 = CARTESIAN_POINT('',(-3.85,3.221988648106E-14,-1.8));
#3510 = VECTOR('',#3511,1.);
#3511 = DIRECTION('',(4.27569270828E-31,-3.369022725727E-15,1.));
#3512 = ORIENTED_EDGE('',*,*,#3513,.F.);
#3513 = EDGE_CURVE('',#3514,#3506,#3516,.T.);
#3514 = VERTEX_POINT('',#3515);
#3515 = CARTESIAN_POINT('',(-5.25,3.702836377361E-14,-1.8));
#3516 = LINE('',#3517,#3518);
#3517 = CARTESIAN_POINT('',(-5.25,3.702836377361E-14,-1.8));
#3518 = VECTOR('',#3519,1.);
#3519 = DIRECTION('',(1.,-3.434626637539E-15,-1.199890446708E-29));
#3520 = ORIENTED_EDGE('',*,*,#3521,.F.);
#3521 = EDGE_CURVE('',#3522,#3514,#3524,.T.);
#3522 = VERTEX_POINT('',#3523);
#3523 = CARTESIAN_POINT('',(-5.25,4.359795808878E-14,-3.75));
#3524 = LINE('',#3525,#3526);
#3525 = CARTESIAN_POINT('',(-5.25,1.833028764582E-14,3.75));
#3526 = VECTOR('',#3527,1.);
#3527 = DIRECTION('',(4.27569270828E-31,-3.369022725727E-15,1.));
#3528 = ORIENTED_EDGE('',*,*,#3529,.T.);
#3529 = EDGE_CURVE('',#3522,#3530,#3532,.T.);
#3530 = VERTEX_POINT('',#3531);
#3531 = CARTESIAN_POINT('',(-2.4,3.364723050962E-14,-3.75));
#3532 = LINE('',#3533,#3534);
#3533 = CARTESIAN_POINT('',(-5.25,4.359795808878E-14,-3.75));
#3534 = VECTOR('',#3535,1.);
#3535 = DIRECTION('',(1.,-3.491483361109E-15,-1.21904560609E-29));
#3536 = ORIENTED_EDGE('',*,*,#3537,.F.);
#3537 = EDGE_CURVE('',#3538,#3530,#3540,.T.);
#3538 = VERTEX_POINT('',#3539);
#3539 = CARTESIAN_POINT('',(-2.4,3.229962141933E-14,-3.35));
#3540 = LINE('',#3541,#3542);
#3541 = CARTESIAN_POINT('',(-2.4,3.364723050962E-14,-3.75));
#3542 = VECTOR('',#3543,1.);
#3543 = DIRECTION('',(0.,3.491483361109E-15,-1.));
#3544 = ORIENTED_EDGE('',*,*,#3545,.T.);
#3545 = EDGE_CURVE('',#3538,#3546,#3548,.T.);
#3546 = VERTEX_POINT('',#3547);
#3547 = CARTESIAN_POINT('',(-2.1,3.125217641099E-14,-3.35));
#3548 = LINE('',#3549,#3550);
#3549 = CARTESIAN_POINT('',(-2.4,3.225063716517E-14,-3.35));
#3550 = VECTOR('',#3551,1.);
#3551 = DIRECTION('',(1.,-3.491483361109E-15,-1.21904560609E-29));
#3552 = ORIENTED_EDGE('',*,*,#3553,.T.);
#3553 = EDGE_CURVE('',#3546,#3554,#3556,.T.);
#3554 = VERTEX_POINT('',#3555);
#3555 = CARTESIAN_POINT('',(-2.1,3.259978550128E-14,-3.75));
#3556 = LINE('',#3557,#3558);
#3557 = CARTESIAN_POINT('',(-2.1,3.259978550128E-14,-3.75));
#3558 = VECTOR('',#3559,1.);
#3559 = DIRECTION('',(0.,3.491483361109E-15,-1.));
#3560 = ORIENTED_EDGE('',*,*,#3561,.T.);
#3561 = EDGE_CURVE('',#3554,#3562,#3564,.T.);
#3562 = VERTEX_POINT('',#3563);
#3563 = CARTESIAN_POINT('',(-0.9,2.841000546795E-14,-3.75));
#3564 = LINE('',#3565,#3566);
#3565 = CARTESIAN_POINT('',(-5.25,4.359795808878E-14,-3.75));
#3566 = VECTOR('',#3567,1.);
#3567 = DIRECTION('',(1.,-3.491483361109E-15,-1.21904560609E-29));
#3568 = ORIENTED_EDGE('',*,*,#3569,.F.);
#3569 = EDGE_CURVE('',#3570,#3562,#3572,.T.);
#3570 = VERTEX_POINT('',#3571);
#3571 = CARTESIAN_POINT('',(-0.9,2.706239637766E-14,-3.35));
#3572 = LINE('',#3573,#3574);
#3573 = CARTESIAN_POINT('',(-0.9,2.841000546795E-14,-3.75));
#3574 = VECTOR('',#3575,1.);
#3575 = DIRECTION('',(0.,3.491483361109E-15,-1.));
#3576 = ORIENTED_EDGE('',*,*,#3577,.T.);
#3577 = EDGE_CURVE('',#3570,#3578,#3580,.T.);
#3578 = VERTEX_POINT('',#3579);
#3579 = CARTESIAN_POINT('',(-0.6,2.601495136933E-14,-3.35));
#3580 = LINE('',#3581,#3582);
#3581 = CARTESIAN_POINT('',(-0.9,2.701341212351E-14,-3.35));
#3582 = VECTOR('',#3583,1.);
#3583 = DIRECTION('',(1.,-3.491483361109E-15,-1.21904560609E-29));
#3584 = ORIENTED_EDGE('',*,*,#3585,.T.);
#3585 = EDGE_CURVE('',#3578,#3586,#3588,.T.);
#3586 = VERTEX_POINT('',#3587);
#3587 = CARTESIAN_POINT('',(-0.6,2.736256045962E-14,-3.75));
#3588 = LINE('',#3589,#3590);
#3589 = CARTESIAN_POINT('',(-0.6,2.736256045962E-14,-3.75));
#3590 = VECTOR('',#3591,1.);
#3591 = DIRECTION('',(0.,3.491483361109E-15,-1.));
#3592 = ORIENTED_EDGE('',*,*,#3593,.T.);
#3593 = EDGE_CURVE('',#3586,#3594,#3596,.T.);
#3594 = VERTEX_POINT('',#3595);
#3595 = CARTESIAN_POINT('',(0.6,2.317278042629E-14,-3.75));
#3596 = LINE('',#3597,#3598);
#3597 = CARTESIAN_POINT('',(-5.25,4.359795808878E-14,-3.75));
#3598 = VECTOR('',#3599,1.);
#3599 = DIRECTION('',(1.,-3.491483361109E-15,-1.21904560609E-29));
#3600 = ORIENTED_EDGE('',*,*,#3601,.F.);
#3601 = EDGE_CURVE('',#3602,#3594,#3604,.T.);
#3602 = VERTEX_POINT('',#3603);
#3603 = CARTESIAN_POINT('',(0.6,2.1825171336E-14,-3.35));
#3604 = LINE('',#3605,#3606);
#3605 = CARTESIAN_POINT('',(0.6,2.317278042629E-14,-3.75));
#3606 = VECTOR('',#3607,1.);
#3607 = DIRECTION('',(0.,3.491483361109E-15,-1.));
#3608 = ORIENTED_EDGE('',*,*,#3609,.T.);
#3609 = EDGE_CURVE('',#3602,#3610,#3612,.T.);
#3610 = VERTEX_POINT('',#3611);
#3611 = CARTESIAN_POINT('',(0.9,2.077772632766E-14,-3.35));
#3612 = LINE('',#3613,#3614);
#3613 = CARTESIAN_POINT('',(0.6,2.177618708184E-14,-3.35));
#3614 = VECTOR('',#3615,1.);
#3615 = DIRECTION('',(1.,-3.491483361109E-15,-1.21904560609E-29));
#3616 = ORIENTED_EDGE('',*,*,#3617,.T.);
#3617 = EDGE_CURVE('',#3610,#3441,#3618,.T.);
#3618 = LINE('',#3619,#3620);
#3619 = CARTESIAN_POINT('',(0.9,2.212533541796E-14,-3.75));
#3620 = VECTOR('',#3621,1.);
#3621 = DIRECTION('',(0.,3.491483361109E-15,-1.));
#3622 = PLANE('',#3623);
#3623 = AXIS2_PLACEMENT_3D('',#3624,#3625,#3626);
#3624 = CARTESIAN_POINT('',(-5.25,1.833028764582E-14,3.75));
#3625 = DIRECTION('',(3.491483361109E-15,1.,3.369022725727E-15));
#3626 = DIRECTION('',(-4.27569270828E-31,3.369022725727E-15,-1.));
#3627 = ADVANCED_FACE('',(#3628),#3756,.F.);
#3628 = FACE_BOUND('',#3629,.T.);
#3629 = EDGE_LOOP('',(#3630,#3636,#3637,#3638,#3646,#3654,#3662,#3670,
    #3678,#3686,#3694,#3702,#3710,#3718,#3726,#3734,#3742,#3748,#3749,
    #3755));
#3630 = ORIENTED_EDGE('',*,*,#3631,.T.);
#3631 = EDGE_CURVE('',#3490,#3165,#3632,.T.);
#3632 = LINE('',#3633,#3634);
#3633 = CARTESIAN_POINT('',(3.85,-1.336261152727E-14,3.75));
#3634 = VECTOR('',#3635,1.);
#3635 = DIRECTION('',(3.491483361109E-15,1.,3.369022725727E-15));
#3636 = ORIENTED_EDGE('',*,*,#3164,.T.);
#3637 = ORIENTED_EDGE('',*,*,#3386,.T.);
#3638 = ORIENTED_EDGE('',*,*,#3639,.F.);
#3639 = EDGE_CURVE('',#3640,#3387,#3642,.T.);
#3640 = VERTEX_POINT('',#3641);
#3641 = CARTESIAN_POINT('',(3.55,5.8,3.75));
#3642 = LINE('',#3643,#3644);
#3643 = CARTESIAN_POINT('',(-5.25,5.8,3.75));
#3644 = VECTOR('',#3645,1.);
#3645 = DIRECTION('',(1.,-3.491483361109E-15,-1.21904560609E-29));
#3646 = ORIENTED_EDGE('',*,*,#3647,.F.);
#3647 = EDGE_CURVE('',#3648,#3640,#3650,.T.);
#3648 = VERTEX_POINT('',#3649);
#3649 = CARTESIAN_POINT('',(3.55,4.13,3.75));
#3650 = LINE('',#3651,#3652);
#3651 = CARTESIAN_POINT('',(3.55,5.8,3.75));
#3652 = VECTOR('',#3653,1.);
#3653 = DIRECTION('',(3.491483361109E-15,1.,3.369022725727E-15));
#3654 = ORIENTED_EDGE('',*,*,#3655,.F.);
#3655 = EDGE_CURVE('',#3656,#3648,#3658,.T.);
#3656 = VERTEX_POINT('',#3657);
#3657 = CARTESIAN_POINT('',(3.95,4.13,3.75));
#3658 = LINE('',#3659,#3660);
#3659 = CARTESIAN_POINT('',(3.4,4.13,3.75));
#3660 = VECTOR('',#3661,1.);
#3661 = DIRECTION('',(-1.,3.491483361109E-15,1.21904560609E-29));
#3662 = ORIENTED_EDGE('',*,*,#3663,.F.);
#3663 = EDGE_CURVE('',#3664,#3656,#3666,.T.);
#3664 = VERTEX_POINT('',#3665);
#3665 = CARTESIAN_POINT('',(3.95,3.4,3.75));
#3666 = LINE('',#3667,#3668);
#3667 = CARTESIAN_POINT('',(3.95,4.13,3.75));
#3668 = VECTOR('',#3669,1.);
#3669 = DIRECTION('',(3.491483361109E-15,1.,3.369022725727E-15));
#3670 = ORIENTED_EDGE('',*,*,#3671,.F.);
#3671 = EDGE_CURVE('',#3672,#3664,#3674,.T.);
#3672 = VERTEX_POINT('',#3673);
#3673 = CARTESIAN_POINT('',(3.35,3.4,3.75));
#3674 = LINE('',#3675,#3676);
#3675 = CARTESIAN_POINT('',(3.95,3.4,3.75));
#3676 = VECTOR('',#3677,1.);
#3677 = DIRECTION('',(1.,-3.491483361109E-15,-1.21904560609E-29));
#3678 = ORIENTED_EDGE('',*,*,#3679,.F.);
#3679 = EDGE_CURVE('',#3680,#3672,#3682,.T.);
#3680 = VERTEX_POINT('',#3681);
#3681 = CARTESIAN_POINT('',(3.35,1.15,3.75));
#3682 = LINE('',#3683,#3684);
#3683 = CARTESIAN_POINT('',(3.35,3.4,3.75));
#3684 = VECTOR('',#3685,1.);
#3685 = DIRECTION('',(3.491483361109E-15,1.,3.369022725727E-15));
#3686 = ORIENTED_EDGE('',*,*,#3687,.F.);
#3687 = EDGE_CURVE('',#3688,#3680,#3690,.T.);
#3688 = VERTEX_POINT('',#3689);
#3689 = CARTESIAN_POINT('',(-3.35,1.15,3.75));
#3690 = LINE('',#3691,#3692);
#3691 = CARTESIAN_POINT('',(-3.35,1.15,3.75));
#3692 = VECTOR('',#3693,1.);
#3693 = DIRECTION('',(1.,-3.491483361109E-15,-1.21904560609E-29));
#3694 = ORIENTED_EDGE('',*,*,#3695,.F.);
#3695 = EDGE_CURVE('',#3696,#3688,#3698,.T.);
#3696 = VERTEX_POINT('',#3697);
#3697 = CARTESIAN_POINT('',(-3.35,3.4,3.75));
#3698 = LINE('',#3699,#3700);
#3699 = CARTESIAN_POINT('',(-3.35,3.4,3.75));
#3700 = VECTOR('',#3701,1.);
#3701 = DIRECTION('',(-3.491483361109E-15,-1.,-3.369022725727E-15));
#3702 = ORIENTED_EDGE('',*,*,#3703,.F.);
#3703 = EDGE_CURVE('',#3704,#3696,#3706,.T.);
#3704 = VERTEX_POINT('',#3705);
#3705 = CARTESIAN_POINT('',(-3.95,3.4,3.75));
#3706 = LINE('',#3707,#3708);
#3707 = CARTESIAN_POINT('',(-3.95,3.4,3.75));
#3708 = VECTOR('',#3709,1.);
#3709 = DIRECTION('',(1.,-3.491483361109E-15,-1.21904560609E-29));
#3710 = ORIENTED_EDGE('',*,*,#3711,.F.);
#3711 = EDGE_CURVE('',#3712,#3704,#3714,.T.);
#3712 = VERTEX_POINT('',#3713);
#3713 = CARTESIAN_POINT('',(-3.95,4.13,3.75));
#3714 = LINE('',#3715,#3716);
#3715 = CARTESIAN_POINT('',(-3.95,4.13,3.75));
#3716 = VECTOR('',#3717,1.);
#3717 = DIRECTION('',(-3.491483361109E-15,-1.,-3.369022725727E-15));
#3718 = ORIENTED_EDGE('',*,*,#3719,.F.);
#3719 = EDGE_CURVE('',#3720,#3712,#3722,.T.);
#3720 = VERTEX_POINT('',#3721);
#3721 = CARTESIAN_POINT('',(-3.55,4.13,3.75));
#3722 = LINE('',#3723,#3724);
#3723 = CARTESIAN_POINT('',(-3.4,4.13,3.75));
#3724 = VECTOR('',#3725,1.);
#3725 = DIRECTION('',(-1.,3.491483361109E-15,1.21904560609E-29));
#3726 = ORIENTED_EDGE('',*,*,#3727,.F.);
#3727 = EDGE_CURVE('',#3728,#3720,#3730,.T.);
#3728 = VERTEX_POINT('',#3729);
#3729 = CARTESIAN_POINT('',(-3.55,5.8,3.75));
#3730 = LINE('',#3731,#3732);
#3731 = CARTESIAN_POINT('',(-3.55,5.8,3.75));
#3732 = VECTOR('',#3733,1.);
#3733 = DIRECTION('',(-3.491483361109E-15,-1.,-3.369022725727E-15));
#3734 = ORIENTED_EDGE('',*,*,#3735,.F.);
#3735 = EDGE_CURVE('',#3736,#3728,#3738,.T.);
#3736 = VERTEX_POINT('',#3737);
#3737 = CARTESIAN_POINT('',(-5.25,5.8,3.75));
#3738 = LINE('',#3739,#3740);
#3739 = CARTESIAN_POINT('',(-5.25,5.8,3.75));
#3740 = VECTOR('',#3741,1.);
#3741 = DIRECTION('',(1.,-3.491483361109E-15,-1.21904560609E-29));
#3742 = ORIENTED_EDGE('',*,*,#3743,.F.);
#3743 = EDGE_CURVE('',#3315,#3736,#3744,.T.);
#3744 = LINE('',#3745,#3746);
#3745 = CARTESIAN_POINT('',(-5.25,1.833028764582E-14,3.75));
#3746 = VECTOR('',#3747,1.);
#3747 = DIRECTION('',(3.491483361109E-15,1.,3.369022725727E-15));
#3748 = ORIENTED_EDGE('',*,*,#3312,.F.);
#3749 = ORIENTED_EDGE('',*,*,#3750,.F.);
#3750 = EDGE_CURVE('',#3498,#3313,#3751,.T.);
#3751 = LINE('',#3752,#3753);
#3752 = CARTESIAN_POINT('',(-3.85,1.352181035327E-14,3.75));
#3753 = VECTOR('',#3754,1.);
#3754 = DIRECTION('',(3.491483361109E-15,1.,3.369022725727E-15));
#3755 = ORIENTED_EDGE('',*,*,#3497,.T.);
#3756 = PLANE('',#3757);
#3757 = AXIS2_PLACEMENT_3D('',#3758,#3759,#3760);
#3758 = CARTESIAN_POINT('',(-5.25,1.833028764582E-14,3.75));
#3759 = DIRECTION('',(-4.27569270828E-31,3.369022725727E-15,-1.));
#3760 = DIRECTION('',(-3.491483361109E-15,-1.,-3.369022725727E-15));
#3761 = ADVANCED_FACE('',(#3762),#3851,.F.);
#3762 = FACE_BOUND('',#3763,.T.);
#3763 = EDGE_LOOP('',(#3764,#3765,#3773,#3781,#3787,#3788,#3794,#3795,
    #3803,#3811,#3819,#3827,#3835,#3843,#3849,#3850));
#3764 = ORIENTED_EDGE('',*,*,#3090,.T.);
#3765 = ORIENTED_EDGE('',*,*,#3766,.T.);
#3766 = EDGE_CURVE('',#3093,#3767,#3769,.T.);
#3767 = VERTEX_POINT('',#3768);
#3768 = CARTESIAN_POINT('',(3.85,5.8,-3.75));
#3769 = LINE('',#3770,#3771);
#3770 = CARTESIAN_POINT('',(3.85,5.8,-3.75));
#3771 = VECTOR('',#3772,1.);
#3772 = DIRECTION('',(0.,3.491483361109E-15,-1.));
#3773 = ORIENTED_EDGE('',*,*,#3774,.F.);
#3774 = EDGE_CURVE('',#3775,#3767,#3777,.T.);
#3775 = VERTEX_POINT('',#3776);
#3776 = CARTESIAN_POINT('',(-3.85,5.8,-3.75));
#3777 = LINE('',#3778,#3779);
#3778 = CARTESIAN_POINT('',(-5.25,5.8,-3.75));
#3779 = VECTOR('',#3780,1.);
#3780 = DIRECTION('',(1.,-3.491483361109E-15,-1.21904560609E-29));
#3781 = ORIENTED_EDGE('',*,*,#3782,.F.);
#3782 = EDGE_CURVE('',#3241,#3775,#3783,.T.);
#3783 = LINE('',#3784,#3785);
#3784 = CARTESIAN_POINT('',(-3.85,5.8,-3.75));
#3785 = VECTOR('',#3786,1.);
#3786 = DIRECTION('',(0.,3.491483361109E-15,-1.));
#3787 = ORIENTED_EDGE('',*,*,#3238,.F.);
#3788 = ORIENTED_EDGE('',*,*,#3789,.F.);
#3789 = EDGE_CURVE('',#3736,#3239,#3790,.T.);
#3790 = LINE('',#3791,#3792);
#3791 = CARTESIAN_POINT('',(-5.25,5.8,3.75));
#3792 = VECTOR('',#3793,1.);
#3793 = DIRECTION('',(-4.037838768333E-31,3.375835129378E-15,-1.));
#3794 = ORIENTED_EDGE('',*,*,#3735,.T.);
#3795 = ORIENTED_EDGE('',*,*,#3796,.F.);
#3796 = EDGE_CURVE('',#3797,#3728,#3799,.T.);
#3797 = VERTEX_POINT('',#3798);
#3798 = CARTESIAN_POINT('',(-3.55,5.8,2.75));
#3799 = LINE('',#3800,#3801);
#3800 = CARTESIAN_POINT('',(-3.55,5.8,2.75));
#3801 = VECTOR('',#3802,1.);
#3802 = DIRECTION('',(4.27569270828E-31,-3.369022725727E-15,1.));
#3803 = ORIENTED_EDGE('',*,*,#3804,.F.);
#3804 = EDGE_CURVE('',#3805,#3797,#3807,.T.);
#3805 = VERTEX_POINT('',#3806);
#3806 = CARTESIAN_POINT('',(-2.3,5.8,2.75));
#3807 = LINE('',#3808,#3809);
#3808 = CARTESIAN_POINT('',(-3.55,5.8,2.75));
#3809 = VECTOR('',#3810,1.);
#3810 = DIRECTION('',(-1.,3.491483361109E-15,1.21904560609E-29));
#3811 = ORIENTED_EDGE('',*,*,#3812,.F.);
#3812 = EDGE_CURVE('',#3813,#3805,#3815,.T.);
#3813 = VERTEX_POINT('',#3814);
#3814 = CARTESIAN_POINT('',(-2.3,5.8,1.25));
#3815 = LINE('',#3816,#3817);
#3816 = CARTESIAN_POINT('',(-2.3,5.8,1.25));
#3817 = VECTOR('',#3818,1.);
#3818 = DIRECTION('',(4.27569270828E-31,-3.369022725727E-15,1.));
#3819 = ORIENTED_EDGE('',*,*,#3820,.F.);
#3820 = EDGE_CURVE('',#3821,#3813,#3823,.T.);
#3821 = VERTEX_POINT('',#3822);
#3822 = CARTESIAN_POINT('',(2.3,5.8,1.25));
#3823 = LINE('',#3824,#3825);
#3824 = CARTESIAN_POINT('',(-2.3,5.8,1.25));
#3825 = VECTOR('',#3826,1.);
#3826 = DIRECTION('',(-1.,3.302926461547E-15,1.155304680459E-29));
#3827 = ORIENTED_EDGE('',*,*,#3828,.T.);
#3828 = EDGE_CURVE('',#3821,#3829,#3831,.T.);
#3829 = VERTEX_POINT('',#3830);
#3830 = CARTESIAN_POINT('',(2.3,5.8,2.75));
#3831 = LINE('',#3832,#3833);
#3832 = CARTESIAN_POINT('',(2.3,5.8,1.25));
#3833 = VECTOR('',#3834,1.);
#3834 = DIRECTION('',(4.27569270828E-31,-3.369022725727E-15,1.));
#3835 = ORIENTED_EDGE('',*,*,#3836,.F.);
#3836 = EDGE_CURVE('',#3837,#3829,#3839,.T.);
#3837 = VERTEX_POINT('',#3838);
#3838 = CARTESIAN_POINT('',(3.55,5.8,2.75));
#3839 = LINE('',#3840,#3841);
#3840 = CARTESIAN_POINT('',(-3.55,5.8,2.75));
#3841 = VECTOR('',#3842,1.);
#3842 = DIRECTION('',(-1.,3.491483361109E-15,1.21904560609E-29));
#3843 = ORIENTED_EDGE('',*,*,#3844,.T.);
#3844 = EDGE_CURVE('',#3837,#3640,#3845,.T.);
#3845 = LINE('',#3846,#3847);
#3846 = CARTESIAN_POINT('',(3.55,5.8,2.75));
#3847 = VECTOR('',#3848,1.);
#3848 = DIRECTION('',(4.27569270828E-31,-3.369022725727E-15,1.));
#3849 = ORIENTED_EDGE('',*,*,#3639,.T.);
#3850 = ORIENTED_EDGE('',*,*,#3426,.T.);
#3851 = PLANE('',#3852);
#3852 = AXIS2_PLACEMENT_3D('',#3853,#3854,#3855);
#3853 = CARTESIAN_POINT('',(-5.25,5.8,3.75));
#3854 = DIRECTION('',(-3.491483361109E-15,-1.,-3.375835129378E-15));
#3855 = DIRECTION('',(4.037838768333E-31,-3.375835129378E-15,1.));
#3856 = ADVANCED_FACE('',(#3857),#3990,.F.);
#3857 = FACE_BOUND('',#3858,.T.);
#3858 = EDGE_LOOP('',(#3859,#3869,#3875,#3876,#3884,#3892,#3898,#3899,
    #3907,#3915,#3921,#3922,#3930,#3938,#3944,#3945,#3953,#3961,#3967,
    #3968,#3976,#3982,#3983,#3984));
#3859 = ORIENTED_EDGE('',*,*,#3860,.F.);
#3860 = EDGE_CURVE('',#3861,#3863,#3865,.T.);
#3861 = VERTEX_POINT('',#3862);
#3862 = CARTESIAN_POINT('',(2.1,0.4,-3.75));
#3863 = VERTEX_POINT('',#3864);
#3864 = CARTESIAN_POINT('',(2.4,0.4,-3.75));
#3865 = LINE('',#3866,#3867);
#3866 = CARTESIAN_POINT('',(2.1,0.4,-3.75));
#3867 = VECTOR('',#3868,1.);
#3868 = DIRECTION('',(1.,-3.491483361109E-15,-1.21904560609E-29));
#3869 = ORIENTED_EDGE('',*,*,#3870,.F.);
#3870 = EDGE_CURVE('',#3443,#3861,#3871,.T.);
#3871 = LINE('',#3872,#3873);
#3872 = CARTESIAN_POINT('',(2.1,0.4,-3.75));
#3873 = VECTOR('',#3874,1.);
#3874 = DIRECTION('',(3.491483361109E-15,1.,3.491483361109E-15));
#3875 = ORIENTED_EDGE('',*,*,#3440,.F.);
#3876 = ORIENTED_EDGE('',*,*,#3877,.T.);
#3877 = EDGE_CURVE('',#3441,#3878,#3880,.T.);
#3878 = VERTEX_POINT('',#3879);
#3879 = CARTESIAN_POINT('',(0.9,0.4,-3.75));
#3880 = LINE('',#3881,#3882);
#3881 = CARTESIAN_POINT('',(0.9,0.4,-3.75));
#3882 = VECTOR('',#3883,1.);
#3883 = DIRECTION('',(3.491483361109E-15,1.,3.491483361109E-15));
#3884 = ORIENTED_EDGE('',*,*,#3885,.F.);
#3885 = EDGE_CURVE('',#3886,#3878,#3888,.T.);
#3886 = VERTEX_POINT('',#3887);
#3887 = CARTESIAN_POINT('',(0.6,0.4,-3.75));
#3888 = LINE('',#3889,#3890);
#3889 = CARTESIAN_POINT('',(0.6,0.4,-3.75));
#3890 = VECTOR('',#3891,1.);
#3891 = DIRECTION('',(1.,-3.491483361109E-15,-1.21904560609E-29));
#3892 = ORIENTED_EDGE('',*,*,#3893,.F.);
#3893 = EDGE_CURVE('',#3594,#3886,#3894,.T.);
#3894 = LINE('',#3895,#3896);
#3895 = CARTESIAN_POINT('',(0.6,0.4,-3.75));
#3896 = VECTOR('',#3897,1.);
#3897 = DIRECTION('',(3.491483361109E-15,1.,3.491483361109E-15));
#3898 = ORIENTED_EDGE('',*,*,#3593,.F.);
#3899 = ORIENTED_EDGE('',*,*,#3900,.T.);
#3900 = EDGE_CURVE('',#3586,#3901,#3903,.T.);
#3901 = VERTEX_POINT('',#3902);
#3902 = CARTESIAN_POINT('',(-0.6,0.4,-3.75));
#3903 = LINE('',#3904,#3905);
#3904 = CARTESIAN_POINT('',(-0.6,0.4,-3.75));
#3905 = VECTOR('',#3906,1.);
#3906 = DIRECTION('',(3.491483361109E-15,1.,3.491483361109E-15));
#3907 = ORIENTED_EDGE('',*,*,#3908,.F.);
#3908 = EDGE_CURVE('',#3909,#3901,#3911,.T.);
#3909 = VERTEX_POINT('',#3910);
#3910 = CARTESIAN_POINT('',(-0.9,0.4,-3.75));
#3911 = LINE('',#3912,#3913);
#3912 = CARTESIAN_POINT('',(-0.9,0.4,-3.75));
#3913 = VECTOR('',#3914,1.);
#3914 = DIRECTION('',(1.,-3.491483361109E-15,-1.21904560609E-29));
#3915 = ORIENTED_EDGE('',*,*,#3916,.F.);
#3916 = EDGE_CURVE('',#3562,#3909,#3917,.T.);
#3917 = LINE('',#3918,#3919);
#3918 = CARTESIAN_POINT('',(-0.9,0.4,-3.75));
#3919 = VECTOR('',#3920,1.);
#3920 = DIRECTION('',(3.491483361109E-15,1.,3.491483361109E-15));
#3921 = ORIENTED_EDGE('',*,*,#3561,.F.);
#3922 = ORIENTED_EDGE('',*,*,#3923,.T.);
#3923 = EDGE_CURVE('',#3554,#3924,#3926,.T.);
#3924 = VERTEX_POINT('',#3925);
#3925 = CARTESIAN_POINT('',(-2.1,0.4,-3.75));
#3926 = LINE('',#3927,#3928);
#3927 = CARTESIAN_POINT('',(-2.1,0.4,-3.75));
#3928 = VECTOR('',#3929,1.);
#3929 = DIRECTION('',(3.491483361109E-15,1.,3.491483361109E-15));
#3930 = ORIENTED_EDGE('',*,*,#3931,.F.);
#3931 = EDGE_CURVE('',#3932,#3924,#3934,.T.);
#3932 = VERTEX_POINT('',#3933);
#3933 = CARTESIAN_POINT('',(-2.4,0.4,-3.75));
#3934 = LINE('',#3935,#3936);
#3935 = CARTESIAN_POINT('',(-2.4,0.4,-3.75));
#3936 = VECTOR('',#3937,1.);
#3937 = DIRECTION('',(1.,-3.491483361109E-15,-1.21904560609E-29));
#3938 = ORIENTED_EDGE('',*,*,#3939,.F.);
#3939 = EDGE_CURVE('',#3530,#3932,#3940,.T.);
#3940 = LINE('',#3941,#3942);
#3941 = CARTESIAN_POINT('',(-2.4,0.4,-3.75));
#3942 = VECTOR('',#3943,1.);
#3943 = DIRECTION('',(3.491483361109E-15,1.,3.491483361109E-15));
#3944 = ORIENTED_EDGE('',*,*,#3529,.F.);
#3945 = ORIENTED_EDGE('',*,*,#3946,.F.);
#3946 = EDGE_CURVE('',#3947,#3522,#3949,.T.);
#3947 = VERTEX_POINT('',#3948);
#3948 = CARTESIAN_POINT('',(-5.25,2.5,-3.75));
#3949 = LINE('',#3950,#3951);
#3950 = CARTESIAN_POINT('',(-5.25,4.359795808878E-14,-3.75));
#3951 = VECTOR('',#3952,1.);
#3952 = DIRECTION('',(-3.491483361109E-15,-1.,-3.34193823387E-15));
#3953 = ORIENTED_EDGE('',*,*,#3954,.F.);
#3954 = EDGE_CURVE('',#3955,#3947,#3957,.T.);
#3955 = VERTEX_POINT('',#3956);
#3956 = CARTESIAN_POINT('',(-3.85,2.5,-3.75));
#3957 = LINE('',#3958,#3959);
#3958 = CARTESIAN_POINT('',(-5.25,2.5,-3.75));
#3959 = VECTOR('',#3960,1.);
#3960 = DIRECTION('',(-1.,3.491483361109E-15,1.21904560609E-29));
#3961 = ORIENTED_EDGE('',*,*,#3962,.T.);
#3962 = EDGE_CURVE('',#3955,#3775,#3963,.T.);
#3963 = LINE('',#3964,#3965);
#3964 = CARTESIAN_POINT('',(-3.85,2.5,-3.75));
#3965 = VECTOR('',#3966,1.);
#3966 = DIRECTION('',(3.491483361109E-15,1.,3.375835129378E-15));
#3967 = ORIENTED_EDGE('',*,*,#3774,.T.);
#3968 = ORIENTED_EDGE('',*,*,#3969,.F.);
#3969 = EDGE_CURVE('',#3970,#3767,#3972,.T.);
#3970 = VERTEX_POINT('',#3971);
#3971 = CARTESIAN_POINT('',(3.85,2.5,-3.75));
#3972 = LINE('',#3973,#3974);
#3973 = CARTESIAN_POINT('',(3.85,2.5,-3.75));
#3974 = VECTOR('',#3975,1.);
#3975 = DIRECTION('',(3.491483361109E-15,1.,3.375835129378E-15));
#3976 = ORIENTED_EDGE('',*,*,#3977,.T.);
#3977 = EDGE_CURVE('',#3970,#3412,#3978,.T.);
#3978 = LINE('',#3979,#3980);
#3979 = CARTESIAN_POINT('',(5.25,2.5,-3.75));
#3980 = VECTOR('',#3981,1.);
#3981 = DIRECTION('',(1.,-3.491483361109E-15,-1.21904560609E-29));
#3982 = ORIENTED_EDGE('',*,*,#3411,.T.);
#3983 = ORIENTED_EDGE('',*,*,#3474,.F.);
#3984 = ORIENTED_EDGE('',*,*,#3985,.T.);
#3985 = EDGE_CURVE('',#3467,#3863,#3986,.T.);
#3986 = LINE('',#3987,#3988);
#3987 = CARTESIAN_POINT('',(2.4,0.4,-3.75));
#3988 = VECTOR('',#3989,1.);
#3989 = DIRECTION('',(3.491483361109E-15,1.,3.491483361109E-15));
#3990 = PLANE('',#3991);
#3991 = AXIS2_PLACEMENT_3D('',#3992,#3993,#3994);
#3992 = CARTESIAN_POINT('',(-5.25,4.359795808878E-14,-3.75));
#3993 = DIRECTION('',(5.221343234913E-31,-3.34193823387E-15,1.));
#3994 = DIRECTION('',(3.491483361109E-15,1.,3.34193823387E-15));
#3995 = ADVANCED_FACE('',(#3996),#4030,.F.);
#3996 = FACE_BOUND('',#3997,.T.);
#3997 = EDGE_LOOP('',(#3998,#4008,#4016,#4024));
#3998 = ORIENTED_EDGE('',*,*,#3999,.F.);
#3999 = EDGE_CURVE('',#4000,#4002,#4004,.T.);
#4000 = VERTEX_POINT('',#4001);
#4001 = CARTESIAN_POINT('',(-2.85,3.33,1.25));
#4002 = VERTEX_POINT('',#4003);
#4003 = CARTESIAN_POINT('',(2.85,3.33,1.25));
#4004 = LINE('',#4005,#4006);
#4005 = CARTESIAN_POINT('',(-2.3,3.33,1.25));
#4006 = VECTOR('',#4007,1.);
#4007 = DIRECTION('',(1.,-3.491483361109E-15,-1.218829928431E-29));
#4008 = ORIENTED_EDGE('',*,*,#4009,.F.);
#4009 = EDGE_CURVE('',#4010,#4000,#4012,.T.);
#4010 = VERTEX_POINT('',#4011);
#4011 = CARTESIAN_POINT('',(-2.85,3.33,-1.85));
#4012 = LINE('',#4013,#4014);
#4013 = CARTESIAN_POINT('',(-2.85,3.33,-1.85));
#4014 = VECTOR('',#4015,1.);
#4015 = DIRECTION('',(4.27569270828E-31,-3.369022725727E-15,1.));
#4016 = ORIENTED_EDGE('',*,*,#4017,.F.);
#4017 = EDGE_CURVE('',#4018,#4010,#4020,.T.);
#4018 = VERTEX_POINT('',#4019);
#4019 = CARTESIAN_POINT('',(2.85,3.33,-1.85));
#4020 = LINE('',#4021,#4022);
#4021 = CARTESIAN_POINT('',(-2.85,3.33,-1.85));
#4022 = VECTOR('',#4023,1.);
#4023 = DIRECTION('',(-1.,3.491483361109E-15,1.21904560609E-29));
#4024 = ORIENTED_EDGE('',*,*,#4025,.T.);
#4025 = EDGE_CURVE('',#4018,#4002,#4026,.T.);
#4026 = LINE('',#4027,#4028);
#4027 = CARTESIAN_POINT('',(2.85,3.33,-1.85));
#4028 = VECTOR('',#4029,1.);
#4029 = DIRECTION('',(4.27569270828E-31,-3.369022725727E-15,1.));
#4030 = PLANE('',#4031);
#4031 = AXIS2_PLACEMENT_3D('',#4032,#4033,#4034);
#4032 = CARTESIAN_POINT('',(-2.85,3.33,-1.85));
#4033 = DIRECTION('',(3.491483361109E-15,1.,3.369022725727E-15));
#4034 = DIRECTION('',(-4.27569270828E-31,3.369022725727E-15,-1.));
#4035 = ADVANCED_FACE('',(#4036),#4093,.F.);
#4036 = FACE_BOUND('',#4037,.T.);
#4037 = EDGE_LOOP('',(#4038,#4048,#4056,#4062,#4063,#4071,#4079,#4087));
#4038 = ORIENTED_EDGE('',*,*,#4039,.F.);
#4039 = EDGE_CURVE('',#4040,#4042,#4044,.T.);
#4040 = VERTEX_POINT('',#4041);
#4041 = CARTESIAN_POINT('',(-2.85,3.7,2.75));
#4042 = VERTEX_POINT('',#4043);
#4043 = CARTESIAN_POINT('',(-2.85,4.78,2.75));
#4044 = LINE('',#4045,#4046);
#4045 = CARTESIAN_POINT('',(-2.85,3.33,2.75));
#4046 = VECTOR('',#4047,1.);
#4047 = DIRECTION('',(3.491483361109E-15,1.,3.369022725727E-15));
#4048 = ORIENTED_EDGE('',*,*,#4049,.F.);
#4049 = EDGE_CURVE('',#4050,#4040,#4052,.T.);
#4050 = VERTEX_POINT('',#4051);
#4051 = CARTESIAN_POINT('',(-2.3,3.7,2.75));
#4052 = LINE('',#4053,#4054);
#4053 = CARTESIAN_POINT('',(-2.3,3.7,2.75));
#4054 = VECTOR('',#4055,1.);
#4055 = DIRECTION('',(-1.,3.491483361109E-15,1.21904560609E-29));
#4056 = ORIENTED_EDGE('',*,*,#4057,.F.);
#4057 = EDGE_CURVE('',#3805,#4050,#4058,.T.);
#4058 = LINE('',#4059,#4060);
#4059 = CARTESIAN_POINT('',(-2.3,5.3,2.75));
#4060 = VECTOR('',#4061,1.);
#4061 = DIRECTION('',(-3.491483361109E-15,-1.,-3.369022725727E-15));
#4062 = ORIENTED_EDGE('',*,*,#3804,.T.);
#4063 = ORIENTED_EDGE('',*,*,#4064,.T.);
#4064 = EDGE_CURVE('',#3797,#4065,#4067,.T.);
#4065 = VERTEX_POINT('',#4066);
#4066 = CARTESIAN_POINT('',(-3.55,4.13,2.75));
#4067 = LINE('',#4068,#4069);
#4068 = CARTESIAN_POINT('',(-3.55,5.8,2.75));
#4069 = VECTOR('',#4070,1.);
#4070 = DIRECTION('',(-3.491483361109E-15,-1.,-3.369022725727E-15));
#4071 = ORIENTED_EDGE('',*,*,#4072,.T.);
#4072 = EDGE_CURVE('',#4065,#4073,#4075,.T.);
#4073 = VERTEX_POINT('',#4074);
#4074 = CARTESIAN_POINT('',(-3.4,4.13,2.75));
#4075 = LINE('',#4076,#4077);
#4076 = CARTESIAN_POINT('',(-3.55,4.13,2.75));
#4077 = VECTOR('',#4078,1.);
#4078 = DIRECTION('',(1.,-3.491483361109E-15,-1.21904560609E-29));
#4079 = ORIENTED_EDGE('',*,*,#4080,.F.);
#4080 = EDGE_CURVE('',#4081,#4073,#4083,.T.);
#4081 = VERTEX_POINT('',#4082);
#4082 = CARTESIAN_POINT('',(-3.4,4.78,2.75));
#4083 = LINE('',#4084,#4085);
#4084 = CARTESIAN_POINT('',(-3.4,4.78,2.75));
#4085 = VECTOR('',#4086,1.);
#4086 = DIRECTION('',(-3.491483361109E-15,-1.,-3.369022725727E-15));
#4087 = ORIENTED_EDGE('',*,*,#4088,.F.);
#4088 = EDGE_CURVE('',#4042,#4081,#4089,.T.);
#4089 = LINE('',#4090,#4091);
#4090 = CARTESIAN_POINT('',(-2.85,4.78,2.75));
#4091 = VECTOR('',#4092,1.);
#4092 = DIRECTION('',(-1.,3.491483361109E-15,1.21904560609E-29));
#4093 = PLANE('',#4094);
#4094 = AXIS2_PLACEMENT_3D('',#4095,#4096,#4097);
#4095 = CARTESIAN_POINT('',(3.55,5.8,2.75));
#4096 = DIRECTION('',(-4.27569270828E-31,3.369022725727E-15,-1.));
#4097 = DIRECTION('',(-3.491483361109E-15,-1.,-3.369022725727E-15));
#4098 = ADVANCED_FACE('',(#4099),#4119,.F.);
#4099 = FACE_BOUND('',#4100,.T.);
#4100 = EDGE_LOOP('',(#4101,#4107,#4108,#4109,#4110,#4111,#4117,#4118));
#4101 = ORIENTED_EDGE('',*,*,#4102,.F.);
#4102 = EDGE_CURVE('',#3323,#3514,#4103,.T.);
#4103 = LINE('',#4104,#4105);
#4104 = CARTESIAN_POINT('',(-5.25,3.702836377361E-14,-1.8));
#4105 = VECTOR('',#4106,1.);
#4106 = DIRECTION('',(-1.013306966857E-15,-1.,-3.369022725727E-15));
#4107 = ORIENTED_EDGE('',*,*,#3322,.T.);
#4108 = ORIENTED_EDGE('',*,*,#3743,.T.);
#4109 = ORIENTED_EDGE('',*,*,#3789,.T.);
#4110 = ORIENTED_EDGE('',*,*,#3264,.F.);
#4111 = ORIENTED_EDGE('',*,*,#4112,.F.);
#4112 = EDGE_CURVE('',#3947,#3257,#4113,.T.);
#4113 = LINE('',#4114,#4115);
#4114 = CARTESIAN_POINT('',(-5.25,2.5,-3.75));
#4115 = VECTOR('',#4116,1.);
#4116 = DIRECTION('',(0.,-3.491483361109E-15,1.));
#4117 = ORIENTED_EDGE('',*,*,#3946,.T.);
#4118 = ORIENTED_EDGE('',*,*,#3521,.T.);
#4119 = PLANE('',#4120);
#4120 = AXIS2_PLACEMENT_3D('',#4121,#4122,#4123);
#4121 = CARTESIAN_POINT('',(-5.25,1.833028764582E-14,3.75));
#4122 = DIRECTION('',(1.,-3.491483361109E-15,-1.21904560609E-29));
#4123 = DIRECTION('',(3.491483361109E-15,1.,3.491483361109E-15));
#4124 = ADVANCED_FACE('',(#4125),#4150,.F.);
#4125 = FACE_BOUND('',#4126,.T.);
#4126 = EDGE_LOOP('',(#4127,#4128,#4136,#4144));
#4127 = ORIENTED_EDGE('',*,*,#3703,.T.);
#4128 = ORIENTED_EDGE('',*,*,#4129,.F.);
#4129 = EDGE_CURVE('',#4130,#3696,#4132,.T.);
#4130 = VERTEX_POINT('',#4131);
#4131 = CARTESIAN_POINT('',(-3.35,3.4,-1.85));
#4132 = LINE('',#4133,#4134);
#4133 = CARTESIAN_POINT('',(-3.35,3.4,-1.85));
#4134 = VECTOR('',#4135,1.);
#4135 = DIRECTION('',(4.27569270828E-31,-3.369022725727E-15,1.));
#4136 = ORIENTED_EDGE('',*,*,#4137,.F.);
#4137 = EDGE_CURVE('',#4138,#4130,#4140,.T.);
#4138 = VERTEX_POINT('',#4139);
#4139 = CARTESIAN_POINT('',(-3.95,3.4,-1.85));
#4140 = LINE('',#4141,#4142);
#4141 = CARTESIAN_POINT('',(-3.95,3.4,-1.85));
#4142 = VECTOR('',#4143,1.);
#4143 = DIRECTION('',(1.,-3.491483361109E-15,-1.21904560609E-29));
#4144 = ORIENTED_EDGE('',*,*,#4145,.T.);
#4145 = EDGE_CURVE('',#4138,#3704,#4146,.T.);
#4146 = LINE('',#4147,#4148);
#4147 = CARTESIAN_POINT('',(-3.95,3.4,-1.85));
#4148 = VECTOR('',#4149,1.);
#4149 = DIRECTION('',(4.27569270828E-31,-3.369022725727E-15,1.));
#4150 = PLANE('',#4151);
#4151 = AXIS2_PLACEMENT_3D('',#4152,#4153,#4154);
#4152 = CARTESIAN_POINT('',(-3.95,3.4,-1.85));
#4153 = DIRECTION('',(-3.491483361109E-15,-1.,-3.369022725727E-15));
#4154 = DIRECTION('',(4.27569270828E-31,-3.369022725727E-15,1.));
#4155 = ADVANCED_FACE('',(#4156),#4174,.F.);
#4156 = FACE_BOUND('',#4157,.T.);
#4157 = EDGE_LOOP('',(#4158,#4159,#4160,#4168));
#4158 = ORIENTED_EDGE('',*,*,#3711,.T.);
#4159 = ORIENTED_EDGE('',*,*,#4145,.F.);
#4160 = ORIENTED_EDGE('',*,*,#4161,.F.);
#4161 = EDGE_CURVE('',#4162,#4138,#4164,.T.);
#4162 = VERTEX_POINT('',#4163);
#4163 = CARTESIAN_POINT('',(-3.95,4.13,-1.85));
#4164 = LINE('',#4165,#4166);
#4165 = CARTESIAN_POINT('',(-3.95,4.13,-1.85));
#4166 = VECTOR('',#4167,1.);
#4167 = DIRECTION('',(-3.491483361109E-15,-1.,-3.369022725727E-15));
#4168 = ORIENTED_EDGE('',*,*,#4169,.T.);
#4169 = EDGE_CURVE('',#4162,#3712,#4170,.T.);
#4170 = LINE('',#4171,#4172);
#4171 = CARTESIAN_POINT('',(-3.95,4.13,-1.85));
#4172 = VECTOR('',#4173,1.);
#4173 = DIRECTION('',(4.27569270828E-31,-3.369022725727E-15,1.));
#4174 = PLANE('',#4175);
#4175 = AXIS2_PLACEMENT_3D('',#4176,#4177,#4178);
#4176 = CARTESIAN_POINT('',(-3.95,4.13,-1.85));
#4177 = DIRECTION('',(-1.,3.491483361109E-15,1.21904560609E-29));
#4178 = DIRECTION('',(-3.491483361109E-15,-1.,-3.491483361109E-15));
#4179 = ADVANCED_FACE('',(#4180),#4205,.F.);
#4180 = FACE_BOUND('',#4181,.T.);
#4181 = EDGE_LOOP('',(#4182,#4183,#4189,#4190,#4191,#4199));
#4182 = ORIENTED_EDGE('',*,*,#4072,.F.);
#4183 = ORIENTED_EDGE('',*,*,#4184,.T.);
#4184 = EDGE_CURVE('',#4065,#3720,#4185,.T.);
#4185 = LINE('',#4186,#4187);
#4186 = CARTESIAN_POINT('',(-3.55,4.13,2.75));
#4187 = VECTOR('',#4188,1.);
#4188 = DIRECTION('',(4.27569270828E-31,-3.369022725727E-15,1.));
#4189 = ORIENTED_EDGE('',*,*,#3719,.T.);
#4190 = ORIENTED_EDGE('',*,*,#4169,.F.);
#4191 = ORIENTED_EDGE('',*,*,#4192,.F.);
#4192 = EDGE_CURVE('',#4193,#4162,#4195,.T.);
#4193 = VERTEX_POINT('',#4194);
#4194 = CARTESIAN_POINT('',(-3.4,4.13,-1.85));
#4195 = LINE('',#4196,#4197);
#4196 = CARTESIAN_POINT('',(-3.4,4.13,-1.85));
#4197 = VECTOR('',#4198,1.);
#4198 = DIRECTION('',(-1.,3.491483361109E-15,1.21904560609E-29));
#4199 = ORIENTED_EDGE('',*,*,#4200,.T.);
#4200 = EDGE_CURVE('',#4193,#4073,#4201,.T.);
#4201 = LINE('',#4202,#4203);
#4202 = CARTESIAN_POINT('',(-3.4,4.13,-1.85));
#4203 = VECTOR('',#4204,1.);
#4204 = DIRECTION('',(4.27569270828E-31,-3.369022725727E-15,1.));
#4205 = PLANE('',#4206);
#4206 = AXIS2_PLACEMENT_3D('',#4207,#4208,#4209);
#4207 = CARTESIAN_POINT('',(-3.4,4.13,-1.85));
#4208 = DIRECTION('',(3.491483361109E-15,1.,3.369022725727E-15));
#4209 = DIRECTION('',(-4.27569270828E-31,3.369022725727E-15,-1.));
#4210 = ADVANCED_FACE('',(#4211),#4229,.F.);
#4211 = FACE_BOUND('',#4212,.T.);
#4212 = EDGE_LOOP('',(#4213,#4221,#4222,#4223));
#4213 = ORIENTED_EDGE('',*,*,#4214,.T.);
#4214 = EDGE_CURVE('',#4215,#4081,#4217,.T.);
#4215 = VERTEX_POINT('',#4216);
#4216 = CARTESIAN_POINT('',(-3.4,4.78,-1.85));
#4217 = LINE('',#4218,#4219);
#4218 = CARTESIAN_POINT('',(-3.4,4.78,-1.85));
#4219 = VECTOR('',#4220,1.);
#4220 = DIRECTION('',(4.27569270828E-31,-3.369022725727E-15,1.));
#4221 = ORIENTED_EDGE('',*,*,#4080,.T.);
#4222 = ORIENTED_EDGE('',*,*,#4200,.F.);
#4223 = ORIENTED_EDGE('',*,*,#4224,.F.);
#4224 = EDGE_CURVE('',#4215,#4193,#4225,.T.);
#4225 = LINE('',#4226,#4227);
#4226 = CARTESIAN_POINT('',(-3.4,4.78,-1.85));
#4227 = VECTOR('',#4228,1.);
#4228 = DIRECTION('',(-3.491483361109E-15,-1.,-3.369022725727E-15));
#4229 = PLANE('',#4230);
#4230 = AXIS2_PLACEMENT_3D('',#4231,#4232,#4233);
#4231 = CARTESIAN_POINT('',(-3.4,4.78,-1.85));
#4232 = DIRECTION('',(-1.,3.491483361109E-15,1.21904560609E-29));
#4233 = DIRECTION('',(-3.491483361109E-15,-1.,-3.491483361109E-15));
#4234 = ADVANCED_FACE('',(#4235),#4253,.F.);
#4235 = FACE_BOUND('',#4236,.T.);
#4236 = EDGE_LOOP('',(#4237,#4245,#4246,#4247));
#4237 = ORIENTED_EDGE('',*,*,#4238,.T.);
#4238 = EDGE_CURVE('',#4239,#4042,#4241,.T.);
#4239 = VERTEX_POINT('',#4240);
#4240 = CARTESIAN_POINT('',(-2.85,4.78,-1.85));
#4241 = LINE('',#4242,#4243);
#4242 = CARTESIAN_POINT('',(-2.85,4.78,-1.85));
#4243 = VECTOR('',#4244,1.);
#4244 = DIRECTION('',(4.27569270828E-31,-3.369022725727E-15,1.));
#4245 = ORIENTED_EDGE('',*,*,#4088,.T.);
#4246 = ORIENTED_EDGE('',*,*,#4214,.F.);
#4247 = ORIENTED_EDGE('',*,*,#4248,.F.);
#4248 = EDGE_CURVE('',#4239,#4215,#4249,.T.);
#4249 = LINE('',#4250,#4251);
#4250 = CARTESIAN_POINT('',(-2.85,4.78,-1.85));
#4251 = VECTOR('',#4252,1.);
#4252 = DIRECTION('',(-1.,3.491483361109E-15,1.21904560609E-29));
#4253 = PLANE('',#4254);
#4254 = AXIS2_PLACEMENT_3D('',#4255,#4256,#4257);
#4255 = CARTESIAN_POINT('',(-2.85,4.78,-1.85));
#4256 = DIRECTION('',(3.491483361109E-15,1.,3.369022725727E-15));
#4257 = DIRECTION('',(-4.27569270828E-31,3.369022725727E-15,-1.));
#4258 = ADVANCED_FACE('',(#4259),#4284,.F.);
#4259 = FACE_BOUND('',#4260,.T.);
#4260 = EDGE_LOOP('',(#4261,#4269,#4275,#4276,#4277,#4283));
#4261 = ORIENTED_EDGE('',*,*,#4262,.F.);
#4262 = EDGE_CURVE('',#4263,#4000,#4265,.T.);
#4263 = VERTEX_POINT('',#4264);
#4264 = CARTESIAN_POINT('',(-2.85,3.7,1.25));
#4265 = LINE('',#4266,#4267);
#4266 = CARTESIAN_POINT('',(-2.85,3.33,1.25));
#4267 = VECTOR('',#4268,1.);
#4268 = DIRECTION('',(-3.491483361109E-15,-1.,-3.491483361109E-15));
#4269 = ORIENTED_EDGE('',*,*,#4270,.T.);
#4270 = EDGE_CURVE('',#4263,#4040,#4271,.T.);
#4271 = LINE('',#4272,#4273);
#4272 = CARTESIAN_POINT('',(-2.85,3.7,1.25));
#4273 = VECTOR('',#4274,1.);
#4274 = DIRECTION('',(4.27569270828E-31,-3.369022725727E-15,1.));
#4275 = ORIENTED_EDGE('',*,*,#4039,.T.);
#4276 = ORIENTED_EDGE('',*,*,#4238,.F.);
#4277 = ORIENTED_EDGE('',*,*,#4278,.F.);
#4278 = EDGE_CURVE('',#4010,#4239,#4279,.T.);
#4279 = LINE('',#4280,#4281);
#4280 = CARTESIAN_POINT('',(-2.85,3.33,-1.85));
#4281 = VECTOR('',#4282,1.);
#4282 = DIRECTION('',(3.491483361109E-15,1.,3.369022725727E-15));
#4283 = ORIENTED_EDGE('',*,*,#4009,.T.);
#4284 = PLANE('',#4285);
#4285 = AXIS2_PLACEMENT_3D('',#4286,#4287,#4288);
#4286 = CARTESIAN_POINT('',(-2.85,3.33,-1.85));
#4287 = DIRECTION('',(1.,-3.491483361109E-15,-1.21904560609E-29));
#4288 = DIRECTION('',(3.491483361109E-15,1.,3.491483361109E-15));
#4289 = ADVANCED_FACE('',(#4290),#4331,.F.);
#4290 = FACE_BOUND('',#4291,.T.);
#4291 = EDGE_LOOP('',(#4292,#4302,#4310,#4316,#4317,#4325));
#4292 = ORIENTED_EDGE('',*,*,#4293,.T.);
#4293 = EDGE_CURVE('',#4294,#4296,#4298,.T.);
#4294 = VERTEX_POINT('',#4295);
#4295 = CARTESIAN_POINT('',(2.85,4.78,2.75));
#4296 = VERTEX_POINT('',#4297);
#4297 = CARTESIAN_POINT('',(2.85,3.7,2.75));
#4298 = LINE('',#4299,#4300);
#4299 = CARTESIAN_POINT('',(2.85,3.33,2.75));
#4300 = VECTOR('',#4301,1.);
#4301 = DIRECTION('',(-3.491483361109E-15,-1.,-3.369022725727E-15));
#4302 = ORIENTED_EDGE('',*,*,#4303,.F.);
#4303 = EDGE_CURVE('',#4304,#4296,#4306,.T.);
#4304 = VERTEX_POINT('',#4305);
#4305 = CARTESIAN_POINT('',(2.85,3.7,1.25));
#4306 = LINE('',#4307,#4308);
#4307 = CARTESIAN_POINT('',(2.85,3.7,1.25));
#4308 = VECTOR('',#4309,1.);
#4309 = DIRECTION('',(4.27569270828E-31,-3.369022725727E-15,1.));
#4310 = ORIENTED_EDGE('',*,*,#4311,.F.);
#4311 = EDGE_CURVE('',#4002,#4304,#4312,.T.);
#4312 = LINE('',#4313,#4314);
#4313 = CARTESIAN_POINT('',(2.85,3.33,1.25));
#4314 = VECTOR('',#4315,1.);
#4315 = DIRECTION('',(-1.196958465855E-15,1.,3.491483361109E-15));
#4316 = ORIENTED_EDGE('',*,*,#4025,.F.);
#4317 = ORIENTED_EDGE('',*,*,#4318,.F.);
#4318 = EDGE_CURVE('',#4319,#4018,#4321,.T.);
#4319 = VERTEX_POINT('',#4320);
#4320 = CARTESIAN_POINT('',(2.85,4.78,-1.85));
#4321 = LINE('',#4322,#4323);
#4322 = CARTESIAN_POINT('',(2.85,3.33,-1.85));
#4323 = VECTOR('',#4324,1.);
#4324 = DIRECTION('',(-3.491483361109E-15,-1.,-3.369022725727E-15));
#4325 = ORIENTED_EDGE('',*,*,#4326,.T.);
#4326 = EDGE_CURVE('',#4319,#4294,#4327,.T.);
#4327 = LINE('',#4328,#4329);
#4328 = CARTESIAN_POINT('',(2.85,4.78,-1.85));
#4329 = VECTOR('',#4330,1.);
#4330 = DIRECTION('',(4.27569270828E-31,-3.369022725727E-15,1.));
#4331 = PLANE('',#4332);
#4332 = AXIS2_PLACEMENT_3D('',#4333,#4334,#4335);
#4333 = CARTESIAN_POINT('',(2.85,3.33,-1.85));
#4334 = DIRECTION('',(-1.,3.491483361109E-15,1.21904560609E-29));
#4335 = DIRECTION('',(-3.491483361109E-15,-1.,-3.491483361109E-15));
#4336 = ADVANCED_FACE('',(#4337),#4362,.F.);
#4337 = FACE_BOUND('',#4338,.T.);
#4338 = EDGE_LOOP('',(#4339,#4349,#4355,#4356));
#4339 = ORIENTED_EDGE('',*,*,#4340,.T.);
#4340 = EDGE_CURVE('',#4341,#4343,#4345,.T.);
#4341 = VERTEX_POINT('',#4342);
#4342 = CARTESIAN_POINT('',(3.4,4.78,-1.85));
#4343 = VERTEX_POINT('',#4344);
#4344 = CARTESIAN_POINT('',(3.4,4.78,2.75));
#4345 = LINE('',#4346,#4347);
#4346 = CARTESIAN_POINT('',(3.4,4.78,-1.85));
#4347 = VECTOR('',#4348,1.);
#4348 = DIRECTION('',(4.27569270828E-31,-3.369022725727E-15,1.));
#4349 = ORIENTED_EDGE('',*,*,#4350,.T.);
#4350 = EDGE_CURVE('',#4343,#4294,#4351,.T.);
#4351 = LINE('',#4352,#4353);
#4352 = CARTESIAN_POINT('',(2.85,4.78,2.75));
#4353 = VECTOR('',#4354,1.);
#4354 = DIRECTION('',(-1.,3.491483361109E-15,1.21904560609E-29));
#4355 = ORIENTED_EDGE('',*,*,#4326,.F.);
#4356 = ORIENTED_EDGE('',*,*,#4357,.F.);
#4357 = EDGE_CURVE('',#4341,#4319,#4358,.T.);
#4358 = LINE('',#4359,#4360);
#4359 = CARTESIAN_POINT('',(2.85,4.78,-1.85));
#4360 = VECTOR('',#4361,1.);
#4361 = DIRECTION('',(-1.,3.491483361109E-15,1.21904560609E-29));
#4362 = PLANE('',#4363);
#4363 = AXIS2_PLACEMENT_3D('',#4364,#4365,#4366);
#4364 = CARTESIAN_POINT('',(2.85,4.78,-1.85));
#4365 = DIRECTION('',(3.491483361109E-15,1.,3.369022725727E-15));
#4366 = DIRECTION('',(-4.27569270828E-31,3.369022725727E-15,-1.));
#4367 = ADVANCED_FACE('',(#4368),#4393,.F.);
#4368 = FACE_BOUND('',#4369,.T.);
#4369 = EDGE_LOOP('',(#4370,#4380,#4386,#4387));
#4370 = ORIENTED_EDGE('',*,*,#4371,.T.);
#4371 = EDGE_CURVE('',#4372,#4374,#4376,.T.);
#4372 = VERTEX_POINT('',#4373);
#4373 = CARTESIAN_POINT('',(3.4,4.13,-1.85));
#4374 = VERTEX_POINT('',#4375);
#4375 = CARTESIAN_POINT('',(3.4,4.13,2.75));
#4376 = LINE('',#4377,#4378);
#4377 = CARTESIAN_POINT('',(3.4,4.13,-1.85));
#4378 = VECTOR('',#4379,1.);
#4379 = DIRECTION('',(4.27569270828E-31,-3.369022725727E-15,1.));
#4380 = ORIENTED_EDGE('',*,*,#4381,.T.);
#4381 = EDGE_CURVE('',#4374,#4343,#4382,.T.);
#4382 = LINE('',#4383,#4384);
#4383 = CARTESIAN_POINT('',(3.4,4.78,2.75));
#4384 = VECTOR('',#4385,1.);
#4385 = DIRECTION('',(3.491483361109E-15,1.,3.369022725727E-15));
#4386 = ORIENTED_EDGE('',*,*,#4340,.F.);
#4387 = ORIENTED_EDGE('',*,*,#4388,.F.);
#4388 = EDGE_CURVE('',#4372,#4341,#4389,.T.);
#4389 = LINE('',#4390,#4391);
#4390 = CARTESIAN_POINT('',(3.4,4.78,-1.85));
#4391 = VECTOR('',#4392,1.);
#4392 = DIRECTION('',(3.491483361109E-15,1.,3.369022725727E-15));
#4393 = PLANE('',#4394);
#4394 = AXIS2_PLACEMENT_3D('',#4395,#4396,#4397);
#4395 = CARTESIAN_POINT('',(3.4,4.78,-1.85));
#4396 = DIRECTION('',(1.,-3.491483361109E-15,-1.21904560609E-29));
#4397 = DIRECTION('',(3.491483361109E-15,1.,3.491483361109E-15));
#4398 = ADVANCED_FACE('',(#4399),#4431,.F.);
#4399 = FACE_BOUND('',#4400,.T.);
#4400 = EDGE_LOOP('',(#4401,#4402,#4410,#4416,#4417,#4425));
#4401 = ORIENTED_EDGE('',*,*,#3655,.T.);
#4402 = ORIENTED_EDGE('',*,*,#4403,.F.);
#4403 = EDGE_CURVE('',#4404,#3648,#4406,.T.);
#4404 = VERTEX_POINT('',#4405);
#4405 = CARTESIAN_POINT('',(3.55,4.13,2.75));
#4406 = LINE('',#4407,#4408);
#4407 = CARTESIAN_POINT('',(3.55,4.13,2.75));
#4408 = VECTOR('',#4409,1.);
#4409 = DIRECTION('',(4.27569270828E-31,-3.369022725727E-15,1.));
#4410 = ORIENTED_EDGE('',*,*,#4411,.F.);
#4411 = EDGE_CURVE('',#4374,#4404,#4412,.T.);
#4412 = LINE('',#4413,#4414);
#4413 = CARTESIAN_POINT('',(3.55,4.13,2.75));
#4414 = VECTOR('',#4415,1.);
#4415 = DIRECTION('',(1.,-3.491483361109E-15,-1.21904560609E-29));
#4416 = ORIENTED_EDGE('',*,*,#4371,.F.);
#4417 = ORIENTED_EDGE('',*,*,#4418,.F.);
#4418 = EDGE_CURVE('',#4419,#4372,#4421,.T.);
#4419 = VERTEX_POINT('',#4420);
#4420 = CARTESIAN_POINT('',(3.95,4.13,-1.85));
#4421 = LINE('',#4422,#4423);
#4422 = CARTESIAN_POINT('',(3.4,4.13,-1.85));
#4423 = VECTOR('',#4424,1.);
#4424 = DIRECTION('',(-1.,3.491483361109E-15,1.21904560609E-29));
#4425 = ORIENTED_EDGE('',*,*,#4426,.T.);
#4426 = EDGE_CURVE('',#4419,#3656,#4427,.T.);
#4427 = LINE('',#4428,#4429);
#4428 = CARTESIAN_POINT('',(3.95,4.13,-1.85));
#4429 = VECTOR('',#4430,1.);
#4430 = DIRECTION('',(4.27569270828E-31,-3.369022725727E-15,1.));
#4431 = PLANE('',#4432);
#4432 = AXIS2_PLACEMENT_3D('',#4433,#4434,#4435);
#4433 = CARTESIAN_POINT('',(3.4,4.13,-1.85));
#4434 = DIRECTION('',(3.491483361109E-15,1.,3.369022725727E-15));
#4435 = DIRECTION('',(-4.27569270828E-31,3.369022725727E-15,-1.));
#4436 = ADVANCED_FACE('',(#4437),#4455,.F.);
#4437 = FACE_BOUND('',#4438,.T.);
#4438 = EDGE_LOOP('',(#4439,#4440,#4441,#4449));
#4439 = ORIENTED_EDGE('',*,*,#3663,.T.);
#4440 = ORIENTED_EDGE('',*,*,#4426,.F.);
#4441 = ORIENTED_EDGE('',*,*,#4442,.F.);
#4442 = EDGE_CURVE('',#4443,#4419,#4445,.T.);
#4443 = VERTEX_POINT('',#4444);
#4444 = CARTESIAN_POINT('',(3.95,3.4,-1.85));
#4445 = LINE('',#4446,#4447);
#4446 = CARTESIAN_POINT('',(3.95,4.13,-1.85));
#4447 = VECTOR('',#4448,1.);
#4448 = DIRECTION('',(3.491483361109E-15,1.,3.369022725727E-15));
#4449 = ORIENTED_EDGE('',*,*,#4450,.T.);
#4450 = EDGE_CURVE('',#4443,#3664,#4451,.T.);
#4451 = LINE('',#4452,#4453);
#4452 = CARTESIAN_POINT('',(3.95,3.4,-1.85));
#4453 = VECTOR('',#4454,1.);
#4454 = DIRECTION('',(4.27569270828E-31,-3.369022725727E-15,1.));
#4455 = PLANE('',#4456);
#4456 = AXIS2_PLACEMENT_3D('',#4457,#4458,#4459);
#4457 = CARTESIAN_POINT('',(3.95,4.13,-1.85));
#4458 = DIRECTION('',(1.,-3.491483361109E-15,-1.21904560609E-29));
#4459 = DIRECTION('',(3.491483361109E-15,1.,3.491483361109E-15));
#4460 = ADVANCED_FACE('',(#4461),#4479,.F.);
#4461 = FACE_BOUND('',#4462,.T.);
#4462 = EDGE_LOOP('',(#4463,#4464,#4465,#4473));
#4463 = ORIENTED_EDGE('',*,*,#3671,.T.);
#4464 = ORIENTED_EDGE('',*,*,#4450,.F.);
#4465 = ORIENTED_EDGE('',*,*,#4466,.F.);
#4466 = EDGE_CURVE('',#4467,#4443,#4469,.T.);
#4467 = VERTEX_POINT('',#4468);
#4468 = CARTESIAN_POINT('',(3.35,3.4,-1.85));
#4469 = LINE('',#4470,#4471);
#4470 = CARTESIAN_POINT('',(3.95,3.4,-1.85));
#4471 = VECTOR('',#4472,1.);
#4472 = DIRECTION('',(1.,-3.491483361109E-15,-1.21904560609E-29));
#4473 = ORIENTED_EDGE('',*,*,#4474,.T.);
#4474 = EDGE_CURVE('',#4467,#3672,#4475,.T.);
#4475 = LINE('',#4476,#4477);
#4476 = CARTESIAN_POINT('',(3.35,3.4,-1.85));
#4477 = VECTOR('',#4478,1.);
#4478 = DIRECTION('',(4.27569270828E-31,-3.369022725727E-15,1.));
#4479 = PLANE('',#4480);
#4480 = AXIS2_PLACEMENT_3D('',#4481,#4482,#4483);
#4481 = CARTESIAN_POINT('',(3.95,3.4,-1.85));
#4482 = DIRECTION('',(-3.491483361109E-15,-1.,-3.369022725727E-15));
#4483 = DIRECTION('',(4.27569270828E-31,-3.369022725727E-15,1.));
#4484 = ADVANCED_FACE('',(#4485),#4519,.F.);
#4485 = FACE_BOUND('',#4486,.T.);
#4486 = EDGE_LOOP('',(#4487,#4488,#4489,#4497,#4505,#4513));
#4487 = ORIENTED_EDGE('',*,*,#3679,.T.);
#4488 = ORIENTED_EDGE('',*,*,#4474,.F.);
#4489 = ORIENTED_EDGE('',*,*,#4490,.F.);
#4490 = EDGE_CURVE('',#4491,#4467,#4493,.T.);
#4491 = VERTEX_POINT('',#4492);
#4492 = CARTESIAN_POINT('',(3.35,1.55,-1.85));
#4493 = LINE('',#4494,#4495);
#4494 = CARTESIAN_POINT('',(3.35,3.4,-1.85));
#4495 = VECTOR('',#4496,1.);
#4496 = DIRECTION('',(3.491483361109E-15,1.,3.369022725727E-15));
#4497 = ORIENTED_EDGE('',*,*,#4498,.T.);
#4498 = EDGE_CURVE('',#4491,#4499,#4501,.T.);
#4499 = VERTEX_POINT('',#4500);
#4500 = CARTESIAN_POINT('',(3.35,1.55,1.15));
#4501 = LINE('',#4502,#4503);
#4502 = CARTESIAN_POINT('',(3.35,1.55,-1.85));
#4503 = VECTOR('',#4504,1.);
#4504 = DIRECTION('',(4.27569270828E-31,-3.369022725727E-15,1.));
#4505 = ORIENTED_EDGE('',*,*,#4506,.F.);
#4506 = EDGE_CURVE('',#4507,#4499,#4509,.T.);
#4507 = VERTEX_POINT('',#4508);
#4508 = CARTESIAN_POINT('',(3.35,1.15,1.15));
#4509 = LINE('',#4510,#4511);
#4510 = CARTESIAN_POINT('',(3.35,1.55,1.15));
#4511 = VECTOR('',#4512,1.);
#4512 = DIRECTION('',(3.491483361109E-15,1.,3.369022725727E-15));
#4513 = ORIENTED_EDGE('',*,*,#4514,.T.);
#4514 = EDGE_CURVE('',#4507,#3680,#4515,.T.);
#4515 = LINE('',#4516,#4517);
#4516 = CARTESIAN_POINT('',(3.35,1.15,1.15));
#4517 = VECTOR('',#4518,1.);
#4518 = DIRECTION('',(4.27569270828E-31,-3.369022725727E-15,1.));
#4519 = PLANE('',#4520);
#4520 = AXIS2_PLACEMENT_3D('',#4521,#4522,#4523);
#4521 = CARTESIAN_POINT('',(3.35,3.4,-1.85));
#4522 = DIRECTION('',(1.,-3.491483361109E-15,-1.21904560609E-29));
#4523 = DIRECTION('',(3.491483361109E-15,1.,3.491483361109E-15));
#4524 = ADVANCED_FACE('',(#4525),#4550,.F.);
#4525 = FACE_BOUND('',#4526,.T.);
#4526 = EDGE_LOOP('',(#4527,#4537,#4543,#4544));
#4527 = ORIENTED_EDGE('',*,*,#4528,.T.);
#4528 = EDGE_CURVE('',#4529,#4531,#4533,.T.);
#4529 = VERTEX_POINT('',#4530);
#4530 = CARTESIAN_POINT('',(-3.35,1.55,-1.85));
#4531 = VERTEX_POINT('',#4532);
#4532 = CARTESIAN_POINT('',(-3.35,1.55,1.15));
#4533 = LINE('',#4534,#4535);
#4534 = CARTESIAN_POINT('',(-3.35,1.55,-1.85));
#4535 = VECTOR('',#4536,1.);
#4536 = DIRECTION('',(4.27569270828E-31,-3.369022725727E-15,1.));
#4537 = ORIENTED_EDGE('',*,*,#4538,.F.);
#4538 = EDGE_CURVE('',#4499,#4531,#4539,.T.);
#4539 = LINE('',#4540,#4541);
#4540 = CARTESIAN_POINT('',(-3.35,1.55,1.15));
#4541 = VECTOR('',#4542,1.);
#4542 = DIRECTION('',(-1.,3.491483361109E-15,1.21904560609E-29));
#4543 = ORIENTED_EDGE('',*,*,#4498,.F.);
#4544 = ORIENTED_EDGE('',*,*,#4545,.F.);
#4545 = EDGE_CURVE('',#4529,#4491,#4546,.T.);
#4546 = LINE('',#4547,#4548);
#4547 = CARTESIAN_POINT('',(-3.35,1.55,-1.85));
#4548 = VECTOR('',#4549,1.);
#4549 = DIRECTION('',(1.,-3.394390629245E-15,-1.186583101464E-29));
#4550 = PLANE('',#4551);
#4551 = AXIS2_PLACEMENT_3D('',#4552,#4553,#4554);
#4552 = CARTESIAN_POINT('',(-3.35,1.55,-1.85));
#4553 = DIRECTION('',(-3.394390629245E-15,-1.,-3.369022725727E-15));
#4554 = DIRECTION('',(4.27569270828E-31,-3.369022725727E-15,1.));
#4555 = ADVANCED_FACE('',(#4556),#4581,.F.);
#4556 = FACE_BOUND('',#4557,.T.);
#4557 = EDGE_LOOP('',(#4558,#4559,#4567,#4573,#4574,#4580));
#4558 = ORIENTED_EDGE('',*,*,#3695,.T.);
#4559 = ORIENTED_EDGE('',*,*,#4560,.F.);
#4560 = EDGE_CURVE('',#4561,#3688,#4563,.T.);
#4561 = VERTEX_POINT('',#4562);
#4562 = CARTESIAN_POINT('',(-3.35,1.15,1.15));
#4563 = LINE('',#4564,#4565);
#4564 = CARTESIAN_POINT('',(-3.35,1.15,1.15));
#4565 = VECTOR('',#4566,1.);
#4566 = DIRECTION('',(4.27569270828E-31,-3.369022725727E-15,1.));
#4567 = ORIENTED_EDGE('',*,*,#4568,.F.);
#4568 = EDGE_CURVE('',#4531,#4561,#4569,.T.);
#4569 = LINE('',#4570,#4571);
#4570 = CARTESIAN_POINT('',(-3.35,1.55,1.15));
#4571 = VECTOR('',#4572,1.);
#4572 = DIRECTION('',(-3.491483361109E-15,-1.,-3.369022725727E-15));
#4573 = ORIENTED_EDGE('',*,*,#4528,.F.);
#4574 = ORIENTED_EDGE('',*,*,#4575,.F.);
#4575 = EDGE_CURVE('',#4130,#4529,#4576,.T.);
#4576 = LINE('',#4577,#4578);
#4577 = CARTESIAN_POINT('',(-3.35,3.4,-1.85));
#4578 = VECTOR('',#4579,1.);
#4579 = DIRECTION('',(-3.491483361109E-15,-1.,-3.369022725727E-15));
#4580 = ORIENTED_EDGE('',*,*,#4129,.T.);
#4581 = PLANE('',#4582);
#4582 = AXIS2_PLACEMENT_3D('',#4583,#4584,#4585);
#4583 = CARTESIAN_POINT('',(-3.35,3.4,-1.85));
#4584 = DIRECTION('',(-1.,3.491483361109E-15,1.21904560609E-29));
#4585 = DIRECTION('',(-3.491483361109E-15,-1.,-3.491483361109E-15));
#4586 = ADVANCED_FACE('',(#4587),#4605,.F.);
#4587 = FACE_BOUND('',#4588,.T.);
#4588 = EDGE_LOOP('',(#4589,#4590,#4591,#4592,#4593,#4594,#4595,#4596,
    #4597,#4598,#4599,#4600,#4601,#4602,#4603,#4604));
#4589 = ORIENTED_EDGE('',*,*,#4137,.T.);
#4590 = ORIENTED_EDGE('',*,*,#4575,.T.);
#4591 = ORIENTED_EDGE('',*,*,#4545,.T.);
#4592 = ORIENTED_EDGE('',*,*,#4490,.T.);
#4593 = ORIENTED_EDGE('',*,*,#4466,.T.);
#4594 = ORIENTED_EDGE('',*,*,#4442,.T.);
#4595 = ORIENTED_EDGE('',*,*,#4418,.T.);
#4596 = ORIENTED_EDGE('',*,*,#4388,.T.);
#4597 = ORIENTED_EDGE('',*,*,#4357,.T.);
#4598 = ORIENTED_EDGE('',*,*,#4318,.T.);
#4599 = ORIENTED_EDGE('',*,*,#4017,.T.);
#4600 = ORIENTED_EDGE('',*,*,#4278,.T.);
#4601 = ORIENTED_EDGE('',*,*,#4248,.T.);
#4602 = ORIENTED_EDGE('',*,*,#4224,.T.);
#4603 = ORIENTED_EDGE('',*,*,#4192,.T.);
#4604 = ORIENTED_EDGE('',*,*,#4161,.T.);
#4605 = PLANE('',#4606);
#4606 = AXIS2_PLACEMENT_3D('',#4607,#4608,#4609);
#4607 = CARTESIAN_POINT('',(-3.35,3.4,-1.85));
#4608 = DIRECTION('',(-4.27569270828E-31,3.369022725727E-15,-1.));
#4609 = DIRECTION('',(-3.491483361109E-15,-1.,-3.369022725727E-15));
#4610 = ADVANCED_FACE('',(#4611),#4622,.F.);
#4611 = FACE_BOUND('',#4612,.T.);
#4612 = EDGE_LOOP('',(#4613,#4614,#4615,#4621));
#4613 = ORIENTED_EDGE('',*,*,#3687,.T.);
#4614 = ORIENTED_EDGE('',*,*,#4514,.F.);
#4615 = ORIENTED_EDGE('',*,*,#4616,.F.);
#4616 = EDGE_CURVE('',#4561,#4507,#4617,.T.);
#4617 = LINE('',#4618,#4619);
#4618 = CARTESIAN_POINT('',(-3.35,1.15,1.15));
#4619 = VECTOR('',#4620,1.);
#4620 = DIRECTION('',(1.,-3.491483361109E-15,-1.21904560609E-29));
#4621 = ORIENTED_EDGE('',*,*,#4560,.T.);
#4622 = PLANE('',#4623);
#4623 = AXIS2_PLACEMENT_3D('',#4624,#4625,#4626);
#4624 = CARTESIAN_POINT('',(-3.35,1.15,1.15));
#4625 = DIRECTION('',(-3.491483361109E-15,-1.,-3.369022725727E-15));
#4626 = DIRECTION('',(4.27569270828E-31,-3.369022725727E-15,1.));
#4627 = ADVANCED_FACE('',(#4628),#4634,.F.);
#4628 = FACE_BOUND('',#4629,.T.);
#4629 = EDGE_LOOP('',(#4630,#4631,#4632,#4633));
#4630 = ORIENTED_EDGE('',*,*,#4538,.T.);
#4631 = ORIENTED_EDGE('',*,*,#4568,.T.);
#4632 = ORIENTED_EDGE('',*,*,#4616,.T.);
#4633 = ORIENTED_EDGE('',*,*,#4506,.T.);
#4634 = PLANE('',#4635);
#4635 = AXIS2_PLACEMENT_3D('',#4636,#4637,#4638);
#4636 = CARTESIAN_POINT('',(-1.111680104153E-30,8.759459086891E-15,1.15)
  );
#4637 = DIRECTION('',(-4.27569270828E-31,3.369022725727E-15,-1.));
#4638 = DIRECTION('',(-3.491483361109E-15,-1.,-3.369022725727E-15));
#4639 = ADVANCED_FACE('',(#4640),#4674,.F.);
#4640 = FACE_BOUND('',#4641,.T.);
#4641 = EDGE_LOOP('',(#4642,#4652,#4660,#4668));
#4642 = ORIENTED_EDGE('',*,*,#4643,.T.);
#4643 = EDGE_CURVE('',#4644,#4646,#4648,.T.);
#4644 = VERTEX_POINT('',#4645);
#4645 = CARTESIAN_POINT('',(2.3,5.3,-2.45));
#4646 = VERTEX_POINT('',#4647);
#4647 = CARTESIAN_POINT('',(2.3,5.3,1.25));
#4648 = LINE('',#4649,#4650);
#4649 = CARTESIAN_POINT('',(2.3,5.3,-2.45));
#4650 = VECTOR('',#4651,1.);
#4651 = DIRECTION('',(4.27569270828E-31,-3.369022725727E-15,1.));
#4652 = ORIENTED_EDGE('',*,*,#4653,.T.);
#4653 = EDGE_CURVE('',#4646,#4654,#4656,.T.);
#4654 = VERTEX_POINT('',#4655);
#4655 = CARTESIAN_POINT('',(-2.3,5.3,1.25));
#4656 = LINE('',#4657,#4658);
#4657 = CARTESIAN_POINT('',(-2.3,5.3,1.25));
#4658 = VECTOR('',#4659,1.);
#4659 = DIRECTION('',(-1.,3.114369561984E-15,1.091779432487E-29));
#4660 = ORIENTED_EDGE('',*,*,#4661,.F.);
#4661 = EDGE_CURVE('',#4662,#4654,#4664,.T.);
#4662 = VERTEX_POINT('',#4663);
#4663 = CARTESIAN_POINT('',(-2.3,5.3,-2.45));
#4664 = LINE('',#4665,#4666);
#4665 = CARTESIAN_POINT('',(-2.3,5.3,-2.45));
#4666 = VECTOR('',#4667,1.);
#4667 = DIRECTION('',(4.27569270828E-31,-3.369022725727E-15,1.));
#4668 = ORIENTED_EDGE('',*,*,#4669,.F.);
#4669 = EDGE_CURVE('',#4644,#4662,#4670,.T.);
#4670 = LINE('',#4671,#4672);
#4671 = CARTESIAN_POINT('',(-2.3,5.3,-2.45));
#4672 = VECTOR('',#4673,1.);
#4673 = DIRECTION('',(-1.,3.114369561984E-15,1.091563754828E-29));
#4674 = PLANE('',#4675);
#4675 = AXIS2_PLACEMENT_3D('',#4676,#4677,#4678);
#4676 = CARTESIAN_POINT('',(-2.3,5.3,-2.45));
#4677 = DIRECTION('',(3.114369561984E-15,1.,3.369022725727E-15));
#4678 = DIRECTION('',(-1.,3.114369561984E-15,1.087376950601E-29));
#4679 = ADVANCED_FACE('',(#4680),#4728,.F.);
#4680 = FACE_BOUND('',#4681,.T.);
#4681 = EDGE_LOOP('',(#4682,#4692,#4700,#4706,#4707,#4713,#4714,#4722));
#4682 = ORIENTED_EDGE('',*,*,#4683,.F.);
#4683 = EDGE_CURVE('',#4684,#4686,#4688,.T.);
#4684 = VERTEX_POINT('',#4685);
#4685 = CARTESIAN_POINT('',(2.3,3.7,1.25));
#4686 = VERTEX_POINT('',#4687);
#4687 = CARTESIAN_POINT('',(2.3,3.8,1.25));
#4688 = LINE('',#4689,#4690);
#4689 = CARTESIAN_POINT('',(2.3,3.8,1.25));
#4690 = VECTOR('',#4691,1.);
#4691 = DIRECTION('',(4.414208614289E-15,1.,3.369022725727E-15));
#4692 = ORIENTED_EDGE('',*,*,#4693,.T.);
#4693 = EDGE_CURVE('',#4684,#4694,#4696,.T.);
#4694 = VERTEX_POINT('',#4695);
#4695 = CARTESIAN_POINT('',(2.3,3.7,2.75));
#4696 = LINE('',#4697,#4698);
#4697 = CARTESIAN_POINT('',(2.3,3.7,1.25));
#4698 = VECTOR('',#4699,1.);
#4699 = DIRECTION('',(4.27569270828E-31,-3.369022725727E-15,1.));
#4700 = ORIENTED_EDGE('',*,*,#4701,.T.);
#4701 = EDGE_CURVE('',#4694,#3829,#4702,.T.);
#4702 = LINE('',#4703,#4704);
#4703 = CARTESIAN_POINT('',(2.3,5.3,2.75));
#4704 = VECTOR('',#4705,1.);
#4705 = DIRECTION('',(3.20236278178E-15,1.,3.369022725727E-15));
#4706 = ORIENTED_EDGE('',*,*,#3828,.F.);
#4707 = ORIENTED_EDGE('',*,*,#4708,.F.);
#4708 = EDGE_CURVE('',#4646,#3821,#4709,.T.);
#4709 = LINE('',#4710,#4711);
#4710 = CARTESIAN_POINT('',(2.3,5.8,1.25));
#4711 = VECTOR('',#4712,1.);
#4712 = DIRECTION('',(3.885738696559E-15,1.,3.369022725727E-15));
#4713 = ORIENTED_EDGE('',*,*,#4643,.F.);
#4714 = ORIENTED_EDGE('',*,*,#4715,.F.);
#4715 = EDGE_CURVE('',#4716,#4644,#4718,.T.);
#4716 = VERTEX_POINT('',#4717);
#4717 = CARTESIAN_POINT('',(2.3,3.8,-2.45));
#4718 = LINE('',#4719,#4720);
#4719 = CARTESIAN_POINT('',(2.3,5.3,-2.45));
#4720 = VECTOR('',#4721,1.);
#4721 = DIRECTION('',(3.20236278178E-15,1.,3.369022725727E-15));
#4722 = ORIENTED_EDGE('',*,*,#4723,.T.);
#4723 = EDGE_CURVE('',#4716,#4686,#4724,.T.);
#4724 = LINE('',#4725,#4726);
#4725 = CARTESIAN_POINT('',(2.3,3.8,-2.45));
#4726 = VECTOR('',#4727,1.);
#4727 = DIRECTION('',(4.27569270828E-31,-3.369022725727E-15,1.));
#4728 = PLANE('',#4729);
#4729 = AXIS2_PLACEMENT_3D('',#4730,#4731,#4732);
#4730 = CARTESIAN_POINT('',(2.3,5.3,-2.45));
#4731 = DIRECTION('',(1.,-3.20236278178E-15,-1.121640225867E-29));
#4732 = DIRECTION('',(3.20236278178E-15,1.,3.491483361109E-15));
#4733 = ADVANCED_FACE('',(#4734),#4759,.F.);
#4734 = FACE_BOUND('',#4735,.T.);
#4735 = EDGE_LOOP('',(#4736,#4746,#4752,#4753));
#4736 = ORIENTED_EDGE('',*,*,#4737,.T.);
#4737 = EDGE_CURVE('',#4738,#4740,#4742,.T.);
#4738 = VERTEX_POINT('',#4739);
#4739 = CARTESIAN_POINT('',(-2.3,3.8,-2.45));
#4740 = VERTEX_POINT('',#4741);
#4741 = CARTESIAN_POINT('',(-2.3,3.8,1.25));
#4742 = LINE('',#4743,#4744);
#4743 = CARTESIAN_POINT('',(-2.3,3.8,-2.45));
#4744 = VECTOR('',#4745,1.);
#4745 = DIRECTION('',(4.27569270828E-31,-3.369022725727E-15,1.));
#4746 = ORIENTED_EDGE('',*,*,#4747,.F.);
#4747 = EDGE_CURVE('',#4686,#4740,#4748,.T.);
#4748 = LINE('',#4749,#4750);
#4749 = CARTESIAN_POINT('',(-2.3,3.8,1.25));
#4750 = VECTOR('',#4751,1.);
#4751 = DIRECTION('',(-1.,3.302926461547E-15,1.155304680459E-29));
#4752 = ORIENTED_EDGE('',*,*,#4723,.F.);
#4753 = ORIENTED_EDGE('',*,*,#4754,.F.);
#4754 = EDGE_CURVE('',#4738,#4716,#4755,.T.);
#4755 = LINE('',#4756,#4757);
#4756 = CARTESIAN_POINT('',(-2.3,3.8,-2.45));
#4757 = VECTOR('',#4758,1.);
#4758 = DIRECTION('',(1.,-3.491483361109E-15,-1.21904560609E-29));
#4759 = PLANE('',#4760);
#4760 = AXIS2_PLACEMENT_3D('',#4761,#4762,#4763);
#4761 = CARTESIAN_POINT('',(-2.3,3.8,-2.45));
#4762 = DIRECTION('',(-3.491483361109E-15,-1.,-3.369022725727E-15));
#4763 = DIRECTION('',(4.27569270828E-31,-3.369022725727E-15,1.));
#4764 = ADVANCED_FACE('',(#4765),#4797,.F.);
#4765 = FACE_BOUND('',#4766,.T.);
#4766 = EDGE_LOOP('',(#4767,#4768,#4776,#4782,#4783,#4789,#4790,#4796));
#4767 = ORIENTED_EDGE('',*,*,#4057,.T.);
#4768 = ORIENTED_EDGE('',*,*,#4769,.F.);
#4769 = EDGE_CURVE('',#4770,#4050,#4772,.T.);
#4770 = VERTEX_POINT('',#4771);
#4771 = CARTESIAN_POINT('',(-2.3,3.7,1.25));
#4772 = LINE('',#4773,#4774);
#4773 = CARTESIAN_POINT('',(-2.3,3.7,1.25));
#4774 = VECTOR('',#4775,1.);
#4775 = DIRECTION('',(4.27569270828E-31,-3.369022725727E-15,1.));
#4776 = ORIENTED_EDGE('',*,*,#4777,.F.);
#4777 = EDGE_CURVE('',#4740,#4770,#4778,.T.);
#4778 = LINE('',#4779,#4780);
#4779 = CARTESIAN_POINT('',(-2.3,3.8,1.25));
#4780 = VECTOR('',#4781,1.);
#4781 = DIRECTION('',(-3.491483361109E-15,-1.,-3.369022725727E-15));
#4782 = ORIENTED_EDGE('',*,*,#4737,.F.);
#4783 = ORIENTED_EDGE('',*,*,#4784,.F.);
#4784 = EDGE_CURVE('',#4662,#4738,#4785,.T.);
#4785 = LINE('',#4786,#4787);
#4786 = CARTESIAN_POINT('',(-2.3,5.3,-2.45));
#4787 = VECTOR('',#4788,1.);
#4788 = DIRECTION('',(-3.491483361109E-15,-1.,-3.369022725727E-15));
#4789 = ORIENTED_EDGE('',*,*,#4661,.T.);
#4790 = ORIENTED_EDGE('',*,*,#4791,.F.);
#4791 = EDGE_CURVE('',#3813,#4654,#4792,.T.);
#4792 = LINE('',#4793,#4794);
#4793 = CARTESIAN_POINT('',(-2.3,5.8,1.25));
#4794 = VECTOR('',#4795,1.);
#4795 = DIRECTION('',(-3.09722802566E-15,-1.,-3.369022725727E-15));
#4796 = ORIENTED_EDGE('',*,*,#3812,.T.);
#4797 = PLANE('',#4798);
#4798 = AXIS2_PLACEMENT_3D('',#4799,#4800,#4801);
#4799 = CARTESIAN_POINT('',(-2.3,5.3,-2.45));
#4800 = DIRECTION('',(-1.,3.491483361109E-15,1.21904560609E-29));
#4801 = DIRECTION('',(-3.491483361109E-15,-1.,-3.491483361109E-15));
#4802 = ADVANCED_FACE('',(#4803),#4809,.F.);
#4803 = FACE_BOUND('',#4804,.T.);
#4804 = EDGE_LOOP('',(#4805,#4806,#4807,#4808));
#4805 = ORIENTED_EDGE('',*,*,#4669,.T.);
#4806 = ORIENTED_EDGE('',*,*,#4784,.T.);
#4807 = ORIENTED_EDGE('',*,*,#4754,.T.);
#4808 = ORIENTED_EDGE('',*,*,#4715,.T.);
#4809 = PLANE('',#4810);
#4810 = AXIS2_PLACEMENT_3D('',#4811,#4812,#4813);
#4811 = CARTESIAN_POINT('',(2.3,5.3,-2.45));
#4812 = DIRECTION('',(-4.232557176449E-31,3.369022725727E-15,-1.));
#4813 = DIRECTION('',(-3.491483361109E-15,-1.,-3.369022725727E-15));
#4814 = ADVANCED_FACE('',(#4815),#4821,.F.);
#4815 = FACE_BOUND('',#4816,.T.);
#4816 = EDGE_LOOP('',(#4817,#4818,#4819,#4820));
#4817 = ORIENTED_EDGE('',*,*,#4708,.T.);
#4818 = ORIENTED_EDGE('',*,*,#3820,.T.);
#4819 = ORIENTED_EDGE('',*,*,#4791,.T.);
#4820 = ORIENTED_EDGE('',*,*,#4653,.F.);
#4821 = PLANE('',#4822);
#4822 = AXIS2_PLACEMENT_3D('',#4823,#4824,#4825);
#4823 = CARTESIAN_POINT('',(-2.3,5.8,1.25));
#4824 = DIRECTION('',(-4.254124942365E-31,3.369022725727E-15,-1.));
#4825 = DIRECTION('',(-3.491483361109E-15,-1.,-3.369022725727E-15));
#4826 = ADVANCED_FACE('',(#4827),#4847,.F.);
#4827 = FACE_BOUND('',#4828,.T.);
#4828 = EDGE_LOOP('',(#4829,#4830,#4836,#4837,#4838,#4839,#4840,#4846));
#4829 = ORIENTED_EDGE('',*,*,#4701,.F.);
#4830 = ORIENTED_EDGE('',*,*,#4831,.F.);
#4831 = EDGE_CURVE('',#4296,#4694,#4832,.T.);
#4832 = LINE('',#4833,#4834);
#4833 = CARTESIAN_POINT('',(2.3,3.7,2.75));
#4834 = VECTOR('',#4835,1.);
#4835 = DIRECTION('',(-1.,2.702972690211E-15,9.437384173404E-30));
#4836 = ORIENTED_EDGE('',*,*,#4293,.F.);
#4837 = ORIENTED_EDGE('',*,*,#4350,.F.);
#4838 = ORIENTED_EDGE('',*,*,#4381,.F.);
#4839 = ORIENTED_EDGE('',*,*,#4411,.T.);
#4840 = ORIENTED_EDGE('',*,*,#4841,.T.);
#4841 = EDGE_CURVE('',#4404,#3837,#4842,.T.);
#4842 = LINE('',#4843,#4844);
#4843 = CARTESIAN_POINT('',(3.55,5.8,2.75));
#4844 = VECTOR('',#4845,1.);
#4845 = DIRECTION('',(3.491483361109E-15,1.,3.369022725727E-15));
#4846 = ORIENTED_EDGE('',*,*,#3836,.T.);
#4847 = PLANE('',#4848);
#4848 = AXIS2_PLACEMENT_3D('',#4849,#4850,#4851);
#4849 = CARTESIAN_POINT('',(3.55,5.8,2.75));
#4850 = DIRECTION('',(-4.27569270828E-31,3.369022725727E-15,-1.));
#4851 = DIRECTION('',(-3.491483361109E-15,-1.,-3.369022725727E-15));
#4852 = ADVANCED_FACE('',(#4853),#4859,.F.);
#4853 = FACE_BOUND('',#4854,.T.);
#4854 = EDGE_LOOP('',(#4855,#4856,#4857,#4858));
#4855 = ORIENTED_EDGE('',*,*,#3647,.T.);
#4856 = ORIENTED_EDGE('',*,*,#3844,.F.);
#4857 = ORIENTED_EDGE('',*,*,#4841,.F.);
#4858 = ORIENTED_EDGE('',*,*,#4403,.T.);
#4859 = PLANE('',#4860);
#4860 = AXIS2_PLACEMENT_3D('',#4861,#4862,#4863);
#4861 = CARTESIAN_POINT('',(3.55,5.8,2.75));
#4862 = DIRECTION('',(1.,-3.491483361109E-15,-1.21904560609E-29));
#4863 = DIRECTION('',(3.491483361109E-15,1.,3.491483361109E-15));
#4864 = ADVANCED_FACE('',(#4865),#4871,.F.);
#4865 = FACE_BOUND('',#4866,.T.);
#4866 = EDGE_LOOP('',(#4867,#4868,#4869,#4870));
#4867 = ORIENTED_EDGE('',*,*,#3727,.T.);
#4868 = ORIENTED_EDGE('',*,*,#4184,.F.);
#4869 = ORIENTED_EDGE('',*,*,#4064,.F.);
#4870 = ORIENTED_EDGE('',*,*,#3796,.T.);
#4871 = PLANE('',#4872);
#4872 = AXIS2_PLACEMENT_3D('',#4873,#4874,#4875);
#4873 = CARTESIAN_POINT('',(-3.55,5.8,2.75));
#4874 = DIRECTION('',(-1.,3.491483361109E-15,1.21904560609E-29));
#4875 = DIRECTION('',(-3.491483361109E-15,-1.,-3.491483361109E-15));
#4876 = ADVANCED_FACE('',(#4877),#4897,.F.);
#4877 = FACE_BOUND('',#4878,.T.);
#4878 = EDGE_LOOP('',(#4879,#4880,#4881,#4887,#4888,#4889,#4890,#4896));
#4879 = ORIENTED_EDGE('',*,*,#4747,.T.);
#4880 = ORIENTED_EDGE('',*,*,#4777,.T.);
#4881 = ORIENTED_EDGE('',*,*,#4882,.T.);
#4882 = EDGE_CURVE('',#4770,#4263,#4883,.T.);
#4883 = LINE('',#4884,#4885);
#4884 = CARTESIAN_POINT('',(-2.3,3.7,1.25));
#4885 = VECTOR('',#4886,1.);
#4886 = DIRECTION('',(-1.,3.491483361109E-15,1.21904560609E-29));
#4887 = ORIENTED_EDGE('',*,*,#4262,.T.);
#4888 = ORIENTED_EDGE('',*,*,#3999,.T.);
#4889 = ORIENTED_EDGE('',*,*,#4311,.T.);
#4890 = ORIENTED_EDGE('',*,*,#4891,.T.);
#4891 = EDGE_CURVE('',#4304,#4684,#4892,.T.);
#4892 = LINE('',#4893,#4894);
#4893 = CARTESIAN_POINT('',(2.3,3.7,1.25));
#4894 = VECTOR('',#4895,1.);
#4895 = DIRECTION('',(-1.,2.702972690211E-15,9.437384173404E-30));
#4896 = ORIENTED_EDGE('',*,*,#4683,.T.);
#4897 = PLANE('',#4898);
#4898 = AXIS2_PLACEMENT_3D('',#4899,#4900,#4901);
#4899 = CARTESIAN_POINT('',(-2.3,5.8,1.25));
#4900 = DIRECTION('',(-4.254124942365E-31,3.369022725727E-15,-1.));
#4901 = DIRECTION('',(-3.491483361109E-15,-1.,-3.369022725727E-15));
#4902 = ADVANCED_FACE('',(#4903),#4909,.F.);
#4903 = FACE_BOUND('',#4904,.T.);
#4904 = EDGE_LOOP('',(#4905,#4906,#4907,#4908));
#4905 = ORIENTED_EDGE('',*,*,#4831,.T.);
#4906 = ORIENTED_EDGE('',*,*,#4693,.F.);
#4907 = ORIENTED_EDGE('',*,*,#4891,.F.);
#4908 = ORIENTED_EDGE('',*,*,#4303,.T.);
#4909 = PLANE('',#4910);
#4910 = AXIS2_PLACEMENT_3D('',#4911,#4912,#4913);
#4911 = CARTESIAN_POINT('',(2.3,3.7,1.25));
#4912 = DIRECTION('',(2.702972690211E-15,1.,3.369022725727E-15));
#4913 = DIRECTION('',(-1.,2.702972690211E-15,9.437384173404E-30));
#4914 = ADVANCED_FACE('',(#4915),#4921,.F.);
#4915 = FACE_BOUND('',#4916,.T.);
#4916 = EDGE_LOOP('',(#4917,#4918,#4919,#4920));
#4917 = ORIENTED_EDGE('',*,*,#4049,.T.);
#4918 = ORIENTED_EDGE('',*,*,#4270,.F.);
#4919 = ORIENTED_EDGE('',*,*,#4882,.F.);
#4920 = ORIENTED_EDGE('',*,*,#4769,.T.);
#4921 = PLANE('',#4922);
#4922 = AXIS2_PLACEMENT_3D('',#4923,#4924,#4925);
#4923 = CARTESIAN_POINT('',(-2.3,3.7,1.25));
#4924 = DIRECTION('',(3.491483361109E-15,1.,3.369022725727E-15));
#4925 = DIRECTION('',(-4.27569270828E-31,3.369022725727E-15,-1.));
#4926 = ADVANCED_FACE('',(#4927),#4938,.F.);
#4927 = FACE_BOUND('',#4928,.T.);
#4928 = EDGE_LOOP('',(#4929,#4930,#4931,#4937));
#4929 = ORIENTED_EDGE('',*,*,#3782,.T.);
#4930 = ORIENTED_EDGE('',*,*,#3962,.F.);
#4931 = ORIENTED_EDGE('',*,*,#4932,.F.);
#4932 = EDGE_CURVE('',#3249,#3955,#4933,.T.);
#4933 = LINE('',#4934,#4935);
#4934 = CARTESIAN_POINT('',(-3.85,2.5,-3.75));
#4935 = VECTOR('',#4936,1.);
#4936 = DIRECTION('',(0.,3.491483361109E-15,-1.));
#4937 = ORIENTED_EDGE('',*,*,#3248,.T.);
#4938 = PLANE('',#4939);
#4939 = AXIS2_PLACEMENT_3D('',#4940,#4941,#4942);
#4940 = CARTESIAN_POINT('',(-3.85,2.5,-3.75));
#4941 = DIRECTION('',(1.,-3.491483361109E-15,-1.21904560609E-29));
#4942 = DIRECTION('',(3.491483361109E-15,1.,3.491483361109E-15));
#4943 = ADVANCED_FACE('',(#4944),#4950,.T.);
#4944 = FACE_BOUND('',#4945,.T.);
#4945 = EDGE_LOOP('',(#4946,#4947,#4948,#4949));
#4946 = ORIENTED_EDGE('',*,*,#4112,.T.);
#4947 = ORIENTED_EDGE('',*,*,#3256,.T.);
#4948 = ORIENTED_EDGE('',*,*,#4932,.T.);
#4949 = ORIENTED_EDGE('',*,*,#3954,.T.);
#4950 = PLANE('',#4951);
#4951 = AXIS2_PLACEMENT_3D('',#4952,#4953,#4954);
#4952 = CARTESIAN_POINT('',(-5.25,2.5,-3.45));
#4953 = DIRECTION('',(3.491483361109E-15,1.,3.491483361109E-15));
#4954 = DIRECTION('',(-1.,3.491483361109E-15,1.21904560609E-29));
#4955 = ADVANCED_FACE('',(#4956),#4967,.F.);
#4956 = FACE_BOUND('',#4957,.T.);
#4957 = EDGE_LOOP('',(#4958,#4959,#4960,#4966));
#4958 = ORIENTED_EDGE('',*,*,#3750,.T.);
#4959 = ORIENTED_EDGE('',*,*,#3338,.F.);
#4960 = ORIENTED_EDGE('',*,*,#4961,.F.);
#4961 = EDGE_CURVE('',#3506,#3331,#4962,.T.);
#4962 = LINE('',#4963,#4964);
#4963 = CARTESIAN_POINT('',(-3.85,3.221988648106E-14,-1.8));
#4964 = VECTOR('',#4965,1.);
#4965 = DIRECTION('',(3.491483361109E-15,1.,3.369022725727E-15));
#4966 = ORIENTED_EDGE('',*,*,#3505,.T.);
#4967 = PLANE('',#4968);
#4968 = AXIS2_PLACEMENT_3D('',#4969,#4970,#4971);
#4969 = CARTESIAN_POINT('',(-3.85,3.221988648106E-14,-1.8));
#4970 = DIRECTION('',(1.,-3.491483361109E-15,-1.21904560609E-29));
#4971 = DIRECTION('',(3.491483361109E-15,1.,3.491483361109E-15));
#4972 = ADVANCED_FACE('',(#4973),#4979,.T.);
#4973 = FACE_BOUND('',#4974,.T.);
#4974 = EDGE_LOOP('',(#4975,#4976,#4977,#4978));
#4975 = ORIENTED_EDGE('',*,*,#3513,.T.);
#4976 = ORIENTED_EDGE('',*,*,#4961,.T.);
#4977 = ORIENTED_EDGE('',*,*,#3330,.T.);
#4978 = ORIENTED_EDGE('',*,*,#4102,.T.);
#4979 = PLANE('',#4980);
#4980 = AXIS2_PLACEMENT_3D('',#4981,#4982,#4983);
#4981 = CARTESIAN_POINT('',(-3.85,3.221988648106E-14,-1.8));
#4982 = DIRECTION('',(4.27569270828E-31,-3.369022725727E-15,1.));
#4983 = DIRECTION('',(3.491483361109E-15,1.,3.369022725727E-15));
#4984 = ADVANCED_FACE('',(#4985),#4996,.T.);
#4985 = FACE_BOUND('',#4986,.T.);
#4986 = EDGE_LOOP('',(#4987,#4988,#4989,#4995));
#4987 = ORIENTED_EDGE('',*,*,#3766,.F.);
#4988 = ORIENTED_EDGE('',*,*,#3116,.F.);
#4989 = ORIENTED_EDGE('',*,*,#4990,.T.);
#4990 = EDGE_CURVE('',#3109,#3970,#4991,.T.);
#4991 = LINE('',#4992,#4993);
#4992 = CARTESIAN_POINT('',(3.85,2.5,-3.75));
#4993 = VECTOR('',#4994,1.);
#4994 = DIRECTION('',(0.,3.491483361109E-15,-1.));
#4995 = ORIENTED_EDGE('',*,*,#3969,.T.);
#4996 = PLANE('',#4997);
#4997 = AXIS2_PLACEMENT_3D('',#4998,#4999,#5000);
#4998 = CARTESIAN_POINT('',(3.85,2.5,-3.75));
#4999 = DIRECTION('',(1.,-3.491483361109E-15,-1.21904560609E-29));
#5000 = DIRECTION('',(3.491483361109E-15,1.,3.491483361109E-15));
#5001 = ADVANCED_FACE('',(#5002),#5008,.T.);
#5002 = FACE_BOUND('',#5003,.T.);
#5003 = EDGE_LOOP('',(#5004,#5005,#5006,#5007));
#5004 = ORIENTED_EDGE('',*,*,#3419,.F.);
#5005 = ORIENTED_EDGE('',*,*,#3977,.F.);
#5006 = ORIENTED_EDGE('',*,*,#4990,.F.);
#5007 = ORIENTED_EDGE('',*,*,#3108,.F.);
#5008 = PLANE('',#5009);
#5009 = AXIS2_PLACEMENT_3D('',#5010,#5011,#5012);
#5010 = CARTESIAN_POINT('',(5.25,2.5,-3.45));
#5011 = DIRECTION('',(3.491483361109E-15,1.,3.491483361109E-15));
#5012 = DIRECTION('',(1.,-3.491483361109E-15,-1.21904560609E-29));
#5013 = ADVANCED_FACE('',(#5014),#5025,.T.);
#5014 = FACE_BOUND('',#5015,.T.);
#5015 = EDGE_LOOP('',(#5016,#5017,#5018,#5024));
#5016 = ORIENTED_EDGE('',*,*,#3631,.F.);
#5017 = ORIENTED_EDGE('',*,*,#3489,.F.);
#5018 = ORIENTED_EDGE('',*,*,#5019,.T.);
#5019 = EDGE_CURVE('',#3482,#3175,#5020,.T.);
#5020 = LINE('',#5021,#5022);
#5021 = CARTESIAN_POINT('',(3.85,5.335464600513E-15,-1.8));
#5022 = VECTOR('',#5023,1.);
#5023 = DIRECTION('',(3.491483361109E-15,1.,3.369022725727E-15));
#5024 = ORIENTED_EDGE('',*,*,#3174,.T.);
#5025 = PLANE('',#5026);
#5026 = AXIS2_PLACEMENT_3D('',#5027,#5028,#5029);
#5027 = CARTESIAN_POINT('',(3.85,5.335464600513E-15,-1.8));
#5028 = DIRECTION('',(1.,-3.491483361109E-15,-1.21904560609E-29));
#5029 = DIRECTION('',(3.491483361109E-15,1.,3.491483361109E-15));
#5030 = ADVANCED_FACE('',(#5031),#5037,.T.);
#5031 = FACE_BOUND('',#5032,.T.);
#5032 = EDGE_LOOP('',(#5033,#5034,#5035,#5036));
#5033 = ORIENTED_EDGE('',*,*,#3481,.F.);
#5034 = ORIENTED_EDGE('',*,*,#3395,.F.);
#5035 = ORIENTED_EDGE('',*,*,#3182,.F.);
#5036 = ORIENTED_EDGE('',*,*,#5019,.F.);
#5037 = PLANE('',#5038);
#5038 = AXIS2_PLACEMENT_3D('',#5039,#5040,#5041);
#5039 = CARTESIAN_POINT('',(3.85,5.335464600513E-15,-1.8));
#5040 = DIRECTION('',(4.27569270828E-31,-3.369022725727E-15,1.));
#5041 = DIRECTION('',(3.491483361109E-15,1.,3.369022725727E-15));
#5042 = ADVANCED_FACE('',(#5043),#5068,.F.);
#5043 = FACE_BOUND('',#5044,.T.);
#5044 = EDGE_LOOP('',(#5045,#5053,#5061,#5067));
#5045 = ORIENTED_EDGE('',*,*,#5046,.T.);
#5046 = EDGE_CURVE('',#3924,#5047,#5049,.T.);
#5047 = VERTEX_POINT('',#5048);
#5048 = CARTESIAN_POINT('',(-2.1,0.4,-4.95));
#5049 = LINE('',#5050,#5051);
#5050 = CARTESIAN_POINT('',(-2.1,0.4,-4.95));
#5051 = VECTOR('',#5052,1.);
#5052 = DIRECTION('',(0.,3.491483361109E-15,-1.));
#5053 = ORIENTED_EDGE('',*,*,#5054,.F.);
#5054 = EDGE_CURVE('',#5055,#5047,#5057,.T.);
#5055 = VERTEX_POINT('',#5056);
#5056 = CARTESIAN_POINT('',(-2.4,0.4,-4.95));
#5057 = LINE('',#5058,#5059);
#5058 = CARTESIAN_POINT('',(-2.4,0.4,-4.95));
#5059 = VECTOR('',#5060,1.);
#5060 = DIRECTION('',(1.,-3.491483361109E-15,-1.21904560609E-29));
#5061 = ORIENTED_EDGE('',*,*,#5062,.F.);
#5062 = EDGE_CURVE('',#3932,#5055,#5063,.T.);
#5063 = LINE('',#5064,#5065);
#5064 = CARTESIAN_POINT('',(-2.4,0.4,-4.95));
#5065 = VECTOR('',#5066,1.);
#5066 = DIRECTION('',(0.,3.491483361109E-15,-1.));
#5067 = ORIENTED_EDGE('',*,*,#3931,.T.);
#5068 = PLANE('',#5069);
#5069 = AXIS2_PLACEMENT_3D('',#5070,#5071,#5072);
#5070 = CARTESIAN_POINT('',(-2.4,0.4,-4.95));
#5071 = DIRECTION('',(-3.491483361109E-15,-1.,-3.491483361109E-15));
#5072 = DIRECTION('',(1.,-3.491483361109E-15,-1.21904560609E-29));
#5073 = ADVANCED_FACE('',(#5074),#5099,.F.);
#5074 = FACE_BOUND('',#5075,.T.);
#5075 = EDGE_LOOP('',(#5076,#5084,#5092,#5098));
#5076 = ORIENTED_EDGE('',*,*,#5077,.T.);
#5077 = EDGE_CURVE('',#5047,#5078,#5080,.T.);
#5078 = VERTEX_POINT('',#5079);
#5079 = CARTESIAN_POINT('',(-2.1,-9.999999999996E-02,-4.95));
#5080 = LINE('',#5081,#5082);
#5081 = CARTESIAN_POINT('',(-2.1,-9.999999999996E-02,-4.95));
#5082 = VECTOR('',#5083,1.);
#5083 = DIRECTION('',(-3.491483361109E-15,-1.,-3.491483361109E-15));
#5084 = ORIENTED_EDGE('',*,*,#5085,.F.);
#5085 = EDGE_CURVE('',#5086,#5078,#5088,.T.);
#5086 = VERTEX_POINT('',#5087);
#5087 = CARTESIAN_POINT('',(-2.4,-9.999999999996E-02,-4.95));
#5088 = LINE('',#5089,#5090);
#5089 = CARTESIAN_POINT('',(-2.4,-9.999999999996E-02,-4.95));
#5090 = VECTOR('',#5091,1.);
#5091 = DIRECTION('',(1.,-3.491483361109E-15,-1.21904560609E-29));
#5092 = ORIENTED_EDGE('',*,*,#5093,.F.);
#5093 = EDGE_CURVE('',#5055,#5086,#5094,.T.);
#5094 = LINE('',#5095,#5096);
#5095 = CARTESIAN_POINT('',(-2.4,-9.999999999996E-02,-4.95));
#5096 = VECTOR('',#5097,1.);
#5097 = DIRECTION('',(-3.491483361109E-15,-1.,-3.491483361109E-15));
#5098 = ORIENTED_EDGE('',*,*,#5054,.T.);
#5099 = PLANE('',#5100);
#5100 = AXIS2_PLACEMENT_3D('',#5101,#5102,#5103);
#5101 = CARTESIAN_POINT('',(-2.4,-9.999999999996E-02,-4.95));
#5102 = DIRECTION('',(0.,-3.491483361109E-15,1.));
#5103 = DIRECTION('',(-1.,3.491483361109E-15,1.21904560609E-29));
#5104 = ADVANCED_FACE('',(#5105),#5130,.F.);
#5105 = FACE_BOUND('',#5106,.T.);
#5106 = EDGE_LOOP('',(#5107,#5115,#5123,#5129));
#5107 = ORIENTED_EDGE('',*,*,#5108,.T.);
#5108 = EDGE_CURVE('',#5078,#5109,#5111,.T.);
#5109 = VERTEX_POINT('',#5110);
#5110 = CARTESIAN_POINT('',(-2.1,-9.999999999997E-02,-3.35));
#5111 = LINE('',#5112,#5113);
#5112 = CARTESIAN_POINT('',(-2.1,-9.999999999997E-02,-3.35));
#5113 = VECTOR('',#5114,1.);
#5114 = DIRECTION('',(4.73184230664E-31,-3.355958089549E-15,1.));
#5115 = ORIENTED_EDGE('',*,*,#5116,.F.);
#5116 = EDGE_CURVE('',#5117,#5109,#5119,.T.);
#5117 = VERTEX_POINT('',#5118);
#5118 = CARTESIAN_POINT('',(-2.4,-9.999999999997E-02,-3.35));
#5119 = LINE('',#5120,#5121);
#5120 = CARTESIAN_POINT('',(-2.4,-9.999999999997E-02,-3.35));
#5121 = VECTOR('',#5122,1.);
#5122 = DIRECTION('',(1.,-3.491483361109E-15,-1.21904560609E-29));
#5123 = ORIENTED_EDGE('',*,*,#5124,.F.);
#5124 = EDGE_CURVE('',#5086,#5117,#5125,.T.);
#5125 = LINE('',#5126,#5127);
#5126 = CARTESIAN_POINT('',(-2.4,-9.999999999997E-02,-3.35));
#5127 = VECTOR('',#5128,1.);
#5128 = DIRECTION('',(4.73184230664E-31,-3.355958089549E-15,1.));
#5129 = ORIENTED_EDGE('',*,*,#5085,.T.);
#5130 = PLANE('',#5131);
#5131 = AXIS2_PLACEMENT_3D('',#5132,#5133,#5134);
#5132 = CARTESIAN_POINT('',(-2.4,-9.999999999997E-02,-3.35));
#5133 = DIRECTION('',(3.491483361109E-15,1.,3.355958089549E-15));
#5134 = DIRECTION('',(-4.73184230664E-31,3.355958089549E-15,-1.));
#5135 = ADVANCED_FACE('',(#5136),#5152,.F.);
#5136 = FACE_BOUND('',#5137,.T.);
#5137 = EDGE_LOOP('',(#5138,#5144,#5145,#5151));
#5138 = ORIENTED_EDGE('',*,*,#5139,.T.);
#5139 = EDGE_CURVE('',#5109,#3546,#5140,.T.);
#5140 = LINE('',#5141,#5142);
#5141 = CARTESIAN_POINT('',(-2.1,3.120319215684E-14,-3.35));
#5142 = VECTOR('',#5143,1.);
#5143 = DIRECTION('',(3.491483361109E-15,1.,2.083871812088E-14));
#5144 = ORIENTED_EDGE('',*,*,#3545,.F.);
#5145 = ORIENTED_EDGE('',*,*,#5146,.F.);
#5146 = EDGE_CURVE('',#5117,#3538,#5147,.T.);
#5147 = LINE('',#5148,#5149);
#5148 = CARTESIAN_POINT('',(-2.4,3.225063716517E-14,-3.35));
#5149 = VECTOR('',#5150,1.);
#5150 = DIRECTION('',(3.491483361109E-15,1.,2.083871812088E-14));
#5151 = ORIENTED_EDGE('',*,*,#5116,.T.);
#5152 = PLANE('',#5153);
#5153 = AXIS2_PLACEMENT_3D('',#5154,#5155,#5156);
#5154 = CARTESIAN_POINT('',(-2.4,3.225063716517E-14,-3.35));
#5155 = DIRECTION('',(6.056758152499E-29,2.083871812088E-14,-1.));
#5156 = DIRECTION('',(-3.491483361109E-15,-1.,-2.083871812088E-14));
#5157 = ADVANCED_FACE('',(#5158),#5166,.T.);
#5158 = FACE_BOUND('',#5159,.T.);
#5159 = EDGE_LOOP('',(#5160,#5161,#5162,#5163,#5164,#5165));
#5160 = ORIENTED_EDGE('',*,*,#3939,.T.);
#5161 = ORIENTED_EDGE('',*,*,#5062,.T.);
#5162 = ORIENTED_EDGE('',*,*,#5093,.T.);
#5163 = ORIENTED_EDGE('',*,*,#5124,.T.);
#5164 = ORIENTED_EDGE('',*,*,#5146,.T.);
#5165 = ORIENTED_EDGE('',*,*,#3537,.T.);
#5166 = PLANE('',#5167);
#5167 = AXIS2_PLACEMENT_3D('',#5168,#5169,#5170);
#5168 = CARTESIAN_POINT('',(-2.4,3.364723050962E-14,-3.75));
#5169 = DIRECTION('',(-1.,3.491483361109E-15,1.21904560609E-29));
#5170 = DIRECTION('',(-3.491483361109E-15,-1.,-3.491483361109E-15));
#5171 = ADVANCED_FACE('',(#5172),#5180,.F.);
#5172 = FACE_BOUND('',#5173,.T.);
#5173 = EDGE_LOOP('',(#5174,#5175,#5176,#5177,#5178,#5179));
#5174 = ORIENTED_EDGE('',*,*,#3923,.F.);
#5175 = ORIENTED_EDGE('',*,*,#3553,.F.);
#5176 = ORIENTED_EDGE('',*,*,#5139,.F.);
#5177 = ORIENTED_EDGE('',*,*,#5108,.F.);
#5178 = ORIENTED_EDGE('',*,*,#5077,.F.);
#5179 = ORIENTED_EDGE('',*,*,#5046,.F.);
#5180 = PLANE('',#5181);
#5181 = AXIS2_PLACEMENT_3D('',#5182,#5183,#5184);
#5182 = CARTESIAN_POINT('',(-2.1,3.259978550128E-14,-3.75));
#5183 = DIRECTION('',(-1.,3.491483361109E-15,1.21904560609E-29));
#5184 = DIRECTION('',(-3.491483361109E-15,-1.,-3.491483361109E-15));
#5185 = ADVANCED_FACE('',(#5186),#5211,.F.);
#5186 = FACE_BOUND('',#5187,.T.);
#5187 = EDGE_LOOP('',(#5188,#5196,#5204,#5210));
#5188 = ORIENTED_EDGE('',*,*,#5189,.T.);
#5189 = EDGE_CURVE('',#3901,#5190,#5192,.T.);
#5190 = VERTEX_POINT('',#5191);
#5191 = CARTESIAN_POINT('',(-0.6,0.4,-4.95));
#5192 = LINE('',#5193,#5194);
#5193 = CARTESIAN_POINT('',(-0.6,0.4,-4.95));
#5194 = VECTOR('',#5195,1.);
#5195 = DIRECTION('',(0.,3.491483361109E-15,-1.));
#5196 = ORIENTED_EDGE('',*,*,#5197,.F.);
#5197 = EDGE_CURVE('',#5198,#5190,#5200,.T.);
#5198 = VERTEX_POINT('',#5199);
#5199 = CARTESIAN_POINT('',(-0.9,0.4,-4.95));
#5200 = LINE('',#5201,#5202);
#5201 = CARTESIAN_POINT('',(-0.9,0.4,-4.95));
#5202 = VECTOR('',#5203,1.);
#5203 = DIRECTION('',(1.,-3.491483361109E-15,-1.21904560609E-29));
#5204 = ORIENTED_EDGE('',*,*,#5205,.F.);
#5205 = EDGE_CURVE('',#3909,#5198,#5206,.T.);
#5206 = LINE('',#5207,#5208);
#5207 = CARTESIAN_POINT('',(-0.9,0.4,-4.95));
#5208 = VECTOR('',#5209,1.);
#5209 = DIRECTION('',(0.,3.491483361109E-15,-1.));
#5210 = ORIENTED_EDGE('',*,*,#3908,.T.);
#5211 = PLANE('',#5212);
#5212 = AXIS2_PLACEMENT_3D('',#5213,#5214,#5215);
#5213 = CARTESIAN_POINT('',(-0.9,0.4,-4.95));
#5214 = DIRECTION('',(-3.491483361109E-15,-1.,-3.491483361109E-15));
#5215 = DIRECTION('',(1.,-3.491483361109E-15,-1.21904560609E-29));
#5216 = ADVANCED_FACE('',(#5217),#5242,.F.);
#5217 = FACE_BOUND('',#5218,.T.);
#5218 = EDGE_LOOP('',(#5219,#5227,#5235,#5241));
#5219 = ORIENTED_EDGE('',*,*,#5220,.T.);
#5220 = EDGE_CURVE('',#5190,#5221,#5223,.T.);
#5221 = VERTEX_POINT('',#5222);
#5222 = CARTESIAN_POINT('',(-0.6,-9.999999999997E-02,-4.95));
#5223 = LINE('',#5224,#5225);
#5224 = CARTESIAN_POINT('',(-0.6,-9.999999999997E-02,-4.95));
#5225 = VECTOR('',#5226,1.);
#5226 = DIRECTION('',(-3.491483361109E-15,-1.,-3.491483361109E-15));
#5227 = ORIENTED_EDGE('',*,*,#5228,.F.);
#5228 = EDGE_CURVE('',#5229,#5221,#5231,.T.);
#5229 = VERTEX_POINT('',#5230);
#5230 = CARTESIAN_POINT('',(-0.9,-9.999999999997E-02,-4.95));
#5231 = LINE('',#5232,#5233);
#5232 = CARTESIAN_POINT('',(-0.9,-9.999999999997E-02,-4.95));
#5233 = VECTOR('',#5234,1.);
#5234 = DIRECTION('',(1.,-3.491483361109E-15,-1.21904560609E-29));
#5235 = ORIENTED_EDGE('',*,*,#5236,.F.);
#5236 = EDGE_CURVE('',#5198,#5229,#5237,.T.);
#5237 = LINE('',#5238,#5239);
#5238 = CARTESIAN_POINT('',(-0.9,-9.999999999997E-02,-4.95));
#5239 = VECTOR('',#5240,1.);
#5240 = DIRECTION('',(-3.491483361109E-15,-1.,-3.491483361109E-15));
#5241 = ORIENTED_EDGE('',*,*,#5197,.T.);
#5242 = PLANE('',#5243);
#5243 = AXIS2_PLACEMENT_3D('',#5244,#5245,#5246);
#5244 = CARTESIAN_POINT('',(-0.9,-9.999999999997E-02,-4.95));
#5245 = DIRECTION('',(0.,-3.491483361109E-15,1.));
#5246 = DIRECTION('',(-1.,3.491483361109E-15,1.21904560609E-29));
#5247 = ADVANCED_FACE('',(#5248),#5273,.F.);
#5248 = FACE_BOUND('',#5249,.T.);
#5249 = EDGE_LOOP('',(#5250,#5258,#5266,#5272));
#5250 = ORIENTED_EDGE('',*,*,#5251,.T.);
#5251 = EDGE_CURVE('',#5221,#5252,#5254,.T.);
#5252 = VERTEX_POINT('',#5253);
#5253 = CARTESIAN_POINT('',(-0.6,-9.999999999997E-02,-3.35));
#5254 = LINE('',#5255,#5256);
#5255 = CARTESIAN_POINT('',(-0.6,-9.999999999997E-02,-3.35));
#5256 = VECTOR('',#5257,1.);
#5257 = DIRECTION('',(4.73184230664E-31,-3.355958089549E-15,1.));
#5258 = ORIENTED_EDGE('',*,*,#5259,.F.);
#5259 = EDGE_CURVE('',#5260,#5252,#5262,.T.);
#5260 = VERTEX_POINT('',#5261);
#5261 = CARTESIAN_POINT('',(-0.9,-9.999999999997E-02,-3.35));
#5262 = LINE('',#5263,#5264);
#5263 = CARTESIAN_POINT('',(-0.9,-9.999999999997E-02,-3.35));
#5264 = VECTOR('',#5265,1.);
#5265 = DIRECTION('',(1.,-3.491483361109E-15,-1.21904560609E-29));
#5266 = ORIENTED_EDGE('',*,*,#5267,.F.);
#5267 = EDGE_CURVE('',#5229,#5260,#5268,.T.);
#5268 = LINE('',#5269,#5270);
#5269 = CARTESIAN_POINT('',(-0.9,-9.999999999997E-02,-3.35));
#5270 = VECTOR('',#5271,1.);
#5271 = DIRECTION('',(4.73184230664E-31,-3.355958089549E-15,1.));
#5272 = ORIENTED_EDGE('',*,*,#5228,.T.);
#5273 = PLANE('',#5274);
#5274 = AXIS2_PLACEMENT_3D('',#5275,#5276,#5277);
#5275 = CARTESIAN_POINT('',(-0.9,-9.999999999997E-02,-3.35));
#5276 = DIRECTION('',(3.491483361109E-15,1.,3.355958089549E-15));
#5277 = DIRECTION('',(-4.73184230664E-31,3.355958089549E-15,-1.));
#5278 = ADVANCED_FACE('',(#5279),#5295,.F.);
#5279 = FACE_BOUND('',#5280,.T.);
#5280 = EDGE_LOOP('',(#5281,#5287,#5288,#5294));
#5281 = ORIENTED_EDGE('',*,*,#5282,.T.);
#5282 = EDGE_CURVE('',#5252,#3578,#5283,.T.);
#5283 = LINE('',#5284,#5285);
#5284 = CARTESIAN_POINT('',(-0.6,2.596596711518E-14,-3.35));
#5285 = VECTOR('',#5286,1.);
#5286 = DIRECTION('',(3.491483361109E-15,1.,2.083871812088E-14));
#5287 = ORIENTED_EDGE('',*,*,#3577,.F.);
#5288 = ORIENTED_EDGE('',*,*,#5289,.F.);
#5289 = EDGE_CURVE('',#5260,#3570,#5290,.T.);
#5290 = LINE('',#5291,#5292);
#5291 = CARTESIAN_POINT('',(-0.9,2.701341212351E-14,-3.35));
#5292 = VECTOR('',#5293,1.);
#5293 = DIRECTION('',(3.491483361109E-15,1.,2.083871812088E-14));
#5294 = ORIENTED_EDGE('',*,*,#5259,.T.);
#5295 = PLANE('',#5296);
#5296 = AXIS2_PLACEMENT_3D('',#5297,#5298,#5299);
#5297 = CARTESIAN_POINT('',(-0.9,2.701341212351E-14,-3.35));
#5298 = DIRECTION('',(6.056758152499E-29,2.083871812088E-14,-1.));
#5299 = DIRECTION('',(-3.491483361109E-15,-1.,-2.083871812088E-14));
#5300 = ADVANCED_FACE('',(#5301),#5309,.T.);
#5301 = FACE_BOUND('',#5302,.T.);
#5302 = EDGE_LOOP('',(#5303,#5304,#5305,#5306,#5307,#5308));
#5303 = ORIENTED_EDGE('',*,*,#3916,.T.);
#5304 = ORIENTED_EDGE('',*,*,#5205,.T.);
#5305 = ORIENTED_EDGE('',*,*,#5236,.T.);
#5306 = ORIENTED_EDGE('',*,*,#5267,.T.);
#5307 = ORIENTED_EDGE('',*,*,#5289,.T.);
#5308 = ORIENTED_EDGE('',*,*,#3569,.T.);
#5309 = PLANE('',#5310);
#5310 = AXIS2_PLACEMENT_3D('',#5311,#5312,#5313);
#5311 = CARTESIAN_POINT('',(-0.9,2.841000546795E-14,-3.75));
#5312 = DIRECTION('',(-1.,3.491483361109E-15,1.21904560609E-29));
#5313 = DIRECTION('',(-3.491483361109E-15,-1.,-3.491483361109E-15));
#5314 = ADVANCED_FACE('',(#5315),#5323,.F.);
#5315 = FACE_BOUND('',#5316,.T.);
#5316 = EDGE_LOOP('',(#5317,#5318,#5319,#5320,#5321,#5322));
#5317 = ORIENTED_EDGE('',*,*,#3900,.F.);
#5318 = ORIENTED_EDGE('',*,*,#3585,.F.);
#5319 = ORIENTED_EDGE('',*,*,#5282,.F.);
#5320 = ORIENTED_EDGE('',*,*,#5251,.F.);
#5321 = ORIENTED_EDGE('',*,*,#5220,.F.);
#5322 = ORIENTED_EDGE('',*,*,#5189,.F.);
#5323 = PLANE('',#5324);
#5324 = AXIS2_PLACEMENT_3D('',#5325,#5326,#5327);
#5325 = CARTESIAN_POINT('',(-0.6,2.736256045962E-14,-3.75));
#5326 = DIRECTION('',(-1.,3.491483361109E-15,1.21904560609E-29));
#5327 = DIRECTION('',(-3.491483361109E-15,-1.,-3.491483361109E-15));
#5328 = ADVANCED_FACE('',(#5329),#5354,.F.);
#5329 = FACE_BOUND('',#5330,.T.);
#5330 = EDGE_LOOP('',(#5331,#5339,#5347,#5353));
#5331 = ORIENTED_EDGE('',*,*,#5332,.T.);
#5332 = EDGE_CURVE('',#3878,#5333,#5335,.T.);
#5333 = VERTEX_POINT('',#5334);
#5334 = CARTESIAN_POINT('',(0.9,0.4,-4.95));
#5335 = LINE('',#5336,#5337);
#5336 = CARTESIAN_POINT('',(0.9,0.4,-4.95));
#5337 = VECTOR('',#5338,1.);
#5338 = DIRECTION('',(0.,3.491483361109E-15,-1.));
#5339 = ORIENTED_EDGE('',*,*,#5340,.F.);
#5340 = EDGE_CURVE('',#5341,#5333,#5343,.T.);
#5341 = VERTEX_POINT('',#5342);
#5342 = CARTESIAN_POINT('',(0.6,0.4,-4.95));
#5343 = LINE('',#5344,#5345);
#5344 = CARTESIAN_POINT('',(0.6,0.4,-4.95));
#5345 = VECTOR('',#5346,1.);
#5346 = DIRECTION('',(1.,-3.491483361109E-15,-1.21904560609E-29));
#5347 = ORIENTED_EDGE('',*,*,#5348,.F.);
#5348 = EDGE_CURVE('',#3886,#5341,#5349,.T.);
#5349 = LINE('',#5350,#5351);
#5350 = CARTESIAN_POINT('',(0.6,0.4,-4.95));
#5351 = VECTOR('',#5352,1.);
#5352 = DIRECTION('',(0.,3.491483361109E-15,-1.));
#5353 = ORIENTED_EDGE('',*,*,#3885,.T.);
#5354 = PLANE('',#5355);
#5355 = AXIS2_PLACEMENT_3D('',#5356,#5357,#5358);
#5356 = CARTESIAN_POINT('',(0.6,0.4,-4.95));
#5357 = DIRECTION('',(-3.491483361109E-15,-1.,-3.491483361109E-15));
#5358 = DIRECTION('',(1.,-3.491483361109E-15,-1.21904560609E-29));
#5359 = ADVANCED_FACE('',(#5360),#5385,.F.);
#5360 = FACE_BOUND('',#5361,.T.);
#5361 = EDGE_LOOP('',(#5362,#5370,#5378,#5384));
#5362 = ORIENTED_EDGE('',*,*,#5363,.T.);
#5363 = EDGE_CURVE('',#5333,#5364,#5366,.T.);
#5364 = VERTEX_POINT('',#5365);
#5365 = CARTESIAN_POINT('',(0.9,-9.999999999997E-02,-4.95));
#5366 = LINE('',#5367,#5368);
#5367 = CARTESIAN_POINT('',(0.9,-9.999999999997E-02,-4.95));
#5368 = VECTOR('',#5369,1.);
#5369 = DIRECTION('',(-3.491483361109E-15,-1.,-3.491483361109E-15));
#5370 = ORIENTED_EDGE('',*,*,#5371,.F.);
#5371 = EDGE_CURVE('',#5372,#5364,#5374,.T.);
#5372 = VERTEX_POINT('',#5373);
#5373 = CARTESIAN_POINT('',(0.6,-9.999999999997E-02,-4.95));
#5374 = LINE('',#5375,#5376);
#5375 = CARTESIAN_POINT('',(0.6,-9.999999999997E-02,-4.95));
#5376 = VECTOR('',#5377,1.);
#5377 = DIRECTION('',(1.,-3.491483361109E-15,-1.21904560609E-29));
#5378 = ORIENTED_EDGE('',*,*,#5379,.F.);
#5379 = EDGE_CURVE('',#5341,#5372,#5380,.T.);
#5380 = LINE('',#5381,#5382);
#5381 = CARTESIAN_POINT('',(0.6,-9.999999999997E-02,-4.95));
#5382 = VECTOR('',#5383,1.);
#5383 = DIRECTION('',(-3.491483361109E-15,-1.,-3.491483361109E-15));
#5384 = ORIENTED_EDGE('',*,*,#5340,.T.);
#5385 = PLANE('',#5386);
#5386 = AXIS2_PLACEMENT_3D('',#5387,#5388,#5389);
#5387 = CARTESIAN_POINT('',(0.6,-9.999999999997E-02,-4.95));
#5388 = DIRECTION('',(0.,-3.491483361109E-15,1.));
#5389 = DIRECTION('',(-1.,3.491483361109E-15,1.21904560609E-29));
#5390 = ADVANCED_FACE('',(#5391),#5416,.F.);
#5391 = FACE_BOUND('',#5392,.T.);
#5392 = EDGE_LOOP('',(#5393,#5401,#5409,#5415));
#5393 = ORIENTED_EDGE('',*,*,#5394,.T.);
#5394 = EDGE_CURVE('',#5364,#5395,#5397,.T.);
#5395 = VERTEX_POINT('',#5396);
#5396 = CARTESIAN_POINT('',(0.9,-9.999999999998E-02,-3.35));
#5397 = LINE('',#5398,#5399);
#5398 = CARTESIAN_POINT('',(0.9,-9.999999999998E-02,-3.35));
#5399 = VECTOR('',#5400,1.);
#5400 = DIRECTION('',(4.73184230664E-31,-3.355958089549E-15,1.));
#5401 = ORIENTED_EDGE('',*,*,#5402,.F.);
#5402 = EDGE_CURVE('',#5403,#5395,#5405,.T.);
#5403 = VERTEX_POINT('',#5404);
#5404 = CARTESIAN_POINT('',(0.6,-9.999999999998E-02,-3.35));
#5405 = LINE('',#5406,#5407);
#5406 = CARTESIAN_POINT('',(0.6,-9.999999999998E-02,-3.35));
#5407 = VECTOR('',#5408,1.);
#5408 = DIRECTION('',(1.,-3.491483361109E-15,-1.21904560609E-29));
#5409 = ORIENTED_EDGE('',*,*,#5410,.F.);
#5410 = EDGE_CURVE('',#5372,#5403,#5411,.T.);
#5411 = LINE('',#5412,#5413);
#5412 = CARTESIAN_POINT('',(0.6,-9.999999999998E-02,-3.35));
#5413 = VECTOR('',#5414,1.);
#5414 = DIRECTION('',(4.73184230664E-31,-3.355958089549E-15,1.));
#5415 = ORIENTED_EDGE('',*,*,#5371,.T.);
#5416 = PLANE('',#5417);
#5417 = AXIS2_PLACEMENT_3D('',#5418,#5419,#5420);
#5418 = CARTESIAN_POINT('',(0.6,-9.999999999998E-02,-3.35));
#5419 = DIRECTION('',(3.491483361109E-15,1.,3.355958089549E-15));
#5420 = DIRECTION('',(-4.73184230664E-31,3.355958089549E-15,-1.));
#5421 = ADVANCED_FACE('',(#5422),#5438,.F.);
#5422 = FACE_BOUND('',#5423,.T.);
#5423 = EDGE_LOOP('',(#5424,#5430,#5431,#5437));
#5424 = ORIENTED_EDGE('',*,*,#5425,.T.);
#5425 = EDGE_CURVE('',#5395,#3610,#5426,.T.);
#5426 = LINE('',#5427,#5428);
#5427 = CARTESIAN_POINT('',(0.9,2.072874207351E-14,-3.35));
#5428 = VECTOR('',#5429,1.);
#5429 = DIRECTION('',(3.491483361109E-15,1.,2.083871812088E-14));
#5430 = ORIENTED_EDGE('',*,*,#3609,.F.);
#5431 = ORIENTED_EDGE('',*,*,#5432,.F.);
#5432 = EDGE_CURVE('',#5403,#3602,#5433,.T.);
#5433 = LINE('',#5434,#5435);
#5434 = CARTESIAN_POINT('',(0.6,2.177618708184E-14,-3.35));
#5435 = VECTOR('',#5436,1.);
#5436 = DIRECTION('',(3.491483361109E-15,1.,2.083871812088E-14));
#5437 = ORIENTED_EDGE('',*,*,#5402,.T.);
#5438 = PLANE('',#5439);
#5439 = AXIS2_PLACEMENT_3D('',#5440,#5441,#5442);
#5440 = CARTESIAN_POINT('',(0.6,2.177618708184E-14,-3.35));
#5441 = DIRECTION('',(6.056758152499E-29,2.083871812088E-14,-1.));
#5442 = DIRECTION('',(-3.491483361109E-15,-1.,-2.083871812088E-14));
#5443 = ADVANCED_FACE('',(#5444),#5452,.T.);
#5444 = FACE_BOUND('',#5445,.T.);
#5445 = EDGE_LOOP('',(#5446,#5447,#5448,#5449,#5450,#5451));
#5446 = ORIENTED_EDGE('',*,*,#3893,.T.);
#5447 = ORIENTED_EDGE('',*,*,#5348,.T.);
#5448 = ORIENTED_EDGE('',*,*,#5379,.T.);
#5449 = ORIENTED_EDGE('',*,*,#5410,.T.);
#5450 = ORIENTED_EDGE('',*,*,#5432,.T.);
#5451 = ORIENTED_EDGE('',*,*,#3601,.T.);
#5452 = PLANE('',#5453);
#5453 = AXIS2_PLACEMENT_3D('',#5454,#5455,#5456);
#5454 = CARTESIAN_POINT('',(0.6,2.317278042629E-14,-3.75));
#5455 = DIRECTION('',(-1.,3.491483361109E-15,1.21904560609E-29));
#5456 = DIRECTION('',(-3.491483361109E-15,-1.,-3.491483361109E-15));
#5457 = ADVANCED_FACE('',(#5458),#5466,.F.);
#5458 = FACE_BOUND('',#5459,.T.);
#5459 = EDGE_LOOP('',(#5460,#5461,#5462,#5463,#5464,#5465));
#5460 = ORIENTED_EDGE('',*,*,#3877,.F.);
#5461 = ORIENTED_EDGE('',*,*,#3617,.F.);
#5462 = ORIENTED_EDGE('',*,*,#5425,.F.);
#5463 = ORIENTED_EDGE('',*,*,#5394,.F.);
#5464 = ORIENTED_EDGE('',*,*,#5363,.F.);
#5465 = ORIENTED_EDGE('',*,*,#5332,.F.);
#5466 = PLANE('',#5467);
#5467 = AXIS2_PLACEMENT_3D('',#5468,#5469,#5470);
#5468 = CARTESIAN_POINT('',(0.9,2.212533541796E-14,-3.75));
#5469 = DIRECTION('',(-1.,3.491483361109E-15,1.21904560609E-29));
#5470 = DIRECTION('',(-3.491483361109E-15,-1.,-3.491483361109E-15));
#5471 = ADVANCED_FACE('',(#5472),#5497,.F.);
#5472 = FACE_BOUND('',#5473,.T.);
#5473 = EDGE_LOOP('',(#5474,#5482,#5490,#5496));
#5474 = ORIENTED_EDGE('',*,*,#5475,.T.);
#5475 = EDGE_CURVE('',#3863,#5476,#5478,.T.);
#5476 = VERTEX_POINT('',#5477);
#5477 = CARTESIAN_POINT('',(2.4,0.4,-4.95));
#5478 = LINE('',#5479,#5480);
#5479 = CARTESIAN_POINT('',(2.4,0.4,-4.95));
#5480 = VECTOR('',#5481,1.);
#5481 = DIRECTION('',(0.,3.491483361109E-15,-1.));
#5482 = ORIENTED_EDGE('',*,*,#5483,.F.);
#5483 = EDGE_CURVE('',#5484,#5476,#5486,.T.);
#5484 = VERTEX_POINT('',#5485);
#5485 = CARTESIAN_POINT('',(2.1,0.4,-4.95));
#5486 = LINE('',#5487,#5488);
#5487 = CARTESIAN_POINT('',(2.1,0.4,-4.95));
#5488 = VECTOR('',#5489,1.);
#5489 = DIRECTION('',(1.,-3.491483361109E-15,-1.21904560609E-29));
#5490 = ORIENTED_EDGE('',*,*,#5491,.F.);
#5491 = EDGE_CURVE('',#3861,#5484,#5492,.T.);
#5492 = LINE('',#5493,#5494);
#5493 = CARTESIAN_POINT('',(2.1,0.4,-4.95));
#5494 = VECTOR('',#5495,1.);
#5495 = DIRECTION('',(0.,3.491483361109E-15,-1.));
#5496 = ORIENTED_EDGE('',*,*,#3860,.T.);
#5497 = PLANE('',#5498);
#5498 = AXIS2_PLACEMENT_3D('',#5499,#5500,#5501);
#5499 = CARTESIAN_POINT('',(2.1,0.4,-4.95));
#5500 = DIRECTION('',(-3.491483361109E-15,-1.,-3.491483361109E-15));
#5501 = DIRECTION('',(1.,-3.491483361109E-15,-1.21904560609E-29));
#5502 = ADVANCED_FACE('',(#5503),#5528,.F.);
#5503 = FACE_BOUND('',#5504,.T.);
#5504 = EDGE_LOOP('',(#5505,#5513,#5521,#5527));
#5505 = ORIENTED_EDGE('',*,*,#5506,.T.);
#5506 = EDGE_CURVE('',#5476,#5507,#5509,.T.);
#5507 = VERTEX_POINT('',#5508);
#5508 = CARTESIAN_POINT('',(2.4,-9.999999999998E-02,-4.95));
#5509 = LINE('',#5510,#5511);
#5510 = CARTESIAN_POINT('',(2.4,-9.999999999998E-02,-4.95));
#5511 = VECTOR('',#5512,1.);
#5512 = DIRECTION('',(-3.491483361109E-15,-1.,-3.491483361109E-15));
#5513 = ORIENTED_EDGE('',*,*,#5514,.F.);
#5514 = EDGE_CURVE('',#5515,#5507,#5517,.T.);
#5515 = VERTEX_POINT('',#5516);
#5516 = CARTESIAN_POINT('',(2.1,-9.999999999998E-02,-4.95));
#5517 = LINE('',#5518,#5519);
#5518 = CARTESIAN_POINT('',(2.1,-9.999999999998E-02,-4.95));
#5519 = VECTOR('',#5520,1.);
#5520 = DIRECTION('',(1.,-3.491483361109E-15,-1.21904560609E-29));
#5521 = ORIENTED_EDGE('',*,*,#5522,.F.);
#5522 = EDGE_CURVE('',#5484,#5515,#5523,.T.);
#5523 = LINE('',#5524,#5525);
#5524 = CARTESIAN_POINT('',(2.1,-9.999999999998E-02,-4.95));
#5525 = VECTOR('',#5526,1.);
#5526 = DIRECTION('',(-3.491483361109E-15,-1.,-3.491483361109E-15));
#5527 = ORIENTED_EDGE('',*,*,#5483,.T.);
#5528 = PLANE('',#5529);
#5529 = AXIS2_PLACEMENT_3D('',#5530,#5531,#5532);
#5530 = CARTESIAN_POINT('',(2.1,-9.999999999998E-02,-4.95));
#5531 = DIRECTION('',(0.,-3.491483361109E-15,1.));
#5532 = DIRECTION('',(-1.,3.491483361109E-15,1.21904560609E-29));
#5533 = ADVANCED_FACE('',(#5534),#5559,.F.);
#5534 = FACE_BOUND('',#5535,.T.);
#5535 = EDGE_LOOP('',(#5536,#5544,#5552,#5558));
#5536 = ORIENTED_EDGE('',*,*,#5537,.T.);
#5537 = EDGE_CURVE('',#5507,#5538,#5540,.T.);
#5538 = VERTEX_POINT('',#5539);
#5539 = CARTESIAN_POINT('',(2.4,-9.999999999998E-02,-3.35));
#5540 = LINE('',#5541,#5542);
#5541 = CARTESIAN_POINT('',(2.4,-9.999999999998E-02,-3.35));
#5542 = VECTOR('',#5543,1.);
#5543 = DIRECTION('',(4.73184230664E-31,-3.355958089549E-15,1.));
#5544 = ORIENTED_EDGE('',*,*,#5545,.F.);
#5545 = EDGE_CURVE('',#5546,#5538,#5548,.T.);
#5546 = VERTEX_POINT('',#5547);
#5547 = CARTESIAN_POINT('',(2.1,-9.999999999998E-02,-3.35));
#5548 = LINE('',#5549,#5550);
#5549 = CARTESIAN_POINT('',(2.1,-9.999999999998E-02,-3.35));
#5550 = VECTOR('',#5551,1.);
#5551 = DIRECTION('',(1.,-3.491483361109E-15,-1.21904560609E-29));
#5552 = ORIENTED_EDGE('',*,*,#5553,.F.);
#5553 = EDGE_CURVE('',#5515,#5546,#5554,.T.);
#5554 = LINE('',#5555,#5556);
#5555 = CARTESIAN_POINT('',(2.1,-9.999999999998E-02,-3.35));
#5556 = VECTOR('',#5557,1.);
#5557 = DIRECTION('',(4.73184230664E-31,-3.355958089549E-15,1.));
#5558 = ORIENTED_EDGE('',*,*,#5514,.T.);
#5559 = PLANE('',#5560);
#5560 = AXIS2_PLACEMENT_3D('',#5561,#5562,#5563);
#5561 = CARTESIAN_POINT('',(2.1,-9.999999999998E-02,-3.35));
#5562 = DIRECTION('',(3.491483361109E-15,1.,3.355958089549E-15));
#5563 = DIRECTION('',(-4.73184230664E-31,3.355958089549E-15,-1.));
#5564 = ADVANCED_FACE('',(#5565),#5581,.F.);
#5565 = FACE_BOUND('',#5566,.T.);
#5566 = EDGE_LOOP('',(#5567,#5573,#5574,#5580));
#5567 = ORIENTED_EDGE('',*,*,#5568,.T.);
#5568 = EDGE_CURVE('',#5538,#3459,#5569,.T.);
#5569 = LINE('',#5570,#5571);
#5570 = CARTESIAN_POINT('',(2.4,1.549151703185E-14,-3.35));
#5571 = VECTOR('',#5572,1.);
#5572 = DIRECTION('',(3.491483361109E-15,1.,2.083871812088E-14));
#5573 = ORIENTED_EDGE('',*,*,#3458,.F.);
#5574 = ORIENTED_EDGE('',*,*,#5575,.F.);
#5575 = EDGE_CURVE('',#5546,#3451,#5576,.T.);
#5576 = LINE('',#5577,#5578);
#5577 = CARTESIAN_POINT('',(2.1,1.653896204018E-14,-3.35));
#5578 = VECTOR('',#5579,1.);
#5579 = DIRECTION('',(3.491483361109E-15,1.,2.083871812088E-14));
#5580 = ORIENTED_EDGE('',*,*,#5545,.T.);
#5581 = PLANE('',#5582);
#5582 = AXIS2_PLACEMENT_3D('',#5583,#5584,#5585);
#5583 = CARTESIAN_POINT('',(2.1,1.653896204018E-14,-3.35));
#5584 = DIRECTION('',(6.056758152499E-29,2.083871812088E-14,-1.));
#5585 = DIRECTION('',(-3.491483361109E-15,-1.,-2.083871812088E-14));
#5586 = ADVANCED_FACE('',(#5587),#5595,.T.);
#5587 = FACE_BOUND('',#5588,.T.);
#5588 = EDGE_LOOP('',(#5589,#5590,#5591,#5592,#5593,#5594));
#5589 = ORIENTED_EDGE('',*,*,#3870,.T.);
#5590 = ORIENTED_EDGE('',*,*,#5491,.T.);
#5591 = ORIENTED_EDGE('',*,*,#5522,.T.);
#5592 = ORIENTED_EDGE('',*,*,#5553,.T.);
#5593 = ORIENTED_EDGE('',*,*,#5575,.T.);
#5594 = ORIENTED_EDGE('',*,*,#3450,.T.);
#5595 = PLANE('',#5596);
#5596 = AXIS2_PLACEMENT_3D('',#5597,#5598,#5599);
#5597 = CARTESIAN_POINT('',(2.1,1.793555538462E-14,-3.75));
#5598 = DIRECTION('',(-1.,3.491483361109E-15,1.21904560609E-29));
#5599 = DIRECTION('',(-3.491483361109E-15,-1.,-3.491483361109E-15));
#5600 = ADVANCED_FACE('',(#5601),#5609,.F.);
#5601 = FACE_BOUND('',#5602,.T.);
#5602 = EDGE_LOOP('',(#5603,#5604,#5605,#5606,#5607,#5608));
#5603 = ORIENTED_EDGE('',*,*,#3985,.F.);
#5604 = ORIENTED_EDGE('',*,*,#3466,.F.);
#5605 = ORIENTED_EDGE('',*,*,#5568,.F.);
#5606 = ORIENTED_EDGE('',*,*,#5537,.F.);
#5607 = ORIENTED_EDGE('',*,*,#5506,.F.);
#5608 = ORIENTED_EDGE('',*,*,#5475,.F.);
#5609 = PLANE('',#5610);
#5610 = AXIS2_PLACEMENT_3D('',#5611,#5612,#5613);
#5611 = CARTESIAN_POINT('',(2.4,1.688811037629E-14,-3.75));
#5612 = DIRECTION('',(-1.,3.491483361109E-15,1.21904560609E-29));
#5613 = DIRECTION('',(-3.491483361109E-15,-1.,-3.491483361109E-15));
#5614 = ADVANCED_FACE('',(#5615),#5649,.F.);
#5615 = FACE_BOUND('',#5616,.T.);
#5616 = EDGE_LOOP('',(#5617,#5627,#5635,#5643));
#5617 = ORIENTED_EDGE('',*,*,#5618,.T.);
#5618 = EDGE_CURVE('',#5619,#5621,#5623,.T.);
#5619 = VERTEX_POINT('',#5620);
#5620 = CARTESIAN_POINT('',(-4.4,-9.999999999997E-02,-1.));
#5621 = VERTEX_POINT('',#5622);
#5622 = CARTESIAN_POINT('',(-4.4,-9.999999999998E-02,1.8));
#5623 = LINE('',#5624,#5625);
#5624 = CARTESIAN_POINT('',(-4.4,-9.999999999997E-02,-1.));
#5625 = VECTOR('',#5626,1.);
#5626 = DIRECTION('',(0.,-3.491483361109E-15,1.));
#5627 = ORIENTED_EDGE('',*,*,#5628,.F.);
#5628 = EDGE_CURVE('',#5629,#5621,#5631,.T.);
#5629 = VERTEX_POINT('',#5630);
#5630 = CARTESIAN_POINT('',(-4.8,-9.999999999998E-02,1.8));
#5631 = LINE('',#5632,#5633);
#5632 = CARTESIAN_POINT('',(-4.8,-9.999999999998E-02,1.8));
#5633 = VECTOR('',#5634,1.);
#5634 = DIRECTION('',(1.,-3.491483361109E-15,-1.21904560609E-29));
#5635 = ORIENTED_EDGE('',*,*,#5636,.F.);
#5636 = EDGE_CURVE('',#5637,#5629,#5639,.T.);
#5637 = VERTEX_POINT('',#5638);
#5638 = CARTESIAN_POINT('',(-4.8,-9.999999999997E-02,-1.));
#5639 = LINE('',#5640,#5641);
#5640 = CARTESIAN_POINT('',(-4.8,-9.999999999997E-02,-1.));
#5641 = VECTOR('',#5642,1.);
#5642 = DIRECTION('',(0.,-3.491483361109E-15,1.));
#5643 = ORIENTED_EDGE('',*,*,#5644,.T.);
#5644 = EDGE_CURVE('',#5637,#5619,#5645,.T.);
#5645 = LINE('',#5646,#5647);
#5646 = CARTESIAN_POINT('',(-4.8,-9.999999999997E-02,-1.));
#5647 = VECTOR('',#5648,1.);
#5648 = DIRECTION('',(1.,-3.491483361109E-15,-1.21904560609E-29));
#5649 = PLANE('',#5650);
#5650 = AXIS2_PLACEMENT_3D('',#5651,#5652,#5653);
#5651 = CARTESIAN_POINT('',(-4.8,-9.999999999997E-02,-1.));
#5652 = DIRECTION('',(3.491483361109E-15,1.,3.491483361109E-15));
#5653 = DIRECTION('',(-1.,3.491483361109E-15,1.21904560609E-29));
#5654 = ADVANCED_FACE('',(#5655),#5671,.F.);
#5655 = FACE_BOUND('',#5656,.T.);
#5656 = EDGE_LOOP('',(#5657,#5663,#5664,#5670));
#5657 = ORIENTED_EDGE('',*,*,#5658,.T.);
#5658 = EDGE_CURVE('',#5629,#3347,#5659,.T.);
#5659 = LINE('',#5660,#5661);
#5660 = CARTESIAN_POINT('',(-4.8,-9.999999999998E-02,1.8));
#5661 = VECTOR('',#5662,1.);
#5662 = DIRECTION('',(3.491483361109E-15,1.,3.377356816637E-15));
#5663 = ORIENTED_EDGE('',*,*,#3346,.T.);
#5664 = ORIENTED_EDGE('',*,*,#5665,.T.);
#5665 = EDGE_CURVE('',#3349,#5637,#5666,.T.);
#5666 = LINE('',#5667,#5668);
#5667 = CARTESIAN_POINT('',(-4.8,3.25,-1.));
#5668 = VECTOR('',#5669,1.);
#5669 = DIRECTION('',(-3.491483361109E-15,-1.,-3.750397312748E-15));
#5670 = ORIENTED_EDGE('',*,*,#5636,.T.);
#5671 = PLANE('',#5672);
#5672 = AXIS2_PLACEMENT_3D('',#5673,#5674,#5675);
#5673 = CARTESIAN_POINT('',(-4.8,5.6,1.8));
#5674 = DIRECTION('',(1.,-3.491483361109E-15,-1.21904560609E-29));
#5675 = DIRECTION('',(3.491483361109E-15,1.,3.491483361109E-15));
#5676 = ADVANCED_FACE('',(#5677),#5693,.T.);
#5677 = FACE_BOUND('',#5678,.T.);
#5678 = EDGE_LOOP('',(#5679,#5680,#5686,#5687));
#5679 = ORIENTED_EDGE('',*,*,#3364,.F.);
#5680 = ORIENTED_EDGE('',*,*,#5681,.F.);
#5681 = EDGE_CURVE('',#5621,#3357,#5682,.T.);
#5682 = LINE('',#5683,#5684);
#5683 = CARTESIAN_POINT('',(-4.4,-9.999999999998E-02,1.8));
#5684 = VECTOR('',#5685,1.);
#5685 = DIRECTION('',(3.491483361109E-15,1.,3.377356816637E-15));
#5686 = ORIENTED_EDGE('',*,*,#5618,.F.);
#5687 = ORIENTED_EDGE('',*,*,#5688,.F.);
#5688 = EDGE_CURVE('',#3365,#5619,#5689,.T.);
#5689 = LINE('',#5690,#5691);
#5690 = CARTESIAN_POINT('',(-4.4,3.25,-1.));
#5691 = VECTOR('',#5692,1.);
#5692 = DIRECTION('',(-3.491483361109E-15,-1.,-3.750397312748E-15));
#5693 = PLANE('',#5694);
#5694 = AXIS2_PLACEMENT_3D('',#5695,#5696,#5697);
#5695 = CARTESIAN_POINT('',(-4.4,5.6,1.8));
#5696 = DIRECTION('',(1.,-3.491483361109E-15,-1.21904560609E-29));
#5697 = DIRECTION('',(3.491483361109E-15,1.,3.491483361109E-15));
#5698 = ADVANCED_FACE('',(#5699),#5705,.F.);
#5699 = FACE_BOUND('',#5700,.T.);
#5700 = EDGE_LOOP('',(#5701,#5702,#5703,#5704));
#5701 = ORIENTED_EDGE('',*,*,#5681,.T.);
#5702 = ORIENTED_EDGE('',*,*,#3356,.T.);
#5703 = ORIENTED_EDGE('',*,*,#5658,.F.);
#5704 = ORIENTED_EDGE('',*,*,#5628,.T.);
#5705 = PLANE('',#5706);
#5706 = AXIS2_PLACEMENT_3D('',#5707,#5708,#5709);
#5707 = CARTESIAN_POINT('',(-4.8,-9.999999999998E-02,1.8));
#5708 = DIRECTION('',(-3.984709310855E-31,3.377356816637E-15,-1.));
#5709 = DIRECTION('',(-3.491483361109E-15,-1.,-3.377356816637E-15));
#5710 = ADVANCED_FACE('',(#5711),#5717,.F.);
#5711 = FACE_BOUND('',#5712,.T.);
#5712 = EDGE_LOOP('',(#5713,#5714,#5715,#5716));
#5713 = ORIENTED_EDGE('',*,*,#5665,.F.);
#5714 = ORIENTED_EDGE('',*,*,#3372,.T.);
#5715 = ORIENTED_EDGE('',*,*,#5688,.T.);
#5716 = ORIENTED_EDGE('',*,*,#5644,.F.);
#5717 = PLANE('',#5718);
#5718 = AXIS2_PLACEMENT_3D('',#5719,#5720,#5721);
#5719 = CARTESIAN_POINT('',(-4.8,3.25,-1.));
#5720 = DIRECTION('',(-9.039937541043E-31,-3.750397312748E-15,1.));
#5721 = DIRECTION('',(3.491483361109E-15,1.,3.750397312748E-15));
#5722 = ADVANCED_FACE('',(#5723),#5748,.F.);
#5723 = FACE_BOUND('',#5724,.T.);
#5724 = EDGE_LOOP('',(#5725,#5733,#5734,#5742));
#5725 = ORIENTED_EDGE('',*,*,#5726,.F.);
#5726 = EDGE_CURVE('',#3275,#5727,#5729,.T.);
#5727 = VERTEX_POINT('',#5728);
#5728 = CARTESIAN_POINT('',(-4.8,5.6,-3.85));
#5729 = LINE('',#5730,#5731);
#5730 = CARTESIAN_POINT('',(-4.8,5.6,1.8));
#5731 = VECTOR('',#5732,1.);
#5732 = DIRECTION('',(-5.359962966813E-31,3.337968009253E-15,-1.));
#5733 = ORIENTED_EDGE('',*,*,#3298,.T.);
#5734 = ORIENTED_EDGE('',*,*,#5735,.T.);
#5735 = EDGE_CURVE('',#3291,#5736,#5738,.T.);
#5736 = VERTEX_POINT('',#5737);
#5737 = CARTESIAN_POINT('',(-4.4,5.6,-3.85));
#5738 = LINE('',#5739,#5740);
#5739 = CARTESIAN_POINT('',(-4.4,5.6,1.8));
#5740 = VECTOR('',#5741,1.);
#5741 = DIRECTION('',(-5.359962966813E-31,3.337968009253E-15,-1.));
#5742 = ORIENTED_EDGE('',*,*,#5743,.F.);
#5743 = EDGE_CURVE('',#5727,#5736,#5744,.T.);
#5744 = LINE('',#5745,#5746);
#5745 = CARTESIAN_POINT('',(-4.8,5.6,-3.85));
#5746 = VECTOR('',#5747,1.);
#5747 = DIRECTION('',(1.,-3.491483361109E-15,-1.21904560609E-29));
#5748 = PLANE('',#5749);
#5749 = AXIS2_PLACEMENT_3D('',#5750,#5751,#5752);
#5750 = CARTESIAN_POINT('',(-4.8,5.6,1.8));
#5751 = DIRECTION('',(-3.491483361109E-15,-1.,-3.337968009253E-15));
#5752 = DIRECTION('',(5.359962966813E-31,-3.337968009253E-15,1.));
#5753 = ADVANCED_FACE('',(#5754),#5779,.F.);
#5754 = FACE_BOUND('',#5755,.T.);
#5755 = EDGE_LOOP('',(#5756,#5764,#5765,#5773));
#5756 = ORIENTED_EDGE('',*,*,#5757,.T.);
#5757 = EDGE_CURVE('',#5758,#3283,#5760,.T.);
#5758 = VERTEX_POINT('',#5759);
#5759 = CARTESIAN_POINT('',(-4.4,3.25,-3.85));
#5760 = LINE('',#5761,#5762);
#5761 = CARTESIAN_POINT('',(-4.4,3.25,-3.85));
#5762 = VECTOR('',#5763,1.);
#5763 = DIRECTION('',(0.,-3.491483361109E-15,1.));
#5764 = ORIENTED_EDGE('',*,*,#3282,.T.);
#5765 = ORIENTED_EDGE('',*,*,#5766,.F.);
#5766 = EDGE_CURVE('',#5767,#3273,#5769,.T.);
#5767 = VERTEX_POINT('',#5768);
#5768 = CARTESIAN_POINT('',(-4.8,3.25,-3.85));
#5769 = LINE('',#5770,#5771);
#5770 = CARTESIAN_POINT('',(-4.8,3.25,-3.85));
#5771 = VECTOR('',#5772,1.);
#5772 = DIRECTION('',(0.,-3.491483361109E-15,1.));
#5773 = ORIENTED_EDGE('',*,*,#5774,.T.);
#5774 = EDGE_CURVE('',#5767,#5758,#5775,.T.);
#5775 = LINE('',#5776,#5777);
#5776 = CARTESIAN_POINT('',(-4.8,3.25,-3.85));
#5777 = VECTOR('',#5778,1.);
#5778 = DIRECTION('',(1.,-3.491483361109E-15,-1.21904560609E-29));
#5779 = PLANE('',#5780);
#5780 = AXIS2_PLACEMENT_3D('',#5781,#5782,#5783);
#5781 = CARTESIAN_POINT('',(-4.8,3.25,-3.85));
#5782 = DIRECTION('',(3.491483361109E-15,1.,3.491483361109E-15));
#5783 = DIRECTION('',(-1.,3.491483361109E-15,1.21904560609E-29));
#5784 = ADVANCED_FACE('',(#5785),#5796,.F.);
#5785 = FACE_BOUND('',#5786,.T.);
#5786 = EDGE_LOOP('',(#5787,#5788,#5789,#5790));
#5787 = ORIENTED_EDGE('',*,*,#5766,.T.);
#5788 = ORIENTED_EDGE('',*,*,#3272,.T.);
#5789 = ORIENTED_EDGE('',*,*,#5726,.T.);
#5790 = ORIENTED_EDGE('',*,*,#5791,.T.);
#5791 = EDGE_CURVE('',#5727,#5767,#5792,.T.);
#5792 = LINE('',#5793,#5794);
#5793 = CARTESIAN_POINT('',(-4.8,5.6,-3.85));
#5794 = VECTOR('',#5795,1.);
#5795 = DIRECTION('',(-3.491483361109E-15,-1.,-3.491483361109E-15));
#5796 = PLANE('',#5797);
#5797 = AXIS2_PLACEMENT_3D('',#5798,#5799,#5800);
#5798 = CARTESIAN_POINT('',(-4.8,5.6,1.8));
#5799 = DIRECTION('',(1.,-3.491483361109E-15,-1.21904560609E-29));
#5800 = DIRECTION('',(3.491483361109E-15,1.,3.491483361109E-15));
#5801 = ADVANCED_FACE('',(#5802),#5813,.T.);
#5802 = FACE_BOUND('',#5803,.T.);
#5803 = EDGE_LOOP('',(#5804,#5805,#5806,#5812));
#5804 = ORIENTED_EDGE('',*,*,#3290,.F.);
#5805 = ORIENTED_EDGE('',*,*,#5757,.F.);
#5806 = ORIENTED_EDGE('',*,*,#5807,.F.);
#5807 = EDGE_CURVE('',#5736,#5758,#5808,.T.);
#5808 = LINE('',#5809,#5810);
#5809 = CARTESIAN_POINT('',(-4.4,5.6,-3.85));
#5810 = VECTOR('',#5811,1.);
#5811 = DIRECTION('',(-3.491483361109E-15,-1.,-3.491483361109E-15));
#5812 = ORIENTED_EDGE('',*,*,#5735,.F.);
#5813 = PLANE('',#5814);
#5814 = AXIS2_PLACEMENT_3D('',#5815,#5816,#5817);
#5815 = CARTESIAN_POINT('',(-4.4,5.6,1.8));
#5816 = DIRECTION('',(1.,-3.491483361109E-15,-1.21904560609E-29));
#5817 = DIRECTION('',(3.491483361109E-15,1.,3.491483361109E-15));
#5818 = ADVANCED_FACE('',(#5819),#5825,.F.);
#5819 = FACE_BOUND('',#5820,.T.);
#5820 = EDGE_LOOP('',(#5821,#5822,#5823,#5824));
#5821 = ORIENTED_EDGE('',*,*,#5807,.T.);
#5822 = ORIENTED_EDGE('',*,*,#5774,.F.);
#5823 = ORIENTED_EDGE('',*,*,#5791,.F.);
#5824 = ORIENTED_EDGE('',*,*,#5743,.T.);
#5825 = PLANE('',#5826);
#5826 = AXIS2_PLACEMENT_3D('',#5827,#5828,#5829);
#5827 = CARTESIAN_POINT('',(-4.8,5.6,-3.85));
#5828 = DIRECTION('',(0.,-3.491483361109E-15,1.));
#5829 = DIRECTION('',(-1.,3.491483361109E-15,1.21904560609E-29));
#5830 = ADVANCED_FACE('',(#5831),#5865,.T.);
#5831 = FACE_BOUND('',#5832,.T.);
#5832 = EDGE_LOOP('',(#5833,#5843,#5851,#5859));
#5833 = ORIENTED_EDGE('',*,*,#5834,.F.);
#5834 = EDGE_CURVE('',#5835,#5837,#5839,.T.);
#5835 = VERTEX_POINT('',#5836);
#5836 = CARTESIAN_POINT('',(4.4,-1.E-01,-1.));
#5837 = VERTEX_POINT('',#5838);
#5838 = CARTESIAN_POINT('',(4.4,-0.1,1.8));
#5839 = LINE('',#5840,#5841);
#5840 = CARTESIAN_POINT('',(4.4,-1.E-01,-1.));
#5841 = VECTOR('',#5842,1.);
#5842 = DIRECTION('',(0.,-3.491483361109E-15,1.));
#5843 = ORIENTED_EDGE('',*,*,#5844,.F.);
#5844 = EDGE_CURVE('',#5845,#5835,#5847,.T.);
#5845 = VERTEX_POINT('',#5846);
#5846 = CARTESIAN_POINT('',(4.8,-0.1,-1.));
#5847 = LINE('',#5848,#5849);
#5848 = CARTESIAN_POINT('',(4.8,-0.1,-1.));
#5849 = VECTOR('',#5850,1.);
#5850 = DIRECTION('',(-1.,3.491483361109E-15,1.21904560609E-29));
#5851 = ORIENTED_EDGE('',*,*,#5852,.T.);
#5852 = EDGE_CURVE('',#5845,#5853,#5855,.T.);
#5853 = VERTEX_POINT('',#5854);
#5854 = CARTESIAN_POINT('',(4.8,-0.1,1.8));
#5855 = LINE('',#5856,#5857);
#5856 = CARTESIAN_POINT('',(4.8,-0.1,-1.));
#5857 = VECTOR('',#5858,1.);
#5858 = DIRECTION('',(0.,-3.491483361109E-15,1.));
#5859 = ORIENTED_EDGE('',*,*,#5860,.T.);
#5860 = EDGE_CURVE('',#5853,#5837,#5861,.T.);
#5861 = LINE('',#5862,#5863);
#5862 = CARTESIAN_POINT('',(4.8,-0.1,1.8));
#5863 = VECTOR('',#5864,1.);
#5864 = DIRECTION('',(-1.,3.491483361109E-15,1.21904560609E-29));
#5865 = PLANE('',#5866);
#5866 = AXIS2_PLACEMENT_3D('',#5867,#5868,#5869);
#5867 = CARTESIAN_POINT('',(4.8,-0.1,-1.));
#5868 = DIRECTION('',(-3.491483361109E-15,-1.,-3.491483361109E-15));
#5869 = DIRECTION('',(1.,-3.491483361109E-15,-1.21904560609E-29));
#5870 = ADVANCED_FACE('',(#5871),#5887,.F.);
#5871 = FACE_BOUND('',#5872,.T.);
#5872 = EDGE_LOOP('',(#5873,#5874,#5880,#5881));
#5873 = ORIENTED_EDGE('',*,*,#3208,.F.);
#5874 = ORIENTED_EDGE('',*,*,#5875,.F.);
#5875 = EDGE_CURVE('',#5853,#3199,#5876,.T.);
#5876 = LINE('',#5877,#5878);
#5877 = CARTESIAN_POINT('',(4.8,-0.1,1.8));
#5878 = VECTOR('',#5879,1.);
#5879 = DIRECTION('',(3.491483361109E-15,1.,3.377356816637E-15));
#5880 = ORIENTED_EDGE('',*,*,#5852,.F.);
#5881 = ORIENTED_EDGE('',*,*,#5882,.F.);
#5882 = EDGE_CURVE('',#3209,#5845,#5883,.T.);
#5883 = LINE('',#5884,#5885);
#5884 = CARTESIAN_POINT('',(4.8,3.25,-1.));
#5885 = VECTOR('',#5886,1.);
#5886 = DIRECTION('',(-3.491483361109E-15,-1.,-3.750397312748E-15));
#5887 = PLANE('',#5888);
#5888 = AXIS2_PLACEMENT_3D('',#5889,#5890,#5891);
#5889 = CARTESIAN_POINT('',(4.8,5.6,1.8));
#5890 = DIRECTION('',(-1.,3.491483361109E-15,1.21904560609E-29));
#5891 = DIRECTION('',(3.491483361109E-15,1.,3.491483361109E-15));
#5892 = ADVANCED_FACE('',(#5893),#5909,.T.);
#5893 = FACE_BOUND('',#5894,.T.);
#5894 = EDGE_LOOP('',(#5895,#5901,#5902,#5908));
#5895 = ORIENTED_EDGE('',*,*,#5896,.T.);
#5896 = EDGE_CURVE('',#5837,#3201,#5897,.T.);
#5897 = LINE('',#5898,#5899);
#5898 = CARTESIAN_POINT('',(4.4,-0.1,1.8));
#5899 = VECTOR('',#5900,1.);
#5900 = DIRECTION('',(3.491483361109E-15,1.,3.377356816637E-15));
#5901 = ORIENTED_EDGE('',*,*,#3224,.T.);
#5902 = ORIENTED_EDGE('',*,*,#5903,.T.);
#5903 = EDGE_CURVE('',#3217,#5835,#5904,.T.);
#5904 = LINE('',#5905,#5906);
#5905 = CARTESIAN_POINT('',(4.4,3.25,-1.));
#5906 = VECTOR('',#5907,1.);
#5907 = DIRECTION('',(-3.491483361109E-15,-1.,-3.750397312748E-15));
#5908 = ORIENTED_EDGE('',*,*,#5834,.T.);
#5909 = PLANE('',#5910);
#5910 = AXIS2_PLACEMENT_3D('',#5911,#5912,#5913);
#5911 = CARTESIAN_POINT('',(4.4,5.6,1.8));
#5912 = DIRECTION('',(-1.,3.491483361109E-15,1.21904560609E-29));
#5913 = DIRECTION('',(3.491483361109E-15,1.,3.491483361109E-15));
#5914 = ADVANCED_FACE('',(#5915),#5921,.T.);
#5915 = FACE_BOUND('',#5916,.T.);
#5916 = EDGE_LOOP('',(#5917,#5918,#5919,#5920));
#5917 = ORIENTED_EDGE('',*,*,#5903,.F.);
#5918 = ORIENTED_EDGE('',*,*,#3216,.T.);
#5919 = ORIENTED_EDGE('',*,*,#5882,.T.);
#5920 = ORIENTED_EDGE('',*,*,#5844,.T.);
#5921 = PLANE('',#5922);
#5922 = AXIS2_PLACEMENT_3D('',#5923,#5924,#5925);
#5923 = CARTESIAN_POINT('',(4.8,3.25,-1.));
#5924 = DIRECTION('',(9.039937541043E-31,3.750397312748E-15,-1.));
#5925 = DIRECTION('',(-3.491483361109E-15,-1.,-3.750397312748E-15));
#5926 = ADVANCED_FACE('',(#5927),#5933,.T.);
#5927 = FACE_BOUND('',#5928,.T.);
#5928 = EDGE_LOOP('',(#5929,#5930,#5931,#5932));
#5929 = ORIENTED_EDGE('',*,*,#5875,.T.);
#5930 = ORIENTED_EDGE('',*,*,#3198,.T.);
#5931 = ORIENTED_EDGE('',*,*,#5896,.F.);
#5932 = ORIENTED_EDGE('',*,*,#5860,.F.);
#5933 = PLANE('',#5934);
#5934 = AXIS2_PLACEMENT_3D('',#5935,#5936,#5937);
#5935 = CARTESIAN_POINT('',(4.8,-0.1,1.8));
#5936 = DIRECTION('',(3.984709310855E-31,-3.377356816637E-15,1.));
#5937 = DIRECTION('',(3.491483361109E-15,1.,3.377356816637E-15));
#5938 = ADVANCED_FACE('',(#5939),#5964,.F.);
#5939 = FACE_BOUND('',#5940,.T.);
#5940 = EDGE_LOOP('',(#5941,#5942,#5950,#5958));
#5941 = ORIENTED_EDGE('',*,*,#3134,.F.);
#5942 = ORIENTED_EDGE('',*,*,#5943,.F.);
#5943 = EDGE_CURVE('',#5944,#3125,#5946,.T.);
#5944 = VERTEX_POINT('',#5945);
#5945 = CARTESIAN_POINT('',(4.8,3.25,-3.85));
#5946 = LINE('',#5947,#5948);
#5947 = CARTESIAN_POINT('',(4.8,3.25,-3.85));
#5948 = VECTOR('',#5949,1.);
#5949 = DIRECTION('',(0.,-3.491483361109E-15,1.));
#5950 = ORIENTED_EDGE('',*,*,#5951,.F.);
#5951 = EDGE_CURVE('',#5952,#5944,#5954,.T.);
#5952 = VERTEX_POINT('',#5953);
#5953 = CARTESIAN_POINT('',(4.8,5.6,-3.85));
#5954 = LINE('',#5955,#5956);
#5955 = CARTESIAN_POINT('',(4.8,5.6,-3.85));
#5956 = VECTOR('',#5957,1.);
#5957 = DIRECTION('',(-3.491483361109E-15,-1.,-3.491483361109E-15));
#5958 = ORIENTED_EDGE('',*,*,#5959,.F.);
#5959 = EDGE_CURVE('',#3135,#5952,#5960,.T.);
#5960 = LINE('',#5961,#5962);
#5961 = CARTESIAN_POINT('',(4.8,5.6,1.8));
#5962 = VECTOR('',#5963,1.);
#5963 = DIRECTION('',(-5.359962966813E-31,3.337968009253E-15,-1.));
#5964 = PLANE('',#5965);
#5965 = AXIS2_PLACEMENT_3D('',#5966,#5967,#5968);
#5966 = CARTESIAN_POINT('',(4.8,5.6,1.8));
#5967 = DIRECTION('',(-1.,3.491483361109E-15,1.21904560609E-29));
#5968 = DIRECTION('',(3.491483361109E-15,1.,3.491483361109E-15));
#5969 = ADVANCED_FACE('',(#5970),#5995,.T.);
#5970 = FACE_BOUND('',#5971,.T.);
#5971 = EDGE_LOOP('',(#5972,#5980,#5981,#5989));
#5972 = ORIENTED_EDGE('',*,*,#5973,.T.);
#5973 = EDGE_CURVE('',#5974,#3127,#5976,.T.);
#5974 = VERTEX_POINT('',#5975);
#5975 = CARTESIAN_POINT('',(4.4,3.25,-3.85));
#5976 = LINE('',#5977,#5978);
#5977 = CARTESIAN_POINT('',(4.4,3.25,-3.85));
#5978 = VECTOR('',#5979,1.);
#5979 = DIRECTION('',(0.,-3.491483361109E-15,1.));
#5980 = ORIENTED_EDGE('',*,*,#3150,.T.);
#5981 = ORIENTED_EDGE('',*,*,#5982,.T.);
#5982 = EDGE_CURVE('',#3143,#5983,#5985,.T.);
#5983 = VERTEX_POINT('',#5984);
#5984 = CARTESIAN_POINT('',(4.4,5.6,-3.85));
#5985 = LINE('',#5986,#5987);
#5986 = CARTESIAN_POINT('',(4.4,5.6,1.8));
#5987 = VECTOR('',#5988,1.);
#5988 = DIRECTION('',(-5.359962966813E-31,3.337968009253E-15,-1.));
#5989 = ORIENTED_EDGE('',*,*,#5990,.T.);
#5990 = EDGE_CURVE('',#5983,#5974,#5991,.T.);
#5991 = LINE('',#5992,#5993);
#5992 = CARTESIAN_POINT('',(4.4,5.6,-3.85));
#5993 = VECTOR('',#5994,1.);
#5994 = DIRECTION('',(-3.491483361109E-15,-1.,-3.491483361109E-15));
#5995 = PLANE('',#5996);
#5996 = AXIS2_PLACEMENT_3D('',#5997,#5998,#5999);
#5997 = CARTESIAN_POINT('',(4.4,5.6,1.8));
#5998 = DIRECTION('',(-1.,3.491483361109E-15,1.21904560609E-29));
#5999 = DIRECTION('',(3.491483361109E-15,1.,3.491483361109E-15));
#6000 = ADVANCED_FACE('',(#6001),#6012,.T.);
#6001 = FACE_BOUND('',#6002,.T.);
#6002 = EDGE_LOOP('',(#6003,#6004,#6005,#6006));
#6003 = ORIENTED_EDGE('',*,*,#5982,.F.);
#6004 = ORIENTED_EDGE('',*,*,#3142,.T.);
#6005 = ORIENTED_EDGE('',*,*,#5959,.T.);
#6006 = ORIENTED_EDGE('',*,*,#6007,.T.);
#6007 = EDGE_CURVE('',#5952,#5983,#6008,.T.);
#6008 = LINE('',#6009,#6010);
#6009 = CARTESIAN_POINT('',(4.8,5.6,-3.85));
#6010 = VECTOR('',#6011,1.);
#6011 = DIRECTION('',(-1.,3.491483361109E-15,1.21904560609E-29));
#6012 = PLANE('',#6013);
#6013 = AXIS2_PLACEMENT_3D('',#6014,#6015,#6016);
#6014 = CARTESIAN_POINT('',(4.8,5.6,1.8));
#6015 = DIRECTION('',(3.491483361109E-15,1.,3.337968009253E-15));
#6016 = DIRECTION('',(-5.359962966813E-31,3.337968009253E-15,-1.));
#6017 = ADVANCED_FACE('',(#6018),#6029,.T.);
#6018 = FACE_BOUND('',#6019,.T.);
#6019 = EDGE_LOOP('',(#6020,#6021,#6022,#6023));
#6020 = ORIENTED_EDGE('',*,*,#5943,.T.);
#6021 = ORIENTED_EDGE('',*,*,#3124,.T.);
#6022 = ORIENTED_EDGE('',*,*,#5973,.F.);
#6023 = ORIENTED_EDGE('',*,*,#6024,.F.);
#6024 = EDGE_CURVE('',#5944,#5974,#6025,.T.);
#6025 = LINE('',#6026,#6027);
#6026 = CARTESIAN_POINT('',(4.8,3.25,-3.85));
#6027 = VECTOR('',#6028,1.);
#6028 = DIRECTION('',(-1.,3.491483361109E-15,1.21904560609E-29));
#6029 = PLANE('',#6030);
#6030 = AXIS2_PLACEMENT_3D('',#6031,#6032,#6033);
#6031 = CARTESIAN_POINT('',(4.8,3.25,-3.85));
#6032 = DIRECTION('',(-3.491483361109E-15,-1.,-3.491483361109E-15));
#6033 = DIRECTION('',(1.,-3.491483361109E-15,-1.21904560609E-29));
#6034 = ADVANCED_FACE('',(#6035),#6041,.T.);
#6035 = FACE_BOUND('',#6036,.T.);
#6036 = EDGE_LOOP('',(#6037,#6038,#6039,#6040));
#6037 = ORIENTED_EDGE('',*,*,#5990,.F.);
#6038 = ORIENTED_EDGE('',*,*,#6007,.F.);
#6039 = ORIENTED_EDGE('',*,*,#5951,.T.);
#6040 = ORIENTED_EDGE('',*,*,#6024,.T.);
#6041 = PLANE('',#6042);
#6042 = AXIS2_PLACEMENT_3D('',#6043,#6044,#6045);
#6043 = CARTESIAN_POINT('',(4.8,5.6,-3.85));
#6044 = DIRECTION('',(0.,3.491483361109E-15,-1.));
#6045 = DIRECTION('',(1.,-3.491483361109E-15,-1.21904560609E-29));
#6046 = ( GEOMETRIC_REPRESENTATION_CONTEXT(3) 
GLOBAL_UNCERTAINTY_ASSIGNED_CONTEXT((#6050)) 
GLOBAL_UNIT_ASSIGNED_CONTEXT((#6047,#6048,#6049)) REPRESENTATION_CONTEXT
('Context #1','3D Context with UNIT and UNCERTAINTY') );
#6047 = ( LENGTH_UNIT() NAMED_UNIT(*) SI_UNIT(.MILLI.,.METRE.) );
#6048 = ( NAMED_UNIT(*) PLANE_ANGLE_UNIT() SI_UNIT($,.RADIAN.) );
#6049 = ( NAMED_UNIT(*) SI_UNIT($,.STERADIAN.) SOLID_ANGLE_UNIT() );
#6050 = UNCERTAINTY_MEASURE_WITH_UNIT(LENGTH_MEASURE(1.E-07),#6047,
  'distance_accuracy_value','confusion accuracy');
#6051 = CONTEXT_DEPENDENT_SHAPE_REPRESENTATION(#6052,#6054);
#6052 = ( REPRESENTATION_RELATIONSHIP('','',#3083,#3060) 
REPRESENTATION_RELATIONSHIP_WITH_TRANSFORMATION(#6053) 
SHAPE_REPRESENTATION_RELATIONSHIP() );
#6053 = ITEM_DEFINED_TRANSFORMATION('','',#11,#3061);
#6054 = PRODUCT_DEFINITION_SHAPE('Placement','Placement of an item',
  #6055);
#6055 = NEXT_ASSEMBLY_USAGE_OCCURRENCE('3','=>[0:1:1:5]','',#3055,#3078,
  $);
#6056 = PRODUCT_RELATED_PRODUCT_CATEGORY('part',$,(#3080));
#6057 = CONTEXT_DEPENDENT_SHAPE_REPRESENTATION(#6058,#6060);
#6058 = ( REPRESENTATION_RELATIONSHIP('','',#160,#10) 
REPRESENTATION_RELATIONSHIP_WITH_TRANSFORMATION(#6059) 
SHAPE_REPRESENTATION_RELATIONSHIP() );
#6059 = ITEM_DEFINED_TRANSFORMATION('','',#11,#23);
#6060 = PRODUCT_DEFINITION_SHAPE('Placement','Placement of an item',
  #6061);
#6061 = NEXT_ASSEMBLY_USAGE_OCCURRENCE('5','J4','',#5,#155,$);
#6062 = SHAPE_DEFINITION_REPRESENTATION(#6063,#6069);
#6063 = PRODUCT_DEFINITION_SHAPE('','',#6064);
#6064 = PRODUCT_DEFINITION('design','',#6065,#6068);
#6065 = PRODUCT_DEFINITION_FORMATION('','',#6066);
#6066 = PRODUCT('C_0402_1005Metric','C_0402_1005Metric','',(#6067));
#6067 = PRODUCT_CONTEXT('',#2,'mechanical');
#6068 = PRODUCT_DEFINITION_CONTEXT('part definition',#2,'design');
#6069 = SHAPE_REPRESENTATION('',(#11,#6070),#6074);
#6070 = AXIS2_PLACEMENT_3D('',#6071,#6072,#6073);
#6071 = CARTESIAN_POINT('',(0.,0.,0.));
#6072 = DIRECTION('',(0.,0.,1.));
#6073 = DIRECTION('',(1.,0.,-0.));
#6074 = ( GEOMETRIC_REPRESENTATION_CONTEXT(3) 
GLOBAL_UNCERTAINTY_ASSIGNED_CONTEXT((#6078)) 
GLOBAL_UNIT_ASSIGNED_CONTEXT((#6075,#6076,#6077)) REPRESENTATION_CONTEXT
('Context #1','3D Context with UNIT and UNCERTAINTY') );
#6075 = ( LENGTH_UNIT() NAMED_UNIT(*) SI_UNIT(.MILLI.,.METRE.) );
#6076 = ( NAMED_UNIT(*) PLANE_ANGLE_UNIT() SI_UNIT($,.RADIAN.) );
#6077 = ( NAMED_UNIT(*) SI_UNIT($,.STERADIAN.) SOLID_ANGLE_UNIT() );
#6078 = UNCERTAINTY_MEASURE_WITH_UNIT(LENGTH_MEASURE(1.E-07),#6075,
  'distance_accuracy_value','confusion accuracy');
#6079 = CONTEXT_DEPENDENT_SHAPE_REPRESENTATION(#6080,#6082);
#6080 = ( REPRESENTATION_RELATIONSHIP('','',#6069,#10) 
REPRESENTATION_RELATIONSHIP_WITH_TRANSFORMATION(#6081) 
SHAPE_REPRESENTATION_RELATIONSHIP() );
#6081 = ITEM_DEFINED_TRANSFORMATION('','',#11,#27);
#6082 = PRODUCT_DEFINITION_SHAPE('Placement','Placement of an item',
  #6083);
#6083 = NEXT_ASSEMBLY_USAGE_OCCURRENCE('7','C8','',#5,#6064,$);
#6084 = PRODUCT_RELATED_PRODUCT_CATEGORY('part',$,(#6066));
#6085 = SHAPE_DEFINITION_REPRESENTATION(#6086,#6092);
#6086 = PRODUCT_DEFINITION_SHAPE('','',#6087);
#6087 = PRODUCT_DEFINITION('design','',#6088,#6091);
#6088 = PRODUCT_DEFINITION_FORMATION('','',#6089);
#6089 = PRODUCT('C_0402_1005Metric','C_0402_1005Metric','',(#6090));
#6090 = PRODUCT_CONTEXT('',#2,'mechanical');
#6091 = PRODUCT_DEFINITION_CONTEXT('part definition',#2,'design');
#6092 = ADVANCED_BREP_SHAPE_REPRESENTATION('',(#11,#6093),#6947);
#6093 = MANIFOLD_SOLID_BREP('',#6094);
#6094 = CLOSED_SHELL('',(#6095,#6171,#6202,#6227,#6252,#6276,#6300,#6325
    ,#6350,#6367,#6453,#6485,#6509,#6534,#6558,#6583,#6607,#6632,#6649,
    #6735,#6766,#6791,#6816,#6840,#6864,#6889,#6914,#6931));
#6095 = ADVANCED_FACE('',(#6096),#6166,.F.);
#6096 = FACE_BOUND('',#6097,.F.);
#6097 = EDGE_LOOP('',(#6098,#6108,#6117,#6125,#6134,#6142,#6151,#6159));
#6098 = ORIENTED_EDGE('',*,*,#6099,.F.);
#6099 = EDGE_CURVE('',#6100,#6102,#6104,.T.);
#6100 = VERTEX_POINT('',#6101);
#6101 = CARTESIAN_POINT('',(-0.5,-0.25,2.E-02));
#6102 = VERTEX_POINT('',#6103);
#6103 = CARTESIAN_POINT('',(-0.5,-0.25,0.48));
#6104 = LINE('',#6105,#6106);
#6105 = CARTESIAN_POINT('',(-0.5,-0.25,0.));
#6106 = VECTOR('',#6107,1.);
#6107 = DIRECTION('',(0.,0.,1.));
#6108 = ORIENTED_EDGE('',*,*,#6109,.T.);
#6109 = EDGE_CURVE('',#6100,#6110,#6112,.T.);
#6110 = VERTEX_POINT('',#6111);
#6111 = CARTESIAN_POINT('',(-0.5,-0.23,0.));
#6112 = CIRCLE('',#6113,2.E-02);
#6113 = AXIS2_PLACEMENT_3D('',#6114,#6115,#6116);
#6114 = CARTESIAN_POINT('',(-0.5,-0.23,2.E-02));
#6115 = DIRECTION('',(1.,0.,-0.));
#6116 = DIRECTION('',(0.,0.,1.));
#6117 = ORIENTED_EDGE('',*,*,#6118,.T.);
#6118 = EDGE_CURVE('',#6110,#6119,#6121,.T.);
#6119 = VERTEX_POINT('',#6120);
#6120 = CARTESIAN_POINT('',(-0.5,0.23,0.));
#6121 = LINE('',#6122,#6123);
#6122 = CARTESIAN_POINT('',(-0.5,-0.25,0.));
#6123 = VECTOR('',#6124,1.);
#6124 = DIRECTION('',(0.,1.,0.));
#6125 = ORIENTED_EDGE('',*,*,#6126,.F.);
#6126 = EDGE_CURVE('',#6127,#6119,#6129,.T.);
#6127 = VERTEX_POINT('',#6128);
#6128 = CARTESIAN_POINT('',(-0.5,0.25,2.E-02));
#6129 = CIRCLE('',#6130,2.E-02);
#6130 = AXIS2_PLACEMENT_3D('',#6131,#6132,#6133);
#6131 = CARTESIAN_POINT('',(-0.5,0.23,2.E-02));
#6132 = DIRECTION('',(-1.,0.,0.));
#6133 = DIRECTION('',(0.,0.,1.));
#6134 = ORIENTED_EDGE('',*,*,#6135,.T.);
#6135 = EDGE_CURVE('',#6127,#6136,#6138,.T.);
#6136 = VERTEX_POINT('',#6137);
#6137 = CARTESIAN_POINT('',(-0.5,0.25,0.48));
#6138 = LINE('',#6139,#6140);
#6139 = CARTESIAN_POINT('',(-0.5,0.25,0.));
#6140 = VECTOR('',#6141,1.);
#6141 = DIRECTION('',(0.,0.,1.));
#6142 = ORIENTED_EDGE('',*,*,#6143,.T.);
#6143 = EDGE_CURVE('',#6136,#6144,#6146,.T.);
#6144 = VERTEX_POINT('',#6145);
#6145 = CARTESIAN_POINT('',(-0.5,0.23,0.5));
#6146 = CIRCLE('',#6147,2.E-02);
#6147 = AXIS2_PLACEMENT_3D('',#6148,#6149,#6150);
#6148 = CARTESIAN_POINT('',(-0.5,0.23,0.48));
#6149 = DIRECTION('',(1.,0.,-0.));
#6150 = DIRECTION('',(0.,0.,1.));
#6151 = ORIENTED_EDGE('',*,*,#6152,.F.);
#6152 = EDGE_CURVE('',#6153,#6144,#6155,.T.);
#6153 = VERTEX_POINT('',#6154);
#6154 = CARTESIAN_POINT('',(-0.5,-0.23,0.5));
#6155 = LINE('',#6156,#6157);
#6156 = CARTESIAN_POINT('',(-0.5,-0.25,0.5));
#6157 = VECTOR('',#6158,1.);
#6158 = DIRECTION('',(0.,1.,0.));
#6159 = ORIENTED_EDGE('',*,*,#6160,.F.);
#6160 = EDGE_CURVE('',#6102,#6153,#6161,.T.);
#6161 = CIRCLE('',#6162,2.E-02);
#6162 = AXIS2_PLACEMENT_3D('',#6163,#6164,#6165);
#6163 = CARTESIAN_POINT('',(-0.5,-0.23,0.48));
#6164 = DIRECTION('',(-1.,0.,0.));
#6165 = DIRECTION('',(0.,0.,1.));
#6166 = PLANE('',#6167);
#6167 = AXIS2_PLACEMENT_3D('',#6168,#6169,#6170);
#6168 = CARTESIAN_POINT('',(-0.5,-0.25,0.));
#6169 = DIRECTION('',(1.,0.,-0.));
#6170 = DIRECTION('',(0.,0.,1.));
#6171 = ADVANCED_FACE('',(#6172),#6197,.F.);
#6172 = FACE_BOUND('',#6173,.F.);
#6173 = EDGE_LOOP('',(#6174,#6184,#6190,#6191));
#6174 = ORIENTED_EDGE('',*,*,#6175,.F.);
#6175 = EDGE_CURVE('',#6176,#6178,#6180,.T.);
#6176 = VERTEX_POINT('',#6177);
#6177 = CARTESIAN_POINT('',(-0.3,-0.25,2.E-02));
#6178 = VERTEX_POINT('',#6179);
#6179 = CARTESIAN_POINT('',(-0.3,-0.25,0.48));
#6180 = LINE('',#6181,#6182);
#6181 = CARTESIAN_POINT('',(-0.3,-0.25,0.));
#6182 = VECTOR('',#6183,1.);
#6183 = DIRECTION('',(0.,0.,1.));
#6184 = ORIENTED_EDGE('',*,*,#6185,.F.);
#6185 = EDGE_CURVE('',#6100,#6176,#6186,.T.);
#6186 = LINE('',#6187,#6188);
#6187 = CARTESIAN_POINT('',(-0.5,-0.25,2.E-02));
#6188 = VECTOR('',#6189,1.);
#6189 = DIRECTION('',(1.,0.,-0.));
#6190 = ORIENTED_EDGE('',*,*,#6099,.T.);
#6191 = ORIENTED_EDGE('',*,*,#6192,.T.);
#6192 = EDGE_CURVE('',#6102,#6178,#6193,.T.);
#6193 = LINE('',#6194,#6195);
#6194 = CARTESIAN_POINT('',(-0.5,-0.25,0.48));
#6195 = VECTOR('',#6196,1.);
#6196 = DIRECTION('',(1.,0.,-0.));
#6197 = PLANE('',#6198);
#6198 = AXIS2_PLACEMENT_3D('',#6199,#6200,#6201);
#6199 = CARTESIAN_POINT('',(-0.5,-0.25,0.));
#6200 = DIRECTION('',(0.,1.,0.));
#6201 = DIRECTION('',(0.,-0.,1.));
#6202 = ADVANCED_FACE('',(#6203),#6222,.T.);
#6203 = FACE_BOUND('',#6204,.T.);
#6204 = EDGE_LOOP('',(#6205,#6206,#6214,#6221));
#6205 = ORIENTED_EDGE('',*,*,#6109,.T.);
#6206 = ORIENTED_EDGE('',*,*,#6207,.T.);
#6207 = EDGE_CURVE('',#6110,#6208,#6210,.T.);
#6208 = VERTEX_POINT('',#6209);
#6209 = CARTESIAN_POINT('',(-0.3,-0.23,0.));
#6210 = LINE('',#6211,#6212);
#6211 = CARTESIAN_POINT('',(-0.5,-0.23,0.));
#6212 = VECTOR('',#6213,1.);
#6213 = DIRECTION('',(1.,0.,-0.));
#6214 = ORIENTED_EDGE('',*,*,#6215,.F.);
#6215 = EDGE_CURVE('',#6176,#6208,#6216,.T.);
#6216 = CIRCLE('',#6217,2.E-02);
#6217 = AXIS2_PLACEMENT_3D('',#6218,#6219,#6220);
#6218 = CARTESIAN_POINT('',(-0.3,-0.23,2.E-02));
#6219 = DIRECTION('',(1.,0.,-0.));
#6220 = DIRECTION('',(0.,0.,1.));
#6221 = ORIENTED_EDGE('',*,*,#6185,.F.);
#6222 = CYLINDRICAL_SURFACE('',#6223,2.E-02);
#6223 = AXIS2_PLACEMENT_3D('',#6224,#6225,#6226);
#6224 = CARTESIAN_POINT('',(-0.5,-0.23,2.E-02));
#6225 = DIRECTION('',(1.,0.,-0.));
#6226 = DIRECTION('',(0.,-1.,0.));
#6227 = ADVANCED_FACE('',(#6228),#6247,.T.);
#6228 = FACE_BOUND('',#6229,.T.);
#6229 = EDGE_LOOP('',(#6230,#6231,#6240,#6246));
#6230 = ORIENTED_EDGE('',*,*,#6192,.T.);
#6231 = ORIENTED_EDGE('',*,*,#6232,.T.);
#6232 = EDGE_CURVE('',#6178,#6233,#6235,.T.);
#6233 = VERTEX_POINT('',#6234);
#6234 = CARTESIAN_POINT('',(-0.3,-0.23,0.5));
#6235 = CIRCLE('',#6236,2.E-02);
#6236 = AXIS2_PLACEMENT_3D('',#6237,#6238,#6239);
#6237 = CARTESIAN_POINT('',(-0.3,-0.23,0.48));
#6238 = DIRECTION('',(-1.,0.,0.));
#6239 = DIRECTION('',(0.,0.,1.));
#6240 = ORIENTED_EDGE('',*,*,#6241,.F.);
#6241 = EDGE_CURVE('',#6153,#6233,#6242,.T.);
#6242 = LINE('',#6243,#6244);
#6243 = CARTESIAN_POINT('',(-0.5,-0.23,0.5));
#6244 = VECTOR('',#6245,1.);
#6245 = DIRECTION('',(1.,0.,-0.));
#6246 = ORIENTED_EDGE('',*,*,#6160,.F.);
#6247 = CYLINDRICAL_SURFACE('',#6248,2.E-02);
#6248 = AXIS2_PLACEMENT_3D('',#6249,#6250,#6251);
#6249 = CARTESIAN_POINT('',(-0.5,-0.23,0.48));
#6250 = DIRECTION('',(1.,0.,-0.));
#6251 = DIRECTION('',(0.,-1.,0.));
#6252 = ADVANCED_FACE('',(#6253),#6271,.F.);
#6253 = FACE_BOUND('',#6254,.F.);
#6254 = EDGE_LOOP('',(#6255,#6256,#6257,#6265));
#6255 = ORIENTED_EDGE('',*,*,#6118,.F.);
#6256 = ORIENTED_EDGE('',*,*,#6207,.T.);
#6257 = ORIENTED_EDGE('',*,*,#6258,.T.);
#6258 = EDGE_CURVE('',#6208,#6259,#6261,.T.);
#6259 = VERTEX_POINT('',#6260);
#6260 = CARTESIAN_POINT('',(-0.3,0.23,0.));
#6261 = LINE('',#6262,#6263);
#6262 = CARTESIAN_POINT('',(-0.3,-0.25,0.));
#6263 = VECTOR('',#6264,1.);
#6264 = DIRECTION('',(0.,1.,0.));
#6265 = ORIENTED_EDGE('',*,*,#6266,.F.);
#6266 = EDGE_CURVE('',#6119,#6259,#6267,.T.);
#6267 = LINE('',#6268,#6269);
#6268 = CARTESIAN_POINT('',(-0.5,0.23,0.));
#6269 = VECTOR('',#6270,1.);
#6270 = DIRECTION('',(1.,0.,-0.));
#6271 = PLANE('',#6272);
#6272 = AXIS2_PLACEMENT_3D('',#6273,#6274,#6275);
#6273 = CARTESIAN_POINT('',(-0.5,-0.25,0.));
#6274 = DIRECTION('',(0.,0.,1.));
#6275 = DIRECTION('',(1.,0.,-0.));
#6276 = ADVANCED_FACE('',(#6277),#6295,.T.);
#6277 = FACE_BOUND('',#6278,.T.);
#6278 = EDGE_LOOP('',(#6279,#6280,#6281,#6289));
#6279 = ORIENTED_EDGE('',*,*,#6152,.F.);
#6280 = ORIENTED_EDGE('',*,*,#6241,.T.);
#6281 = ORIENTED_EDGE('',*,*,#6282,.T.);
#6282 = EDGE_CURVE('',#6233,#6283,#6285,.T.);
#6283 = VERTEX_POINT('',#6284);
#6284 = CARTESIAN_POINT('',(-0.3,0.23,0.5));
#6285 = LINE('',#6286,#6287);
#6286 = CARTESIAN_POINT('',(-0.3,-0.25,0.5));
#6287 = VECTOR('',#6288,1.);
#6288 = DIRECTION('',(0.,1.,0.));
#6289 = ORIENTED_EDGE('',*,*,#6290,.F.);
#6290 = EDGE_CURVE('',#6144,#6283,#6291,.T.);
#6291 = LINE('',#6292,#6293);
#6292 = CARTESIAN_POINT('',(-0.5,0.23,0.5));
#6293 = VECTOR('',#6294,1.);
#6294 = DIRECTION('',(1.,0.,-0.));
#6295 = PLANE('',#6296);
#6296 = AXIS2_PLACEMENT_3D('',#6297,#6298,#6299);
#6297 = CARTESIAN_POINT('',(-0.5,-0.25,0.5));
#6298 = DIRECTION('',(0.,0.,1.));
#6299 = DIRECTION('',(1.,0.,-0.));
#6300 = ADVANCED_FACE('',(#6301),#6320,.T.);
#6301 = FACE_BOUND('',#6302,.T.);
#6302 = EDGE_LOOP('',(#6303,#6311,#6318,#6319));
#6303 = ORIENTED_EDGE('',*,*,#6304,.T.);
#6304 = EDGE_CURVE('',#6127,#6305,#6307,.T.);
#6305 = VERTEX_POINT('',#6306);
#6306 = CARTESIAN_POINT('',(-0.3,0.25,2.E-02));
#6307 = LINE('',#6308,#6309);
#6308 = CARTESIAN_POINT('',(-0.5,0.25,2.E-02));
#6309 = VECTOR('',#6310,1.);
#6310 = DIRECTION('',(1.,0.,-0.));
#6311 = ORIENTED_EDGE('',*,*,#6312,.T.);
#6312 = EDGE_CURVE('',#6305,#6259,#6313,.T.);
#6313 = CIRCLE('',#6314,2.E-02);
#6314 = AXIS2_PLACEMENT_3D('',#6315,#6316,#6317);
#6315 = CARTESIAN_POINT('',(-0.3,0.23,2.E-02));
#6316 = DIRECTION('',(-1.,0.,0.));
#6317 = DIRECTION('',(0.,0.,1.));
#6318 = ORIENTED_EDGE('',*,*,#6266,.F.);
#6319 = ORIENTED_EDGE('',*,*,#6126,.F.);
#6320 = CYLINDRICAL_SURFACE('',#6321,2.E-02);
#6321 = AXIS2_PLACEMENT_3D('',#6322,#6323,#6324);
#6322 = CARTESIAN_POINT('',(-0.5,0.23,2.E-02));
#6323 = DIRECTION('',(1.,0.,-0.));
#6324 = DIRECTION('',(0.,1.,0.));
#6325 = ADVANCED_FACE('',(#6326),#6345,.T.);
#6326 = FACE_BOUND('',#6327,.T.);
#6327 = EDGE_LOOP('',(#6328,#6329,#6330,#6339));
#6328 = ORIENTED_EDGE('',*,*,#6143,.T.);
#6329 = ORIENTED_EDGE('',*,*,#6290,.T.);
#6330 = ORIENTED_EDGE('',*,*,#6331,.F.);
#6331 = EDGE_CURVE('',#6332,#6283,#6334,.T.);
#6332 = VERTEX_POINT('',#6333);
#6333 = CARTESIAN_POINT('',(-0.3,0.25,0.48));
#6334 = CIRCLE('',#6335,2.E-02);
#6335 = AXIS2_PLACEMENT_3D('',#6336,#6337,#6338);
#6336 = CARTESIAN_POINT('',(-0.3,0.23,0.48));
#6337 = DIRECTION('',(1.,0.,-0.));
#6338 = DIRECTION('',(0.,0.,1.));
#6339 = ORIENTED_EDGE('',*,*,#6340,.F.);
#6340 = EDGE_CURVE('',#6136,#6332,#6341,.T.);
#6341 = LINE('',#6342,#6343);
#6342 = CARTESIAN_POINT('',(-0.5,0.25,0.48));
#6343 = VECTOR('',#6344,1.);
#6344 = DIRECTION('',(1.,0.,-0.));
#6345 = CYLINDRICAL_SURFACE('',#6346,2.E-02);
#6346 = AXIS2_PLACEMENT_3D('',#6347,#6348,#6349);
#6347 = CARTESIAN_POINT('',(-0.5,0.23,0.48));
#6348 = DIRECTION('',(1.,0.,-0.));
#6349 = DIRECTION('',(0.,1.,0.));
#6350 = ADVANCED_FACE('',(#6351),#6362,.T.);
#6351 = FACE_BOUND('',#6352,.T.);
#6352 = EDGE_LOOP('',(#6353,#6359,#6360,#6361));
#6353 = ORIENTED_EDGE('',*,*,#6354,.F.);
#6354 = EDGE_CURVE('',#6305,#6332,#6355,.T.);
#6355 = LINE('',#6356,#6357);
#6356 = CARTESIAN_POINT('',(-0.3,0.25,0.));
#6357 = VECTOR('',#6358,1.);
#6358 = DIRECTION('',(0.,0.,1.));
#6359 = ORIENTED_EDGE('',*,*,#6304,.F.);
#6360 = ORIENTED_EDGE('',*,*,#6135,.T.);
#6361 = ORIENTED_EDGE('',*,*,#6340,.T.);
#6362 = PLANE('',#6363);
#6363 = AXIS2_PLACEMENT_3D('',#6364,#6365,#6366);
#6364 = CARTESIAN_POINT('',(-0.5,0.25,0.));
#6365 = DIRECTION('',(0.,1.,0.));
#6366 = DIRECTION('',(0.,-0.,1.));
#6367 = ADVANCED_FACE('',(#6368,#6378),#6448,.T.);
#6368 = FACE_BOUND('',#6369,.T.);
#6369 = EDGE_LOOP('',(#6370,#6371,#6372,#6373,#6374,#6375,#6376,#6377));
#6370 = ORIENTED_EDGE('',*,*,#6175,.F.);
#6371 = ORIENTED_EDGE('',*,*,#6215,.T.);
#6372 = ORIENTED_EDGE('',*,*,#6258,.T.);
#6373 = ORIENTED_EDGE('',*,*,#6312,.F.);
#6374 = ORIENTED_EDGE('',*,*,#6354,.T.);
#6375 = ORIENTED_EDGE('',*,*,#6331,.T.);
#6376 = ORIENTED_EDGE('',*,*,#6282,.F.);
#6377 = ORIENTED_EDGE('',*,*,#6232,.F.);
#6378 = FACE_BOUND('',#6379,.T.);
#6379 = EDGE_LOOP('',(#6380,#6391,#6399,#6408,#6416,#6425,#6433,#6442));
#6380 = ORIENTED_EDGE('',*,*,#6381,.F.);
#6381 = EDGE_CURVE('',#6382,#6384,#6386,.T.);
#6382 = VERTEX_POINT('',#6383);
#6383 = CARTESIAN_POINT('',(-0.3,-0.23,4.E-02));
#6384 = VERTEX_POINT('',#6385);
#6385 = CARTESIAN_POINT('',(-0.3,-0.21,2.E-02));
#6386 = CIRCLE('',#6387,2.E-02);
#6387 = AXIS2_PLACEMENT_3D('',#6388,#6389,#6390);
#6388 = CARTESIAN_POINT('',(-0.3,-0.21,4.E-02));
#6389 = DIRECTION('',(1.,0.,-0.));
#6390 = DIRECTION('',(0.,0.,1.));
#6391 = ORIENTED_EDGE('',*,*,#6392,.T.);
#6392 = EDGE_CURVE('',#6382,#6393,#6395,.T.);
#6393 = VERTEX_POINT('',#6394);
#6394 = CARTESIAN_POINT('',(-0.3,-0.23,0.46));
#6395 = LINE('',#6396,#6397);
#6396 = CARTESIAN_POINT('',(-0.3,-0.23,2.E-02));
#6397 = VECTOR('',#6398,1.);
#6398 = DIRECTION('',(0.,0.,1.));
#6399 = ORIENTED_EDGE('',*,*,#6400,.T.);
#6400 = EDGE_CURVE('',#6393,#6401,#6403,.T.);
#6401 = VERTEX_POINT('',#6402);
#6402 = CARTESIAN_POINT('',(-0.3,-0.21,0.48));
#6403 = CIRCLE('',#6404,2.E-02);
#6404 = AXIS2_PLACEMENT_3D('',#6405,#6406,#6407);
#6405 = CARTESIAN_POINT('',(-0.3,-0.21,0.46));
#6406 = DIRECTION('',(-1.,0.,0.));
#6407 = DIRECTION('',(0.,0.,1.));
#6408 = ORIENTED_EDGE('',*,*,#6409,.T.);
#6409 = EDGE_CURVE('',#6401,#6410,#6412,.T.);
#6410 = VERTEX_POINT('',#6411);
#6411 = CARTESIAN_POINT('',(-0.3,0.21,0.48));
#6412 = LINE('',#6413,#6414);
#6413 = CARTESIAN_POINT('',(-0.3,-0.23,0.48));
#6414 = VECTOR('',#6415,1.);
#6415 = DIRECTION('',(0.,1.,0.));
#6416 = ORIENTED_EDGE('',*,*,#6417,.F.);
#6417 = EDGE_CURVE('',#6418,#6410,#6420,.T.);
#6418 = VERTEX_POINT('',#6419);
#6419 = CARTESIAN_POINT('',(-0.3,0.23,0.46));
#6420 = CIRCLE('',#6421,2.E-02);
#6421 = AXIS2_PLACEMENT_3D('',#6422,#6423,#6424);
#6422 = CARTESIAN_POINT('',(-0.3,0.21,0.46));
#6423 = DIRECTION('',(1.,0.,-0.));
#6424 = DIRECTION('',(0.,0.,1.));
#6425 = ORIENTED_EDGE('',*,*,#6426,.F.);
#6426 = EDGE_CURVE('',#6427,#6418,#6429,.T.);
#6427 = VERTEX_POINT('',#6428);
#6428 = CARTESIAN_POINT('',(-0.3,0.23,4.E-02));
#6429 = LINE('',#6430,#6431);
#6430 = CARTESIAN_POINT('',(-0.3,0.23,2.E-02));
#6431 = VECTOR('',#6432,1.);
#6432 = DIRECTION('',(0.,0.,1.));
#6433 = ORIENTED_EDGE('',*,*,#6434,.T.);
#6434 = EDGE_CURVE('',#6427,#6435,#6437,.T.);
#6435 = VERTEX_POINT('',#6436);
#6436 = CARTESIAN_POINT('',(-0.3,0.21,2.E-02));
#6437 = CIRCLE('',#6438,2.E-02);
#6438 = AXIS2_PLACEMENT_3D('',#6439,#6440,#6441);
#6439 = CARTESIAN_POINT('',(-0.3,0.21,4.E-02));
#6440 = DIRECTION('',(-1.,0.,0.));
#6441 = DIRECTION('',(0.,0.,1.));
#6442 = ORIENTED_EDGE('',*,*,#6443,.F.);
#6443 = EDGE_CURVE('',#6384,#6435,#6444,.T.);
#6444 = LINE('',#6445,#6446);
#6445 = CARTESIAN_POINT('',(-0.3,-0.23,2.E-02));
#6446 = VECTOR('',#6447,1.);
#6447 = DIRECTION('',(0.,1.,0.));
#6448 = PLANE('',#6449);
#6449 = AXIS2_PLACEMENT_3D('',#6450,#6451,#6452);
#6450 = CARTESIAN_POINT('',(-0.3,-0.25,0.));
#6451 = DIRECTION('',(1.,0.,-0.));
#6452 = DIRECTION('',(0.,0.,1.));
#6453 = ADVANCED_FACE('',(#6454),#6480,.T.);
#6454 = FACE_BOUND('',#6455,.T.);
#6455 = EDGE_LOOP('',(#6456,#6457,#6465,#6474));
#6456 = ORIENTED_EDGE('',*,*,#6381,.T.);
#6457 = ORIENTED_EDGE('',*,*,#6458,.T.);
#6458 = EDGE_CURVE('',#6384,#6459,#6461,.T.);
#6459 = VERTEX_POINT('',#6460);
#6460 = CARTESIAN_POINT('',(0.3,-0.21,2.E-02));
#6461 = LINE('',#6462,#6463);
#6462 = CARTESIAN_POINT('',(-0.3,-0.21,2.E-02));
#6463 = VECTOR('',#6464,1.);
#6464 = DIRECTION('',(1.,0.,-0.));
#6465 = ORIENTED_EDGE('',*,*,#6466,.F.);
#6466 = EDGE_CURVE('',#6467,#6459,#6469,.T.);
#6467 = VERTEX_POINT('',#6468);
#6468 = CARTESIAN_POINT('',(0.3,-0.23,4.E-02));
#6469 = CIRCLE('',#6470,2.E-02);
#6470 = AXIS2_PLACEMENT_3D('',#6471,#6472,#6473);
#6471 = CARTESIAN_POINT('',(0.3,-0.21,4.E-02));
#6472 = DIRECTION('',(1.,0.,-0.));
#6473 = DIRECTION('',(0.,0.,1.));
#6474 = ORIENTED_EDGE('',*,*,#6475,.F.);
#6475 = EDGE_CURVE('',#6382,#6467,#6476,.T.);
#6476 = LINE('',#6477,#6478);
#6477 = CARTESIAN_POINT('',(-0.3,-0.23,4.E-02));
#6478 = VECTOR('',#6479,1.);
#6479 = DIRECTION('',(1.,0.,-0.));
#6480 = CYLINDRICAL_SURFACE('',#6481,2.E-02);
#6481 = AXIS2_PLACEMENT_3D('',#6482,#6483,#6484);
#6482 = CARTESIAN_POINT('',(-0.3,-0.21,4.E-02));
#6483 = DIRECTION('',(1.,0.,-0.));
#6484 = DIRECTION('',(0.,-1.,0.));
#6485 = ADVANCED_FACE('',(#6486),#6504,.F.);
#6486 = FACE_BOUND('',#6487,.F.);
#6487 = EDGE_LOOP('',(#6488,#6489,#6490,#6498));
#6488 = ORIENTED_EDGE('',*,*,#6443,.F.);
#6489 = ORIENTED_EDGE('',*,*,#6458,.T.);
#6490 = ORIENTED_EDGE('',*,*,#6491,.T.);
#6491 = EDGE_CURVE('',#6459,#6492,#6494,.T.);
#6492 = VERTEX_POINT('',#6493);
#6493 = CARTESIAN_POINT('',(0.3,0.21,2.E-02));
#6494 = LINE('',#6495,#6496);
#6495 = CARTESIAN_POINT('',(0.3,-0.23,2.E-02));
#6496 = VECTOR('',#6497,1.);
#6497 = DIRECTION('',(0.,1.,0.));
#6498 = ORIENTED_EDGE('',*,*,#6499,.F.);
#6499 = EDGE_CURVE('',#6435,#6492,#6500,.T.);
#6500 = LINE('',#6501,#6502);
#6501 = CARTESIAN_POINT('',(-0.3,0.21,2.E-02));
#6502 = VECTOR('',#6503,1.);
#6503 = DIRECTION('',(1.,0.,-0.));
#6504 = PLANE('',#6505);
#6505 = AXIS2_PLACEMENT_3D('',#6506,#6507,#6508);
#6506 = CARTESIAN_POINT('',(-0.3,-0.23,2.E-02));
#6507 = DIRECTION('',(0.,0.,1.));
#6508 = DIRECTION('',(1.,0.,-0.));
#6509 = ADVANCED_FACE('',(#6510),#6529,.T.);
#6510 = FACE_BOUND('',#6511,.T.);
#6511 = EDGE_LOOP('',(#6512,#6520,#6527,#6528));
#6512 = ORIENTED_EDGE('',*,*,#6513,.T.);
#6513 = EDGE_CURVE('',#6427,#6514,#6516,.T.);
#6514 = VERTEX_POINT('',#6515);
#6515 = CARTESIAN_POINT('',(0.3,0.23,4.E-02));
#6516 = LINE('',#6517,#6518);
#6517 = CARTESIAN_POINT('',(-0.3,0.23,4.E-02));
#6518 = VECTOR('',#6519,1.);
#6519 = DIRECTION('',(1.,0.,-0.));
#6520 = ORIENTED_EDGE('',*,*,#6521,.T.);
#6521 = EDGE_CURVE('',#6514,#6492,#6522,.T.);
#6522 = CIRCLE('',#6523,2.E-02);
#6523 = AXIS2_PLACEMENT_3D('',#6524,#6525,#6526);
#6524 = CARTESIAN_POINT('',(0.3,0.21,4.E-02));
#6525 = DIRECTION('',(-1.,0.,0.));
#6526 = DIRECTION('',(0.,0.,1.));
#6527 = ORIENTED_EDGE('',*,*,#6499,.F.);
#6528 = ORIENTED_EDGE('',*,*,#6434,.F.);
#6529 = CYLINDRICAL_SURFACE('',#6530,2.E-02);
#6530 = AXIS2_PLACEMENT_3D('',#6531,#6532,#6533);
#6531 = CARTESIAN_POINT('',(-0.3,0.21,4.E-02));
#6532 = DIRECTION('',(1.,0.,-0.));
#6533 = DIRECTION('',(0.,1.,0.));
#6534 = ADVANCED_FACE('',(#6535),#6553,.T.);
#6535 = FACE_BOUND('',#6536,.T.);
#6536 = EDGE_LOOP('',(#6537,#6545,#6546,#6547));
#6537 = ORIENTED_EDGE('',*,*,#6538,.F.);
#6538 = EDGE_CURVE('',#6514,#6539,#6541,.T.);
#6539 = VERTEX_POINT('',#6540);
#6540 = CARTESIAN_POINT('',(0.3,0.23,0.46));
#6541 = LINE('',#6542,#6543);
#6542 = CARTESIAN_POINT('',(0.3,0.23,2.E-02));
#6543 = VECTOR('',#6544,1.);
#6544 = DIRECTION('',(0.,0.,1.));
#6545 = ORIENTED_EDGE('',*,*,#6513,.F.);
#6546 = ORIENTED_EDGE('',*,*,#6426,.T.);
#6547 = ORIENTED_EDGE('',*,*,#6548,.T.);
#6548 = EDGE_CURVE('',#6418,#6539,#6549,.T.);
#6549 = LINE('',#6550,#6551);
#6550 = CARTESIAN_POINT('',(-0.3,0.23,0.46));
#6551 = VECTOR('',#6552,1.);
#6552 = DIRECTION('',(1.,0.,-0.));
#6553 = PLANE('',#6554);
#6554 = AXIS2_PLACEMENT_3D('',#6555,#6556,#6557);
#6555 = CARTESIAN_POINT('',(-0.3,0.23,2.E-02));
#6556 = DIRECTION('',(0.,1.,0.));
#6557 = DIRECTION('',(0.,-0.,1.));
#6558 = ADVANCED_FACE('',(#6559),#6578,.T.);
#6559 = FACE_BOUND('',#6560,.T.);
#6560 = EDGE_LOOP('',(#6561,#6562,#6570,#6577));
#6561 = ORIENTED_EDGE('',*,*,#6417,.T.);
#6562 = ORIENTED_EDGE('',*,*,#6563,.T.);
#6563 = EDGE_CURVE('',#6410,#6564,#6566,.T.);
#6564 = VERTEX_POINT('',#6565);
#6565 = CARTESIAN_POINT('',(0.3,0.21,0.48));
#6566 = LINE('',#6567,#6568);
#6567 = CARTESIAN_POINT('',(-0.3,0.21,0.48));
#6568 = VECTOR('',#6569,1.);
#6569 = DIRECTION('',(1.,0.,-0.));
#6570 = ORIENTED_EDGE('',*,*,#6571,.F.);
#6571 = EDGE_CURVE('',#6539,#6564,#6572,.T.);
#6572 = CIRCLE('',#6573,2.E-02);
#6573 = AXIS2_PLACEMENT_3D('',#6574,#6575,#6576);
#6574 = CARTESIAN_POINT('',(0.3,0.21,0.46));
#6575 = DIRECTION('',(1.,0.,-0.));
#6576 = DIRECTION('',(0.,0.,1.));
#6577 = ORIENTED_EDGE('',*,*,#6548,.F.);
#6578 = CYLINDRICAL_SURFACE('',#6579,2.E-02);
#6579 = AXIS2_PLACEMENT_3D('',#6580,#6581,#6582);
#6580 = CARTESIAN_POINT('',(-0.3,0.21,0.46));
#6581 = DIRECTION('',(1.,0.,-0.));
#6582 = DIRECTION('',(0.,1.,0.));
#6583 = ADVANCED_FACE('',(#6584),#6602,.T.);
#6584 = FACE_BOUND('',#6585,.T.);
#6585 = EDGE_LOOP('',(#6586,#6587,#6595,#6601));
#6586 = ORIENTED_EDGE('',*,*,#6409,.F.);
#6587 = ORIENTED_EDGE('',*,*,#6588,.T.);
#6588 = EDGE_CURVE('',#6401,#6589,#6591,.T.);
#6589 = VERTEX_POINT('',#6590);
#6590 = CARTESIAN_POINT('',(0.3,-0.21,0.48));
#6591 = LINE('',#6592,#6593);
#6592 = CARTESIAN_POINT('',(-0.3,-0.21,0.48));
#6593 = VECTOR('',#6594,1.);
#6594 = DIRECTION('',(1.,0.,-0.));
#6595 = ORIENTED_EDGE('',*,*,#6596,.T.);
#6596 = EDGE_CURVE('',#6589,#6564,#6597,.T.);
#6597 = LINE('',#6598,#6599);
#6598 = CARTESIAN_POINT('',(0.3,-0.23,0.48));
#6599 = VECTOR('',#6600,1.);
#6600 = DIRECTION('',(0.,1.,0.));
#6601 = ORIENTED_EDGE('',*,*,#6563,.F.);
#6602 = PLANE('',#6603);
#6603 = AXIS2_PLACEMENT_3D('',#6604,#6605,#6606);
#6604 = CARTESIAN_POINT('',(-0.3,-0.23,0.48));
#6605 = DIRECTION('',(0.,0.,1.));
#6606 = DIRECTION('',(1.,0.,-0.));
#6607 = ADVANCED_FACE('',(#6608),#6627,.T.);
#6608 = FACE_BOUND('',#6609,.T.);
#6609 = EDGE_LOOP('',(#6610,#6618,#6625,#6626));
#6610 = ORIENTED_EDGE('',*,*,#6611,.T.);
#6611 = EDGE_CURVE('',#6393,#6612,#6614,.T.);
#6612 = VERTEX_POINT('',#6613);
#6613 = CARTESIAN_POINT('',(0.3,-0.23,0.46));
#6614 = LINE('',#6615,#6616);
#6615 = CARTESIAN_POINT('',(-0.3,-0.23,0.46));
#6616 = VECTOR('',#6617,1.);
#6617 = DIRECTION('',(1.,0.,-0.));
#6618 = ORIENTED_EDGE('',*,*,#6619,.T.);
#6619 = EDGE_CURVE('',#6612,#6589,#6620,.T.);
#6620 = CIRCLE('',#6621,2.E-02);
#6621 = AXIS2_PLACEMENT_3D('',#6622,#6623,#6624);
#6622 = CARTESIAN_POINT('',(0.3,-0.21,0.46));
#6623 = DIRECTION('',(-1.,0.,0.));
#6624 = DIRECTION('',(0.,0.,1.));
#6625 = ORIENTED_EDGE('',*,*,#6588,.F.);
#6626 = ORIENTED_EDGE('',*,*,#6400,.F.);
#6627 = CYLINDRICAL_SURFACE('',#6628,2.E-02);
#6628 = AXIS2_PLACEMENT_3D('',#6629,#6630,#6631);
#6629 = CARTESIAN_POINT('',(-0.3,-0.21,0.46));
#6630 = DIRECTION('',(1.,0.,-0.));
#6631 = DIRECTION('',(0.,-1.,0.));
#6632 = ADVANCED_FACE('',(#6633),#6644,.F.);
#6633 = FACE_BOUND('',#6634,.F.);
#6634 = EDGE_LOOP('',(#6635,#6641,#6642,#6643));
#6635 = ORIENTED_EDGE('',*,*,#6636,.F.);
#6636 = EDGE_CURVE('',#6467,#6612,#6637,.T.);
#6637 = LINE('',#6638,#6639);
#6638 = CARTESIAN_POINT('',(0.3,-0.23,2.E-02));
#6639 = VECTOR('',#6640,1.);
#6640 = DIRECTION('',(0.,0.,1.));
#6641 = ORIENTED_EDGE('',*,*,#6475,.F.);
#6642 = ORIENTED_EDGE('',*,*,#6392,.T.);
#6643 = ORIENTED_EDGE('',*,*,#6611,.T.);
#6644 = PLANE('',#6645);
#6645 = AXIS2_PLACEMENT_3D('',#6646,#6647,#6648);
#6646 = CARTESIAN_POINT('',(-0.3,-0.23,2.E-02));
#6647 = DIRECTION('',(0.,1.,0.));
#6648 = DIRECTION('',(0.,-0.,1.));
#6649 = ADVANCED_FACE('',(#6650,#6720),#6730,.F.);
#6650 = FACE_BOUND('',#6651,.F.);
#6651 = EDGE_LOOP('',(#6652,#6662,#6671,#6679,#6688,#6696,#6705,#6713));
#6652 = ORIENTED_EDGE('',*,*,#6653,.F.);
#6653 = EDGE_CURVE('',#6654,#6656,#6658,.T.);
#6654 = VERTEX_POINT('',#6655);
#6655 = CARTESIAN_POINT('',(0.3,-0.25,2.E-02));
#6656 = VERTEX_POINT('',#6657);
#6657 = CARTESIAN_POINT('',(0.3,-0.25,0.48));
#6658 = LINE('',#6659,#6660);
#6659 = CARTESIAN_POINT('',(0.3,-0.25,0.));
#6660 = VECTOR('',#6661,1.);
#6661 = DIRECTION('',(0.,0.,1.));
#6662 = ORIENTED_EDGE('',*,*,#6663,.T.);
#6663 = EDGE_CURVE('',#6654,#6664,#6666,.T.);
#6664 = VERTEX_POINT('',#6665);
#6665 = CARTESIAN_POINT('',(0.3,-0.23,0.));
#6666 = CIRCLE('',#6667,2.E-02);
#6667 = AXIS2_PLACEMENT_3D('',#6668,#6669,#6670);
#6668 = CARTESIAN_POINT('',(0.3,-0.23,2.E-02));
#6669 = DIRECTION('',(1.,0.,-0.));
#6670 = DIRECTION('',(0.,0.,1.));
#6671 = ORIENTED_EDGE('',*,*,#6672,.T.);
#6672 = EDGE_CURVE('',#6664,#6673,#6675,.T.);
#6673 = VERTEX_POINT('',#6674);
#6674 = CARTESIAN_POINT('',(0.3,0.23,0.));
#6675 = LINE('',#6676,#6677);
#6676 = CARTESIAN_POINT('',(0.3,-0.25,0.));
#6677 = VECTOR('',#6678,1.);
#6678 = DIRECTION('',(0.,1.,0.));
#6679 = ORIENTED_EDGE('',*,*,#6680,.F.);
#6680 = EDGE_CURVE('',#6681,#6673,#6683,.T.);
#6681 = VERTEX_POINT('',#6682);
#6682 = CARTESIAN_POINT('',(0.3,0.25,2.E-02));
#6683 = CIRCLE('',#6684,2.E-02);
#6684 = AXIS2_PLACEMENT_3D('',#6685,#6686,#6687);
#6685 = CARTESIAN_POINT('',(0.3,0.23,2.E-02));
#6686 = DIRECTION('',(-1.,0.,0.));
#6687 = DIRECTION('',(0.,0.,1.));
#6688 = ORIENTED_EDGE('',*,*,#6689,.T.);
#6689 = EDGE_CURVE('',#6681,#6690,#6692,.T.);
#6690 = VERTEX_POINT('',#6691);
#6691 = CARTESIAN_POINT('',(0.3,0.25,0.48));
#6692 = LINE('',#6693,#6694);
#6693 = CARTESIAN_POINT('',(0.3,0.25,0.));
#6694 = VECTOR('',#6695,1.);
#6695 = DIRECTION('',(0.,0.,1.));
#6696 = ORIENTED_EDGE('',*,*,#6697,.T.);
#6697 = EDGE_CURVE('',#6690,#6698,#6700,.T.);
#6698 = VERTEX_POINT('',#6699);
#6699 = CARTESIAN_POINT('',(0.3,0.23,0.5));
#6700 = CIRCLE('',#6701,2.E-02);
#6701 = AXIS2_PLACEMENT_3D('',#6702,#6703,#6704);
#6702 = CARTESIAN_POINT('',(0.3,0.23,0.48));
#6703 = DIRECTION('',(1.,0.,-0.));
#6704 = DIRECTION('',(0.,0.,1.));
#6705 = ORIENTED_EDGE('',*,*,#6706,.F.);
#6706 = EDGE_CURVE('',#6707,#6698,#6709,.T.);
#6707 = VERTEX_POINT('',#6708);
#6708 = CARTESIAN_POINT('',(0.3,-0.23,0.5));
#6709 = LINE('',#6710,#6711);
#6710 = CARTESIAN_POINT('',(0.3,-0.25,0.5));
#6711 = VECTOR('',#6712,1.);
#6712 = DIRECTION('',(0.,1.,0.));
#6713 = ORIENTED_EDGE('',*,*,#6714,.F.);
#6714 = EDGE_CURVE('',#6656,#6707,#6715,.T.);
#6715 = CIRCLE('',#6716,2.E-02);
#6716 = AXIS2_PLACEMENT_3D('',#6717,#6718,#6719);
#6717 = CARTESIAN_POINT('',(0.3,-0.23,0.48));
#6718 = DIRECTION('',(-1.,0.,0.));
#6719 = DIRECTION('',(0.,0.,1.));
#6720 = FACE_BOUND('',#6721,.F.);
#6721 = EDGE_LOOP('',(#6722,#6723,#6724,#6725,#6726,#6727,#6728,#6729));
#6722 = ORIENTED_EDGE('',*,*,#6466,.F.);
#6723 = ORIENTED_EDGE('',*,*,#6636,.T.);
#6724 = ORIENTED_EDGE('',*,*,#6619,.T.);
#6725 = ORIENTED_EDGE('',*,*,#6596,.T.);
#6726 = ORIENTED_EDGE('',*,*,#6571,.F.);
#6727 = ORIENTED_EDGE('',*,*,#6538,.F.);
#6728 = ORIENTED_EDGE('',*,*,#6521,.T.);
#6729 = ORIENTED_EDGE('',*,*,#6491,.F.);
#6730 = PLANE('',#6731);
#6731 = AXIS2_PLACEMENT_3D('',#6732,#6733,#6734);
#6732 = CARTESIAN_POINT('',(0.3,-0.25,0.));
#6733 = DIRECTION('',(1.,0.,-0.));
#6734 = DIRECTION('',(0.,0.,1.));
#6735 = ADVANCED_FACE('',(#6736),#6761,.F.);
#6736 = FACE_BOUND('',#6737,.F.);
#6737 = EDGE_LOOP('',(#6738,#6748,#6754,#6755));
#6738 = ORIENTED_EDGE('',*,*,#6739,.F.);
#6739 = EDGE_CURVE('',#6740,#6742,#6744,.T.);
#6740 = VERTEX_POINT('',#6741);
#6741 = CARTESIAN_POINT('',(0.5,-0.25,2.E-02));
#6742 = VERTEX_POINT('',#6743);
#6743 = CARTESIAN_POINT('',(0.5,-0.25,0.48));
#6744 = LINE('',#6745,#6746);
#6745 = CARTESIAN_POINT('',(0.5,-0.25,0.));
#6746 = VECTOR('',#6747,1.);
#6747 = DIRECTION('',(0.,0.,1.));
#6748 = ORIENTED_EDGE('',*,*,#6749,.F.);
#6749 = EDGE_CURVE('',#6654,#6740,#6750,.T.);
#6750 = LINE('',#6751,#6752);
#6751 = CARTESIAN_POINT('',(0.3,-0.25,2.E-02));
#6752 = VECTOR('',#6753,1.);
#6753 = DIRECTION('',(1.,0.,-0.));
#6754 = ORIENTED_EDGE('',*,*,#6653,.T.);
#6755 = ORIENTED_EDGE('',*,*,#6756,.T.);
#6756 = EDGE_CURVE('',#6656,#6742,#6757,.T.);
#6757 = LINE('',#6758,#6759);
#6758 = CARTESIAN_POINT('',(0.3,-0.25,0.48));
#6759 = VECTOR('',#6760,1.);
#6760 = DIRECTION('',(1.,0.,-0.));
#6761 = PLANE('',#6762);
#6762 = AXIS2_PLACEMENT_3D('',#6763,#6764,#6765);
#6763 = CARTESIAN_POINT('',(0.3,-0.25,0.));
#6764 = DIRECTION('',(0.,1.,0.));
#6765 = DIRECTION('',(0.,-0.,1.));
#6766 = ADVANCED_FACE('',(#6767),#6786,.T.);
#6767 = FACE_BOUND('',#6768,.T.);
#6768 = EDGE_LOOP('',(#6769,#6770,#6778,#6785));
#6769 = ORIENTED_EDGE('',*,*,#6663,.T.);
#6770 = ORIENTED_EDGE('',*,*,#6771,.T.);
#6771 = EDGE_CURVE('',#6664,#6772,#6774,.T.);
#6772 = VERTEX_POINT('',#6773);
#6773 = CARTESIAN_POINT('',(0.5,-0.23,0.));
#6774 = LINE('',#6775,#6776);
#6775 = CARTESIAN_POINT('',(0.3,-0.23,0.));
#6776 = VECTOR('',#6777,1.);
#6777 = DIRECTION('',(1.,0.,-0.));
#6778 = ORIENTED_EDGE('',*,*,#6779,.F.);
#6779 = EDGE_CURVE('',#6740,#6772,#6780,.T.);
#6780 = CIRCLE('',#6781,2.E-02);
#6781 = AXIS2_PLACEMENT_3D('',#6782,#6783,#6784);
#6782 = CARTESIAN_POINT('',(0.5,-0.23,2.E-02));
#6783 = DIRECTION('',(1.,0.,-0.));
#6784 = DIRECTION('',(0.,0.,1.));
#6785 = ORIENTED_EDGE('',*,*,#6749,.F.);
#6786 = CYLINDRICAL_SURFACE('',#6787,2.E-02);
#6787 = AXIS2_PLACEMENT_3D('',#6788,#6789,#6790);
#6788 = CARTESIAN_POINT('',(0.3,-0.23,2.E-02));
#6789 = DIRECTION('',(1.,0.,-0.));
#6790 = DIRECTION('',(0.,-1.,0.));
#6791 = ADVANCED_FACE('',(#6792),#6811,.T.);
#6792 = FACE_BOUND('',#6793,.T.);
#6793 = EDGE_LOOP('',(#6794,#6795,#6804,#6810));
#6794 = ORIENTED_EDGE('',*,*,#6756,.T.);
#6795 = ORIENTED_EDGE('',*,*,#6796,.T.);
#6796 = EDGE_CURVE('',#6742,#6797,#6799,.T.);
#6797 = VERTEX_POINT('',#6798);
#6798 = CARTESIAN_POINT('',(0.5,-0.23,0.5));
#6799 = CIRCLE('',#6800,2.E-02);
#6800 = AXIS2_PLACEMENT_3D('',#6801,#6802,#6803);
#6801 = CARTESIAN_POINT('',(0.5,-0.23,0.48));
#6802 = DIRECTION('',(-1.,0.,0.));
#6803 = DIRECTION('',(0.,0.,1.));
#6804 = ORIENTED_EDGE('',*,*,#6805,.F.);
#6805 = EDGE_CURVE('',#6707,#6797,#6806,.T.);
#6806 = LINE('',#6807,#6808);
#6807 = CARTESIAN_POINT('',(0.3,-0.23,0.5));
#6808 = VECTOR('',#6809,1.);
#6809 = DIRECTION('',(1.,0.,-0.));
#6810 = ORIENTED_EDGE('',*,*,#6714,.F.);
#6811 = CYLINDRICAL_SURFACE('',#6812,2.E-02);
#6812 = AXIS2_PLACEMENT_3D('',#6813,#6814,#6815);
#6813 = CARTESIAN_POINT('',(0.3,-0.23,0.48));
#6814 = DIRECTION('',(1.,0.,-0.));
#6815 = DIRECTION('',(0.,-1.,0.));
#6816 = ADVANCED_FACE('',(#6817),#6835,.F.);
#6817 = FACE_BOUND('',#6818,.F.);
#6818 = EDGE_LOOP('',(#6819,#6820,#6821,#6829));
#6819 = ORIENTED_EDGE('',*,*,#6672,.F.);
#6820 = ORIENTED_EDGE('',*,*,#6771,.T.);
#6821 = ORIENTED_EDGE('',*,*,#6822,.T.);
#6822 = EDGE_CURVE('',#6772,#6823,#6825,.T.);
#6823 = VERTEX_POINT('',#6824);
#6824 = CARTESIAN_POINT('',(0.5,0.23,0.));
#6825 = LINE('',#6826,#6827);
#6826 = CARTESIAN_POINT('',(0.5,-0.25,0.));
#6827 = VECTOR('',#6828,1.);
#6828 = DIRECTION('',(0.,1.,0.));
#6829 = ORIENTED_EDGE('',*,*,#6830,.F.);
#6830 = EDGE_CURVE('',#6673,#6823,#6831,.T.);
#6831 = LINE('',#6832,#6833);
#6832 = CARTESIAN_POINT('',(0.3,0.23,0.));
#6833 = VECTOR('',#6834,1.);
#6834 = DIRECTION('',(1.,0.,-0.));
#6835 = PLANE('',#6836);
#6836 = AXIS2_PLACEMENT_3D('',#6837,#6838,#6839);
#6837 = CARTESIAN_POINT('',(0.3,-0.25,0.));
#6838 = DIRECTION('',(0.,0.,1.));
#6839 = DIRECTION('',(1.,0.,-0.));
#6840 = ADVANCED_FACE('',(#6841),#6859,.T.);
#6841 = FACE_BOUND('',#6842,.T.);
#6842 = EDGE_LOOP('',(#6843,#6844,#6845,#6853));
#6843 = ORIENTED_EDGE('',*,*,#6706,.F.);
#6844 = ORIENTED_EDGE('',*,*,#6805,.T.);
#6845 = ORIENTED_EDGE('',*,*,#6846,.T.);
#6846 = EDGE_CURVE('',#6797,#6847,#6849,.T.);
#6847 = VERTEX_POINT('',#6848);
#6848 = CARTESIAN_POINT('',(0.5,0.23,0.5));
#6849 = LINE('',#6850,#6851);
#6850 = CARTESIAN_POINT('',(0.5,-0.25,0.5));
#6851 = VECTOR('',#6852,1.);
#6852 = DIRECTION('',(0.,1.,0.));
#6853 = ORIENTED_EDGE('',*,*,#6854,.F.);
#6854 = EDGE_CURVE('',#6698,#6847,#6855,.T.);
#6855 = LINE('',#6856,#6857);
#6856 = CARTESIAN_POINT('',(0.3,0.23,0.5));
#6857 = VECTOR('',#6858,1.);
#6858 = DIRECTION('',(1.,0.,-0.));
#6859 = PLANE('',#6860);
#6860 = AXIS2_PLACEMENT_3D('',#6861,#6862,#6863);
#6861 = CARTESIAN_POINT('',(0.3,-0.25,0.5));
#6862 = DIRECTION('',(0.,0.,1.));
#6863 = DIRECTION('',(1.,0.,-0.));
#6864 = ADVANCED_FACE('',(#6865),#6884,.T.);
#6865 = FACE_BOUND('',#6866,.T.);
#6866 = EDGE_LOOP('',(#6867,#6875,#6882,#6883));
#6867 = ORIENTED_EDGE('',*,*,#6868,.T.);
#6868 = EDGE_CURVE('',#6681,#6869,#6871,.T.);
#6869 = VERTEX_POINT('',#6870);
#6870 = CARTESIAN_POINT('',(0.5,0.25,2.E-02));
#6871 = LINE('',#6872,#6873);
#6872 = CARTESIAN_POINT('',(0.3,0.25,2.E-02));
#6873 = VECTOR('',#6874,1.);
#6874 = DIRECTION('',(1.,0.,-0.));
#6875 = ORIENTED_EDGE('',*,*,#6876,.T.);
#6876 = EDGE_CURVE('',#6869,#6823,#6877,.T.);
#6877 = CIRCLE('',#6878,2.E-02);
#6878 = AXIS2_PLACEMENT_3D('',#6879,#6880,#6881);
#6879 = CARTESIAN_POINT('',(0.5,0.23,2.E-02));
#6880 = DIRECTION('',(-1.,0.,0.));
#6881 = DIRECTION('',(0.,0.,1.));
#6882 = ORIENTED_EDGE('',*,*,#6830,.F.);
#6883 = ORIENTED_EDGE('',*,*,#6680,.F.);
#6884 = CYLINDRICAL_SURFACE('',#6885,2.E-02);
#6885 = AXIS2_PLACEMENT_3D('',#6886,#6887,#6888);
#6886 = CARTESIAN_POINT('',(0.3,0.23,2.E-02));
#6887 = DIRECTION('',(1.,0.,-0.));
#6888 = DIRECTION('',(0.,1.,0.));
#6889 = ADVANCED_FACE('',(#6890),#6909,.T.);
#6890 = FACE_BOUND('',#6891,.T.);
#6891 = EDGE_LOOP('',(#6892,#6893,#6894,#6903));
#6892 = ORIENTED_EDGE('',*,*,#6697,.T.);
#6893 = ORIENTED_EDGE('',*,*,#6854,.T.);
#6894 = ORIENTED_EDGE('',*,*,#6895,.F.);
#6895 = EDGE_CURVE('',#6896,#6847,#6898,.T.);
#6896 = VERTEX_POINT('',#6897);
#6897 = CARTESIAN_POINT('',(0.5,0.25,0.48));
#6898 = CIRCLE('',#6899,2.E-02);
#6899 = AXIS2_PLACEMENT_3D('',#6900,#6901,#6902);
#6900 = CARTESIAN_POINT('',(0.5,0.23,0.48));
#6901 = DIRECTION('',(1.,0.,-0.));
#6902 = DIRECTION('',(0.,0.,1.));
#6903 = ORIENTED_EDGE('',*,*,#6904,.F.);
#6904 = EDGE_CURVE('',#6690,#6896,#6905,.T.);
#6905 = LINE('',#6906,#6907);
#6906 = CARTESIAN_POINT('',(0.3,0.25,0.48));
#6907 = VECTOR('',#6908,1.);
#6908 = DIRECTION('',(1.,0.,-0.));
#6909 = CYLINDRICAL_SURFACE('',#6910,2.E-02);
#6910 = AXIS2_PLACEMENT_3D('',#6911,#6912,#6913);
#6911 = CARTESIAN_POINT('',(0.3,0.23,0.48));
#6912 = DIRECTION('',(1.,0.,-0.));
#6913 = DIRECTION('',(0.,1.,0.));
#6914 = ADVANCED_FACE('',(#6915),#6926,.T.);
#6915 = FACE_BOUND('',#6916,.T.);
#6916 = EDGE_LOOP('',(#6917,#6923,#6924,#6925));
#6917 = ORIENTED_EDGE('',*,*,#6918,.F.);
#6918 = EDGE_CURVE('',#6869,#6896,#6919,.T.);
#6919 = LINE('',#6920,#6921);
#6920 = CARTESIAN_POINT('',(0.5,0.25,0.));
#6921 = VECTOR('',#6922,1.);
#6922 = DIRECTION('',(0.,0.,1.));
#6923 = ORIENTED_EDGE('',*,*,#6868,.F.);
#6924 = ORIENTED_EDGE('',*,*,#6689,.T.);
#6925 = ORIENTED_EDGE('',*,*,#6904,.T.);
#6926 = PLANE('',#6927);
#6927 = AXIS2_PLACEMENT_3D('',#6928,#6929,#6930);
#6928 = CARTESIAN_POINT('',(0.3,0.25,0.));
#6929 = DIRECTION('',(0.,1.,0.));
#6930 = DIRECTION('',(0.,-0.,1.));
#6931 = ADVANCED_FACE('',(#6932),#6942,.T.);
#6932 = FACE_BOUND('',#6933,.T.);
#6933 = EDGE_LOOP('',(#6934,#6935,#6936,#6937,#6938,#6939,#6940,#6941));
#6934 = ORIENTED_EDGE('',*,*,#6739,.F.);
#6935 = ORIENTED_EDGE('',*,*,#6779,.T.);
#6936 = ORIENTED_EDGE('',*,*,#6822,.T.);
#6937 = ORIENTED_EDGE('',*,*,#6876,.F.);
#6938 = ORIENTED_EDGE('',*,*,#6918,.T.);
#6939 = ORIENTED_EDGE('',*,*,#6895,.T.);
#6940 = ORIENTED_EDGE('',*,*,#6846,.F.);
#6941 = ORIENTED_EDGE('',*,*,#6796,.F.);
#6942 = PLANE('',#6943);
#6943 = AXIS2_PLACEMENT_3D('',#6944,#6945,#6946);
#6944 = CARTESIAN_POINT('',(0.5,-0.25,0.));
#6945 = DIRECTION('',(1.,0.,-0.));
#6946 = DIRECTION('',(0.,0.,1.));
#6947 = ( GEOMETRIC_REPRESENTATION_CONTEXT(3) 
GLOBAL_UNCERTAINTY_ASSIGNED_CONTEXT((#6951)) 
GLOBAL_UNIT_ASSIGNED_CONTEXT((#6948,#6949,#6950)) REPRESENTATION_CONTEXT
('Context #1','3D Context with UNIT and UNCERTAINTY') );
#6948 = ( LENGTH_UNIT() NAMED_UNIT(*) SI_UNIT(.MILLI.,.METRE.) );
#6949 = ( NAMED_UNIT(*) PLANE_ANGLE_UNIT() SI_UNIT($,.RADIAN.) );
#6950 = ( NAMED_UNIT(*) SI_UNIT($,.STERADIAN.) SOLID_ANGLE_UNIT() );
#6951 = UNCERTAINTY_MEASURE_WITH_UNIT(LENGTH_MEASURE(1.E-07),#6948,
  'distance_accuracy_value','confusion accuracy');
#6952 = CONTEXT_DEPENDENT_SHAPE_REPRESENTATION(#6953,#6955);
#6953 = ( REPRESENTATION_RELATIONSHIP('','',#6092,#6069) 
REPRESENTATION_RELATIONSHIP_WITH_TRANSFORMATION(#6954) 
SHAPE_REPRESENTATION_RELATIONSHIP() );
#6954 = ITEM_DEFINED_TRANSFORMATION('','',#11,#6070);
#6955 = PRODUCT_DEFINITION_SHAPE('Placement','Placement of an item',
  #6956);
#6956 = NEXT_ASSEMBLY_USAGE_OCCURRENCE('6','=>[0:1:1:7]','',#6064,#6087,
  $);
#6957 = PRODUCT_RELATED_PRODUCT_CATEGORY('part',$,(#6089));
#6958 = SHAPE_DEFINITION_REPRESENTATION(#6959,#6965);
#6959 = PRODUCT_DEFINITION_SHAPE('','',#6960);
#6960 = PRODUCT_DEFINITION('design','',#6961,#6964);
#6961 = PRODUCT_DEFINITION_FORMATION('','',#6962);
#6962 = PRODUCT('R_0402_1005Metric','R_0402_1005Metric','',(#6963));
#6963 = PRODUCT_CONTEXT('',#2,'mechanical');
#6964 = PRODUCT_DEFINITION_CONTEXT('part definition',#2,'design');
#6965 = SHAPE_REPRESENTATION('',(#11,#6966),#6970);
#6966 = AXIS2_PLACEMENT_3D('',#6967,#6968,#6969);
#6967 = CARTESIAN_POINT('',(0.,0.,0.));
#6968 = DIRECTION('',(0.,0.,1.));
#6969 = DIRECTION('',(1.,0.,-0.));
#6970 = ( GEOMETRIC_REPRESENTATION_CONTEXT(3) 
GLOBAL_UNCERTAINTY_ASSIGNED_CONTEXT((#6974)) 
GLOBAL_UNIT_ASSIGNED_CONTEXT((#6971,#6972,#6973)) REPRESENTATION_CONTEXT
('Context #1','3D Context with UNIT and UNCERTAINTY') );
#6971 = ( LENGTH_UNIT() NAMED_UNIT(*) SI_UNIT(.MILLI.,.METRE.) );
#6972 = ( NAMED_UNIT(*) PLANE_ANGLE_UNIT() SI_UNIT($,.RADIAN.) );
#6973 = ( NAMED_UNIT(*) SI_UNIT($,.STERADIAN.) SOLID_ANGLE_UNIT() );
#6974 = UNCERTAINTY_MEASURE_WITH_UNIT(LENGTH_MEASURE(1.E-07),#6971,
  'distance_accuracy_value','confusion accuracy');
#6975 = CONTEXT_DEPENDENT_SHAPE_REPRESENTATION(#6976,#6978);
#6976 = ( REPRESENTATION_RELATIONSHIP('','',#6965,#10) 
REPRESENTATION_RELATIONSHIP_WITH_TRANSFORMATION(#6977) 
SHAPE_REPRESENTATION_RELATIONSHIP() );
#6977 = ITEM_DEFINED_TRANSFORMATION('','',#11,#31);
#6978 = PRODUCT_DEFINITION_SHAPE('Placement','Placement of an item',
  #6979);
#6979 = NEXT_ASSEMBLY_USAGE_OCCURRENCE('9','R7','',#5,#6960,$);
#6980 = PRODUCT_RELATED_PRODUCT_CATEGORY('part',$,(#6962));
#6981 = SHAPE_DEFINITION_REPRESENTATION(#6982,#6988);
#6982 = PRODUCT_DEFINITION_SHAPE('','',#6983);
#6983 = PRODUCT_DEFINITION('design','',#6984,#6987);
#6984 = PRODUCT_DEFINITION_FORMATION('','',#6985);
#6985 = PRODUCT('R_0402_1005Metric','R_0402_1005Metric','',(#6986));
#6986 = PRODUCT_CONTEXT('',#2,'mechanical');
#6987 = PRODUCT_DEFINITION_CONTEXT('part definition',#2,'design');
#6988 = ADVANCED_BREP_SHAPE_REPRESENTATION('',(#11,#6989),#7779);
#6989 = MANIFOLD_SOLID_BREP('',#6990);
#6990 = CLOSED_SHELL('',(#6991,#7031,#7114,#7139,#7164,#7231,#7248,#7265
    ,#7314,#7331,#7348,#7397,#7414,#7483,#7514,#7538,#7607,#7631,#7648,
    #7665,#7682,#7699,#7716,#7733,#7750,#7767));
#6991 = ADVANCED_FACE('',(#6992),#7026,.F.);
#6992 = FACE_BOUND('',#6993,.F.);
#6993 = EDGE_LOOP('',(#6994,#7004,#7012,#7020));
#6994 = ORIENTED_EDGE('',*,*,#6995,.F.);
#6995 = EDGE_CURVE('',#6996,#6998,#7000,.T.);
#6996 = VERTEX_POINT('',#6997);
#6997 = CARTESIAN_POINT('',(-0.5,-0.25,3.5E-02));
#6998 = VERTEX_POINT('',#6999);
#6999 = CARTESIAN_POINT('',(-0.5,-0.25,0.315));
#7000 = LINE('',#7001,#7002);
#7001 = CARTESIAN_POINT('',(-0.5,-0.25,0.));
#7002 = VECTOR('',#7003,1.);
#7003 = DIRECTION('',(0.,0.,1.));
#7004 = ORIENTED_EDGE('',*,*,#7005,.T.);
#7005 = EDGE_CURVE('',#6996,#7006,#7008,.T.);
#7006 = VERTEX_POINT('',#7007);
#7007 = CARTESIAN_POINT('',(-0.5,0.25,3.5E-02));
#7008 = LINE('',#7009,#7010);
#7009 = CARTESIAN_POINT('',(-0.5,-0.25,3.5E-02));
#7010 = VECTOR('',#7011,1.);
#7011 = DIRECTION('',(0.,1.,0.));
#7012 = ORIENTED_EDGE('',*,*,#7013,.T.);
#7013 = EDGE_CURVE('',#7006,#7014,#7016,.T.);
#7014 = VERTEX_POINT('',#7015);
#7015 = CARTESIAN_POINT('',(-0.5,0.25,0.315));
#7016 = LINE('',#7017,#7018);
#7017 = CARTESIAN_POINT('',(-0.5,0.25,0.));
#7018 = VECTOR('',#7019,1.);
#7019 = DIRECTION('',(0.,0.,1.));
#7020 = ORIENTED_EDGE('',*,*,#7021,.F.);
#7021 = EDGE_CURVE('',#6998,#7014,#7022,.T.);
#7022 = LINE('',#7023,#7024);
#7023 = CARTESIAN_POINT('',(-0.5,-0.25,0.315));
#7024 = VECTOR('',#7025,1.);
#7025 = DIRECTION('',(0.,1.,0.));
#7026 = PLANE('',#7027);
#7027 = AXIS2_PLACEMENT_3D('',#7028,#7029,#7030);
#7028 = CARTESIAN_POINT('',(-0.5,-0.25,0.));
#7029 = DIRECTION('',(1.,0.,-0.));
#7030 = DIRECTION('',(0.,0.,1.));
#7031 = ADVANCED_FACE('',(#7032),#7109,.F.);
#7032 = FACE_BOUND('',#7033,.F.);
#7033 = EDGE_LOOP('',(#7034,#7044,#7051,#7052,#7061,#7069,#7078,#7086,
    #7094,#7102));
#7034 = ORIENTED_EDGE('',*,*,#7035,.F.);
#7035 = EDGE_CURVE('',#7036,#7038,#7040,.T.);
#7036 = VERTEX_POINT('',#7037);
#7037 = CARTESIAN_POINT('',(-0.465,-0.25,-2.775557561563E-17));
#7038 = VERTEX_POINT('',#7039);
#7039 = CARTESIAN_POINT('',(-0.335,-0.25,-2.775557561563E-17));
#7040 = LINE('',#7041,#7042);
#7041 = CARTESIAN_POINT('',(-0.5,-0.25,0.));
#7042 = VECTOR('',#7043,1.);
#7043 = DIRECTION('',(1.,0.,-0.));
#7044 = ORIENTED_EDGE('',*,*,#7045,.F.);
#7045 = EDGE_CURVE('',#6996,#7036,#7046,.T.);
#7046 = CIRCLE('',#7047,3.5E-02);
#7047 = AXIS2_PLACEMENT_3D('',#7048,#7049,#7050);
#7048 = CARTESIAN_POINT('',(-0.465,-0.25,3.5E-02));
#7049 = DIRECTION('',(0.,-1.,0.));
#7050 = DIRECTION('',(0.,0.,1.));
#7051 = ORIENTED_EDGE('',*,*,#6995,.T.);
#7052 = ORIENTED_EDGE('',*,*,#7053,.T.);
#7053 = EDGE_CURVE('',#6998,#7054,#7056,.T.);
#7054 = VERTEX_POINT('',#7055);
#7055 = CARTESIAN_POINT('',(-0.465,-0.25,0.35));
#7056 = CIRCLE('',#7057,3.5E-02);
#7057 = AXIS2_PLACEMENT_3D('',#7058,#7059,#7060);
#7058 = CARTESIAN_POINT('',(-0.465,-0.25,0.315));
#7059 = DIRECTION('',(0.,1.,0.));
#7060 = DIRECTION('',(0.,-0.,1.));
#7061 = ORIENTED_EDGE('',*,*,#7062,.T.);
#7062 = EDGE_CURVE('',#7054,#7063,#7065,.T.);
#7063 = VERTEX_POINT('',#7064);
#7064 = CARTESIAN_POINT('',(-0.335,-0.25,0.35));
#7065 = LINE('',#7066,#7067);
#7066 = CARTESIAN_POINT('',(-0.5,-0.25,0.35));
#7067 = VECTOR('',#7068,1.);
#7068 = DIRECTION('',(1.,0.,-0.));
#7069 = ORIENTED_EDGE('',*,*,#7070,.F.);
#7070 = EDGE_CURVE('',#7071,#7063,#7073,.T.);
#7071 = VERTEX_POINT('',#7072);
#7072 = CARTESIAN_POINT('',(-0.3,-0.25,0.315));
#7073 = CIRCLE('',#7074,3.5E-02);
#7074 = AXIS2_PLACEMENT_3D('',#7075,#7076,#7077);
#7075 = CARTESIAN_POINT('',(-0.335,-0.25,0.315));
#7076 = DIRECTION('',(0.,-1.,0.));
#7077 = DIRECTION('',(0.,0.,1.));
#7078 = ORIENTED_EDGE('',*,*,#7079,.F.);
#7079 = EDGE_CURVE('',#7080,#7071,#7082,.T.);
#7080 = VERTEX_POINT('',#7081);
#7081 = CARTESIAN_POINT('',(-0.465,-0.25,0.315));
#7082 = LINE('',#7083,#7084);
#7083 = CARTESIAN_POINT('',(-0.465,-0.25,0.315));
#7084 = VECTOR('',#7085,1.);
#7085 = DIRECTION('',(1.,0.,-0.));
#7086 = ORIENTED_EDGE('',*,*,#7087,.F.);
#7087 = EDGE_CURVE('',#7088,#7080,#7090,.T.);
#7088 = VERTEX_POINT('',#7089);
#7089 = CARTESIAN_POINT('',(-0.465,-0.25,3.5E-02));
#7090 = LINE('',#7091,#7092);
#7091 = CARTESIAN_POINT('',(-0.465,-0.25,3.5E-02));
#7092 = VECTOR('',#7093,1.);
#7093 = DIRECTION('',(0.,0.,1.));
#7094 = ORIENTED_EDGE('',*,*,#7095,.T.);
#7095 = EDGE_CURVE('',#7088,#7096,#7098,.T.);
#7096 = VERTEX_POINT('',#7097);
#7097 = CARTESIAN_POINT('',(-0.3,-0.25,3.5E-02));
#7098 = LINE('',#7099,#7100);
#7099 = CARTESIAN_POINT('',(-0.465,-0.25,3.5E-02));
#7100 = VECTOR('',#7101,1.);
#7101 = DIRECTION('',(1.,0.,-0.));
#7102 = ORIENTED_EDGE('',*,*,#7103,.T.);
#7103 = EDGE_CURVE('',#7096,#7038,#7104,.T.);
#7104 = CIRCLE('',#7105,3.5E-02);
#7105 = AXIS2_PLACEMENT_3D('',#7106,#7107,#7108);
#7106 = CARTESIAN_POINT('',(-0.335,-0.25,3.5E-02));
#7107 = DIRECTION('',(0.,1.,0.));
#7108 = DIRECTION('',(0.,-0.,1.));
#7109 = PLANE('',#7110);
#7110 = AXIS2_PLACEMENT_3D('',#7111,#7112,#7113);
#7111 = CARTESIAN_POINT('',(-0.5,-0.25,0.));
#7112 = DIRECTION('',(0.,1.,0.));
#7113 = DIRECTION('',(0.,-0.,1.));
#7114 = ADVANCED_FACE('',(#7115),#7134,.T.);
#7115 = FACE_BOUND('',#7116,.T.);
#7116 = EDGE_LOOP('',(#7117,#7118,#7127,#7133));
#7117 = ORIENTED_EDGE('',*,*,#7005,.T.);
#7118 = ORIENTED_EDGE('',*,*,#7119,.T.);
#7119 = EDGE_CURVE('',#7006,#7120,#7122,.T.);
#7120 = VERTEX_POINT('',#7121);
#7121 = CARTESIAN_POINT('',(-0.465,0.25,-2.775557561563E-17));
#7122 = CIRCLE('',#7123,3.5E-02);
#7123 = AXIS2_PLACEMENT_3D('',#7124,#7125,#7126);
#7124 = CARTESIAN_POINT('',(-0.465,0.25,3.5E-02));
#7125 = DIRECTION('',(0.,-1.,0.));
#7126 = DIRECTION('',(0.,0.,1.));
#7127 = ORIENTED_EDGE('',*,*,#7128,.F.);
#7128 = EDGE_CURVE('',#7036,#7120,#7129,.T.);
#7129 = LINE('',#7130,#7131);
#7130 = CARTESIAN_POINT('',(-0.465,-0.25,-2.775557561563E-17));
#7131 = VECTOR('',#7132,1.);
#7132 = DIRECTION('',(0.,1.,0.));
#7133 = ORIENTED_EDGE('',*,*,#7045,.F.);
#7134 = CYLINDRICAL_SURFACE('',#7135,3.5E-02);
#7135 = AXIS2_PLACEMENT_3D('',#7136,#7137,#7138);
#7136 = CARTESIAN_POINT('',(-0.465,-0.25,3.5E-02));
#7137 = DIRECTION('',(0.,1.,0.));
#7138 = DIRECTION('',(-1.,0.,0.));
#7139 = ADVANCED_FACE('',(#7140),#7159,.T.);
#7140 = FACE_BOUND('',#7141,.T.);
#7141 = EDGE_LOOP('',(#7142,#7143,#7151,#7158));
#7142 = ORIENTED_EDGE('',*,*,#7053,.T.);
#7143 = ORIENTED_EDGE('',*,*,#7144,.T.);
#7144 = EDGE_CURVE('',#7054,#7145,#7147,.T.);
#7145 = VERTEX_POINT('',#7146);
#7146 = CARTESIAN_POINT('',(-0.465,0.25,0.35));
#7147 = LINE('',#7148,#7149);
#7148 = CARTESIAN_POINT('',(-0.465,-0.25,0.35));
#7149 = VECTOR('',#7150,1.);
#7150 = DIRECTION('',(0.,1.,0.));
#7151 = ORIENTED_EDGE('',*,*,#7152,.F.);
#7152 = EDGE_CURVE('',#7014,#7145,#7153,.T.);
#7153 = CIRCLE('',#7154,3.5E-02);
#7154 = AXIS2_PLACEMENT_3D('',#7155,#7156,#7157);
#7155 = CARTESIAN_POINT('',(-0.465,0.25,0.315));
#7156 = DIRECTION('',(0.,1.,0.));
#7157 = DIRECTION('',(0.,-0.,1.));
#7158 = ORIENTED_EDGE('',*,*,#7021,.F.);
#7159 = CYLINDRICAL_SURFACE('',#7160,3.5E-02);
#7160 = AXIS2_PLACEMENT_3D('',#7161,#7162,#7163);
#7161 = CARTESIAN_POINT('',(-0.465,-0.25,0.315));
#7162 = DIRECTION('',(0.,1.,0.));
#7163 = DIRECTION('',(-1.,0.,0.));
#7164 = ADVANCED_FACE('',(#7165),#7226,.T.);
#7165 = FACE_BOUND('',#7166,.T.);
#7166 = EDGE_LOOP('',(#7167,#7175,#7176,#7177,#7178,#7186,#7195,#7203,
    #7211,#7219));
#7167 = ORIENTED_EDGE('',*,*,#7168,.F.);
#7168 = EDGE_CURVE('',#7120,#7169,#7171,.T.);
#7169 = VERTEX_POINT('',#7170);
#7170 = CARTESIAN_POINT('',(-0.335,0.25,-2.775557561563E-17));
#7171 = LINE('',#7172,#7173);
#7172 = CARTESIAN_POINT('',(-0.5,0.25,0.));
#7173 = VECTOR('',#7174,1.);
#7174 = DIRECTION('',(1.,0.,-0.));
#7175 = ORIENTED_EDGE('',*,*,#7119,.F.);
#7176 = ORIENTED_EDGE('',*,*,#7013,.T.);
#7177 = ORIENTED_EDGE('',*,*,#7152,.T.);
#7178 = ORIENTED_EDGE('',*,*,#7179,.T.);
#7179 = EDGE_CURVE('',#7145,#7180,#7182,.T.);
#7180 = VERTEX_POINT('',#7181);
#7181 = CARTESIAN_POINT('',(-0.335,0.25,0.35));
#7182 = LINE('',#7183,#7184);
#7183 = CARTESIAN_POINT('',(-0.5,0.25,0.35));
#7184 = VECTOR('',#7185,1.);
#7185 = DIRECTION('',(1.,0.,-0.));
#7186 = ORIENTED_EDGE('',*,*,#7187,.F.);
#7187 = EDGE_CURVE('',#7188,#7180,#7190,.T.);
#7188 = VERTEX_POINT('',#7189);
#7189 = CARTESIAN_POINT('',(-0.3,0.25,0.315));
#7190 = CIRCLE('',#7191,3.5E-02);
#7191 = AXIS2_PLACEMENT_3D('',#7192,#7193,#7194);
#7192 = CARTESIAN_POINT('',(-0.335,0.25,0.315));
#7193 = DIRECTION('',(0.,-1.,0.));
#7194 = DIRECTION('',(0.,0.,1.));
#7195 = ORIENTED_EDGE('',*,*,#7196,.F.);
#7196 = EDGE_CURVE('',#7197,#7188,#7199,.T.);
#7197 = VERTEX_POINT('',#7198);
#7198 = CARTESIAN_POINT('',(-0.465,0.25,0.315));
#7199 = LINE('',#7200,#7201);
#7200 = CARTESIAN_POINT('',(-0.465,0.25,0.315));
#7201 = VECTOR('',#7202,1.);
#7202 = DIRECTION('',(1.,0.,-0.));
#7203 = ORIENTED_EDGE('',*,*,#7204,.F.);
#7204 = EDGE_CURVE('',#7205,#7197,#7207,.T.);
#7205 = VERTEX_POINT('',#7206);
#7206 = CARTESIAN_POINT('',(-0.465,0.25,3.5E-02));
#7207 = LINE('',#7208,#7209);
#7208 = CARTESIAN_POINT('',(-0.465,0.25,3.5E-02));
#7209 = VECTOR('',#7210,1.);
#7210 = DIRECTION('',(0.,0.,1.));
#7211 = ORIENTED_EDGE('',*,*,#7212,.T.);
#7212 = EDGE_CURVE('',#7205,#7213,#7215,.T.);
#7213 = VERTEX_POINT('',#7214);
#7214 = CARTESIAN_POINT('',(-0.3,0.25,3.5E-02));
#7215 = LINE('',#7216,#7217);
#7216 = CARTESIAN_POINT('',(-0.465,0.25,3.5E-02));
#7217 = VECTOR('',#7218,1.);
#7218 = DIRECTION('',(1.,0.,-0.));
#7219 = ORIENTED_EDGE('',*,*,#7220,.T.);
#7220 = EDGE_CURVE('',#7213,#7169,#7221,.T.);
#7221 = CIRCLE('',#7222,3.5E-02);
#7222 = AXIS2_PLACEMENT_3D('',#7223,#7224,#7225);
#7223 = CARTESIAN_POINT('',(-0.335,0.25,3.5E-02));
#7224 = DIRECTION('',(0.,1.,0.));
#7225 = DIRECTION('',(0.,-0.,1.));
#7226 = PLANE('',#7227);
#7227 = AXIS2_PLACEMENT_3D('',#7228,#7229,#7230);
#7228 = CARTESIAN_POINT('',(-0.5,0.25,0.));
#7229 = DIRECTION('',(0.,1.,0.));
#7230 = DIRECTION('',(0.,-0.,1.));
#7231 = ADVANCED_FACE('',(#7232),#7243,.F.);
#7232 = FACE_BOUND('',#7233,.F.);
#7233 = EDGE_LOOP('',(#7234,#7235,#7236,#7237));
#7234 = ORIENTED_EDGE('',*,*,#7168,.F.);
#7235 = ORIENTED_EDGE('',*,*,#7128,.F.);
#7236 = ORIENTED_EDGE('',*,*,#7035,.T.);
#7237 = ORIENTED_EDGE('',*,*,#7238,.T.);
#7238 = EDGE_CURVE('',#7038,#7169,#7239,.T.);
#7239 = LINE('',#7240,#7241);
#7240 = CARTESIAN_POINT('',(-0.335,-0.25,-2.775557561563E-17));
#7241 = VECTOR('',#7242,1.);
#7242 = DIRECTION('',(0.,1.,0.));
#7243 = PLANE('',#7244);
#7244 = AXIS2_PLACEMENT_3D('',#7245,#7246,#7247);
#7245 = CARTESIAN_POINT('',(-0.5,-0.25,0.));
#7246 = DIRECTION('',(0.,0.,1.));
#7247 = DIRECTION('',(1.,0.,-0.));
#7248 = ADVANCED_FACE('',(#7249),#7260,.T.);
#7249 = FACE_BOUND('',#7250,.T.);
#7250 = EDGE_LOOP('',(#7251,#7252,#7253,#7254));
#7251 = ORIENTED_EDGE('',*,*,#7103,.T.);
#7252 = ORIENTED_EDGE('',*,*,#7238,.T.);
#7253 = ORIENTED_EDGE('',*,*,#7220,.F.);
#7254 = ORIENTED_EDGE('',*,*,#7255,.F.);
#7255 = EDGE_CURVE('',#7096,#7213,#7256,.T.);
#7256 = LINE('',#7257,#7258);
#7257 = CARTESIAN_POINT('',(-0.3,-0.25,3.5E-02));
#7258 = VECTOR('',#7259,1.);
#7259 = DIRECTION('',(0.,1.,0.));
#7260 = CYLINDRICAL_SURFACE('',#7261,3.5E-02);
#7261 = AXIS2_PLACEMENT_3D('',#7262,#7263,#7264);
#7262 = CARTESIAN_POINT('',(-0.335,-0.25,3.5E-02));
#7263 = DIRECTION('',(0.,1.,0.));
#7264 = DIRECTION('',(1.,0.,-0.));
#7265 = ADVANCED_FACE('',(#7266),#7309,.F.);
#7266 = FACE_BOUND('',#7267,.F.);
#7267 = EDGE_LOOP('',(#7268,#7269,#7270,#7271,#7279,#7287,#7295,#7303));
#7268 = ORIENTED_EDGE('',*,*,#7095,.F.);
#7269 = ORIENTED_EDGE('',*,*,#7087,.T.);
#7270 = ORIENTED_EDGE('',*,*,#7079,.T.);
#7271 = ORIENTED_EDGE('',*,*,#7272,.T.);
#7272 = EDGE_CURVE('',#7071,#7273,#7275,.T.);
#7273 = VERTEX_POINT('',#7274);
#7274 = CARTESIAN_POINT('',(0.3,-0.25,0.315));
#7275 = LINE('',#7276,#7277);
#7276 = CARTESIAN_POINT('',(-0.3,-0.25,0.315));
#7277 = VECTOR('',#7278,1.);
#7278 = DIRECTION('',(1.,0.,-0.));
#7279 = ORIENTED_EDGE('',*,*,#7280,.T.);
#7280 = EDGE_CURVE('',#7273,#7281,#7283,.T.);
#7281 = VERTEX_POINT('',#7282);
#7282 = CARTESIAN_POINT('',(0.465,-0.25,0.315));
#7283 = LINE('',#7284,#7285);
#7284 = CARTESIAN_POINT('',(-0.465,-0.25,0.315));
#7285 = VECTOR('',#7286,1.);
#7286 = DIRECTION('',(1.,0.,-0.));
#7287 = ORIENTED_EDGE('',*,*,#7288,.F.);
#7288 = EDGE_CURVE('',#7289,#7281,#7291,.T.);
#7289 = VERTEX_POINT('',#7290);
#7290 = CARTESIAN_POINT('',(0.465,-0.25,3.5E-02));
#7291 = LINE('',#7292,#7293);
#7292 = CARTESIAN_POINT('',(0.465,-0.25,3.5E-02));
#7293 = VECTOR('',#7294,1.);
#7294 = DIRECTION('',(0.,0.,1.));
#7295 = ORIENTED_EDGE('',*,*,#7296,.F.);
#7296 = EDGE_CURVE('',#7297,#7289,#7299,.T.);
#7297 = VERTEX_POINT('',#7298);
#7298 = CARTESIAN_POINT('',(0.3,-0.25,3.5E-02));
#7299 = LINE('',#7300,#7301);
#7300 = CARTESIAN_POINT('',(-0.465,-0.25,3.5E-02));
#7301 = VECTOR('',#7302,1.);
#7302 = DIRECTION('',(1.,0.,-0.));
#7303 = ORIENTED_EDGE('',*,*,#7304,.F.);
#7304 = EDGE_CURVE('',#7096,#7297,#7305,.T.);
#7305 = LINE('',#7306,#7307);
#7306 = CARTESIAN_POINT('',(-0.465,-0.25,3.5E-02));
#7307 = VECTOR('',#7308,1.);
#7308 = DIRECTION('',(1.,0.,-0.));
#7309 = PLANE('',#7310);
#7310 = AXIS2_PLACEMENT_3D('',#7311,#7312,#7313);
#7311 = CARTESIAN_POINT('',(-0.465,-0.25,3.5E-02));
#7312 = DIRECTION('',(0.,1.,0.));
#7313 = DIRECTION('',(0.,-0.,1.));
#7314 = ADVANCED_FACE('',(#7315),#7326,.T.);
#7315 = FACE_BOUND('',#7316,.T.);
#7316 = EDGE_LOOP('',(#7317,#7318,#7319,#7320));
#7317 = ORIENTED_EDGE('',*,*,#7179,.F.);
#7318 = ORIENTED_EDGE('',*,*,#7144,.F.);
#7319 = ORIENTED_EDGE('',*,*,#7062,.T.);
#7320 = ORIENTED_EDGE('',*,*,#7321,.T.);
#7321 = EDGE_CURVE('',#7063,#7180,#7322,.T.);
#7322 = LINE('',#7323,#7324);
#7323 = CARTESIAN_POINT('',(-0.335,-0.25,0.35));
#7324 = VECTOR('',#7325,1.);
#7325 = DIRECTION('',(0.,1.,0.));
#7326 = PLANE('',#7327);
#7327 = AXIS2_PLACEMENT_3D('',#7328,#7329,#7330);
#7328 = CARTESIAN_POINT('',(-0.5,-0.25,0.35));
#7329 = DIRECTION('',(0.,0.,1.));
#7330 = DIRECTION('',(1.,0.,-0.));
#7331 = ADVANCED_FACE('',(#7332),#7343,.T.);
#7332 = FACE_BOUND('',#7333,.T.);
#7333 = EDGE_LOOP('',(#7334,#7340,#7341,#7342));
#7334 = ORIENTED_EDGE('',*,*,#7335,.T.);
#7335 = EDGE_CURVE('',#7071,#7188,#7336,.T.);
#7336 = LINE('',#7337,#7338);
#7337 = CARTESIAN_POINT('',(-0.3,-0.25,0.315));
#7338 = VECTOR('',#7339,1.);
#7339 = DIRECTION('',(0.,1.,0.));
#7340 = ORIENTED_EDGE('',*,*,#7187,.T.);
#7341 = ORIENTED_EDGE('',*,*,#7321,.F.);
#7342 = ORIENTED_EDGE('',*,*,#7070,.F.);
#7343 = CYLINDRICAL_SURFACE('',#7344,3.5E-02);
#7344 = AXIS2_PLACEMENT_3D('',#7345,#7346,#7347);
#7345 = CARTESIAN_POINT('',(-0.335,-0.25,0.315));
#7346 = DIRECTION('',(0.,1.,0.));
#7347 = DIRECTION('',(1.,0.,-0.));
#7348 = ADVANCED_FACE('',(#7349),#7392,.T.);
#7349 = FACE_BOUND('',#7350,.T.);
#7350 = EDGE_LOOP('',(#7351,#7352,#7353,#7354,#7362,#7370,#7378,#7386));
#7351 = ORIENTED_EDGE('',*,*,#7212,.F.);
#7352 = ORIENTED_EDGE('',*,*,#7204,.T.);
#7353 = ORIENTED_EDGE('',*,*,#7196,.T.);
#7354 = ORIENTED_EDGE('',*,*,#7355,.T.);
#7355 = EDGE_CURVE('',#7188,#7356,#7358,.T.);
#7356 = VERTEX_POINT('',#7357);
#7357 = CARTESIAN_POINT('',(0.3,0.25,0.315));
#7358 = LINE('',#7359,#7360);
#7359 = CARTESIAN_POINT('',(-0.3,0.25,0.315));
#7360 = VECTOR('',#7361,1.);
#7361 = DIRECTION('',(1.,0.,-0.));
#7362 = ORIENTED_EDGE('',*,*,#7363,.T.);
#7363 = EDGE_CURVE('',#7356,#7364,#7366,.T.);
#7364 = VERTEX_POINT('',#7365);
#7365 = CARTESIAN_POINT('',(0.465,0.25,0.315));
#7366 = LINE('',#7367,#7368);
#7367 = CARTESIAN_POINT('',(-0.465,0.25,0.315));
#7368 = VECTOR('',#7369,1.);
#7369 = DIRECTION('',(1.,0.,-0.));
#7370 = ORIENTED_EDGE('',*,*,#7371,.F.);
#7371 = EDGE_CURVE('',#7372,#7364,#7374,.T.);
#7372 = VERTEX_POINT('',#7373);
#7373 = CARTESIAN_POINT('',(0.465,0.25,3.5E-02));
#7374 = LINE('',#7375,#7376);
#7375 = CARTESIAN_POINT('',(0.465,0.25,3.5E-02));
#7376 = VECTOR('',#7377,1.);
#7377 = DIRECTION('',(0.,0.,1.));
#7378 = ORIENTED_EDGE('',*,*,#7379,.F.);
#7379 = EDGE_CURVE('',#7380,#7372,#7382,.T.);
#7380 = VERTEX_POINT('',#7381);
#7381 = CARTESIAN_POINT('',(0.3,0.25,3.5E-02));
#7382 = LINE('',#7383,#7384);
#7383 = CARTESIAN_POINT('',(-0.465,0.25,3.5E-02));
#7384 = VECTOR('',#7385,1.);
#7385 = DIRECTION('',(1.,0.,-0.));
#7386 = ORIENTED_EDGE('',*,*,#7387,.F.);
#7387 = EDGE_CURVE('',#7213,#7380,#7388,.T.);
#7388 = LINE('',#7389,#7390);
#7389 = CARTESIAN_POINT('',(-0.465,0.25,3.5E-02));
#7390 = VECTOR('',#7391,1.);
#7391 = DIRECTION('',(1.,0.,-0.));
#7392 = PLANE('',#7393);
#7393 = AXIS2_PLACEMENT_3D('',#7394,#7395,#7396);
#7394 = CARTESIAN_POINT('',(-0.465,0.25,3.5E-02));
#7395 = DIRECTION('',(0.,1.,0.));
#7396 = DIRECTION('',(0.,-0.,1.));
#7397 = ADVANCED_FACE('',(#7398),#7409,.F.);
#7398 = FACE_BOUND('',#7399,.F.);
#7399 = EDGE_LOOP('',(#7400,#7401,#7402,#7408));
#7400 = ORIENTED_EDGE('',*,*,#7255,.F.);
#7401 = ORIENTED_EDGE('',*,*,#7304,.T.);
#7402 = ORIENTED_EDGE('',*,*,#7403,.T.);
#7403 = EDGE_CURVE('',#7297,#7380,#7404,.T.);
#7404 = LINE('',#7405,#7406);
#7405 = CARTESIAN_POINT('',(0.3,-0.25,3.5E-02));
#7406 = VECTOR('',#7407,1.);
#7407 = DIRECTION('',(0.,1.,0.));
#7408 = ORIENTED_EDGE('',*,*,#7387,.F.);
#7409 = PLANE('',#7410);
#7410 = AXIS2_PLACEMENT_3D('',#7411,#7412,#7413);
#7411 = CARTESIAN_POINT('',(-0.465,-0.25,3.5E-02));
#7412 = DIRECTION('',(0.,0.,1.));
#7413 = DIRECTION('',(1.,0.,-0.));
#7414 = ADVANCED_FACE('',(#7415),#7478,.F.);
#7415 = FACE_BOUND('',#7416,.F.);
#7416 = EDGE_LOOP('',(#7417,#7427,#7434,#7435,#7436,#7437,#7446,#7454,
    #7463,#7471));
#7417 = ORIENTED_EDGE('',*,*,#7418,.F.);
#7418 = EDGE_CURVE('',#7419,#7421,#7423,.T.);
#7419 = VERTEX_POINT('',#7420);
#7420 = CARTESIAN_POINT('',(0.335,-0.25,-2.775557561563E-17));
#7421 = VERTEX_POINT('',#7422);
#7422 = CARTESIAN_POINT('',(0.465,-0.25,-2.775557561563E-17));
#7423 = LINE('',#7424,#7425);
#7424 = CARTESIAN_POINT('',(0.3,-0.25,0.));
#7425 = VECTOR('',#7426,1.);
#7426 = DIRECTION('',(1.,0.,-0.));
#7427 = ORIENTED_EDGE('',*,*,#7428,.F.);
#7428 = EDGE_CURVE('',#7297,#7419,#7429,.T.);
#7429 = CIRCLE('',#7430,3.5E-02);
#7430 = AXIS2_PLACEMENT_3D('',#7431,#7432,#7433);
#7431 = CARTESIAN_POINT('',(0.335,-0.25,3.5E-02));
#7432 = DIRECTION('',(0.,-1.,0.));
#7433 = DIRECTION('',(0.,0.,1.));
#7434 = ORIENTED_EDGE('',*,*,#7296,.T.);
#7435 = ORIENTED_EDGE('',*,*,#7288,.T.);
#7436 = ORIENTED_EDGE('',*,*,#7280,.F.);
#7437 = ORIENTED_EDGE('',*,*,#7438,.T.);
#7438 = EDGE_CURVE('',#7273,#7439,#7441,.T.);
#7439 = VERTEX_POINT('',#7440);
#7440 = CARTESIAN_POINT('',(0.335,-0.25,0.35));
#7441 = CIRCLE('',#7442,3.5E-02);
#7442 = AXIS2_PLACEMENT_3D('',#7443,#7444,#7445);
#7443 = CARTESIAN_POINT('',(0.335,-0.25,0.315));
#7444 = DIRECTION('',(0.,1.,0.));
#7445 = DIRECTION('',(0.,-0.,1.));
#7446 = ORIENTED_EDGE('',*,*,#7447,.T.);
#7447 = EDGE_CURVE('',#7439,#7448,#7450,.T.);
#7448 = VERTEX_POINT('',#7449);
#7449 = CARTESIAN_POINT('',(0.465,-0.25,0.35));
#7450 = LINE('',#7451,#7452);
#7451 = CARTESIAN_POINT('',(0.3,-0.25,0.35));
#7452 = VECTOR('',#7453,1.);
#7453 = DIRECTION('',(1.,0.,-0.));
#7454 = ORIENTED_EDGE('',*,*,#7455,.F.);
#7455 = EDGE_CURVE('',#7456,#7448,#7458,.T.);
#7456 = VERTEX_POINT('',#7457);
#7457 = CARTESIAN_POINT('',(0.5,-0.25,0.315));
#7458 = CIRCLE('',#7459,3.5E-02);
#7459 = AXIS2_PLACEMENT_3D('',#7460,#7461,#7462);
#7460 = CARTESIAN_POINT('',(0.465,-0.25,0.315));
#7461 = DIRECTION('',(0.,-1.,0.));
#7462 = DIRECTION('',(0.,0.,1.));
#7463 = ORIENTED_EDGE('',*,*,#7464,.F.);
#7464 = EDGE_CURVE('',#7465,#7456,#7467,.T.);
#7465 = VERTEX_POINT('',#7466);
#7466 = CARTESIAN_POINT('',(0.5,-0.25,3.5E-02));
#7467 = LINE('',#7468,#7469);
#7468 = CARTESIAN_POINT('',(0.5,-0.25,0.));
#7469 = VECTOR('',#7470,1.);
#7470 = DIRECTION('',(0.,0.,1.));
#7471 = ORIENTED_EDGE('',*,*,#7472,.T.);
#7472 = EDGE_CURVE('',#7465,#7421,#7473,.T.);
#7473 = CIRCLE('',#7474,3.5E-02);
#7474 = AXIS2_PLACEMENT_3D('',#7475,#7476,#7477);
#7475 = CARTESIAN_POINT('',(0.465,-0.25,3.5E-02));
#7476 = DIRECTION('',(0.,1.,0.));
#7477 = DIRECTION('',(0.,-0.,1.));
#7478 = PLANE('',#7479);
#7479 = AXIS2_PLACEMENT_3D('',#7480,#7481,#7482);
#7480 = CARTESIAN_POINT('',(0.3,-0.25,0.));
#7481 = DIRECTION('',(0.,1.,0.));
#7482 = DIRECTION('',(0.,-0.,1.));
#7483 = ADVANCED_FACE('',(#7484),#7509,.F.);
#7484 = FACE_BOUND('',#7485,.F.);
#7485 = EDGE_LOOP('',(#7486,#7487,#7495,#7503));
#7486 = ORIENTED_EDGE('',*,*,#7272,.F.);
#7487 = ORIENTED_EDGE('',*,*,#7488,.T.);
#7488 = EDGE_CURVE('',#7071,#7489,#7491,.T.);
#7489 = VERTEX_POINT('',#7490);
#7490 = CARTESIAN_POINT('',(-0.3,-0.25,0.35));
#7491 = LINE('',#7492,#7493);
#7492 = CARTESIAN_POINT('',(-0.3,-0.25,0.315));
#7493 = VECTOR('',#7494,1.);
#7494 = DIRECTION('',(0.,0.,1.));
#7495 = ORIENTED_EDGE('',*,*,#7496,.T.);
#7496 = EDGE_CURVE('',#7489,#7497,#7499,.T.);
#7497 = VERTEX_POINT('',#7498);
#7498 = CARTESIAN_POINT('',(0.3,-0.25,0.35));
#7499 = LINE('',#7500,#7501);
#7500 = CARTESIAN_POINT('',(-0.3,-0.25,0.35));
#7501 = VECTOR('',#7502,1.);
#7502 = DIRECTION('',(1.,0.,-0.));
#7503 = ORIENTED_EDGE('',*,*,#7504,.F.);
#7504 = EDGE_CURVE('',#7273,#7497,#7505,.T.);
#7505 = LINE('',#7506,#7507);
#7506 = CARTESIAN_POINT('',(0.3,-0.25,0.315));
#7507 = VECTOR('',#7508,1.);
#7508 = DIRECTION('',(0.,0.,1.));
#7509 = PLANE('',#7510);
#7510 = AXIS2_PLACEMENT_3D('',#7511,#7512,#7513);
#7511 = CARTESIAN_POINT('',(-0.3,-0.25,0.315));
#7512 = DIRECTION('',(0.,1.,0.));
#7513 = DIRECTION('',(0.,-0.,1.));
#7514 = ADVANCED_FACE('',(#7515),#7533,.F.);
#7515 = FACE_BOUND('',#7516,.F.);
#7516 = EDGE_LOOP('',(#7517,#7518,#7519,#7527));
#7517 = ORIENTED_EDGE('',*,*,#7488,.F.);
#7518 = ORIENTED_EDGE('',*,*,#7335,.T.);
#7519 = ORIENTED_EDGE('',*,*,#7520,.T.);
#7520 = EDGE_CURVE('',#7188,#7521,#7523,.T.);
#7521 = VERTEX_POINT('',#7522);
#7522 = CARTESIAN_POINT('',(-0.3,0.25,0.35));
#7523 = LINE('',#7524,#7525);
#7524 = CARTESIAN_POINT('',(-0.3,0.25,0.315));
#7525 = VECTOR('',#7526,1.);
#7526 = DIRECTION('',(0.,0.,1.));
#7527 = ORIENTED_EDGE('',*,*,#7528,.F.);
#7528 = EDGE_CURVE('',#7489,#7521,#7529,.T.);
#7529 = LINE('',#7530,#7531);
#7530 = CARTESIAN_POINT('',(-0.3,-0.25,0.35));
#7531 = VECTOR('',#7532,1.);
#7532 = DIRECTION('',(0.,1.,0.));
#7533 = PLANE('',#7534);
#7534 = AXIS2_PLACEMENT_3D('',#7535,#7536,#7537);
#7535 = CARTESIAN_POINT('',(-0.3,-0.25,0.315));
#7536 = DIRECTION('',(1.,0.,-0.));
#7537 = DIRECTION('',(0.,0.,1.));
#7538 = ADVANCED_FACE('',(#7539),#7602,.T.);
#7539 = FACE_BOUND('',#7540,.T.);
#7540 = EDGE_LOOP('',(#7541,#7551,#7558,#7559,#7560,#7561,#7570,#7578,
    #7587,#7595));
#7541 = ORIENTED_EDGE('',*,*,#7542,.F.);
#7542 = EDGE_CURVE('',#7543,#7545,#7547,.T.);
#7543 = VERTEX_POINT('',#7544);
#7544 = CARTESIAN_POINT('',(0.335,0.25,-2.775557561563E-17));
#7545 = VERTEX_POINT('',#7546);
#7546 = CARTESIAN_POINT('',(0.465,0.25,-2.775557561563E-17));
#7547 = LINE('',#7548,#7549);
#7548 = CARTESIAN_POINT('',(0.3,0.25,0.));
#7549 = VECTOR('',#7550,1.);
#7550 = DIRECTION('',(1.,0.,-0.));
#7551 = ORIENTED_EDGE('',*,*,#7552,.F.);
#7552 = EDGE_CURVE('',#7380,#7543,#7553,.T.);
#7553 = CIRCLE('',#7554,3.5E-02);
#7554 = AXIS2_PLACEMENT_3D('',#7555,#7556,#7557);
#7555 = CARTESIAN_POINT('',(0.335,0.25,3.5E-02));
#7556 = DIRECTION('',(0.,-1.,0.));
#7557 = DIRECTION('',(0.,0.,1.));
#7558 = ORIENTED_EDGE('',*,*,#7379,.T.);
#7559 = ORIENTED_EDGE('',*,*,#7371,.T.);
#7560 = ORIENTED_EDGE('',*,*,#7363,.F.);
#7561 = ORIENTED_EDGE('',*,*,#7562,.T.);
#7562 = EDGE_CURVE('',#7356,#7563,#7565,.T.);
#7563 = VERTEX_POINT('',#7564);
#7564 = CARTESIAN_POINT('',(0.335,0.25,0.35));
#7565 = CIRCLE('',#7566,3.5E-02);
#7566 = AXIS2_PLACEMENT_3D('',#7567,#7568,#7569);
#7567 = CARTESIAN_POINT('',(0.335,0.25,0.315));
#7568 = DIRECTION('',(0.,1.,0.));
#7569 = DIRECTION('',(0.,-0.,1.));
#7570 = ORIENTED_EDGE('',*,*,#7571,.T.);
#7571 = EDGE_CURVE('',#7563,#7572,#7574,.T.);
#7572 = VERTEX_POINT('',#7573);
#7573 = CARTESIAN_POINT('',(0.465,0.25,0.35));
#7574 = LINE('',#7575,#7576);
#7575 = CARTESIAN_POINT('',(0.3,0.25,0.35));
#7576 = VECTOR('',#7577,1.);
#7577 = DIRECTION('',(1.,0.,-0.));
#7578 = ORIENTED_EDGE('',*,*,#7579,.F.);
#7579 = EDGE_CURVE('',#7580,#7572,#7582,.T.);
#7580 = VERTEX_POINT('',#7581);
#7581 = CARTESIAN_POINT('',(0.5,0.25,0.315));
#7582 = CIRCLE('',#7583,3.5E-02);
#7583 = AXIS2_PLACEMENT_3D('',#7584,#7585,#7586);
#7584 = CARTESIAN_POINT('',(0.465,0.25,0.315));
#7585 = DIRECTION('',(0.,-1.,0.));
#7586 = DIRECTION('',(0.,0.,1.));
#7587 = ORIENTED_EDGE('',*,*,#7588,.F.);
#7588 = EDGE_CURVE('',#7589,#7580,#7591,.T.);
#7589 = VERTEX_POINT('',#7590);
#7590 = CARTESIAN_POINT('',(0.5,0.25,3.5E-02));
#7591 = LINE('',#7592,#7593);
#7592 = CARTESIAN_POINT('',(0.5,0.25,0.));
#7593 = VECTOR('',#7594,1.);
#7594 = DIRECTION('',(0.,0.,1.));
#7595 = ORIENTED_EDGE('',*,*,#7596,.T.);
#7596 = EDGE_CURVE('',#7589,#7545,#7597,.T.);
#7597 = CIRCLE('',#7598,3.5E-02);
#7598 = AXIS2_PLACEMENT_3D('',#7599,#7600,#7601);
#7599 = CARTESIAN_POINT('',(0.465,0.25,3.5E-02));
#7600 = DIRECTION('',(0.,1.,0.));
#7601 = DIRECTION('',(0.,-0.,1.));
#7602 = PLANE('',#7603);
#7603 = AXIS2_PLACEMENT_3D('',#7604,#7605,#7606);
#7604 = CARTESIAN_POINT('',(0.3,0.25,0.));
#7605 = DIRECTION('',(0.,1.,0.));
#7606 = DIRECTION('',(0.,-0.,1.));
#7607 = ADVANCED_FACE('',(#7608),#7626,.T.);
#7608 = FACE_BOUND('',#7609,.T.);
#7609 = EDGE_LOOP('',(#7610,#7611,#7612,#7620));
#7610 = ORIENTED_EDGE('',*,*,#7355,.F.);
#7611 = ORIENTED_EDGE('',*,*,#7520,.T.);
#7612 = ORIENTED_EDGE('',*,*,#7613,.T.);
#7613 = EDGE_CURVE('',#7521,#7614,#7616,.T.);
#7614 = VERTEX_POINT('',#7615);
#7615 = CARTESIAN_POINT('',(0.3,0.25,0.35));
#7616 = LINE('',#7617,#7618);
#7617 = CARTESIAN_POINT('',(-0.3,0.25,0.35));
#7618 = VECTOR('',#7619,1.);
#7619 = DIRECTION('',(1.,0.,-0.));
#7620 = ORIENTED_EDGE('',*,*,#7621,.F.);
#7621 = EDGE_CURVE('',#7356,#7614,#7622,.T.);
#7622 = LINE('',#7623,#7624);
#7623 = CARTESIAN_POINT('',(0.3,0.25,0.315));
#7624 = VECTOR('',#7625,1.);
#7625 = DIRECTION('',(0.,0.,1.));
#7626 = PLANE('',#7627);
#7627 = AXIS2_PLACEMENT_3D('',#7628,#7629,#7630);
#7628 = CARTESIAN_POINT('',(-0.3,0.25,0.315));
#7629 = DIRECTION('',(0.,1.,0.));
#7630 = DIRECTION('',(0.,-0.,1.));
#7631 = ADVANCED_FACE('',(#7632),#7643,.T.);
#7632 = FACE_BOUND('',#7633,.T.);
#7633 = EDGE_LOOP('',(#7634,#7635,#7636,#7642));
#7634 = ORIENTED_EDGE('',*,*,#7403,.T.);
#7635 = ORIENTED_EDGE('',*,*,#7552,.T.);
#7636 = ORIENTED_EDGE('',*,*,#7637,.F.);
#7637 = EDGE_CURVE('',#7419,#7543,#7638,.T.);
#7638 = LINE('',#7639,#7640);
#7639 = CARTESIAN_POINT('',(0.335,-0.25,-2.775557561563E-17));
#7640 = VECTOR('',#7641,1.);
#7641 = DIRECTION('',(0.,1.,0.));
#7642 = ORIENTED_EDGE('',*,*,#7428,.F.);
#7643 = CYLINDRICAL_SURFACE('',#7644,3.5E-02);
#7644 = AXIS2_PLACEMENT_3D('',#7645,#7646,#7647);
#7645 = CARTESIAN_POINT('',(0.335,-0.25,3.5E-02));
#7646 = DIRECTION('',(0.,1.,0.));
#7647 = DIRECTION('',(-1.,0.,0.));
#7648 = ADVANCED_FACE('',(#7649),#7660,.F.);
#7649 = FACE_BOUND('',#7650,.F.);
#7650 = EDGE_LOOP('',(#7651,#7652,#7653,#7654));
#7651 = ORIENTED_EDGE('',*,*,#7542,.F.);
#7652 = ORIENTED_EDGE('',*,*,#7637,.F.);
#7653 = ORIENTED_EDGE('',*,*,#7418,.T.);
#7654 = ORIENTED_EDGE('',*,*,#7655,.T.);
#7655 = EDGE_CURVE('',#7421,#7545,#7656,.T.);
#7656 = LINE('',#7657,#7658);
#7657 = CARTESIAN_POINT('',(0.465,-0.25,-2.775557561563E-17));
#7658 = VECTOR('',#7659,1.);
#7659 = DIRECTION('',(0.,1.,0.));
#7660 = PLANE('',#7661);
#7661 = AXIS2_PLACEMENT_3D('',#7662,#7663,#7664);
#7662 = CARTESIAN_POINT('',(0.3,-0.25,0.));
#7663 = DIRECTION('',(0.,0.,1.));
#7664 = DIRECTION('',(1.,0.,-0.));
#7665 = ADVANCED_FACE('',(#7666),#7677,.T.);
#7666 = FACE_BOUND('',#7667,.T.);
#7667 = EDGE_LOOP('',(#7668,#7669,#7670,#7671));
#7668 = ORIENTED_EDGE('',*,*,#7472,.T.);
#7669 = ORIENTED_EDGE('',*,*,#7655,.T.);
#7670 = ORIENTED_EDGE('',*,*,#7596,.F.);
#7671 = ORIENTED_EDGE('',*,*,#7672,.F.);
#7672 = EDGE_CURVE('',#7465,#7589,#7673,.T.);
#7673 = LINE('',#7674,#7675);
#7674 = CARTESIAN_POINT('',(0.5,-0.25,3.5E-02));
#7675 = VECTOR('',#7676,1.);
#7676 = DIRECTION('',(0.,1.,0.));
#7677 = CYLINDRICAL_SURFACE('',#7678,3.5E-02);
#7678 = AXIS2_PLACEMENT_3D('',#7679,#7680,#7681);
#7679 = CARTESIAN_POINT('',(0.465,-0.25,3.5E-02));
#7680 = DIRECTION('',(0.,1.,0.));
#7681 = DIRECTION('',(1.,0.,-0.));
#7682 = ADVANCED_FACE('',(#7683),#7694,.T.);
#7683 = FACE_BOUND('',#7684,.T.);
#7684 = EDGE_LOOP('',(#7685,#7686,#7687,#7688));
#7685 = ORIENTED_EDGE('',*,*,#7464,.F.);
#7686 = ORIENTED_EDGE('',*,*,#7672,.T.);
#7687 = ORIENTED_EDGE('',*,*,#7588,.T.);
#7688 = ORIENTED_EDGE('',*,*,#7689,.F.);
#7689 = EDGE_CURVE('',#7456,#7580,#7690,.T.);
#7690 = LINE('',#7691,#7692);
#7691 = CARTESIAN_POINT('',(0.5,-0.25,0.315));
#7692 = VECTOR('',#7693,1.);
#7693 = DIRECTION('',(0.,1.,0.));
#7694 = PLANE('',#7695);
#7695 = AXIS2_PLACEMENT_3D('',#7696,#7697,#7698);
#7696 = CARTESIAN_POINT('',(0.5,-0.25,0.));
#7697 = DIRECTION('',(1.,0.,-0.));
#7698 = DIRECTION('',(0.,0.,1.));
#7699 = ADVANCED_FACE('',(#7700),#7711,.T.);
#7700 = FACE_BOUND('',#7701,.T.);
#7701 = EDGE_LOOP('',(#7702,#7703,#7704,#7710));
#7702 = ORIENTED_EDGE('',*,*,#7689,.T.);
#7703 = ORIENTED_EDGE('',*,*,#7579,.T.);
#7704 = ORIENTED_EDGE('',*,*,#7705,.F.);
#7705 = EDGE_CURVE('',#7448,#7572,#7706,.T.);
#7706 = LINE('',#7707,#7708);
#7707 = CARTESIAN_POINT('',(0.465,-0.25,0.35));
#7708 = VECTOR('',#7709,1.);
#7709 = DIRECTION('',(0.,1.,0.));
#7710 = ORIENTED_EDGE('',*,*,#7455,.F.);
#7711 = CYLINDRICAL_SURFACE('',#7712,3.5E-02);
#7712 = AXIS2_PLACEMENT_3D('',#7713,#7714,#7715);
#7713 = CARTESIAN_POINT('',(0.465,-0.25,0.315));
#7714 = DIRECTION('',(0.,1.,0.));
#7715 = DIRECTION('',(1.,0.,-0.));
#7716 = ADVANCED_FACE('',(#7717),#7728,.T.);
#7717 = FACE_BOUND('',#7718,.T.);
#7718 = EDGE_LOOP('',(#7719,#7720,#7726,#7727));
#7719 = ORIENTED_EDGE('',*,*,#7571,.F.);
#7720 = ORIENTED_EDGE('',*,*,#7721,.F.);
#7721 = EDGE_CURVE('',#7439,#7563,#7722,.T.);
#7722 = LINE('',#7723,#7724);
#7723 = CARTESIAN_POINT('',(0.335,-0.25,0.35));
#7724 = VECTOR('',#7725,1.);
#7725 = DIRECTION('',(0.,1.,0.));
#7726 = ORIENTED_EDGE('',*,*,#7447,.T.);
#7727 = ORIENTED_EDGE('',*,*,#7705,.T.);
#7728 = PLANE('',#7729);
#7729 = AXIS2_PLACEMENT_3D('',#7730,#7731,#7732);
#7730 = CARTESIAN_POINT('',(0.3,-0.25,0.35));
#7731 = DIRECTION('',(0.,0.,1.));
#7732 = DIRECTION('',(1.,0.,-0.));
#7733 = ADVANCED_FACE('',(#7734),#7745,.T.);
#7734 = FACE_BOUND('',#7735,.T.);
#7735 = EDGE_LOOP('',(#7736,#7737,#7738,#7739));
#7736 = ORIENTED_EDGE('',*,*,#7438,.T.);
#7737 = ORIENTED_EDGE('',*,*,#7721,.T.);
#7738 = ORIENTED_EDGE('',*,*,#7562,.F.);
#7739 = ORIENTED_EDGE('',*,*,#7740,.F.);
#7740 = EDGE_CURVE('',#7273,#7356,#7741,.T.);
#7741 = LINE('',#7742,#7743);
#7742 = CARTESIAN_POINT('',(0.3,-0.25,0.315));
#7743 = VECTOR('',#7744,1.);
#7744 = DIRECTION('',(0.,1.,0.));
#7745 = CYLINDRICAL_SURFACE('',#7746,3.5E-02);
#7746 = AXIS2_PLACEMENT_3D('',#7747,#7748,#7749);
#7747 = CARTESIAN_POINT('',(0.335,-0.25,0.315));
#7748 = DIRECTION('',(0.,1.,0.));
#7749 = DIRECTION('',(-1.,0.,0.));
#7750 = ADVANCED_FACE('',(#7751),#7762,.T.);
#7751 = FACE_BOUND('',#7752,.T.);
#7752 = EDGE_LOOP('',(#7753,#7754,#7755,#7756));
#7753 = ORIENTED_EDGE('',*,*,#7504,.F.);
#7754 = ORIENTED_EDGE('',*,*,#7740,.T.);
#7755 = ORIENTED_EDGE('',*,*,#7621,.T.);
#7756 = ORIENTED_EDGE('',*,*,#7757,.F.);
#7757 = EDGE_CURVE('',#7497,#7614,#7758,.T.);
#7758 = LINE('',#7759,#7760);
#7759 = CARTESIAN_POINT('',(0.3,-0.25,0.35));
#7760 = VECTOR('',#7761,1.);
#7761 = DIRECTION('',(0.,1.,0.));
#7762 = PLANE('',#7763);
#7763 = AXIS2_PLACEMENT_3D('',#7764,#7765,#7766);
#7764 = CARTESIAN_POINT('',(0.3,-0.25,0.315));
#7765 = DIRECTION('',(1.,0.,-0.));
#7766 = DIRECTION('',(0.,0.,1.));
#7767 = ADVANCED_FACE('',(#7768),#7774,.T.);
#7768 = FACE_BOUND('',#7769,.T.);
#7769 = EDGE_LOOP('',(#7770,#7771,#7772,#7773));
#7770 = ORIENTED_EDGE('',*,*,#7528,.F.);
#7771 = ORIENTED_EDGE('',*,*,#7496,.T.);
#7772 = ORIENTED_EDGE('',*,*,#7757,.T.);
#7773 = ORIENTED_EDGE('',*,*,#7613,.F.);
#7774 = PLANE('',#7775);
#7775 = AXIS2_PLACEMENT_3D('',#7776,#7777,#7778);
#7776 = CARTESIAN_POINT('',(-0.3,-0.25,0.35));
#7777 = DIRECTION('',(0.,0.,1.));
#7778 = DIRECTION('',(1.,0.,-0.));
#7779 = ( GEOMETRIC_REPRESENTATION_CONTEXT(3) 
GLOBAL_UNCERTAINTY_ASSIGNED_CONTEXT((#7783)) 
GLOBAL_UNIT_ASSIGNED_CONTEXT((#7780,#7781,#7782)) REPRESENTATION_CONTEXT
('Context #1','3D Context with UNIT and UNCERTAINTY') );
#7780 = ( LENGTH_UNIT() NAMED_UNIT(*) SI_UNIT(.MILLI.,.METRE.) );
#7781 = ( NAMED_UNIT(*) PLANE_ANGLE_UNIT() SI_UNIT($,.RADIAN.) );
#7782 = ( NAMED_UNIT(*) SI_UNIT($,.STERADIAN.) SOLID_ANGLE_UNIT() );
#7783 = UNCERTAINTY_MEASURE_WITH_UNIT(LENGTH_MEASURE(1.E-07),#7780,
  'distance_accuracy_value','confusion accuracy');
#7784 = CONTEXT_DEPENDENT_SHAPE_REPRESENTATION(#7785,#7787);
#7785 = ( REPRESENTATION_RELATIONSHIP('','',#6988,#6965) 
REPRESENTATION_RELATIONSHIP_WITH_TRANSFORMATION(#7786) 
SHAPE_REPRESENTATION_RELATIONSHIP() );
#7786 = ITEM_DEFINED_TRANSFORMATION('','',#11,#6966);
#7787 = PRODUCT_DEFINITION_SHAPE('Placement','Placement of an item',
  #7788);
#7788 = NEXT_ASSEMBLY_USAGE_OCCURRENCE('8','=>[0:1:1:9]','',#6960,#6983,
  $);
#7789 = PRODUCT_RELATED_PRODUCT_CATEGORY('part',$,(#6985));
#7790 = CONTEXT_DEPENDENT_SHAPE_REPRESENTATION(#7791,#7793);
#7791 = ( REPRESENTATION_RELATIONSHIP('','',#6965,#10) 
REPRESENTATION_RELATIONSHIP_WITH_TRANSFORMATION(#7792) 
SHAPE_REPRESENTATION_RELATIONSHIP() );
#7792 = ITEM_DEFINED_TRANSFORMATION('','',#11,#35);
#7793 = PRODUCT_DEFINITION_SHAPE('Placement','Placement of an item',
  #7794);
#7794 = NEXT_ASSEMBLY_USAGE_OCCURRENCE('10','R2','',#5,#6960,$);
#7795 = CONTEXT_DEPENDENT_SHAPE_REPRESENTATION(#7796,#7798);
#7796 = ( REPRESENTATION_RELATIONSHIP('','',#6069,#10) 
REPRESENTATION_RELATIONSHIP_WITH_TRANSFORMATION(#7797) 
SHAPE_REPRESENTATION_RELATIONSHIP() );
#7797 = ITEM_DEFINED_TRANSFORMATION('','',#11,#39);
#7798 = PRODUCT_DEFINITION_SHAPE('Placement','Placement of an item',
  #7799);
#7799 = NEXT_ASSEMBLY_USAGE_OCCURRENCE('11','C6','',#5,#6064,$);
#7800 = SHAPE_DEFINITION_REPRESENTATION(#7801,#7807);
#7801 = PRODUCT_DEFINITION_SHAPE('','',#7802);
#7802 = PRODUCT_DEFINITION('design','',#7803,#7806);
#7803 = PRODUCT_DEFINITION_FORMATION('','',#7804);
#7804 = PRODUCT('WSON-6-1EP_2x2mm_P0.65mm_EP1x1.6mm',
  'WSON-6-1EP_2x2mm_P0.65mm_EP1x1.6mm','',(#7805));
#7805 = PRODUCT_CONTEXT('',#2,'mechanical');
#7806 = PRODUCT_DEFINITION_CONTEXT('part definition',#2,'design');
#7807 = SHAPE_REPRESENTATION('',(#11,#7808),#7812);
#7808 = AXIS2_PLACEMENT_3D('',#7809,#7810,#7811);
#7809 = CARTESIAN_POINT('',(0.,0.,0.));
#7810 = DIRECTION('',(0.,0.,1.));
#7811 = DIRECTION('',(1.,0.,-0.));
#7812 = ( GEOMETRIC_REPRESENTATION_CONTEXT(3) 
GLOBAL_UNCERTAINTY_ASSIGNED_CONTEXT((#7816)) 
GLOBAL_UNIT_ASSIGNED_CONTEXT((#7813,#7814,#7815)) REPRESENTATION_CONTEXT
('Context #1','3D Context with UNIT and UNCERTAINTY') );
#7813 = ( LENGTH_UNIT() NAMED_UNIT(*) SI_UNIT(.MILLI.,.METRE.) );
#7814 = ( NAMED_UNIT(*) PLANE_ANGLE_UNIT() SI_UNIT($,.RADIAN.) );
#7815 = ( NAMED_UNIT(*) SI_UNIT($,.STERADIAN.) SOLID_ANGLE_UNIT() );
#7816 = UNCERTAINTY_MEASURE_WITH_UNIT(LENGTH_MEASURE(1.E-07),#7813,
  'distance_accuracy_value','confusion accuracy');
#7817 = CONTEXT_DEPENDENT_SHAPE_REPRESENTATION(#7818,#7820);
#7818 = ( REPRESENTATION_RELATIONSHIP('','',#7807,#10) 
REPRESENTATION_RELATIONSHIP_WITH_TRANSFORMATION(#7819) 
SHAPE_REPRESENTATION_RELATIONSHIP() );
#7819 = ITEM_DEFINED_TRANSFORMATION('','',#11,#43);
#7820 = PRODUCT_DEFINITION_SHAPE('Placement','Placement of an item',
  #7821);
#7821 = NEXT_ASSEMBLY_USAGE_OCCURRENCE('13','U3','',#5,#7802,$);
#7822 = PRODUCT_RELATED_PRODUCT_CATEGORY('part',$,(#7804));
#7823 = SHAPE_DEFINITION_REPRESENTATION(#7824,#7830);
#7824 = PRODUCT_DEFINITION_SHAPE('','',#7825);
#7825 = PRODUCT_DEFINITION('design','',#7826,#7829);
#7826 = PRODUCT_DEFINITION_FORMATION('','',#7827);
#7827 = PRODUCT('WSON_6_1EP_2x2mm_P065mm_EP1x16mm',
  'WSON_6_1EP_2x2mm_P065mm_EP1x16mm','',(#7828));
#7828 = PRODUCT_CONTEXT('',#2,'mechanical');
#7829 = PRODUCT_DEFINITION_CONTEXT('part definition',#2,'design');
#7830 = ADVANCED_BREP_SHAPE_REPRESENTATION('',(#11,#7831),#9389);
#7831 = MANIFOLD_SOLID_BREP('',#7832);
#7832 = CLOSED_SHELL('',(#7833,#7873,#7912,#7936,#8194,#8211,#8228,#8240
    ,#8340,#8380,#8404,#8437,#8477,#8501,#8534,#8574,#8598,#8631,#8655,
    #8748,#8788,#8812,#8845,#8885,#8909,#8942,#8982,#9006,#9039,#9056,
    #9073,#9090,#9107,#9130,#9147,#9159,#9176,#9188,#9205,#9217,#9234,
    #9251,#9268,#9285,#9297,#9314,#9326,#9343,#9355,#9380));
#7833 = ADVANCED_FACE('',(#7834),#7868,.F.);
#7834 = FACE_BOUND('',#7835,.F.);
#7835 = EDGE_LOOP('',(#7836,#7846,#7854,#7862));
#7836 = ORIENTED_EDGE('',*,*,#7837,.F.);
#7837 = EDGE_CURVE('',#7838,#7840,#7842,.T.);
#7838 = VERTEX_POINT('',#7839);
#7839 = CARTESIAN_POINT('',(-0.5,0.55,0.));
#7840 = VERTEX_POINT('',#7841);
#7841 = CARTESIAN_POINT('',(-0.5,-0.8,0.));
#7842 = LINE('',#7843,#7844);
#7843 = CARTESIAN_POINT('',(-0.5,0.55,0.));
#7844 = VECTOR('',#7845,1.);
#7845 = DIRECTION('',(-2.22044604925E-16,-1.,0.));
#7846 = ORIENTED_EDGE('',*,*,#7847,.T.);
#7847 = EDGE_CURVE('',#7838,#7848,#7850,.T.);
#7848 = VERTEX_POINT('',#7849);
#7849 = CARTESIAN_POINT('',(-0.5,0.55,2.E-02));
#7850 = LINE('',#7851,#7852);
#7851 = CARTESIAN_POINT('',(-0.5,0.55,0.));
#7852 = VECTOR('',#7853,1.);
#7853 = DIRECTION('',(0.,0.,1.));
#7854 = ORIENTED_EDGE('',*,*,#7855,.F.);
#7855 = EDGE_CURVE('',#7856,#7848,#7858,.T.);
#7856 = VERTEX_POINT('',#7857);
#7857 = CARTESIAN_POINT('',(-0.5,-0.8,2.E-02));
#7858 = LINE('',#7859,#7860);
#7859 = CARTESIAN_POINT('',(-0.5,0.77,2.E-02));
#7860 = VECTOR('',#7861,1.);
#7861 = DIRECTION('',(2.22044604925E-16,1.,0.));
#7862 = ORIENTED_EDGE('',*,*,#7863,.F.);
#7863 = EDGE_CURVE('',#7840,#7856,#7864,.T.);
#7864 = LINE('',#7865,#7866);
#7865 = CARTESIAN_POINT('',(-0.5,-0.8,0.));
#7866 = VECTOR('',#7867,1.);
#7867 = DIRECTION('',(0.,0.,1.));
#7868 = PLANE('',#7869);
#7869 = AXIS2_PLACEMENT_3D('',#7870,#7871,#7872);
#7870 = CARTESIAN_POINT('',(-0.5,0.55,0.));
#7871 = DIRECTION('',(1.,0.,-0.));
#7872 = DIRECTION('',(0.,-1.,0.));
#7873 = ADVANCED_FACE('',(#7874),#7907,.F.);
#7874 = FACE_BOUND('',#7875,.F.);
#7875 = EDGE_LOOP('',(#7876,#7877,#7885,#7893,#7901));
#7876 = ORIENTED_EDGE('',*,*,#7837,.T.);
#7877 = ORIENTED_EDGE('',*,*,#7878,.T.);
#7878 = EDGE_CURVE('',#7840,#7879,#7881,.T.);
#7879 = VERTEX_POINT('',#7880);
#7880 = CARTESIAN_POINT('',(0.5,-0.8,0.));
#7881 = LINE('',#7882,#7883);
#7882 = CARTESIAN_POINT('',(-0.5,-0.8,0.));
#7883 = VECTOR('',#7884,1.);
#7884 = DIRECTION('',(1.,0.,-0.));
#7885 = ORIENTED_EDGE('',*,*,#7886,.T.);
#7886 = EDGE_CURVE('',#7879,#7887,#7889,.T.);
#7887 = VERTEX_POINT('',#7888);
#7888 = CARTESIAN_POINT('',(0.5,0.8,0.));
#7889 = LINE('',#7890,#7891);
#7890 = CARTESIAN_POINT('',(0.5,-0.8,0.));
#7891 = VECTOR('',#7892,1.);
#7892 = DIRECTION('',(2.22044604925E-16,1.,0.));
#7893 = ORIENTED_EDGE('',*,*,#7894,.T.);
#7894 = EDGE_CURVE('',#7887,#7895,#7897,.T.);
#7895 = VERTEX_POINT('',#7896);
#7896 = CARTESIAN_POINT('',(-0.25,0.8,0.));
#7897 = LINE('',#7898,#7899);
#7898 = CARTESIAN_POINT('',(0.5,0.8,0.));
#7899 = VECTOR('',#7900,1.);
#7900 = DIRECTION('',(-1.,2.22044604925E-16,0.));
#7901 = ORIENTED_EDGE('',*,*,#7902,.T.);
#7902 = EDGE_CURVE('',#7895,#7838,#7903,.T.);
#7903 = LINE('',#7904,#7905);
#7904 = CARTESIAN_POINT('',(-0.25,0.8,0.));
#7905 = VECTOR('',#7906,1.);
#7906 = DIRECTION('',(-0.707106781187,-0.707106781187,0.));
#7907 = PLANE('',#7908);
#7908 = AXIS2_PLACEMENT_3D('',#7909,#7910,#7911);
#7909 = CARTESIAN_POINT('',(1.705086933244E-02,-2.574455067433E-02,0.));
#7910 = DIRECTION('',(0.,0.,1.));
#7911 = DIRECTION('',(-2.22044604925E-16,-1.,0.));
#7912 = ADVANCED_FACE('',(#7913),#7931,.F.);
#7913 = FACE_BOUND('',#7914,.F.);
#7914 = EDGE_LOOP('',(#7915,#7916,#7917,#7925));
#7915 = ORIENTED_EDGE('',*,*,#7878,.F.);
#7916 = ORIENTED_EDGE('',*,*,#7863,.T.);
#7917 = ORIENTED_EDGE('',*,*,#7918,.F.);
#7918 = EDGE_CURVE('',#7919,#7856,#7921,.T.);
#7919 = VERTEX_POINT('',#7920);
#7920 = CARTESIAN_POINT('',(0.5,-0.8,2.E-02));
#7921 = LINE('',#7922,#7923);
#7922 = CARTESIAN_POINT('',(-0.745,-0.8,2.E-02));
#7923 = VECTOR('',#7924,1.);
#7924 = DIRECTION('',(-1.,2.22044604925E-16,0.));
#7925 = ORIENTED_EDGE('',*,*,#7926,.F.);
#7926 = EDGE_CURVE('',#7879,#7919,#7927,.T.);
#7927 = LINE('',#7928,#7929);
#7928 = CARTESIAN_POINT('',(0.5,-0.8,0.));
#7929 = VECTOR('',#7930,1.);
#7930 = DIRECTION('',(0.,0.,1.));
#7931 = PLANE('',#7932);
#7932 = AXIS2_PLACEMENT_3D('',#7933,#7934,#7935);
#7933 = CARTESIAN_POINT('',(-0.5,-0.8,0.));
#7934 = DIRECTION('',(2.22044604925E-16,1.,0.));
#7935 = DIRECTION('',(1.,-2.22044604925E-16,-0.));
#7936 = ADVANCED_FACE('',(#7937,#8163),#8189,.F.);
#7937 = FACE_BOUND('',#7938,.F.);
#7938 = EDGE_LOOP('',(#7939,#7949,#7957,#7965,#7973,#7981,#7989,#7997,
    #8005,#8013,#8021,#8029,#8037,#8045,#8053,#8061,#8069,#8077,#8085,
    #8093,#8101,#8109,#8117,#8125,#8133,#8141,#8149,#8157));
#7939 = ORIENTED_EDGE('',*,*,#7940,.F.);
#7940 = EDGE_CURVE('',#7941,#7943,#7945,.T.);
#7941 = VERTEX_POINT('',#7942);
#7942 = CARTESIAN_POINT('',(0.99,0.99,2.E-02));
#7943 = VERTEX_POINT('',#7944);
#7944 = CARTESIAN_POINT('',(0.99,0.8,2.E-02));
#7945 = LINE('',#7946,#7947);
#7946 = CARTESIAN_POINT('',(0.99,0.99,2.E-02));
#7947 = VECTOR('',#7948,1.);
#7948 = DIRECTION('',(-2.22044604925E-16,-1.,0.));
#7949 = ORIENTED_EDGE('',*,*,#7950,.F.);
#7950 = EDGE_CURVE('',#7951,#7941,#7953,.T.);
#7951 = VERTEX_POINT('',#7952);
#7952 = CARTESIAN_POINT('',(-0.99,0.99,2.E-02));
#7953 = LINE('',#7954,#7955);
#7954 = CARTESIAN_POINT('',(-0.99,0.99,2.E-02));
#7955 = VECTOR('',#7956,1.);
#7956 = DIRECTION('',(1.,0.,-0.));
#7957 = ORIENTED_EDGE('',*,*,#7958,.T.);
#7958 = EDGE_CURVE('',#7951,#7959,#7961,.T.);
#7959 = VERTEX_POINT('',#7960);
#7960 = CARTESIAN_POINT('',(-0.99,0.8,2.E-02));
#7961 = LINE('',#7962,#7963);
#7962 = CARTESIAN_POINT('',(-0.99,0.99,2.E-02));
#7963 = VECTOR('',#7964,1.);
#7964 = DIRECTION('',(-2.22044604925E-16,-1.,0.));
#7965 = ORIENTED_EDGE('',*,*,#7966,.T.);
#7966 = EDGE_CURVE('',#7959,#7967,#7969,.T.);
#7967 = VERTEX_POINT('',#7968);
#7968 = CARTESIAN_POINT('',(-0.75,0.8,2.E-02));
#7969 = LINE('',#7970,#7971);
#7970 = CARTESIAN_POINT('',(-0.87,0.8,2.E-02));
#7971 = VECTOR('',#7972,1.);
#7972 = DIRECTION('',(1.,0.,-0.));
#7973 = ORIENTED_EDGE('',*,*,#7974,.T.);
#7974 = EDGE_CURVE('',#7967,#7975,#7977,.T.);
#7975 = VERTEX_POINT('',#7976);
#7976 = CARTESIAN_POINT('',(-0.75,0.5,2.E-02));
#7977 = LINE('',#7978,#7979);
#7978 = CARTESIAN_POINT('',(-0.75,0.745,2.E-02));
#7979 = VECTOR('',#7980,1.);
#7980 = DIRECTION('',(-2.22044604925E-16,-1.,0.));
#7981 = ORIENTED_EDGE('',*,*,#7982,.T.);
#7982 = EDGE_CURVE('',#7975,#7983,#7985,.T.);
#7983 = VERTEX_POINT('',#7984);
#7984 = CARTESIAN_POINT('',(-0.99,0.5,2.E-02));
#7985 = LINE('',#7986,#7987);
#7986 = CARTESIAN_POINT('',(-0.995,0.5,2.E-02));
#7987 = VECTOR('',#7988,1.);
#7988 = DIRECTION('',(-1.,2.22044604925E-16,0.));
#7989 = ORIENTED_EDGE('',*,*,#7990,.T.);
#7990 = EDGE_CURVE('',#7983,#7991,#7993,.T.);
#7991 = VERTEX_POINT('',#7992);
#7992 = CARTESIAN_POINT('',(-0.99,0.15,2.E-02));
#7993 = LINE('',#7994,#7995);
#7994 = CARTESIAN_POINT('',(-0.99,0.99,2.E-02));
#7995 = VECTOR('',#7996,1.);
#7996 = DIRECTION('',(-2.22044604925E-16,-1.,0.));
#7997 = ORIENTED_EDGE('',*,*,#7998,.T.);
#7998 = EDGE_CURVE('',#7991,#7999,#8001,.T.);
#7999 = VERTEX_POINT('',#8000);
#8000 = CARTESIAN_POINT('',(-0.75,0.15,2.E-02));
#8001 = LINE('',#8002,#8003);
#8002 = CARTESIAN_POINT('',(-0.87,0.15,2.E-02));
#8003 = VECTOR('',#8004,1.);
#8004 = DIRECTION('',(1.,0.,-0.));
#8005 = ORIENTED_EDGE('',*,*,#8006,.T.);
#8006 = EDGE_CURVE('',#7999,#8007,#8009,.T.);
#8007 = VERTEX_POINT('',#8008);
#8008 = CARTESIAN_POINT('',(-0.75,-0.15,2.E-02));
#8009 = LINE('',#8010,#8011);
#8010 = CARTESIAN_POINT('',(-0.75,0.42,2.E-02));
#8011 = VECTOR('',#8012,1.);
#8012 = DIRECTION('',(-2.22044604925E-16,-1.,0.));
#8013 = ORIENTED_EDGE('',*,*,#8014,.T.);
#8014 = EDGE_CURVE('',#8007,#8015,#8017,.T.);
#8015 = VERTEX_POINT('',#8016);
#8016 = CARTESIAN_POINT('',(-0.99,-0.15,2.E-02));
#8017 = LINE('',#8018,#8019);
#8018 = CARTESIAN_POINT('',(-0.995,-0.15,2.E-02));
#8019 = VECTOR('',#8020,1.);
#8020 = DIRECTION('',(-1.,2.22044604925E-16,0.));
#8021 = ORIENTED_EDGE('',*,*,#8022,.T.);
#8022 = EDGE_CURVE('',#8015,#8023,#8025,.T.);
#8023 = VERTEX_POINT('',#8024);
#8024 = CARTESIAN_POINT('',(-0.99,-0.5,2.E-02));
#8025 = LINE('',#8026,#8027);
#8026 = CARTESIAN_POINT('',(-0.99,0.99,2.E-02));
#8027 = VECTOR('',#8028,1.);
#8028 = DIRECTION('',(-2.22044604925E-16,-1.,0.));
#8029 = ORIENTED_EDGE('',*,*,#8030,.T.);
#8030 = EDGE_CURVE('',#8023,#8031,#8033,.T.);
#8031 = VERTEX_POINT('',#8032);
#8032 = CARTESIAN_POINT('',(-0.75,-0.5,2.E-02));
#8033 = LINE('',#8034,#8035);
#8034 = CARTESIAN_POINT('',(-0.87,-0.5,2.E-02));
#8035 = VECTOR('',#8036,1.);
#8036 = DIRECTION('',(1.,0.,-0.));
#8037 = ORIENTED_EDGE('',*,*,#8038,.T.);
#8038 = EDGE_CURVE('',#8031,#8039,#8041,.T.);
#8039 = VERTEX_POINT('',#8040);
#8040 = CARTESIAN_POINT('',(-0.75,-0.8,2.E-02));
#8041 = LINE('',#8042,#8043);
#8042 = CARTESIAN_POINT('',(-0.75,9.5E-02,2.E-02));
#8043 = VECTOR('',#8044,1.);
#8044 = DIRECTION('',(-2.22044604925E-16,-1.,0.));
#8045 = ORIENTED_EDGE('',*,*,#8046,.T.);
#8046 = EDGE_CURVE('',#8039,#8047,#8049,.T.);
#8047 = VERTEX_POINT('',#8048);
#8048 = CARTESIAN_POINT('',(-0.99,-0.8,2.E-02));
#8049 = LINE('',#8050,#8051);
#8050 = CARTESIAN_POINT('',(-0.995,-0.8,2.E-02));
#8051 = VECTOR('',#8052,1.);
#8052 = DIRECTION('',(-1.,2.22044604925E-16,0.));
#8053 = ORIENTED_EDGE('',*,*,#8054,.T.);
#8054 = EDGE_CURVE('',#8047,#8055,#8057,.T.);
#8055 = VERTEX_POINT('',#8056);
#8056 = CARTESIAN_POINT('',(-0.99,-0.99,2.E-02));
#8057 = LINE('',#8058,#8059);
#8058 = CARTESIAN_POINT('',(-0.99,0.99,2.E-02));
#8059 = VECTOR('',#8060,1.);
#8060 = DIRECTION('',(-2.22044604925E-16,-1.,0.));
#8061 = ORIENTED_EDGE('',*,*,#8062,.T.);
#8062 = EDGE_CURVE('',#8055,#8063,#8065,.T.);
#8063 = VERTEX_POINT('',#8064);
#8064 = CARTESIAN_POINT('',(0.99,-0.99,2.E-02));
#8065 = LINE('',#8066,#8067);
#8066 = CARTESIAN_POINT('',(-0.99,-0.99,2.E-02));
#8067 = VECTOR('',#8068,1.);
#8068 = DIRECTION('',(1.,0.,-0.));
#8069 = ORIENTED_EDGE('',*,*,#8070,.F.);
#8070 = EDGE_CURVE('',#8071,#8063,#8073,.T.);
#8071 = VERTEX_POINT('',#8072);
#8072 = CARTESIAN_POINT('',(0.99,-0.8,2.E-02));
#8073 = LINE('',#8074,#8075);
#8074 = CARTESIAN_POINT('',(0.99,0.99,2.E-02));
#8075 = VECTOR('',#8076,1.);
#8076 = DIRECTION('',(-2.22044604925E-16,-1.,0.));
#8077 = ORIENTED_EDGE('',*,*,#8078,.T.);
#8078 = EDGE_CURVE('',#8071,#8079,#8081,.T.);
#8079 = VERTEX_POINT('',#8080);
#8080 = CARTESIAN_POINT('',(0.75,-0.8,2.E-02));
#8081 = LINE('',#8082,#8083);
#8082 = CARTESIAN_POINT('',(-0.12,-0.8,2.E-02));
#8083 = VECTOR('',#8084,1.);
#8084 = DIRECTION('',(-1.,2.22044604925E-16,0.));
#8085 = ORIENTED_EDGE('',*,*,#8086,.T.);
#8086 = EDGE_CURVE('',#8079,#8087,#8089,.T.);
#8087 = VERTEX_POINT('',#8088);
#8088 = CARTESIAN_POINT('',(0.75,-0.5,2.E-02));
#8089 = LINE('',#8090,#8091);
#8090 = CARTESIAN_POINT('',(0.75,0.245,2.E-02));
#8091 = VECTOR('',#8092,1.);
#8092 = DIRECTION('',(2.22044604925E-16,1.,0.));
#8093 = ORIENTED_EDGE('',*,*,#8094,.T.);
#8094 = EDGE_CURVE('',#8087,#8095,#8097,.T.);
#8095 = VERTEX_POINT('',#8096);
#8096 = CARTESIAN_POINT('',(0.99,-0.5,2.E-02));
#8097 = LINE('',#8098,#8099);
#8098 = CARTESIAN_POINT('',(5.E-03,-0.5,2.E-02));
#8099 = VECTOR('',#8100,1.);
#8100 = DIRECTION('',(1.,0.,-0.));
#8101 = ORIENTED_EDGE('',*,*,#8102,.F.);
#8102 = EDGE_CURVE('',#8103,#8095,#8105,.T.);
#8103 = VERTEX_POINT('',#8104);
#8104 = CARTESIAN_POINT('',(0.99,-0.15,2.E-02));
#8105 = LINE('',#8106,#8107);
#8106 = CARTESIAN_POINT('',(0.99,0.99,2.E-02));
#8107 = VECTOR('',#8108,1.);
#8108 = DIRECTION('',(-2.22044604925E-16,-1.,0.));
#8109 = ORIENTED_EDGE('',*,*,#8110,.T.);
#8110 = EDGE_CURVE('',#8103,#8111,#8113,.T.);
#8111 = VERTEX_POINT('',#8112);
#8112 = CARTESIAN_POINT('',(0.75,-0.15,2.E-02));
#8113 = LINE('',#8114,#8115);
#8114 = CARTESIAN_POINT('',(-0.12,-0.15,2.E-02));
#8115 = VECTOR('',#8116,1.);
#8116 = DIRECTION('',(-1.,2.22044604925E-16,0.));
#8117 = ORIENTED_EDGE('',*,*,#8118,.T.);
#8118 = EDGE_CURVE('',#8111,#8119,#8121,.T.);
#8119 = VERTEX_POINT('',#8120);
#8120 = CARTESIAN_POINT('',(0.75,0.15,2.E-02));
#8121 = LINE('',#8122,#8123);
#8122 = CARTESIAN_POINT('',(0.75,0.57,2.E-02));
#8123 = VECTOR('',#8124,1.);
#8124 = DIRECTION('',(2.22044604925E-16,1.,0.));
#8125 = ORIENTED_EDGE('',*,*,#8126,.T.);
#8126 = EDGE_CURVE('',#8119,#8127,#8129,.T.);
#8127 = VERTEX_POINT('',#8128);
#8128 = CARTESIAN_POINT('',(0.99,0.15,2.E-02));
#8129 = LINE('',#8130,#8131);
#8130 = CARTESIAN_POINT('',(5.E-03,0.15,2.E-02));
#8131 = VECTOR('',#8132,1.);
#8132 = DIRECTION('',(1.,0.,-0.));
#8133 = ORIENTED_EDGE('',*,*,#8134,.F.);
#8134 = EDGE_CURVE('',#8135,#8127,#8137,.T.);
#8135 = VERTEX_POINT('',#8136);
#8136 = CARTESIAN_POINT('',(0.99,0.5,2.E-02));
#8137 = LINE('',#8138,#8139);
#8138 = CARTESIAN_POINT('',(0.99,0.99,2.E-02));
#8139 = VECTOR('',#8140,1.);
#8140 = DIRECTION('',(-2.22044604925E-16,-1.,0.));
#8141 = ORIENTED_EDGE('',*,*,#8142,.T.);
#8142 = EDGE_CURVE('',#8135,#8143,#8145,.T.);
#8143 = VERTEX_POINT('',#8144);
#8144 = CARTESIAN_POINT('',(0.75,0.5,2.E-02));
#8145 = LINE('',#8146,#8147);
#8146 = CARTESIAN_POINT('',(-0.12,0.5,2.E-02));
#8147 = VECTOR('',#8148,1.);
#8148 = DIRECTION('',(-1.,2.22044604925E-16,0.));
#8149 = ORIENTED_EDGE('',*,*,#8150,.T.);
#8150 = EDGE_CURVE('',#8143,#8151,#8153,.T.);
#8151 = VERTEX_POINT('',#8152);
#8152 = CARTESIAN_POINT('',(0.75,0.8,2.E-02));
#8153 = LINE('',#8154,#8155);
#8154 = CARTESIAN_POINT('',(0.75,0.895,2.E-02));
#8155 = VECTOR('',#8156,1.);
#8156 = DIRECTION('',(2.22044604925E-16,1.,0.));
#8157 = ORIENTED_EDGE('',*,*,#8158,.T.);
#8158 = EDGE_CURVE('',#8151,#7943,#8159,.T.);
#8159 = LINE('',#8160,#8161);
#8160 = CARTESIAN_POINT('',(5.E-03,0.8,2.E-02));
#8161 = VECTOR('',#8162,1.);
#8162 = DIRECTION('',(1.,0.,-0.));
#8163 = FACE_BOUND('',#8164,.F.);
#8164 = EDGE_LOOP('',(#8165,#8166,#8167,#8175,#8183));
#8165 = ORIENTED_EDGE('',*,*,#7918,.T.);
#8166 = ORIENTED_EDGE('',*,*,#7855,.T.);
#8167 = ORIENTED_EDGE('',*,*,#8168,.T.);
#8168 = EDGE_CURVE('',#7848,#8169,#8171,.T.);
#8169 = VERTEX_POINT('',#8170);
#8170 = CARTESIAN_POINT('',(-0.25,0.8,2.E-02));
#8171 = LINE('',#8172,#8173);
#8172 = CARTESIAN_POINT('',(-0.3875,0.6625,2.E-02));
#8173 = VECTOR('',#8174,1.);
#8174 = DIRECTION('',(0.707106781187,0.707106781187,0.));
#8175 = ORIENTED_EDGE('',*,*,#8176,.T.);
#8176 = EDGE_CURVE('',#8169,#8177,#8179,.T.);
#8177 = VERTEX_POINT('',#8178);
#8178 = CARTESIAN_POINT('',(0.5,0.8,2.E-02));
#8179 = LINE('',#8180,#8181);
#8180 = CARTESIAN_POINT('',(-0.245,0.8,2.E-02));
#8181 = VECTOR('',#8182,1.);
#8182 = DIRECTION('',(1.,0.,-0.));
#8183 = ORIENTED_EDGE('',*,*,#8184,.T.);
#8184 = EDGE_CURVE('',#8177,#7919,#8185,.T.);
#8185 = LINE('',#8186,#8187);
#8186 = CARTESIAN_POINT('',(0.5,9.5E-02,2.E-02));
#8187 = VECTOR('',#8188,1.);
#8188 = DIRECTION('',(-2.22044604925E-16,-1.,0.));
#8189 = PLANE('',#8190);
#8190 = AXIS2_PLACEMENT_3D('',#8191,#8192,#8193);
#8191 = CARTESIAN_POINT('',(-0.99,0.99,2.E-02));
#8192 = DIRECTION('',(0.,0.,1.));
#8193 = DIRECTION('',(-2.22044604925E-16,-1.,0.));
#8194 = ADVANCED_FACE('',(#8195),#8206,.F.);
#8195 = FACE_BOUND('',#8196,.F.);
#8196 = EDGE_LOOP('',(#8197,#8198,#8204,#8205));
#8197 = ORIENTED_EDGE('',*,*,#7902,.F.);
#8198 = ORIENTED_EDGE('',*,*,#8199,.T.);
#8199 = EDGE_CURVE('',#7895,#8169,#8200,.T.);
#8200 = LINE('',#8201,#8202);
#8201 = CARTESIAN_POINT('',(-0.25,0.8,0.));
#8202 = VECTOR('',#8203,1.);
#8203 = DIRECTION('',(0.,0.,1.));
#8204 = ORIENTED_EDGE('',*,*,#8168,.F.);
#8205 = ORIENTED_EDGE('',*,*,#7847,.F.);
#8206 = PLANE('',#8207);
#8207 = AXIS2_PLACEMENT_3D('',#8208,#8209,#8210);
#8208 = CARTESIAN_POINT('',(-0.25,0.8,0.));
#8209 = DIRECTION('',(0.707106781187,-0.707106781187,0.));
#8210 = DIRECTION('',(-0.707106781187,-0.707106781187,0.));
#8211 = ADVANCED_FACE('',(#8212),#8223,.F.);
#8212 = FACE_BOUND('',#8213,.F.);
#8213 = EDGE_LOOP('',(#8214,#8215,#8216,#8217));
#8214 = ORIENTED_EDGE('',*,*,#7886,.F.);
#8215 = ORIENTED_EDGE('',*,*,#7926,.T.);
#8216 = ORIENTED_EDGE('',*,*,#8184,.F.);
#8217 = ORIENTED_EDGE('',*,*,#8218,.F.);
#8218 = EDGE_CURVE('',#7887,#8177,#8219,.T.);
#8219 = LINE('',#8220,#8221);
#8220 = CARTESIAN_POINT('',(0.5,0.8,0.));
#8221 = VECTOR('',#8222,1.);
#8222 = DIRECTION('',(0.,0.,1.));
#8223 = PLANE('',#8224);
#8224 = AXIS2_PLACEMENT_3D('',#8225,#8226,#8227);
#8225 = CARTESIAN_POINT('',(0.5,-0.8,0.));
#8226 = DIRECTION('',(-1.,2.22044604925E-16,0.));
#8227 = DIRECTION('',(2.22044604925E-16,1.,0.));
#8228 = ADVANCED_FACE('',(#8229),#8235,.F.);
#8229 = FACE_BOUND('',#8230,.F.);
#8230 = EDGE_LOOP('',(#8231,#8232,#8233,#8234));
#8231 = ORIENTED_EDGE('',*,*,#7894,.F.);
#8232 = ORIENTED_EDGE('',*,*,#8218,.T.);
#8233 = ORIENTED_EDGE('',*,*,#8176,.F.);
#8234 = ORIENTED_EDGE('',*,*,#8199,.F.);
#8235 = PLANE('',#8236);
#8236 = AXIS2_PLACEMENT_3D('',#8237,#8238,#8239);
#8237 = CARTESIAN_POINT('',(0.5,0.8,0.));
#8238 = DIRECTION('',(-2.22044604925E-16,-1.,0.));
#8239 = DIRECTION('',(-1.,2.22044604925E-16,0.));
#8240 = ADVANCED_FACE('',(#8241),#8335,.T.);
#8241 = FACE_BOUND('',#8242,.T.);
#8242 = EDGE_LOOP('',(#8243,#8244,#8252,#8260,#8266,#8267,#8275,#8283,
    #8289,#8290,#8298,#8306,#8312,#8313,#8321,#8329));
#8243 = ORIENTED_EDGE('',*,*,#7940,.F.);
#8244 = ORIENTED_EDGE('',*,*,#8245,.T.);
#8245 = EDGE_CURVE('',#7941,#8246,#8248,.T.);
#8246 = VERTEX_POINT('',#8247);
#8247 = CARTESIAN_POINT('',(0.99,0.99,0.82));
#8248 = LINE('',#8249,#8250);
#8249 = CARTESIAN_POINT('',(0.99,0.99,2.E-02));
#8250 = VECTOR('',#8251,1.);
#8251 = DIRECTION('',(0.,0.,1.));
#8252 = ORIENTED_EDGE('',*,*,#8253,.T.);
#8253 = EDGE_CURVE('',#8246,#8254,#8256,.T.);
#8254 = VERTEX_POINT('',#8255);
#8255 = CARTESIAN_POINT('',(0.99,-0.99,0.82));
#8256 = LINE('',#8257,#8258);
#8257 = CARTESIAN_POINT('',(0.99,0.99,0.82));
#8258 = VECTOR('',#8259,1.);
#8259 = DIRECTION('',(-2.22044604925E-16,-1.,0.));
#8260 = ORIENTED_EDGE('',*,*,#8261,.F.);
#8261 = EDGE_CURVE('',#8063,#8254,#8262,.T.);
#8262 = LINE('',#8263,#8264);
#8263 = CARTESIAN_POINT('',(0.99,-0.99,2.E-02));
#8264 = VECTOR('',#8265,1.);
#8265 = DIRECTION('',(0.,0.,1.));
#8266 = ORIENTED_EDGE('',*,*,#8070,.F.);
#8267 = ORIENTED_EDGE('',*,*,#8268,.T.);
#8268 = EDGE_CURVE('',#8071,#8269,#8271,.T.);
#8269 = VERTEX_POINT('',#8270);
#8270 = CARTESIAN_POINT('',(0.99,-0.8,0.2));
#8271 = LINE('',#8272,#8273);
#8272 = CARTESIAN_POINT('',(0.99,-0.8,1.E-02));
#8273 = VECTOR('',#8274,1.);
#8274 = DIRECTION('',(0.,0.,1.));
#8275 = ORIENTED_EDGE('',*,*,#8276,.F.);
#8276 = EDGE_CURVE('',#8277,#8269,#8279,.T.);
#8277 = VERTEX_POINT('',#8278);
#8278 = CARTESIAN_POINT('',(0.99,-0.5,0.2));
#8279 = LINE('',#8280,#8281);
#8280 = CARTESIAN_POINT('',(0.99,0.17,0.2));
#8281 = VECTOR('',#8282,1.);
#8282 = DIRECTION('',(-2.22044604925E-16,-1.,0.));
#8283 = ORIENTED_EDGE('',*,*,#8284,.T.);
#8284 = EDGE_CURVE('',#8277,#8095,#8285,.T.);
#8285 = LINE('',#8286,#8287);
#8286 = CARTESIAN_POINT('',(0.99,-0.5,1.E-02));
#8287 = VECTOR('',#8288,1.);
#8288 = DIRECTION('',(0.,-0.,-1.));
#8289 = ORIENTED_EDGE('',*,*,#8102,.F.);
#8290 = ORIENTED_EDGE('',*,*,#8291,.T.);
#8291 = EDGE_CURVE('',#8103,#8292,#8294,.T.);
#8292 = VERTEX_POINT('',#8293);
#8293 = CARTESIAN_POINT('',(0.99,-0.15,0.2));
#8294 = LINE('',#8295,#8296);
#8295 = CARTESIAN_POINT('',(0.99,-0.15,1.E-02));
#8296 = VECTOR('',#8297,1.);
#8297 = DIRECTION('',(0.,0.,1.));
#8298 = ORIENTED_EDGE('',*,*,#8299,.F.);
#8299 = EDGE_CURVE('',#8300,#8292,#8302,.T.);
#8300 = VERTEX_POINT('',#8301);
#8301 = CARTESIAN_POINT('',(0.99,0.15,0.2));
#8302 = LINE('',#8303,#8304);
#8303 = CARTESIAN_POINT('',(0.99,0.495,0.2));
#8304 = VECTOR('',#8305,1.);
#8305 = DIRECTION('',(-2.22044604925E-16,-1.,0.));
#8306 = ORIENTED_EDGE('',*,*,#8307,.T.);
#8307 = EDGE_CURVE('',#8300,#8127,#8308,.T.);
#8308 = LINE('',#8309,#8310);
#8309 = CARTESIAN_POINT('',(0.99,0.15,1.E-02));
#8310 = VECTOR('',#8311,1.);
#8311 = DIRECTION('',(0.,-0.,-1.));
#8312 = ORIENTED_EDGE('',*,*,#8134,.F.);
#8313 = ORIENTED_EDGE('',*,*,#8314,.T.);
#8314 = EDGE_CURVE('',#8135,#8315,#8317,.T.);
#8315 = VERTEX_POINT('',#8316);
#8316 = CARTESIAN_POINT('',(0.99,0.5,0.2));
#8317 = LINE('',#8318,#8319);
#8318 = CARTESIAN_POINT('',(0.99,0.5,1.E-02));
#8319 = VECTOR('',#8320,1.);
#8320 = DIRECTION('',(0.,0.,1.));
#8321 = ORIENTED_EDGE('',*,*,#8322,.F.);
#8322 = EDGE_CURVE('',#8323,#8315,#8325,.T.);
#8323 = VERTEX_POINT('',#8324);
#8324 = CARTESIAN_POINT('',(0.99,0.8,0.2));
#8325 = LINE('',#8326,#8327);
#8326 = CARTESIAN_POINT('',(0.99,0.82,0.2));
#8327 = VECTOR('',#8328,1.);
#8328 = DIRECTION('',(-2.22044604925E-16,-1.,0.));
#8329 = ORIENTED_EDGE('',*,*,#8330,.T.);
#8330 = EDGE_CURVE('',#8323,#7943,#8331,.T.);
#8331 = LINE('',#8332,#8333);
#8332 = CARTESIAN_POINT('',(0.99,0.8,1.E-02));
#8333 = VECTOR('',#8334,1.);
#8334 = DIRECTION('',(0.,-0.,-1.));
#8335 = PLANE('',#8336);
#8336 = AXIS2_PLACEMENT_3D('',#8337,#8338,#8339);
#8337 = CARTESIAN_POINT('',(0.99,0.99,2.E-02));
#8338 = DIRECTION('',(1.,0.,-0.));
#8339 = DIRECTION('',(0.,0.,1.));
#8340 = ADVANCED_FACE('',(#8341),#8375,.F.);
#8341 = FACE_BOUND('',#8342,.F.);
#8342 = EDGE_LOOP('',(#8343,#8353,#8361,#8367,#8368,#8369));
#8343 = ORIENTED_EDGE('',*,*,#8344,.F.);
#8344 = EDGE_CURVE('',#8345,#8347,#8349,.T.);
#8345 = VERTEX_POINT('',#8346);
#8346 = CARTESIAN_POINT('',(1.,0.8,0.));
#8347 = VERTEX_POINT('',#8348);
#8348 = CARTESIAN_POINT('',(0.75,0.8,0.));
#8349 = LINE('',#8350,#8351);
#8350 = CARTESIAN_POINT('',(1.,0.8,0.));
#8351 = VECTOR('',#8352,1.);
#8352 = DIRECTION('',(-1.,2.22044604925E-16,0.));
#8353 = ORIENTED_EDGE('',*,*,#8354,.T.);
#8354 = EDGE_CURVE('',#8345,#8355,#8357,.T.);
#8355 = VERTEX_POINT('',#8356);
#8356 = CARTESIAN_POINT('',(1.,0.8,0.2));
#8357 = LINE('',#8358,#8359);
#8358 = CARTESIAN_POINT('',(1.,0.8,0.));
#8359 = VECTOR('',#8360,1.);
#8360 = DIRECTION('',(0.,0.,1.));
#8361 = ORIENTED_EDGE('',*,*,#8362,.T.);
#8362 = EDGE_CURVE('',#8355,#8323,#8363,.T.);
#8363 = LINE('',#8364,#8365);
#8364 = CARTESIAN_POINT('',(1.,0.8,0.2));
#8365 = VECTOR('',#8366,1.);
#8366 = DIRECTION('',(-1.,2.22044604925E-16,0.));
#8367 = ORIENTED_EDGE('',*,*,#8330,.T.);
#8368 = ORIENTED_EDGE('',*,*,#8158,.F.);
#8369 = ORIENTED_EDGE('',*,*,#8370,.F.);
#8370 = EDGE_CURVE('',#8347,#8151,#8371,.T.);
#8371 = LINE('',#8372,#8373);
#8372 = CARTESIAN_POINT('',(0.75,0.8,0.));
#8373 = VECTOR('',#8374,1.);
#8374 = DIRECTION('',(0.,0.,1.));
#8375 = PLANE('',#8376);
#8376 = AXIS2_PLACEMENT_3D('',#8377,#8378,#8379);
#8377 = CARTESIAN_POINT('',(1.,0.8,0.));
#8378 = DIRECTION('',(-2.22044604925E-16,-1.,0.));
#8379 = DIRECTION('',(-1.,2.22044604925E-16,0.));
#8380 = ADVANCED_FACE('',(#8381),#8399,.F.);
#8381 = FACE_BOUND('',#8382,.F.);
#8382 = EDGE_LOOP('',(#8383,#8391,#8392,#8393));
#8383 = ORIENTED_EDGE('',*,*,#8384,.F.);
#8384 = EDGE_CURVE('',#8347,#8385,#8387,.T.);
#8385 = VERTEX_POINT('',#8386);
#8386 = CARTESIAN_POINT('',(0.75,0.5,0.));
#8387 = LINE('',#8388,#8389);
#8388 = CARTESIAN_POINT('',(0.75,0.8,0.));
#8389 = VECTOR('',#8390,1.);
#8390 = DIRECTION('',(-2.22044604925E-16,-1.,0.));
#8391 = ORIENTED_EDGE('',*,*,#8370,.T.);
#8392 = ORIENTED_EDGE('',*,*,#8150,.F.);
#8393 = ORIENTED_EDGE('',*,*,#8394,.F.);
#8394 = EDGE_CURVE('',#8385,#8143,#8395,.T.);
#8395 = LINE('',#8396,#8397);
#8396 = CARTESIAN_POINT('',(0.75,0.5,0.));
#8397 = VECTOR('',#8398,1.);
#8398 = DIRECTION('',(0.,0.,1.));
#8399 = PLANE('',#8400);
#8400 = AXIS2_PLACEMENT_3D('',#8401,#8402,#8403);
#8401 = CARTESIAN_POINT('',(0.75,0.8,0.));
#8402 = DIRECTION('',(1.,0.,-0.));
#8403 = DIRECTION('',(0.,-1.,0.));
#8404 = ADVANCED_FACE('',(#8405),#8432,.F.);
#8405 = FACE_BOUND('',#8406,.F.);
#8406 = EDGE_LOOP('',(#8407,#8415,#8416,#8417,#8418,#8426));
#8407 = ORIENTED_EDGE('',*,*,#8408,.F.);
#8408 = EDGE_CURVE('',#8385,#8409,#8411,.T.);
#8409 = VERTEX_POINT('',#8410);
#8410 = CARTESIAN_POINT('',(1.,0.5,0.));
#8411 = LINE('',#8412,#8413);
#8412 = CARTESIAN_POINT('',(0.75,0.5,0.));
#8413 = VECTOR('',#8414,1.);
#8414 = DIRECTION('',(1.,0.,-0.));
#8415 = ORIENTED_EDGE('',*,*,#8394,.T.);
#8416 = ORIENTED_EDGE('',*,*,#8142,.F.);
#8417 = ORIENTED_EDGE('',*,*,#8314,.T.);
#8418 = ORIENTED_EDGE('',*,*,#8419,.T.);
#8419 = EDGE_CURVE('',#8315,#8420,#8422,.T.);
#8420 = VERTEX_POINT('',#8421);
#8421 = CARTESIAN_POINT('',(1.,0.5,0.2));
#8422 = LINE('',#8423,#8424);
#8423 = CARTESIAN_POINT('',(0.75,0.5,0.2));
#8424 = VECTOR('',#8425,1.);
#8425 = DIRECTION('',(1.,0.,-0.));
#8426 = ORIENTED_EDGE('',*,*,#8427,.F.);
#8427 = EDGE_CURVE('',#8409,#8420,#8428,.T.);
#8428 = LINE('',#8429,#8430);
#8429 = CARTESIAN_POINT('',(1.,0.5,0.));
#8430 = VECTOR('',#8431,1.);
#8431 = DIRECTION('',(0.,0.,1.));
#8432 = PLANE('',#8433);
#8433 = AXIS2_PLACEMENT_3D('',#8434,#8435,#8436);
#8434 = CARTESIAN_POINT('',(0.75,0.5,0.));
#8435 = DIRECTION('',(2.22044604925E-16,1.,0.));
#8436 = DIRECTION('',(1.,-2.22044604925E-16,-0.));
#8437 = ADVANCED_FACE('',(#8438),#8472,.F.);
#8438 = FACE_BOUND('',#8439,.F.);
#8439 = EDGE_LOOP('',(#8440,#8450,#8458,#8464,#8465,#8466));
#8440 = ORIENTED_EDGE('',*,*,#8441,.F.);
#8441 = EDGE_CURVE('',#8442,#8444,#8446,.T.);
#8442 = VERTEX_POINT('',#8443);
#8443 = CARTESIAN_POINT('',(1.,0.15,0.));
#8444 = VERTEX_POINT('',#8445);
#8445 = CARTESIAN_POINT('',(0.75,0.15,0.));
#8446 = LINE('',#8447,#8448);
#8447 = CARTESIAN_POINT('',(1.,0.15,0.));
#8448 = VECTOR('',#8449,1.);
#8449 = DIRECTION('',(-1.,2.22044604925E-16,0.));
#8450 = ORIENTED_EDGE('',*,*,#8451,.T.);
#8451 = EDGE_CURVE('',#8442,#8452,#8454,.T.);
#8452 = VERTEX_POINT('',#8453);
#8453 = CARTESIAN_POINT('',(1.,0.15,0.2));
#8454 = LINE('',#8455,#8456);
#8455 = CARTESIAN_POINT('',(1.,0.15,0.));
#8456 = VECTOR('',#8457,1.);
#8457 = DIRECTION('',(0.,0.,1.));
#8458 = ORIENTED_EDGE('',*,*,#8459,.T.);
#8459 = EDGE_CURVE('',#8452,#8300,#8460,.T.);
#8460 = LINE('',#8461,#8462);
#8461 = CARTESIAN_POINT('',(1.,0.15,0.2));
#8462 = VECTOR('',#8463,1.);
#8463 = DIRECTION('',(-1.,2.22044604925E-16,0.));
#8464 = ORIENTED_EDGE('',*,*,#8307,.T.);
#8465 = ORIENTED_EDGE('',*,*,#8126,.F.);
#8466 = ORIENTED_EDGE('',*,*,#8467,.F.);
#8467 = EDGE_CURVE('',#8444,#8119,#8468,.T.);
#8468 = LINE('',#8469,#8470);
#8469 = CARTESIAN_POINT('',(0.75,0.15,0.));
#8470 = VECTOR('',#8471,1.);
#8471 = DIRECTION('',(0.,0.,1.));
#8472 = PLANE('',#8473);
#8473 = AXIS2_PLACEMENT_3D('',#8474,#8475,#8476);
#8474 = CARTESIAN_POINT('',(1.,0.15,0.));
#8475 = DIRECTION('',(-2.22044604925E-16,-1.,0.));
#8476 = DIRECTION('',(-1.,2.22044604925E-16,0.));
#8477 = ADVANCED_FACE('',(#8478),#8496,.F.);
#8478 = FACE_BOUND('',#8479,.F.);
#8479 = EDGE_LOOP('',(#8480,#8488,#8489,#8490));
#8480 = ORIENTED_EDGE('',*,*,#8481,.F.);
#8481 = EDGE_CURVE('',#8444,#8482,#8484,.T.);
#8482 = VERTEX_POINT('',#8483);
#8483 = CARTESIAN_POINT('',(0.75,-0.15,0.));
#8484 = LINE('',#8485,#8486);
#8485 = CARTESIAN_POINT('',(0.75,0.15,0.));
#8486 = VECTOR('',#8487,1.);
#8487 = DIRECTION('',(-2.22044604925E-16,-1.,0.));
#8488 = ORIENTED_EDGE('',*,*,#8467,.T.);
#8489 = ORIENTED_EDGE('',*,*,#8118,.F.);
#8490 = ORIENTED_EDGE('',*,*,#8491,.F.);
#8491 = EDGE_CURVE('',#8482,#8111,#8492,.T.);
#8492 = LINE('',#8493,#8494);
#8493 = CARTESIAN_POINT('',(0.75,-0.15,0.));
#8494 = VECTOR('',#8495,1.);
#8495 = DIRECTION('',(0.,0.,1.));
#8496 = PLANE('',#8497);
#8497 = AXIS2_PLACEMENT_3D('',#8498,#8499,#8500);
#8498 = CARTESIAN_POINT('',(0.75,0.15,0.));
#8499 = DIRECTION('',(1.,0.,-0.));
#8500 = DIRECTION('',(0.,-1.,0.));
#8501 = ADVANCED_FACE('',(#8502),#8529,.F.);
#8502 = FACE_BOUND('',#8503,.F.);
#8503 = EDGE_LOOP('',(#8504,#8512,#8513,#8514,#8515,#8523));
#8504 = ORIENTED_EDGE('',*,*,#8505,.F.);
#8505 = EDGE_CURVE('',#8482,#8506,#8508,.T.);
#8506 = VERTEX_POINT('',#8507);
#8507 = CARTESIAN_POINT('',(1.,-0.15,0.));
#8508 = LINE('',#8509,#8510);
#8509 = CARTESIAN_POINT('',(0.75,-0.15,0.));
#8510 = VECTOR('',#8511,1.);
#8511 = DIRECTION('',(1.,0.,-0.));
#8512 = ORIENTED_EDGE('',*,*,#8491,.T.);
#8513 = ORIENTED_EDGE('',*,*,#8110,.F.);
#8514 = ORIENTED_EDGE('',*,*,#8291,.T.);
#8515 = ORIENTED_EDGE('',*,*,#8516,.T.);
#8516 = EDGE_CURVE('',#8292,#8517,#8519,.T.);
#8517 = VERTEX_POINT('',#8518);
#8518 = CARTESIAN_POINT('',(1.,-0.15,0.2));
#8519 = LINE('',#8520,#8521);
#8520 = CARTESIAN_POINT('',(0.75,-0.15,0.2));
#8521 = VECTOR('',#8522,1.);
#8522 = DIRECTION('',(1.,0.,-0.));
#8523 = ORIENTED_EDGE('',*,*,#8524,.F.);
#8524 = EDGE_CURVE('',#8506,#8517,#8525,.T.);
#8525 = LINE('',#8526,#8527);
#8526 = CARTESIAN_POINT('',(1.,-0.15,0.));
#8527 = VECTOR('',#8528,1.);
#8528 = DIRECTION('',(0.,0.,1.));
#8529 = PLANE('',#8530);
#8530 = AXIS2_PLACEMENT_3D('',#8531,#8532,#8533);
#8531 = CARTESIAN_POINT('',(0.75,-0.15,0.));
#8532 = DIRECTION('',(2.22044604925E-16,1.,0.));
#8533 = DIRECTION('',(1.,-2.22044604925E-16,-0.));
#8534 = ADVANCED_FACE('',(#8535),#8569,.F.);
#8535 = FACE_BOUND('',#8536,.F.);
#8536 = EDGE_LOOP('',(#8537,#8547,#8555,#8561,#8562,#8563));
#8537 = ORIENTED_EDGE('',*,*,#8538,.F.);
#8538 = EDGE_CURVE('',#8539,#8541,#8543,.T.);
#8539 = VERTEX_POINT('',#8540);
#8540 = CARTESIAN_POINT('',(1.,-0.5,0.));
#8541 = VERTEX_POINT('',#8542);
#8542 = CARTESIAN_POINT('',(0.75,-0.5,0.));
#8543 = LINE('',#8544,#8545);
#8544 = CARTESIAN_POINT('',(1.,-0.5,0.));
#8545 = VECTOR('',#8546,1.);
#8546 = DIRECTION('',(-1.,2.22044604925E-16,0.));
#8547 = ORIENTED_EDGE('',*,*,#8548,.T.);
#8548 = EDGE_CURVE('',#8539,#8549,#8551,.T.);
#8549 = VERTEX_POINT('',#8550);
#8550 = CARTESIAN_POINT('',(1.,-0.5,0.2));
#8551 = LINE('',#8552,#8553);
#8552 = CARTESIAN_POINT('',(1.,-0.5,0.));
#8553 = VECTOR('',#8554,1.);
#8554 = DIRECTION('',(0.,0.,1.));
#8555 = ORIENTED_EDGE('',*,*,#8556,.T.);
#8556 = EDGE_CURVE('',#8549,#8277,#8557,.T.);
#8557 = LINE('',#8558,#8559);
#8558 = CARTESIAN_POINT('',(1.,-0.5,0.2));
#8559 = VECTOR('',#8560,1.);
#8560 = DIRECTION('',(-1.,2.22044604925E-16,0.));
#8561 = ORIENTED_EDGE('',*,*,#8284,.T.);
#8562 = ORIENTED_EDGE('',*,*,#8094,.F.);
#8563 = ORIENTED_EDGE('',*,*,#8564,.F.);
#8564 = EDGE_CURVE('',#8541,#8087,#8565,.T.);
#8565 = LINE('',#8566,#8567);
#8566 = CARTESIAN_POINT('',(0.75,-0.5,0.));
#8567 = VECTOR('',#8568,1.);
#8568 = DIRECTION('',(0.,0.,1.));
#8569 = PLANE('',#8570);
#8570 = AXIS2_PLACEMENT_3D('',#8571,#8572,#8573);
#8571 = CARTESIAN_POINT('',(1.,-0.5,0.));
#8572 = DIRECTION('',(-2.22044604925E-16,-1.,0.));
#8573 = DIRECTION('',(-1.,2.22044604925E-16,0.));
#8574 = ADVANCED_FACE('',(#8575),#8593,.F.);
#8575 = FACE_BOUND('',#8576,.F.);
#8576 = EDGE_LOOP('',(#8577,#8585,#8586,#8587));
#8577 = ORIENTED_EDGE('',*,*,#8578,.F.);
#8578 = EDGE_CURVE('',#8541,#8579,#8581,.T.);
#8579 = VERTEX_POINT('',#8580);
#8580 = CARTESIAN_POINT('',(0.75,-0.8,0.));
#8581 = LINE('',#8582,#8583);
#8582 = CARTESIAN_POINT('',(0.75,-0.5,0.));
#8583 = VECTOR('',#8584,1.);
#8584 = DIRECTION('',(-2.22044604925E-16,-1.,0.));
#8585 = ORIENTED_EDGE('',*,*,#8564,.T.);
#8586 = ORIENTED_EDGE('',*,*,#8086,.F.);
#8587 = ORIENTED_EDGE('',*,*,#8588,.F.);
#8588 = EDGE_CURVE('',#8579,#8079,#8589,.T.);
#8589 = LINE('',#8590,#8591);
#8590 = CARTESIAN_POINT('',(0.75,-0.8,0.));
#8591 = VECTOR('',#8592,1.);
#8592 = DIRECTION('',(0.,0.,1.));
#8593 = PLANE('',#8594);
#8594 = AXIS2_PLACEMENT_3D('',#8595,#8596,#8597);
#8595 = CARTESIAN_POINT('',(0.75,-0.5,0.));
#8596 = DIRECTION('',(1.,0.,-0.));
#8597 = DIRECTION('',(0.,-1.,0.));
#8598 = ADVANCED_FACE('',(#8599),#8626,.F.);
#8599 = FACE_BOUND('',#8600,.F.);
#8600 = EDGE_LOOP('',(#8601,#8609,#8610,#8611,#8612,#8620));
#8601 = ORIENTED_EDGE('',*,*,#8602,.F.);
#8602 = EDGE_CURVE('',#8579,#8603,#8605,.T.);
#8603 = VERTEX_POINT('',#8604);
#8604 = CARTESIAN_POINT('',(1.,-0.8,0.));
#8605 = LINE('',#8606,#8607);
#8606 = CARTESIAN_POINT('',(0.75,-0.8,0.));
#8607 = VECTOR('',#8608,1.);
#8608 = DIRECTION('',(1.,0.,-0.));
#8609 = ORIENTED_EDGE('',*,*,#8588,.T.);
#8610 = ORIENTED_EDGE('',*,*,#8078,.F.);
#8611 = ORIENTED_EDGE('',*,*,#8268,.T.);
#8612 = ORIENTED_EDGE('',*,*,#8613,.T.);
#8613 = EDGE_CURVE('',#8269,#8614,#8616,.T.);
#8614 = VERTEX_POINT('',#8615);
#8615 = CARTESIAN_POINT('',(1.,-0.8,0.2));
#8616 = LINE('',#8617,#8618);
#8617 = CARTESIAN_POINT('',(0.75,-0.8,0.2));
#8618 = VECTOR('',#8619,1.);
#8619 = DIRECTION('',(1.,0.,-0.));
#8620 = ORIENTED_EDGE('',*,*,#8621,.F.);
#8621 = EDGE_CURVE('',#8603,#8614,#8622,.T.);
#8622 = LINE('',#8623,#8624);
#8623 = CARTESIAN_POINT('',(1.,-0.8,0.));
#8624 = VECTOR('',#8625,1.);
#8625 = DIRECTION('',(0.,0.,1.));
#8626 = PLANE('',#8627);
#8627 = AXIS2_PLACEMENT_3D('',#8628,#8629,#8630);
#8628 = CARTESIAN_POINT('',(0.75,-0.8,0.));
#8629 = DIRECTION('',(2.22044604925E-16,1.,0.));
#8630 = DIRECTION('',(1.,-2.22044604925E-16,-0.));
#8631 = ADVANCED_FACE('',(#8632),#8650,.T.);
#8632 = FACE_BOUND('',#8633,.T.);
#8633 = EDGE_LOOP('',(#8634,#8642,#8643,#8644));
#8634 = ORIENTED_EDGE('',*,*,#8635,.F.);
#8635 = EDGE_CURVE('',#8055,#8636,#8638,.T.);
#8636 = VERTEX_POINT('',#8637);
#8637 = CARTESIAN_POINT('',(-0.99,-0.99,0.82));
#8638 = LINE('',#8639,#8640);
#8639 = CARTESIAN_POINT('',(-0.99,-0.99,2.E-02));
#8640 = VECTOR('',#8641,1.);
#8641 = DIRECTION('',(0.,0.,1.));
#8642 = ORIENTED_EDGE('',*,*,#8062,.T.);
#8643 = ORIENTED_EDGE('',*,*,#8261,.T.);
#8644 = ORIENTED_EDGE('',*,*,#8645,.F.);
#8645 = EDGE_CURVE('',#8636,#8254,#8646,.T.);
#8646 = LINE('',#8647,#8648);
#8647 = CARTESIAN_POINT('',(-0.99,-0.99,0.82));
#8648 = VECTOR('',#8649,1.);
#8649 = DIRECTION('',(1.,0.,-0.));
#8650 = PLANE('',#8651);
#8651 = AXIS2_PLACEMENT_3D('',#8652,#8653,#8654);
#8652 = CARTESIAN_POINT('',(-0.99,-0.99,2.E-02));
#8653 = DIRECTION('',(-2.22044604925E-16,-1.,0.));
#8654 = DIRECTION('',(0.,0.,1.));
#8655 = ADVANCED_FACE('',(#8656),#8743,.F.);
#8656 = FACE_BOUND('',#8657,.F.);
#8657 = EDGE_LOOP('',(#8658,#8659,#8667,#8673,#8674,#8675,#8683,#8691,
    #8697,#8698,#8706,#8714,#8720,#8721,#8729,#8737));
#8658 = ORIENTED_EDGE('',*,*,#7958,.F.);
#8659 = ORIENTED_EDGE('',*,*,#8660,.T.);
#8660 = EDGE_CURVE('',#7951,#8661,#8663,.T.);
#8661 = VERTEX_POINT('',#8662);
#8662 = CARTESIAN_POINT('',(-0.99,0.99,0.82));
#8663 = LINE('',#8664,#8665);
#8664 = CARTESIAN_POINT('',(-0.99,0.99,2.E-02));
#8665 = VECTOR('',#8666,1.);
#8666 = DIRECTION('',(0.,0.,1.));
#8667 = ORIENTED_EDGE('',*,*,#8668,.T.);
#8668 = EDGE_CURVE('',#8661,#8636,#8669,.T.);
#8669 = LINE('',#8670,#8671);
#8670 = CARTESIAN_POINT('',(-0.99,0.99,0.82));
#8671 = VECTOR('',#8672,1.);
#8672 = DIRECTION('',(-2.22044604925E-16,-1.,0.));
#8673 = ORIENTED_EDGE('',*,*,#8635,.F.);
#8674 = ORIENTED_EDGE('',*,*,#8054,.F.);
#8675 = ORIENTED_EDGE('',*,*,#8676,.T.);
#8676 = EDGE_CURVE('',#8047,#8677,#8679,.T.);
#8677 = VERTEX_POINT('',#8678);
#8678 = CARTESIAN_POINT('',(-0.99,-0.8,0.2));
#8679 = LINE('',#8680,#8681);
#8680 = CARTESIAN_POINT('',(-0.99,-0.8,1.E-02));
#8681 = VECTOR('',#8682,1.);
#8682 = DIRECTION('',(0.,0.,1.));
#8683 = ORIENTED_EDGE('',*,*,#8684,.F.);
#8684 = EDGE_CURVE('',#8685,#8677,#8687,.T.);
#8685 = VERTEX_POINT('',#8686);
#8686 = CARTESIAN_POINT('',(-0.99,-0.5,0.2));
#8687 = LINE('',#8688,#8689);
#8688 = CARTESIAN_POINT('',(-0.99,0.17,0.2));
#8689 = VECTOR('',#8690,1.);
#8690 = DIRECTION('',(-2.22044604925E-16,-1.,0.));
#8691 = ORIENTED_EDGE('',*,*,#8692,.T.);
#8692 = EDGE_CURVE('',#8685,#8023,#8693,.T.);
#8693 = LINE('',#8694,#8695);
#8694 = CARTESIAN_POINT('',(-0.99,-0.5,1.E-02));
#8695 = VECTOR('',#8696,1.);
#8696 = DIRECTION('',(0.,-0.,-1.));
#8697 = ORIENTED_EDGE('',*,*,#8022,.F.);
#8698 = ORIENTED_EDGE('',*,*,#8699,.T.);
#8699 = EDGE_CURVE('',#8015,#8700,#8702,.T.);
#8700 = VERTEX_POINT('',#8701);
#8701 = CARTESIAN_POINT('',(-0.99,-0.15,0.2));
#8702 = LINE('',#8703,#8704);
#8703 = CARTESIAN_POINT('',(-0.99,-0.15,1.E-02));
#8704 = VECTOR('',#8705,1.);
#8705 = DIRECTION('',(0.,0.,1.));
#8706 = ORIENTED_EDGE('',*,*,#8707,.F.);
#8707 = EDGE_CURVE('',#8708,#8700,#8710,.T.);
#8708 = VERTEX_POINT('',#8709);
#8709 = CARTESIAN_POINT('',(-0.99,0.15,0.2));
#8710 = LINE('',#8711,#8712);
#8711 = CARTESIAN_POINT('',(-0.99,0.495,0.2));
#8712 = VECTOR('',#8713,1.);
#8713 = DIRECTION('',(-2.22044604925E-16,-1.,0.));
#8714 = ORIENTED_EDGE('',*,*,#8715,.T.);
#8715 = EDGE_CURVE('',#8708,#7991,#8716,.T.);
#8716 = LINE('',#8717,#8718);
#8717 = CARTESIAN_POINT('',(-0.99,0.15,1.E-02));
#8718 = VECTOR('',#8719,1.);
#8719 = DIRECTION('',(0.,-0.,-1.));
#8720 = ORIENTED_EDGE('',*,*,#7990,.F.);
#8721 = ORIENTED_EDGE('',*,*,#8722,.T.);
#8722 = EDGE_CURVE('',#7983,#8723,#8725,.T.);
#8723 = VERTEX_POINT('',#8724);
#8724 = CARTESIAN_POINT('',(-0.99,0.5,0.2));
#8725 = LINE('',#8726,#8727);
#8726 = CARTESIAN_POINT('',(-0.99,0.5,1.E-02));
#8727 = VECTOR('',#8728,1.);
#8728 = DIRECTION('',(0.,0.,1.));
#8729 = ORIENTED_EDGE('',*,*,#8730,.F.);
#8730 = EDGE_CURVE('',#8731,#8723,#8733,.T.);
#8731 = VERTEX_POINT('',#8732);
#8732 = CARTESIAN_POINT('',(-0.99,0.8,0.2));
#8733 = LINE('',#8734,#8735);
#8734 = CARTESIAN_POINT('',(-0.99,0.82,0.2));
#8735 = VECTOR('',#8736,1.);
#8736 = DIRECTION('',(-2.22044604925E-16,-1.,0.));
#8737 = ORIENTED_EDGE('',*,*,#8738,.T.);
#8738 = EDGE_CURVE('',#8731,#7959,#8739,.T.);
#8739 = LINE('',#8740,#8741);
#8740 = CARTESIAN_POINT('',(-0.99,0.8,1.E-02));
#8741 = VECTOR('',#8742,1.);
#8742 = DIRECTION('',(0.,-0.,-1.));
#8743 = PLANE('',#8744);
#8744 = AXIS2_PLACEMENT_3D('',#8745,#8746,#8747);
#8745 = CARTESIAN_POINT('',(-0.99,0.99,2.E-02));
#8746 = DIRECTION('',(1.,0.,-0.));
#8747 = DIRECTION('',(0.,0.,1.));
#8748 = ADVANCED_FACE('',(#8749),#8783,.F.);
#8749 = FACE_BOUND('',#8750,.F.);
#8750 = EDGE_LOOP('',(#8751,#8761,#8769,#8775,#8776,#8777));
#8751 = ORIENTED_EDGE('',*,*,#8752,.F.);
#8752 = EDGE_CURVE('',#8753,#8755,#8757,.T.);
#8753 = VERTEX_POINT('',#8754);
#8754 = CARTESIAN_POINT('',(-1.,-0.8,0.));
#8755 = VERTEX_POINT('',#8756);
#8756 = CARTESIAN_POINT('',(-0.75,-0.8,0.));
#8757 = LINE('',#8758,#8759);
#8758 = CARTESIAN_POINT('',(-1.,-0.8,0.));
#8759 = VECTOR('',#8760,1.);
#8760 = DIRECTION('',(1.,0.,-0.));
#8761 = ORIENTED_EDGE('',*,*,#8762,.T.);
#8762 = EDGE_CURVE('',#8753,#8763,#8765,.T.);
#8763 = VERTEX_POINT('',#8764);
#8764 = CARTESIAN_POINT('',(-1.,-0.8,0.2));
#8765 = LINE('',#8766,#8767);
#8766 = CARTESIAN_POINT('',(-1.,-0.8,0.));
#8767 = VECTOR('',#8768,1.);
#8768 = DIRECTION('',(0.,0.,1.));
#8769 = ORIENTED_EDGE('',*,*,#8770,.T.);
#8770 = EDGE_CURVE('',#8763,#8677,#8771,.T.);
#8771 = LINE('',#8772,#8773);
#8772 = CARTESIAN_POINT('',(-1.,-0.8,0.2));
#8773 = VECTOR('',#8774,1.);
#8774 = DIRECTION('',(1.,0.,-0.));
#8775 = ORIENTED_EDGE('',*,*,#8676,.F.);
#8776 = ORIENTED_EDGE('',*,*,#8046,.F.);
#8777 = ORIENTED_EDGE('',*,*,#8778,.F.);
#8778 = EDGE_CURVE('',#8755,#8039,#8779,.T.);
#8779 = LINE('',#8780,#8781);
#8780 = CARTESIAN_POINT('',(-0.75,-0.8,0.));
#8781 = VECTOR('',#8782,1.);
#8782 = DIRECTION('',(0.,0.,1.));
#8783 = PLANE('',#8784);
#8784 = AXIS2_PLACEMENT_3D('',#8785,#8786,#8787);
#8785 = CARTESIAN_POINT('',(-1.,-0.8,0.));
#8786 = DIRECTION('',(2.22044604925E-16,1.,0.));
#8787 = DIRECTION('',(1.,-2.22044604925E-16,-0.));
#8788 = ADVANCED_FACE('',(#8789),#8807,.F.);
#8789 = FACE_BOUND('',#8790,.F.);
#8790 = EDGE_LOOP('',(#8791,#8799,#8800,#8801));
#8791 = ORIENTED_EDGE('',*,*,#8792,.F.);
#8792 = EDGE_CURVE('',#8755,#8793,#8795,.T.);
#8793 = VERTEX_POINT('',#8794);
#8794 = CARTESIAN_POINT('',(-0.75,-0.5,0.));
#8795 = LINE('',#8796,#8797);
#8796 = CARTESIAN_POINT('',(-0.75,-0.8,0.));
#8797 = VECTOR('',#8798,1.);
#8798 = DIRECTION('',(2.22044604925E-16,1.,0.));
#8799 = ORIENTED_EDGE('',*,*,#8778,.T.);
#8800 = ORIENTED_EDGE('',*,*,#8038,.F.);
#8801 = ORIENTED_EDGE('',*,*,#8802,.F.);
#8802 = EDGE_CURVE('',#8793,#8031,#8803,.T.);
#8803 = LINE('',#8804,#8805);
#8804 = CARTESIAN_POINT('',(-0.75,-0.5,0.));
#8805 = VECTOR('',#8806,1.);
#8806 = DIRECTION('',(0.,0.,1.));
#8807 = PLANE('',#8808);
#8808 = AXIS2_PLACEMENT_3D('',#8809,#8810,#8811);
#8809 = CARTESIAN_POINT('',(-0.75,-0.8,0.));
#8810 = DIRECTION('',(-1.,2.22044604925E-16,0.));
#8811 = DIRECTION('',(2.22044604925E-16,1.,0.));
#8812 = ADVANCED_FACE('',(#8813),#8840,.F.);
#8813 = FACE_BOUND('',#8814,.F.);
#8814 = EDGE_LOOP('',(#8815,#8823,#8824,#8825,#8826,#8834));
#8815 = ORIENTED_EDGE('',*,*,#8816,.F.);
#8816 = EDGE_CURVE('',#8793,#8817,#8819,.T.);
#8817 = VERTEX_POINT('',#8818);
#8818 = CARTESIAN_POINT('',(-1.,-0.5,0.));
#8819 = LINE('',#8820,#8821);
#8820 = CARTESIAN_POINT('',(-0.75,-0.5,0.));
#8821 = VECTOR('',#8822,1.);
#8822 = DIRECTION('',(-1.,2.22044604925E-16,0.));
#8823 = ORIENTED_EDGE('',*,*,#8802,.T.);
#8824 = ORIENTED_EDGE('',*,*,#8030,.F.);
#8825 = ORIENTED_EDGE('',*,*,#8692,.F.);
#8826 = ORIENTED_EDGE('',*,*,#8827,.T.);
#8827 = EDGE_CURVE('',#8685,#8828,#8830,.T.);
#8828 = VERTEX_POINT('',#8829);
#8829 = CARTESIAN_POINT('',(-1.,-0.5,0.2));
#8830 = LINE('',#8831,#8832);
#8831 = CARTESIAN_POINT('',(-0.75,-0.5,0.2));
#8832 = VECTOR('',#8833,1.);
#8833 = DIRECTION('',(-1.,2.22044604925E-16,0.));
#8834 = ORIENTED_EDGE('',*,*,#8835,.F.);
#8835 = EDGE_CURVE('',#8817,#8828,#8836,.T.);
#8836 = LINE('',#8837,#8838);
#8837 = CARTESIAN_POINT('',(-1.,-0.5,0.));
#8838 = VECTOR('',#8839,1.);
#8839 = DIRECTION('',(0.,0.,1.));
#8840 = PLANE('',#8841);
#8841 = AXIS2_PLACEMENT_3D('',#8842,#8843,#8844);
#8842 = CARTESIAN_POINT('',(-0.75,-0.5,0.));
#8843 = DIRECTION('',(-2.22044604925E-16,-1.,0.));
#8844 = DIRECTION('',(-1.,2.22044604925E-16,0.));
#8845 = ADVANCED_FACE('',(#8846),#8880,.F.);
#8846 = FACE_BOUND('',#8847,.F.);
#8847 = EDGE_LOOP('',(#8848,#8858,#8866,#8872,#8873,#8874));
#8848 = ORIENTED_EDGE('',*,*,#8849,.F.);
#8849 = EDGE_CURVE('',#8850,#8852,#8854,.T.);
#8850 = VERTEX_POINT('',#8851);
#8851 = CARTESIAN_POINT('',(-1.,-0.15,0.));
#8852 = VERTEX_POINT('',#8853);
#8853 = CARTESIAN_POINT('',(-0.75,-0.15,0.));
#8854 = LINE('',#8855,#8856);
#8855 = CARTESIAN_POINT('',(-1.,-0.15,0.));
#8856 = VECTOR('',#8857,1.);
#8857 = DIRECTION('',(1.,0.,-0.));
#8858 = ORIENTED_EDGE('',*,*,#8859,.T.);
#8859 = EDGE_CURVE('',#8850,#8860,#8862,.T.);
#8860 = VERTEX_POINT('',#8861);
#8861 = CARTESIAN_POINT('',(-1.,-0.15,0.2));
#8862 = LINE('',#8863,#8864);
#8863 = CARTESIAN_POINT('',(-1.,-0.15,0.));
#8864 = VECTOR('',#8865,1.);
#8865 = DIRECTION('',(0.,0.,1.));
#8866 = ORIENTED_EDGE('',*,*,#8867,.T.);
#8867 = EDGE_CURVE('',#8860,#8700,#8868,.T.);
#8868 = LINE('',#8869,#8870);
#8869 = CARTESIAN_POINT('',(-1.,-0.15,0.2));
#8870 = VECTOR('',#8871,1.);
#8871 = DIRECTION('',(1.,0.,-0.));
#8872 = ORIENTED_EDGE('',*,*,#8699,.F.);
#8873 = ORIENTED_EDGE('',*,*,#8014,.F.);
#8874 = ORIENTED_EDGE('',*,*,#8875,.F.);
#8875 = EDGE_CURVE('',#8852,#8007,#8876,.T.);
#8876 = LINE('',#8877,#8878);
#8877 = CARTESIAN_POINT('',(-0.75,-0.15,0.));
#8878 = VECTOR('',#8879,1.);
#8879 = DIRECTION('',(0.,0.,1.));
#8880 = PLANE('',#8881);
#8881 = AXIS2_PLACEMENT_3D('',#8882,#8883,#8884);
#8882 = CARTESIAN_POINT('',(-1.,-0.15,0.));
#8883 = DIRECTION('',(2.22044604925E-16,1.,0.));
#8884 = DIRECTION('',(1.,-2.22044604925E-16,-0.));
#8885 = ADVANCED_FACE('',(#8886),#8904,.F.);
#8886 = FACE_BOUND('',#8887,.F.);
#8887 = EDGE_LOOP('',(#8888,#8896,#8897,#8898));
#8888 = ORIENTED_EDGE('',*,*,#8889,.F.);
#8889 = EDGE_CURVE('',#8852,#8890,#8892,.T.);
#8890 = VERTEX_POINT('',#8891);
#8891 = CARTESIAN_POINT('',(-0.75,0.15,0.));
#8892 = LINE('',#8893,#8894);
#8893 = CARTESIAN_POINT('',(-0.75,-0.15,0.));
#8894 = VECTOR('',#8895,1.);
#8895 = DIRECTION('',(2.22044604925E-16,1.,0.));
#8896 = ORIENTED_EDGE('',*,*,#8875,.T.);
#8897 = ORIENTED_EDGE('',*,*,#8006,.F.);
#8898 = ORIENTED_EDGE('',*,*,#8899,.F.);
#8899 = EDGE_CURVE('',#8890,#7999,#8900,.T.);
#8900 = LINE('',#8901,#8902);
#8901 = CARTESIAN_POINT('',(-0.75,0.15,0.));
#8902 = VECTOR('',#8903,1.);
#8903 = DIRECTION('',(0.,0.,1.));
#8904 = PLANE('',#8905);
#8905 = AXIS2_PLACEMENT_3D('',#8906,#8907,#8908);
#8906 = CARTESIAN_POINT('',(-0.75,-0.15,0.));
#8907 = DIRECTION('',(-1.,2.22044604925E-16,0.));
#8908 = DIRECTION('',(2.22044604925E-16,1.,0.));
#8909 = ADVANCED_FACE('',(#8910),#8937,.F.);
#8910 = FACE_BOUND('',#8911,.F.);
#8911 = EDGE_LOOP('',(#8912,#8920,#8921,#8922,#8923,#8931));
#8912 = ORIENTED_EDGE('',*,*,#8913,.F.);
#8913 = EDGE_CURVE('',#8890,#8914,#8916,.T.);
#8914 = VERTEX_POINT('',#8915);
#8915 = CARTESIAN_POINT('',(-1.,0.15,0.));
#8916 = LINE('',#8917,#8918);
#8917 = CARTESIAN_POINT('',(-0.75,0.15,0.));
#8918 = VECTOR('',#8919,1.);
#8919 = DIRECTION('',(-1.,2.22044604925E-16,0.));
#8920 = ORIENTED_EDGE('',*,*,#8899,.T.);
#8921 = ORIENTED_EDGE('',*,*,#7998,.F.);
#8922 = ORIENTED_EDGE('',*,*,#8715,.F.);
#8923 = ORIENTED_EDGE('',*,*,#8924,.T.);
#8924 = EDGE_CURVE('',#8708,#8925,#8927,.T.);
#8925 = VERTEX_POINT('',#8926);
#8926 = CARTESIAN_POINT('',(-1.,0.15,0.2));
#8927 = LINE('',#8928,#8929);
#8928 = CARTESIAN_POINT('',(-0.75,0.15,0.2));
#8929 = VECTOR('',#8930,1.);
#8930 = DIRECTION('',(-1.,2.22044604925E-16,0.));
#8931 = ORIENTED_EDGE('',*,*,#8932,.F.);
#8932 = EDGE_CURVE('',#8914,#8925,#8933,.T.);
#8933 = LINE('',#8934,#8935);
#8934 = CARTESIAN_POINT('',(-1.,0.15,0.));
#8935 = VECTOR('',#8936,1.);
#8936 = DIRECTION('',(0.,0.,1.));
#8937 = PLANE('',#8938);
#8938 = AXIS2_PLACEMENT_3D('',#8939,#8940,#8941);
#8939 = CARTESIAN_POINT('',(-0.75,0.15,0.));
#8940 = DIRECTION('',(-2.22044604925E-16,-1.,0.));
#8941 = DIRECTION('',(-1.,2.22044604925E-16,0.));
#8942 = ADVANCED_FACE('',(#8943),#8977,.F.);
#8943 = FACE_BOUND('',#8944,.F.);
#8944 = EDGE_LOOP('',(#8945,#8955,#8963,#8969,#8970,#8971));
#8945 = ORIENTED_EDGE('',*,*,#8946,.F.);
#8946 = EDGE_CURVE('',#8947,#8949,#8951,.T.);
#8947 = VERTEX_POINT('',#8948);
#8948 = CARTESIAN_POINT('',(-1.,0.5,0.));
#8949 = VERTEX_POINT('',#8950);
#8950 = CARTESIAN_POINT('',(-0.75,0.5,0.));
#8951 = LINE('',#8952,#8953);
#8952 = CARTESIAN_POINT('',(-1.,0.5,0.));
#8953 = VECTOR('',#8954,1.);
#8954 = DIRECTION('',(1.,0.,-0.));
#8955 = ORIENTED_EDGE('',*,*,#8956,.T.);
#8956 = EDGE_CURVE('',#8947,#8957,#8959,.T.);
#8957 = VERTEX_POINT('',#8958);
#8958 = CARTESIAN_POINT('',(-1.,0.5,0.2));
#8959 = LINE('',#8960,#8961);
#8960 = CARTESIAN_POINT('',(-1.,0.5,0.));
#8961 = VECTOR('',#8962,1.);
#8962 = DIRECTION('',(0.,0.,1.));
#8963 = ORIENTED_EDGE('',*,*,#8964,.T.);
#8964 = EDGE_CURVE('',#8957,#8723,#8965,.T.);
#8965 = LINE('',#8966,#8967);
#8966 = CARTESIAN_POINT('',(-1.,0.5,0.2));
#8967 = VECTOR('',#8968,1.);
#8968 = DIRECTION('',(1.,0.,-0.));
#8969 = ORIENTED_EDGE('',*,*,#8722,.F.);
#8970 = ORIENTED_EDGE('',*,*,#7982,.F.);
#8971 = ORIENTED_EDGE('',*,*,#8972,.F.);
#8972 = EDGE_CURVE('',#8949,#7975,#8973,.T.);
#8973 = LINE('',#8974,#8975);
#8974 = CARTESIAN_POINT('',(-0.75,0.5,0.));
#8975 = VECTOR('',#8976,1.);
#8976 = DIRECTION('',(0.,0.,1.));
#8977 = PLANE('',#8978);
#8978 = AXIS2_PLACEMENT_3D('',#8979,#8980,#8981);
#8979 = CARTESIAN_POINT('',(-1.,0.5,0.));
#8980 = DIRECTION('',(2.22044604925E-16,1.,0.));
#8981 = DIRECTION('',(1.,-2.22044604925E-16,-0.));
#8982 = ADVANCED_FACE('',(#8983),#9001,.F.);
#8983 = FACE_BOUND('',#8984,.F.);
#8984 = EDGE_LOOP('',(#8985,#8993,#8994,#8995));
#8985 = ORIENTED_EDGE('',*,*,#8986,.F.);
#8986 = EDGE_CURVE('',#8949,#8987,#8989,.T.);
#8987 = VERTEX_POINT('',#8988);
#8988 = CARTESIAN_POINT('',(-0.75,0.8,0.));
#8989 = LINE('',#8990,#8991);
#8990 = CARTESIAN_POINT('',(-0.75,0.5,0.));
#8991 = VECTOR('',#8992,1.);
#8992 = DIRECTION('',(2.22044604925E-16,1.,0.));
#8993 = ORIENTED_EDGE('',*,*,#8972,.T.);
#8994 = ORIENTED_EDGE('',*,*,#7974,.F.);
#8995 = ORIENTED_EDGE('',*,*,#8996,.F.);
#8996 = EDGE_CURVE('',#8987,#7967,#8997,.T.);
#8997 = LINE('',#8998,#8999);
#8998 = CARTESIAN_POINT('',(-0.75,0.8,0.));
#8999 = VECTOR('',#9000,1.);
#9000 = DIRECTION('',(0.,0.,1.));
#9001 = PLANE('',#9002);
#9002 = AXIS2_PLACEMENT_3D('',#9003,#9004,#9005);
#9003 = CARTESIAN_POINT('',(-0.75,0.5,0.));
#9004 = DIRECTION('',(-1.,2.22044604925E-16,0.));
#9005 = DIRECTION('',(2.22044604925E-16,1.,0.));
#9006 = ADVANCED_FACE('',(#9007),#9034,.F.);
#9007 = FACE_BOUND('',#9008,.F.);
#9008 = EDGE_LOOP('',(#9009,#9017,#9018,#9019,#9020,#9028));
#9009 = ORIENTED_EDGE('',*,*,#9010,.F.);
#9010 = EDGE_CURVE('',#8987,#9011,#9013,.T.);
#9011 = VERTEX_POINT('',#9012);
#9012 = CARTESIAN_POINT('',(-1.,0.8,0.));
#9013 = LINE('',#9014,#9015);
#9014 = CARTESIAN_POINT('',(-0.75,0.8,0.));
#9015 = VECTOR('',#9016,1.);
#9016 = DIRECTION('',(-1.,2.22044604925E-16,0.));
#9017 = ORIENTED_EDGE('',*,*,#8996,.T.);
#9018 = ORIENTED_EDGE('',*,*,#7966,.F.);
#9019 = ORIENTED_EDGE('',*,*,#8738,.F.);
#9020 = ORIENTED_EDGE('',*,*,#9021,.T.);
#9021 = EDGE_CURVE('',#8731,#9022,#9024,.T.);
#9022 = VERTEX_POINT('',#9023);
#9023 = CARTESIAN_POINT('',(-1.,0.8,0.2));
#9024 = LINE('',#9025,#9026);
#9025 = CARTESIAN_POINT('',(-0.75,0.8,0.2));
#9026 = VECTOR('',#9027,1.);
#9027 = DIRECTION('',(-1.,2.22044604925E-16,0.));
#9028 = ORIENTED_EDGE('',*,*,#9029,.F.);
#9029 = EDGE_CURVE('',#9011,#9022,#9030,.T.);
#9030 = LINE('',#9031,#9032);
#9031 = CARTESIAN_POINT('',(-1.,0.8,0.));
#9032 = VECTOR('',#9033,1.);
#9033 = DIRECTION('',(0.,0.,1.));
#9034 = PLANE('',#9035);
#9035 = AXIS2_PLACEMENT_3D('',#9036,#9037,#9038);
#9036 = CARTESIAN_POINT('',(-0.75,0.8,0.));
#9037 = DIRECTION('',(-2.22044604925E-16,-1.,0.));
#9038 = DIRECTION('',(-1.,2.22044604925E-16,0.));
#9039 = ADVANCED_FACE('',(#9040),#9051,.F.);
#9040 = FACE_BOUND('',#9041,.F.);
#9041 = EDGE_LOOP('',(#9042,#9043,#9044,#9045));
#9042 = ORIENTED_EDGE('',*,*,#8660,.F.);
#9043 = ORIENTED_EDGE('',*,*,#7950,.T.);
#9044 = ORIENTED_EDGE('',*,*,#8245,.T.);
#9045 = ORIENTED_EDGE('',*,*,#9046,.F.);
#9046 = EDGE_CURVE('',#8661,#8246,#9047,.T.);
#9047 = LINE('',#9048,#9049);
#9048 = CARTESIAN_POINT('',(-0.99,0.99,0.82));
#9049 = VECTOR('',#9050,1.);
#9050 = DIRECTION('',(1.,0.,-0.));
#9051 = PLANE('',#9052);
#9052 = AXIS2_PLACEMENT_3D('',#9053,#9054,#9055);
#9053 = CARTESIAN_POINT('',(-0.99,0.99,2.E-02));
#9054 = DIRECTION('',(-2.22044604925E-16,-1.,0.));
#9055 = DIRECTION('',(0.,0.,1.));
#9056 = ADVANCED_FACE('',(#9057),#9068,.T.);
#9057 = FACE_BOUND('',#9058,.T.);
#9058 = EDGE_LOOP('',(#9059,#9065,#9066,#9067));
#9059 = ORIENTED_EDGE('',*,*,#9060,.T.);
#9060 = EDGE_CURVE('',#8420,#8355,#9061,.T.);
#9061 = LINE('',#9062,#9063);
#9062 = CARTESIAN_POINT('',(1.,0.5,0.2));
#9063 = VECTOR('',#9064,1.);
#9064 = DIRECTION('',(2.22044604925E-16,1.,0.));
#9065 = ORIENTED_EDGE('',*,*,#8362,.T.);
#9066 = ORIENTED_EDGE('',*,*,#8322,.T.);
#9067 = ORIENTED_EDGE('',*,*,#8419,.T.);
#9068 = PLANE('',#9069);
#9069 = AXIS2_PLACEMENT_3D('',#9070,#9071,#9072);
#9070 = CARTESIAN_POINT('',(0.875,0.65,0.2));
#9071 = DIRECTION('',(0.,0.,1.));
#9072 = DIRECTION('',(2.22044604925E-16,1.,-0.));
#9073 = ADVANCED_FACE('',(#9074),#9085,.T.);
#9074 = FACE_BOUND('',#9075,.T.);
#9075 = EDGE_LOOP('',(#9076,#9082,#9083,#9084));
#9076 = ORIENTED_EDGE('',*,*,#9077,.T.);
#9077 = EDGE_CURVE('',#8517,#8452,#9078,.T.);
#9078 = LINE('',#9079,#9080);
#9079 = CARTESIAN_POINT('',(1.,-0.15,0.2));
#9080 = VECTOR('',#9081,1.);
#9081 = DIRECTION('',(2.22044604925E-16,1.,0.));
#9082 = ORIENTED_EDGE('',*,*,#8459,.T.);
#9083 = ORIENTED_EDGE('',*,*,#8299,.T.);
#9084 = ORIENTED_EDGE('',*,*,#8516,.T.);
#9085 = PLANE('',#9086);
#9086 = AXIS2_PLACEMENT_3D('',#9087,#9088,#9089);
#9087 = CARTESIAN_POINT('',(0.875,-1.942890293094E-16,0.2));
#9088 = DIRECTION('',(0.,0.,1.));
#9089 = DIRECTION('',(2.22044604925E-16,1.,-0.));
#9090 = ADVANCED_FACE('',(#9091),#9102,.T.);
#9091 = FACE_BOUND('',#9092,.T.);
#9092 = EDGE_LOOP('',(#9093,#9099,#9100,#9101));
#9093 = ORIENTED_EDGE('',*,*,#9094,.T.);
#9094 = EDGE_CURVE('',#8614,#8549,#9095,.T.);
#9095 = LINE('',#9096,#9097);
#9096 = CARTESIAN_POINT('',(1.,-0.8,0.2));
#9097 = VECTOR('',#9098,1.);
#9098 = DIRECTION('',(2.22044604925E-16,1.,0.));
#9099 = ORIENTED_EDGE('',*,*,#8556,.T.);
#9100 = ORIENTED_EDGE('',*,*,#8276,.T.);
#9101 = ORIENTED_EDGE('',*,*,#8613,.T.);
#9102 = PLANE('',#9103);
#9103 = AXIS2_PLACEMENT_3D('',#9104,#9105,#9106);
#9104 = CARTESIAN_POINT('',(0.875,-0.65,0.2));
#9105 = DIRECTION('',(0.,0.,1.));
#9106 = DIRECTION('',(2.22044604925E-16,1.,-0.));
#9107 = ADVANCED_FACE('',(#9108,#9114),#9125,.T.);
#9108 = FACE_BOUND('',#9109,.T.);
#9109 = EDGE_LOOP('',(#9110,#9111,#9112,#9113));
#9110 = ORIENTED_EDGE('',*,*,#9046,.F.);
#9111 = ORIENTED_EDGE('',*,*,#8668,.T.);
#9112 = ORIENTED_EDGE('',*,*,#8645,.T.);
#9113 = ORIENTED_EDGE('',*,*,#8253,.F.);
#9114 = FACE_BOUND('',#9115,.T.);
#9115 = EDGE_LOOP('',(#9116));
#9116 = ORIENTED_EDGE('',*,*,#9117,.T.);
#9117 = EDGE_CURVE('',#9118,#9118,#9120,.T.);
#9118 = VERTEX_POINT('',#9119);
#9119 = CARTESIAN_POINT('',(-0.65,0.525,0.82));
#9120 = CIRCLE('',#9121,0.125);
#9121 = AXIS2_PLACEMENT_3D('',#9122,#9123,#9124);
#9122 = CARTESIAN_POINT('',(-0.65,0.65,0.82));
#9123 = DIRECTION('',(0.,-0.,-1.));
#9124 = DIRECTION('',(-2.22044604925E-16,-1.,0.));
#9125 = PLANE('',#9126);
#9126 = AXIS2_PLACEMENT_3D('',#9127,#9128,#9129);
#9127 = CARTESIAN_POINT('',(-0.99,0.99,0.82));
#9128 = DIRECTION('',(0.,0.,1.));
#9129 = DIRECTION('',(-2.22044604925E-16,-1.,0.));
#9130 = ADVANCED_FACE('',(#9131),#9142,.F.);
#9131 = FACE_BOUND('',#9132,.F.);
#9132 = EDGE_LOOP('',(#9133,#9134,#9135,#9136));
#9133 = ORIENTED_EDGE('',*,*,#8344,.T.);
#9134 = ORIENTED_EDGE('',*,*,#8384,.T.);
#9135 = ORIENTED_EDGE('',*,*,#8408,.T.);
#9136 = ORIENTED_EDGE('',*,*,#9137,.T.);
#9137 = EDGE_CURVE('',#8409,#8345,#9138,.T.);
#9138 = LINE('',#9139,#9140);
#9139 = CARTESIAN_POINT('',(1.,0.5,0.));
#9140 = VECTOR('',#9141,1.);
#9141 = DIRECTION('',(2.22044604925E-16,1.,0.));
#9142 = PLANE('',#9143);
#9143 = AXIS2_PLACEMENT_3D('',#9144,#9145,#9146);
#9144 = CARTESIAN_POINT('',(0.875,0.65,0.));
#9145 = DIRECTION('',(0.,0.,1.));
#9146 = DIRECTION('',(2.22044604925E-16,1.,-0.));
#9147 = ADVANCED_FACE('',(#9148),#9154,.F.);
#9148 = FACE_BOUND('',#9149,.F.);
#9149 = EDGE_LOOP('',(#9150,#9151,#9152,#9153));
#9150 = ORIENTED_EDGE('',*,*,#8427,.T.);
#9151 = ORIENTED_EDGE('',*,*,#9060,.T.);
#9152 = ORIENTED_EDGE('',*,*,#8354,.F.);
#9153 = ORIENTED_EDGE('',*,*,#9137,.F.);
#9154 = PLANE('',#9155);
#9155 = AXIS2_PLACEMENT_3D('',#9156,#9157,#9158);
#9156 = CARTESIAN_POINT('',(1.,0.5,0.));
#9157 = DIRECTION('',(-1.,2.22044604925E-16,0.));
#9158 = DIRECTION('',(2.22044604925E-16,1.,0.));
#9159 = ADVANCED_FACE('',(#9160),#9171,.F.);
#9160 = FACE_BOUND('',#9161,.F.);
#9161 = EDGE_LOOP('',(#9162,#9163,#9164,#9165));
#9162 = ORIENTED_EDGE('',*,*,#8441,.T.);
#9163 = ORIENTED_EDGE('',*,*,#8481,.T.);
#9164 = ORIENTED_EDGE('',*,*,#8505,.T.);
#9165 = ORIENTED_EDGE('',*,*,#9166,.T.);
#9166 = EDGE_CURVE('',#8506,#8442,#9167,.T.);
#9167 = LINE('',#9168,#9169);
#9168 = CARTESIAN_POINT('',(1.,-0.15,0.));
#9169 = VECTOR('',#9170,1.);
#9170 = DIRECTION('',(2.22044604925E-16,1.,0.));
#9171 = PLANE('',#9172);
#9172 = AXIS2_PLACEMENT_3D('',#9173,#9174,#9175);
#9173 = CARTESIAN_POINT('',(0.875,-1.942890293094E-16,0.));
#9174 = DIRECTION('',(0.,0.,1.));
#9175 = DIRECTION('',(2.22044604925E-16,1.,-0.));
#9176 = ADVANCED_FACE('',(#9177),#9183,.F.);
#9177 = FACE_BOUND('',#9178,.F.);
#9178 = EDGE_LOOP('',(#9179,#9180,#9181,#9182));
#9179 = ORIENTED_EDGE('',*,*,#8524,.T.);
#9180 = ORIENTED_EDGE('',*,*,#9077,.T.);
#9181 = ORIENTED_EDGE('',*,*,#8451,.F.);
#9182 = ORIENTED_EDGE('',*,*,#9166,.F.);
#9183 = PLANE('',#9184);
#9184 = AXIS2_PLACEMENT_3D('',#9185,#9186,#9187);
#9185 = CARTESIAN_POINT('',(1.,-0.15,0.));
#9186 = DIRECTION('',(-1.,2.22044604925E-16,0.));
#9187 = DIRECTION('',(2.22044604925E-16,1.,0.));
#9188 = ADVANCED_FACE('',(#9189),#9200,.F.);
#9189 = FACE_BOUND('',#9190,.F.);
#9190 = EDGE_LOOP('',(#9191,#9192,#9193,#9194));
#9191 = ORIENTED_EDGE('',*,*,#8538,.T.);
#9192 = ORIENTED_EDGE('',*,*,#8578,.T.);
#9193 = ORIENTED_EDGE('',*,*,#8602,.T.);
#9194 = ORIENTED_EDGE('',*,*,#9195,.T.);
#9195 = EDGE_CURVE('',#8603,#8539,#9196,.T.);
#9196 = LINE('',#9197,#9198);
#9197 = CARTESIAN_POINT('',(1.,-0.8,0.));
#9198 = VECTOR('',#9199,1.);
#9199 = DIRECTION('',(2.22044604925E-16,1.,0.));
#9200 = PLANE('',#9201);
#9201 = AXIS2_PLACEMENT_3D('',#9202,#9203,#9204);
#9202 = CARTESIAN_POINT('',(0.875,-0.65,0.));
#9203 = DIRECTION('',(0.,0.,1.));
#9204 = DIRECTION('',(2.22044604925E-16,1.,-0.));
#9205 = ADVANCED_FACE('',(#9206),#9212,.F.);
#9206 = FACE_BOUND('',#9207,.F.);
#9207 = EDGE_LOOP('',(#9208,#9209,#9210,#9211));
#9208 = ORIENTED_EDGE('',*,*,#8621,.T.);
#9209 = ORIENTED_EDGE('',*,*,#9094,.T.);
#9210 = ORIENTED_EDGE('',*,*,#8548,.F.);
#9211 = ORIENTED_EDGE('',*,*,#9195,.F.);
#9212 = PLANE('',#9213);
#9213 = AXIS2_PLACEMENT_3D('',#9214,#9215,#9216);
#9214 = CARTESIAN_POINT('',(1.,-0.8,0.));
#9215 = DIRECTION('',(-1.,2.22044604925E-16,0.));
#9216 = DIRECTION('',(2.22044604925E-16,1.,0.));
#9217 = ADVANCED_FACE('',(#9218),#9229,.T.);
#9218 = FACE_BOUND('',#9219,.T.);
#9219 = EDGE_LOOP('',(#9220,#9226,#9227,#9228));
#9220 = ORIENTED_EDGE('',*,*,#9221,.T.);
#9221 = EDGE_CURVE('',#9022,#8957,#9222,.T.);
#9222 = LINE('',#9223,#9224);
#9223 = CARTESIAN_POINT('',(-1.,0.8,0.2));
#9224 = VECTOR('',#9225,1.);
#9225 = DIRECTION('',(-2.22044604925E-16,-1.,0.));
#9226 = ORIENTED_EDGE('',*,*,#8964,.T.);
#9227 = ORIENTED_EDGE('',*,*,#8730,.F.);
#9228 = ORIENTED_EDGE('',*,*,#9021,.T.);
#9229 = PLANE('',#9230);
#9230 = AXIS2_PLACEMENT_3D('',#9231,#9232,#9233);
#9231 = CARTESIAN_POINT('',(-0.875,0.65,0.2));
#9232 = DIRECTION('',(0.,0.,1.));
#9233 = DIRECTION('',(-2.22044604925E-16,-1.,0.));
#9234 = ADVANCED_FACE('',(#9235),#9246,.T.);
#9235 = FACE_BOUND('',#9236,.T.);
#9236 = EDGE_LOOP('',(#9237,#9243,#9244,#9245));
#9237 = ORIENTED_EDGE('',*,*,#9238,.T.);
#9238 = EDGE_CURVE('',#8925,#8860,#9239,.T.);
#9239 = LINE('',#9240,#9241);
#9240 = CARTESIAN_POINT('',(-1.,0.15,0.2));
#9241 = VECTOR('',#9242,1.);
#9242 = DIRECTION('',(-2.22044604925E-16,-1.,0.));
#9243 = ORIENTED_EDGE('',*,*,#8867,.T.);
#9244 = ORIENTED_EDGE('',*,*,#8707,.F.);
#9245 = ORIENTED_EDGE('',*,*,#8924,.T.);
#9246 = PLANE('',#9247);
#9247 = AXIS2_PLACEMENT_3D('',#9248,#9249,#9250);
#9248 = CARTESIAN_POINT('',(-0.875,2.775557561563E-16,0.2));
#9249 = DIRECTION('',(0.,0.,1.));
#9250 = DIRECTION('',(-2.22044604925E-16,-1.,0.));
#9251 = ADVANCED_FACE('',(#9252),#9263,.T.);
#9252 = FACE_BOUND('',#9253,.T.);
#9253 = EDGE_LOOP('',(#9254,#9260,#9261,#9262));
#9254 = ORIENTED_EDGE('',*,*,#9255,.T.);
#9255 = EDGE_CURVE('',#8828,#8763,#9256,.T.);
#9256 = LINE('',#9257,#9258);
#9257 = CARTESIAN_POINT('',(-1.,-0.5,0.2));
#9258 = VECTOR('',#9259,1.);
#9259 = DIRECTION('',(-2.22044604925E-16,-1.,0.));
#9260 = ORIENTED_EDGE('',*,*,#8770,.T.);
#9261 = ORIENTED_EDGE('',*,*,#8684,.F.);
#9262 = ORIENTED_EDGE('',*,*,#8827,.T.);
#9263 = PLANE('',#9264);
#9264 = AXIS2_PLACEMENT_3D('',#9265,#9266,#9267);
#9265 = CARTESIAN_POINT('',(-0.875,-0.65,0.2));
#9266 = DIRECTION('',(0.,0.,1.));
#9267 = DIRECTION('',(-2.22044604925E-16,-1.,0.));
#9268 = ADVANCED_FACE('',(#9269),#9280,.F.);
#9269 = FACE_BOUND('',#9270,.F.);
#9270 = EDGE_LOOP('',(#9271,#9272,#9273,#9274));
#9271 = ORIENTED_EDGE('',*,*,#8752,.T.);
#9272 = ORIENTED_EDGE('',*,*,#8792,.T.);
#9273 = ORIENTED_EDGE('',*,*,#8816,.T.);
#9274 = ORIENTED_EDGE('',*,*,#9275,.T.);
#9275 = EDGE_CURVE('',#8817,#8753,#9276,.T.);
#9276 = LINE('',#9277,#9278);
#9277 = CARTESIAN_POINT('',(-1.,-0.5,0.));
#9278 = VECTOR('',#9279,1.);
#9279 = DIRECTION('',(-2.22044604925E-16,-1.,0.));
#9280 = PLANE('',#9281);
#9281 = AXIS2_PLACEMENT_3D('',#9282,#9283,#9284);
#9282 = CARTESIAN_POINT('',(-0.875,-0.65,0.));
#9283 = DIRECTION('',(0.,0.,1.));
#9284 = DIRECTION('',(-2.22044604925E-16,-1.,0.));
#9285 = ADVANCED_FACE('',(#9286),#9292,.F.);
#9286 = FACE_BOUND('',#9287,.F.);
#9287 = EDGE_LOOP('',(#9288,#9289,#9290,#9291));
#9288 = ORIENTED_EDGE('',*,*,#8835,.T.);
#9289 = ORIENTED_EDGE('',*,*,#9255,.T.);
#9290 = ORIENTED_EDGE('',*,*,#8762,.F.);
#9291 = ORIENTED_EDGE('',*,*,#9275,.F.);
#9292 = PLANE('',#9293);
#9293 = AXIS2_PLACEMENT_3D('',#9294,#9295,#9296);
#9294 = CARTESIAN_POINT('',(-1.,-0.5,0.));
#9295 = DIRECTION('',(1.,0.,-0.));
#9296 = DIRECTION('',(0.,-1.,0.));
#9297 = ADVANCED_FACE('',(#9298),#9309,.F.);
#9298 = FACE_BOUND('',#9299,.F.);
#9299 = EDGE_LOOP('',(#9300,#9301,#9302,#9303));
#9300 = ORIENTED_EDGE('',*,*,#8849,.T.);
#9301 = ORIENTED_EDGE('',*,*,#8889,.T.);
#9302 = ORIENTED_EDGE('',*,*,#8913,.T.);
#9303 = ORIENTED_EDGE('',*,*,#9304,.T.);
#9304 = EDGE_CURVE('',#8914,#8850,#9305,.T.);
#9305 = LINE('',#9306,#9307);
#9306 = CARTESIAN_POINT('',(-1.,0.15,0.));
#9307 = VECTOR('',#9308,1.);
#9308 = DIRECTION('',(-2.22044604925E-16,-1.,0.));
#9309 = PLANE('',#9310);
#9310 = AXIS2_PLACEMENT_3D('',#9311,#9312,#9313);
#9311 = CARTESIAN_POINT('',(-0.875,2.775557561563E-16,0.));
#9312 = DIRECTION('',(0.,0.,1.));
#9313 = DIRECTION('',(-2.22044604925E-16,-1.,0.));
#9314 = ADVANCED_FACE('',(#9315),#9321,.F.);
#9315 = FACE_BOUND('',#9316,.F.);
#9316 = EDGE_LOOP('',(#9317,#9318,#9319,#9320));
#9317 = ORIENTED_EDGE('',*,*,#8932,.T.);
#9318 = ORIENTED_EDGE('',*,*,#9238,.T.);
#9319 = ORIENTED_EDGE('',*,*,#8859,.F.);
#9320 = ORIENTED_EDGE('',*,*,#9304,.F.);
#9321 = PLANE('',#9322);
#9322 = AXIS2_PLACEMENT_3D('',#9323,#9324,#9325);
#9323 = CARTESIAN_POINT('',(-1.,0.15,0.));
#9324 = DIRECTION('',(1.,0.,-0.));
#9325 = DIRECTION('',(0.,-1.,0.));
#9326 = ADVANCED_FACE('',(#9327),#9338,.F.);
#9327 = FACE_BOUND('',#9328,.F.);
#9328 = EDGE_LOOP('',(#9329,#9330,#9331,#9332));
#9329 = ORIENTED_EDGE('',*,*,#8946,.T.);
#9330 = ORIENTED_EDGE('',*,*,#8986,.T.);
#9331 = ORIENTED_EDGE('',*,*,#9010,.T.);
#9332 = ORIENTED_EDGE('',*,*,#9333,.T.);
#9333 = EDGE_CURVE('',#9011,#8947,#9334,.T.);
#9334 = LINE('',#9335,#9336);
#9335 = CARTESIAN_POINT('',(-1.,0.8,0.));
#9336 = VECTOR('',#9337,1.);
#9337 = DIRECTION('',(-2.22044604925E-16,-1.,0.));
#9338 = PLANE('',#9339);
#9339 = AXIS2_PLACEMENT_3D('',#9340,#9341,#9342);
#9340 = CARTESIAN_POINT('',(-0.875,0.65,0.));
#9341 = DIRECTION('',(0.,0.,1.));
#9342 = DIRECTION('',(-2.22044604925E-16,-1.,0.));
#9343 = ADVANCED_FACE('',(#9344),#9350,.F.);
#9344 = FACE_BOUND('',#9345,.F.);
#9345 = EDGE_LOOP('',(#9346,#9347,#9348,#9349));
#9346 = ORIENTED_EDGE('',*,*,#9029,.T.);
#9347 = ORIENTED_EDGE('',*,*,#9221,.T.);
#9348 = ORIENTED_EDGE('',*,*,#8956,.F.);
#9349 = ORIENTED_EDGE('',*,*,#9333,.F.);
#9350 = PLANE('',#9351);
#9351 = AXIS2_PLACEMENT_3D('',#9352,#9353,#9354);
#9352 = CARTESIAN_POINT('',(-1.,0.8,0.));
#9353 = DIRECTION('',(1.,0.,-0.));
#9354 = DIRECTION('',(0.,-1.,0.));
#9355 = ADVANCED_FACE('',(#9356),#9375,.F.);
#9356 = FACE_BOUND('',#9357,.F.);
#9357 = EDGE_LOOP('',(#9358,#9366,#9373,#9374));
#9358 = ORIENTED_EDGE('',*,*,#9359,.T.);
#9359 = EDGE_CURVE('',#9118,#9360,#9362,.T.);
#9360 = VERTEX_POINT('',#9361);
#9361 = CARTESIAN_POINT('',(-0.65,0.525,0.81));
#9362 = LINE('',#9363,#9364);
#9363 = CARTESIAN_POINT('',(-0.65,0.525,0.83));
#9364 = VECTOR('',#9365,1.);
#9365 = DIRECTION('',(0.,-0.,-1.));
#9366 = ORIENTED_EDGE('',*,*,#9367,.T.);
#9367 = EDGE_CURVE('',#9360,#9360,#9368,.T.);
#9368 = CIRCLE('',#9369,0.125);
#9369 = AXIS2_PLACEMENT_3D('',#9370,#9371,#9372);
#9370 = CARTESIAN_POINT('',(-0.65,0.65,0.81));
#9371 = DIRECTION('',(0.,0.,1.));
#9372 = DIRECTION('',(-2.22044604925E-16,-1.,0.));
#9373 = ORIENTED_EDGE('',*,*,#9359,.F.);
#9374 = ORIENTED_EDGE('',*,*,#9117,.T.);
#9375 = CYLINDRICAL_SURFACE('',#9376,0.125);
#9376 = AXIS2_PLACEMENT_3D('',#9377,#9378,#9379);
#9377 = CARTESIAN_POINT('',(-0.65,0.65,0.83));
#9378 = DIRECTION('',(0.,-0.,-1.));
#9379 = DIRECTION('',(-2.22044604925E-16,-1.,0.));
#9380 = ADVANCED_FACE('',(#9381),#9384,.T.);
#9381 = FACE_BOUND('',#9382,.T.);
#9382 = EDGE_LOOP('',(#9383));
#9383 = ORIENTED_EDGE('',*,*,#9367,.T.);
#9384 = PLANE('',#9385);
#9385 = AXIS2_PLACEMENT_3D('',#9386,#9387,#9388);
#9386 = CARTESIAN_POINT('',(-0.65,0.65,0.81));
#9387 = DIRECTION('',(0.,0.,1.));
#9388 = DIRECTION('',(-2.22044604925E-16,-1.,0.));
#9389 = ( GEOMETRIC_REPRESENTATION_CONTEXT(3) 
GLOBAL_UNCERTAINTY_ASSIGNED_CONTEXT((#9393)) 
GLOBAL_UNIT_ASSIGNED_CONTEXT((#9390,#9391,#9392)) REPRESENTATION_CONTEXT
('Context #1','3D Context with UNIT and UNCERTAINTY') );
#9390 = ( LENGTH_UNIT() NAMED_UNIT(*) SI_UNIT(.MILLI.,.METRE.) );
#9391 = ( NAMED_UNIT(*) PLANE_ANGLE_UNIT() SI_UNIT($,.RADIAN.) );
#9392 = ( NAMED_UNIT(*) SI_UNIT($,.STERADIAN.) SOLID_ANGLE_UNIT() );
#9393 = UNCERTAINTY_MEASURE_WITH_UNIT(LENGTH_MEASURE(1.E-07),#9390,
  'distance_accuracy_value','confusion accuracy');
#9394 = CONTEXT_DEPENDENT_SHAPE_REPRESENTATION(#9395,#9397);
#9395 = ( REPRESENTATION_RELATIONSHIP('','',#7830,#7807) 
REPRESENTATION_RELATIONSHIP_WITH_TRANSFORMATION(#9396) 
SHAPE_REPRESENTATION_RELATIONSHIP() );
#9396 = ITEM_DEFINED_TRANSFORMATION('','',#11,#7808);
#9397 = PRODUCT_DEFINITION_SHAPE('Placement','Placement of an item',
  #9398);
#9398 = NEXT_ASSEMBLY_USAGE_OCCURRENCE('12','=>[0:1:1:11]','',#7802,
  #7825,$);
#9399 = PRODUCT_RELATED_PRODUCT_CATEGORY('part',$,(#7827));
#9400 = CONTEXT_DEPENDENT_SHAPE_REPRESENTATION(#9401,#9403);
#9401 = ( REPRESENTATION_RELATIONSHIP('','',#6965,#10) 
REPRESENTATION_RELATIONSHIP_WITH_TRANSFORMATION(#9402) 
SHAPE_REPRESENTATION_RELATIONSHIP() );
#9402 = ITEM_DEFINED_TRANSFORMATION('','',#11,#47);
#9403 = PRODUCT_DEFINITION_SHAPE('Placement','Placement of an item',
  #9404);
#9404 = NEXT_ASSEMBLY_USAGE_OCCURRENCE('14','R13','',#5,#6960,$);
#9405 = CONTEXT_DEPENDENT_SHAPE_REPRESENTATION(#9406,#9408);
#9406 = ( REPRESENTATION_RELATIONSHIP('','',#6965,#10) 
REPRESENTATION_RELATIONSHIP_WITH_TRANSFORMATION(#9407) 
SHAPE_REPRESENTATION_RELATIONSHIP() );
#9407 = ITEM_DEFINED_TRANSFORMATION('','',#11,#51);
#9408 = PRODUCT_DEFINITION_SHAPE('Placement','Placement of an item',
  #9409);
#9409 = NEXT_ASSEMBLY_USAGE_OCCURRENCE('15','R4','',#5,#6960,$);
#9410 = CONTEXT_DEPENDENT_SHAPE_REPRESENTATION(#9411,#9413);
#9411 = ( REPRESENTATION_RELATIONSHIP('','',#6965,#10) 
REPRESENTATION_RELATIONSHIP_WITH_TRANSFORMATION(#9412) 
SHAPE_REPRESENTATION_RELATIONSHIP() );
#9412 = ITEM_DEFINED_TRANSFORMATION('','',#11,#55);
#9413 = PRODUCT_DEFINITION_SHAPE('Placement','Placement of an item',
  #9414);
#9414 = NEXT_ASSEMBLY_USAGE_OCCURRENCE('16','R12','',#5,#6960,$);
#9415 = CONTEXT_DEPENDENT_SHAPE_REPRESENTATION(#9416,#9418);
#9416 = ( REPRESENTATION_RELATIONSHIP('','',#6069,#10) 
REPRESENTATION_RELATIONSHIP_WITH_TRANSFORMATION(#9417) 
SHAPE_REPRESENTATION_RELATIONSHIP() );
#9417 = ITEM_DEFINED_TRANSFORMATION('','',#11,#59);
#9418 = PRODUCT_DEFINITION_SHAPE('Placement','Placement of an item',
  #9419);
#9419 = NEXT_ASSEMBLY_USAGE_OCCURRENCE('17','C10','',#5,#6064,$);
#9420 = SHAPE_DEFINITION_REPRESENTATION(#9421,#9427);
#9421 = PRODUCT_DEFINITION_SHAPE('','',#9422);
#9422 = PRODUCT_DEFINITION('design','',#9423,#9426);
#9423 = PRODUCT_DEFINITION_FORMATION('','',#9424);
#9424 = PRODUCT('SOT-583-8','SOT-583-8','',(#9425));
#9425 = PRODUCT_CONTEXT('',#2,'mechanical');
#9426 = PRODUCT_DEFINITION_CONTEXT('part definition',#2,'design');
#9427 = SHAPE_REPRESENTATION('',(#11,#9428),#9432);
#9428 = AXIS2_PLACEMENT_3D('',#9429,#9430,#9431);
#9429 = CARTESIAN_POINT('',(0.,0.,0.));
#9430 = DIRECTION('',(0.,0.,1.));
#9431 = DIRECTION('',(1.,0.,-0.));
#9432 = ( GEOMETRIC_REPRESENTATION_CONTEXT(3) 
GLOBAL_UNCERTAINTY_ASSIGNED_CONTEXT((#9436)) 
GLOBAL_UNIT_ASSIGNED_CONTEXT((#9433,#9434,#9435)) REPRESENTATION_CONTEXT
('Context #1','3D Context with UNIT and UNCERTAINTY') );
#9433 = ( LENGTH_UNIT() NAMED_UNIT(*) SI_UNIT(.MILLI.,.METRE.) );
#9434 = ( NAMED_UNIT(*) PLANE_ANGLE_UNIT() SI_UNIT($,.RADIAN.) );
#9435 = ( NAMED_UNIT(*) SI_UNIT($,.STERADIAN.) SOLID_ANGLE_UNIT() );
#9436 = UNCERTAINTY_MEASURE_WITH_UNIT(LENGTH_MEASURE(2.E-06),#9433,
  'distance_accuracy_value','confusion accuracy');
#9437 = CONTEXT_DEPENDENT_SHAPE_REPRESENTATION(#9438,#9440);
#9438 = ( REPRESENTATION_RELATIONSHIP('','',#9427,#10) 
REPRESENTATION_RELATIONSHIP_WITH_TRANSFORMATION(#9439) 
SHAPE_REPRESENTATION_RELATIONSHIP() );
#9439 = ITEM_DEFINED_TRANSFORMATION('','',#11,#63);
#9440 = PRODUCT_DEFINITION_SHAPE('Placement','Placement of an item',
  #9441);
#9441 = NEXT_ASSEMBLY_USAGE_OCCURRENCE('19','U5','',#5,#9422,$);
#9442 = PRODUCT_RELATED_PRODUCT_CATEGORY('part',$,(#9424));
#9443 = SHAPE_DEFINITION_REPRESENTATION(#9444,#9450);
#9444 = PRODUCT_DEFINITION_SHAPE('','',#9445);
#9445 = PRODUCT_DEFINITION('design','',#9446,#9449);
#9446 = PRODUCT_DEFINITION_FORMATION('','',#9447);
#9447 = PRODUCT('SOT-583-8','SOT-583-8','',(#9448));
#9448 = PRODUCT_CONTEXT('',#2,'mechanical');
#9449 = PRODUCT_DEFINITION_CONTEXT('part definition',#2,'design');
#9450 = ADVANCED_BREP_SHAPE_REPRESENTATION('',(#11,#9451),#11334);
#9451 = MANIFOLD_SOLID_BREP('',#9452);
#9452 = CLOSED_SHELL('',(#9453,#9494,#9524,#9617,#9656,#9808,#9831,#9857
    ,#9881,#9907,#9938,#9968,#9999,#10025,#10056,#10079,#10109,#10137,
    #10161,#10185,#10202,#10233,#10264,#10295,#10311,#10337,#10368,
    #10403,#10434,#10473,#10504,#10539,#10570,#10610,#10642,#10655,
    #10680,#10705,#10722,#10747,#10772,#10789,#10814,#10839,#10856,
    #10881,#10893,#10905,#10917,#10949,#10981,#10998,#11030,#11062,
    #11079,#11111,#11143,#11160,#11192,#11209,#11226,#11243,#11260,
    #11277,#11289,#11298,#11310,#11322));
#9453 = ADVANCED_FACE('',(#9454),#9489,.T.);
#9454 = FACE_BOUND('',#9455,.T.);
#9455 = EDGE_LOOP('',(#9456,#9465,#9473,#9483));
#9456 = ORIENTED_EDGE('',*,*,#9457,.F.);
#9457 = EDGE_CURVE('',#9458,#9460,#9462,.T.);
#9458 = VERTEX_POINT('',#9459);
#9459 = CARTESIAN_POINT('',(-0.592657684746,1.042657684746,2.5E-02));
#9460 = VERTEX_POINT('',#9461);
#9461 = CARTESIAN_POINT('',(-0.6,1.05,0.13));
#9462 = B_SPLINE_CURVE_WITH_KNOTS('',1,(#9463,#9464),.UNSPECIFIED.,.F.,
  .F.,(2,2),(0.,1.),.PIECEWISE_BEZIER_KNOTS.);
#9463 = CARTESIAN_POINT('',(-0.592657684746,1.042657684746,2.5E-02));
#9464 = CARTESIAN_POINT('',(-0.6,1.05,0.13));
#9465 = ORIENTED_EDGE('',*,*,#9466,.T.);
#9466 = EDGE_CURVE('',#9458,#9467,#9469,.T.);
#9467 = VERTEX_POINT('',#9468);
#9468 = CARTESIAN_POINT('',(-0.592657684746,0.86,2.5E-02));
#9469 = LINE('',#9470,#9471);
#9470 = CARTESIAN_POINT('',(-0.592657684746,1.042657684746,2.5E-02));
#9471 = VECTOR('',#9472,1.);
#9472 = DIRECTION('',(1.110223024625E-16,-1.,0.));
#9473 = ORIENTED_EDGE('',*,*,#9474,.T.);
#9474 = EDGE_CURVE('',#9467,#9475,#9477,.T.);
#9475 = VERTEX_POINT('',#9476);
#9476 = CARTESIAN_POINT('',(-0.6,0.86,0.13));
#9477 = B_SPLINE_CURVE_WITH_KNOTS('',4,(#9478,#9479,#9480,#9481,#9482),
  .UNSPECIFIED.,.F.,.F.,(5,5),(0.,1.),.PIECEWISE_BEZIER_KNOTS.);
#9478 = CARTESIAN_POINT('',(-0.592657684746,0.86,2.5E-02));
#9479 = CARTESIAN_POINT('',(-0.594493263089,0.86,5.124999327922E-02));
#9480 = CARTESIAN_POINT('',(-0.59632884175,0.86,7.749999109156E-02));
#9481 = CARTESIAN_POINT('',(-0.598164420722,0.86,0.103749993357));
#9482 = CARTESIAN_POINT('',(-0.6,0.86,0.13));
#9483 = ORIENTED_EDGE('',*,*,#9484,.F.);
#9484 = EDGE_CURVE('',#9460,#9475,#9485,.T.);
#9485 = LINE('',#9486,#9487);
#9486 = CARTESIAN_POINT('',(-0.6,1.05,0.13));
#9487 = VECTOR('',#9488,1.);
#9488 = DIRECTION('',(1.110223024625E-16,-1.,0.));
#9489 = B_SPLINE_SURFACE_WITH_KNOTS('',1,1,(
    (#9490,#9491)
    ,(#9492,#9493
    )),.UNSPECIFIED.,.F.,.F.,.F.,(2,2),(2,2),(0.,2.1),(0.,1.),
  .PIECEWISE_BEZIER_KNOTS.);
#9490 = CARTESIAN_POINT('',(-0.592657684746,1.042657684746,2.5E-02));
#9491 = CARTESIAN_POINT('',(-0.6,1.05,0.13));
#9492 = CARTESIAN_POINT('',(-0.592657684746,-1.042657684746,2.5E-02));
#9493 = CARTESIAN_POINT('',(-0.6,-1.05,0.13));
#9494 = ADVANCED_FACE('',(#9495),#9519,.T.);
#9495 = FACE_BOUND('',#9496,.T.);
#9496 = EDGE_LOOP('',(#9497,#9505,#9506,#9514));
#9497 = ORIENTED_EDGE('',*,*,#9498,.T.);
#9498 = EDGE_CURVE('',#9499,#9458,#9501,.T.);
#9499 = VERTEX_POINT('',#9500);
#9500 = CARTESIAN_POINT('',(0.592657684746,1.042657684746,2.5E-02));
#9501 = LINE('',#9502,#9503);
#9502 = CARTESIAN_POINT('',(0.592657684746,1.042657684746,2.5E-02));
#9503 = VECTOR('',#9504,1.);
#9504 = DIRECTION('',(-1.,-1.110223024625E-16,0.));
#9505 = ORIENTED_EDGE('',*,*,#9457,.T.);
#9506 = ORIENTED_EDGE('',*,*,#9507,.F.);
#9507 = EDGE_CURVE('',#9508,#9460,#9510,.T.);
#9508 = VERTEX_POINT('',#9509);
#9509 = CARTESIAN_POINT('',(0.6,1.05,0.13));
#9510 = LINE('',#9511,#9512);
#9511 = CARTESIAN_POINT('',(0.6,1.05,0.13));
#9512 = VECTOR('',#9513,1.);
#9513 = DIRECTION('',(-1.,-1.110223024625E-16,0.));
#9514 = ORIENTED_EDGE('',*,*,#9515,.F.);
#9515 = EDGE_CURVE('',#9499,#9508,#9516,.T.);
#9516 = B_SPLINE_CURVE_WITH_KNOTS('',1,(#9517,#9518),.UNSPECIFIED.,.F.,
  .F.,(2,2),(0.,1.),.PIECEWISE_BEZIER_KNOTS.);
#9517 = CARTESIAN_POINT('',(0.592657684746,1.042657684746,2.5E-02));
#9518 = CARTESIAN_POINT('',(0.6,1.05,0.13));
#9519 = B_SPLINE_SURFACE_WITH_KNOTS('',1,1,(
    (#9520,#9521)
    ,(#9522,#9523
    )),.UNSPECIFIED.,.F.,.F.,.F.,(2,2),(2,2),(0.,1.2),(0.,1.),
  .PIECEWISE_BEZIER_KNOTS.);
#9520 = CARTESIAN_POINT('',(0.592657684746,1.042657684746,2.5E-02));
#9521 = CARTESIAN_POINT('',(0.6,1.05,0.13));
#9522 = CARTESIAN_POINT('',(-0.592657684746,1.042657684746,2.5E-02));
#9523 = CARTESIAN_POINT('',(-0.6,1.05,0.13));
#9524 = ADVANCED_FACE('',(#9525),#9612,.T.);
#9525 = FACE_BOUND('',#9526,.T.);
#9526 = EDGE_LOOP('',(#9527,#9528,#9536,#9544,#9552,#9560,#9568,#9576,
    #9584,#9592,#9599,#9607));
#9527 = ORIENTED_EDGE('',*,*,#9484,.T.);
#9528 = ORIENTED_EDGE('',*,*,#9529,.T.);
#9529 = EDGE_CURVE('',#9475,#9530,#9532,.T.);
#9530 = VERTEX_POINT('',#9531);
#9531 = CARTESIAN_POINT('',(-0.6,0.64,0.13));
#9532 = LINE('',#9533,#9534);
#9533 = CARTESIAN_POINT('',(-0.6,1.05,0.13));
#9534 = VECTOR('',#9535,1.);
#9535 = DIRECTION('',(1.110223024625E-16,-1.,0.));
#9536 = ORIENTED_EDGE('',*,*,#9537,.T.);
#9537 = EDGE_CURVE('',#9530,#9538,#9540,.T.);
#9538 = VERTEX_POINT('',#9539);
#9539 = CARTESIAN_POINT('',(-0.6,0.36,0.13));
#9540 = LINE('',#9541,#9542);
#9541 = CARTESIAN_POINT('',(-0.6,1.05,0.13));
#9542 = VECTOR('',#9543,1.);
#9543 = DIRECTION('',(1.110223024625E-16,-1.,0.));
#9544 = ORIENTED_EDGE('',*,*,#9545,.T.);
#9545 = EDGE_CURVE('',#9538,#9546,#9548,.T.);
#9546 = VERTEX_POINT('',#9547);
#9547 = CARTESIAN_POINT('',(-0.6,0.14,0.13));
#9548 = LINE('',#9549,#9550);
#9549 = CARTESIAN_POINT('',(-0.6,1.05,0.13));
#9550 = VECTOR('',#9551,1.);
#9551 = DIRECTION('',(1.110223024625E-16,-1.,0.));
#9552 = ORIENTED_EDGE('',*,*,#9553,.T.);
#9553 = EDGE_CURVE('',#9546,#9554,#9556,.T.);
#9554 = VERTEX_POINT('',#9555);
#9555 = CARTESIAN_POINT('',(-0.6,-0.14,0.13));
#9556 = LINE('',#9557,#9558);
#9557 = CARTESIAN_POINT('',(-0.6,1.05,0.13));
#9558 = VECTOR('',#9559,1.);
#9559 = DIRECTION('',(1.110223024625E-16,-1.,0.));
#9560 = ORIENTED_EDGE('',*,*,#9561,.T.);
#9561 = EDGE_CURVE('',#9554,#9562,#9564,.T.);
#9562 = VERTEX_POINT('',#9563);
#9563 = CARTESIAN_POINT('',(-0.6,-0.36,0.13));
#9564 = LINE('',#9565,#9566);
#9565 = CARTESIAN_POINT('',(-0.6,1.05,0.13));
#9566 = VECTOR('',#9567,1.);
#9567 = DIRECTION('',(1.110223024625E-16,-1.,0.));
#9568 = ORIENTED_EDGE('',*,*,#9569,.T.);
#9569 = EDGE_CURVE('',#9562,#9570,#9572,.T.);
#9570 = VERTEX_POINT('',#9571);
#9571 = CARTESIAN_POINT('',(-0.6,-0.64,0.13));
#9572 = LINE('',#9573,#9574);
#9573 = CARTESIAN_POINT('',(-0.6,1.05,0.13));
#9574 = VECTOR('',#9575,1.);
#9575 = DIRECTION('',(1.110223024625E-16,-1.,0.));
#9576 = ORIENTED_EDGE('',*,*,#9577,.T.);
#9577 = EDGE_CURVE('',#9570,#9578,#9580,.T.);
#9578 = VERTEX_POINT('',#9579);
#9579 = CARTESIAN_POINT('',(-0.6,-0.86,0.13));
#9580 = LINE('',#9581,#9582);
#9581 = CARTESIAN_POINT('',(-0.6,1.05,0.13));
#9582 = VECTOR('',#9583,1.);
#9583 = DIRECTION('',(1.110223024625E-16,-1.,0.));
#9584 = ORIENTED_EDGE('',*,*,#9585,.T.);
#9585 = EDGE_CURVE('',#9578,#9586,#9588,.T.);
#9586 = VERTEX_POINT('',#9587);
#9587 = CARTESIAN_POINT('',(-0.6,-1.05,0.13));
#9588 = LINE('',#9589,#9590);
#9589 = CARTESIAN_POINT('',(-0.6,1.05,0.13));
#9590 = VECTOR('',#9591,1.);
#9591 = DIRECTION('',(1.110223024625E-16,-1.,0.));
#9592 = ORIENTED_EDGE('',*,*,#9593,.T.);
#9593 = EDGE_CURVE('',#9586,#9594,#9596,.T.);
#9594 = VERTEX_POINT('',#9595);
#9595 = CARTESIAN_POINT('',(-0.565386228088,-1.015386228088,0.625));
#9596 = B_SPLINE_CURVE_WITH_KNOTS('',1,(#9597,#9598),.UNSPECIFIED.,.F.,
  .F.,(2,2),(0.,1.),.PIECEWISE_BEZIER_KNOTS.);
#9597 = CARTESIAN_POINT('',(-0.6,-1.05,0.13));
#9598 = CARTESIAN_POINT('',(-0.565386228088,-1.015386228088,0.625));
#9599 = ORIENTED_EDGE('',*,*,#9600,.F.);
#9600 = EDGE_CURVE('',#9601,#9594,#9603,.T.);
#9601 = VERTEX_POINT('',#9602);
#9602 = CARTESIAN_POINT('',(-0.565386228088,1.015386228088,0.625));
#9603 = LINE('',#9604,#9605);
#9604 = CARTESIAN_POINT('',(-0.565386228088,1.015386228088,0.625));
#9605 = VECTOR('',#9606,1.);
#9606 = DIRECTION('',(1.110223024625E-16,-1.,0.));
#9607 = ORIENTED_EDGE('',*,*,#9608,.F.);
#9608 = EDGE_CURVE('',#9460,#9601,#9609,.T.);
#9609 = B_SPLINE_CURVE_WITH_KNOTS('',1,(#9610,#9611),.UNSPECIFIED.,.F.,
  .F.,(2,2),(0.,1.),.PIECEWISE_BEZIER_KNOTS.);
#9610 = CARTESIAN_POINT('',(-0.6,1.05,0.13));
#9611 = CARTESIAN_POINT('',(-0.565386228088,1.015386228088,0.625));
#9612 = B_SPLINE_SURFACE_WITH_KNOTS('',1,1,(
    (#9613,#9614)
    ,(#9615,#9616
    )),.UNSPECIFIED.,.F.,.F.,.F.,(2,2),(2,2),(0.,2.1),(0.,1.),
  .PIECEWISE_BEZIER_KNOTS.);
#9613 = CARTESIAN_POINT('',(-0.6,1.05,0.13));
#9614 = CARTESIAN_POINT('',(-0.565386228088,1.015386228088,0.625));
#9615 = CARTESIAN_POINT('',(-0.6,-1.05,0.13));
#9616 = CARTESIAN_POINT('',(-0.565386228088,-1.015386228088,0.625));
#9617 = ADVANCED_FACE('',(#9618),#9651,.F.);
#9618 = FACE_BOUND('',#9619,.F.);
#9619 = EDGE_LOOP('',(#9620,#9630,#9638,#9644,#9645));
#9620 = ORIENTED_EDGE('',*,*,#9621,.F.);
#9621 = EDGE_CURVE('',#9622,#9624,#9626,.T.);
#9622 = VERTEX_POINT('',#9623);
#9623 = CARTESIAN_POINT('',(-0.8,0.86,0.));
#9624 = VERTEX_POINT('',#9625);
#9625 = CARTESIAN_POINT('',(-0.8,0.86,0.13));
#9626 = LINE('',#9627,#9628);
#9627 = CARTESIAN_POINT('',(-0.8,0.86,0.));
#9628 = VECTOR('',#9629,1.);
#9629 = DIRECTION('',(0.,0.,1.));
#9630 = ORIENTED_EDGE('',*,*,#9631,.F.);
#9631 = EDGE_CURVE('',#9632,#9622,#9634,.T.);
#9632 = VERTEX_POINT('',#9633);
#9633 = CARTESIAN_POINT('',(-0.592657684746,0.86,0.));
#9634 = LINE('',#9635,#9636);
#9635 = CARTESIAN_POINT('',(-0.592657684746,0.86,0.));
#9636 = VECTOR('',#9637,1.);
#9637 = DIRECTION('',(-1.,-1.110223024625E-16,0.));
#9638 = ORIENTED_EDGE('',*,*,#9639,.T.);
#9639 = EDGE_CURVE('',#9632,#9467,#9640,.T.);
#9640 = LINE('',#9641,#9642);
#9641 = CARTESIAN_POINT('',(-0.592657684746,0.86,0.));
#9642 = VECTOR('',#9643,1.);
#9643 = DIRECTION('',(0.,0.,1.));
#9644 = ORIENTED_EDGE('',*,*,#9474,.T.);
#9645 = ORIENTED_EDGE('',*,*,#9646,.T.);
#9646 = EDGE_CURVE('',#9475,#9624,#9647,.T.);
#9647 = LINE('',#9648,#9649);
#9648 = CARTESIAN_POINT('',(-0.592657684746,0.86,0.13));
#9649 = VECTOR('',#9650,1.);
#9650 = DIRECTION('',(-1.,-1.110223024625E-16,0.));
#9651 = PLANE('',#9652);
#9652 = AXIS2_PLACEMENT_3D('',#9653,#9654,#9655);
#9653 = CARTESIAN_POINT('',(-0.592657684746,0.86,0.));
#9654 = DIRECTION('',(1.110223024625E-16,-1.,0.));
#9655 = DIRECTION('',(0.,0.,1.));
#9656 = ADVANCED_FACE('',(#9657),#9803,.T.);
#9657 = FACE_BOUND('',#9658,.F.);
#9658 = EDGE_LOOP('',(#9659,#9660,#9668,#9676,#9684,#9692,#9700,#9708,
    #9716,#9724,#9732,#9740,#9748,#9756,#9764,#9772,#9780,#9788,#9796,
    #9802));
#9659 = ORIENTED_EDGE('',*,*,#9466,.T.);
#9660 = ORIENTED_EDGE('',*,*,#9661,.T.);
#9661 = EDGE_CURVE('',#9467,#9662,#9664,.T.);
#9662 = VERTEX_POINT('',#9663);
#9663 = CARTESIAN_POINT('',(-0.592657684746,0.64,2.5E-02));
#9664 = LINE('',#9665,#9666);
#9665 = CARTESIAN_POINT('',(-0.592657684746,1.042657684746,2.5E-02));
#9666 = VECTOR('',#9667,1.);
#9667 = DIRECTION('',(1.110223024625E-16,-1.,0.));
#9668 = ORIENTED_EDGE('',*,*,#9669,.T.);
#9669 = EDGE_CURVE('',#9662,#9670,#9672,.T.);
#9670 = VERTEX_POINT('',#9671);
#9671 = CARTESIAN_POINT('',(-0.592657684746,0.36,2.5E-02));
#9672 = LINE('',#9673,#9674);
#9673 = CARTESIAN_POINT('',(-0.592657684746,1.042657684746,2.5E-02));
#9674 = VECTOR('',#9675,1.);
#9675 = DIRECTION('',(1.110223024625E-16,-1.,0.));
#9676 = ORIENTED_EDGE('',*,*,#9677,.T.);
#9677 = EDGE_CURVE('',#9670,#9678,#9680,.T.);
#9678 = VERTEX_POINT('',#9679);
#9679 = CARTESIAN_POINT('',(-0.592657684746,0.14,2.5E-02));
#9680 = LINE('',#9681,#9682);
#9681 = CARTESIAN_POINT('',(-0.592657684746,1.042657684746,2.5E-02));
#9682 = VECTOR('',#9683,1.);
#9683 = DIRECTION('',(1.110223024625E-16,-1.,0.));
#9684 = ORIENTED_EDGE('',*,*,#9685,.T.);
#9685 = EDGE_CURVE('',#9678,#9686,#9688,.T.);
#9686 = VERTEX_POINT('',#9687);
#9687 = CARTESIAN_POINT('',(-0.592657684746,-0.14,2.5E-02));
#9688 = LINE('',#9689,#9690);
#9689 = CARTESIAN_POINT('',(-0.592657684746,1.042657684746,2.5E-02));
#9690 = VECTOR('',#9691,1.);
#9691 = DIRECTION('',(1.110223024625E-16,-1.,0.));
#9692 = ORIENTED_EDGE('',*,*,#9693,.T.);
#9693 = EDGE_CURVE('',#9686,#9694,#9696,.T.);
#9694 = VERTEX_POINT('',#9695);
#9695 = CARTESIAN_POINT('',(-0.592657684746,-0.36,2.5E-02));
#9696 = LINE('',#9697,#9698);
#9697 = CARTESIAN_POINT('',(-0.592657684746,1.042657684746,2.5E-02));
#9698 = VECTOR('',#9699,1.);
#9699 = DIRECTION('',(1.110223024625E-16,-1.,0.));
#9700 = ORIENTED_EDGE('',*,*,#9701,.T.);
#9701 = EDGE_CURVE('',#9694,#9702,#9704,.T.);
#9702 = VERTEX_POINT('',#9703);
#9703 = CARTESIAN_POINT('',(-0.592657684746,-0.64,2.5E-02));
#9704 = LINE('',#9705,#9706);
#9705 = CARTESIAN_POINT('',(-0.592657684746,1.042657684746,2.5E-02));
#9706 = VECTOR('',#9707,1.);
#9707 = DIRECTION('',(1.110223024625E-16,-1.,0.));
#9708 = ORIENTED_EDGE('',*,*,#9709,.T.);
#9709 = EDGE_CURVE('',#9702,#9710,#9712,.T.);
#9710 = VERTEX_POINT('',#9711);
#9711 = CARTESIAN_POINT('',(-0.592657684746,-0.86,2.5E-02));
#9712 = LINE('',#9713,#9714);
#9713 = CARTESIAN_POINT('',(-0.592657684746,1.042657684746,2.5E-02));
#9714 = VECTOR('',#9715,1.);
#9715 = DIRECTION('',(1.110223024625E-16,-1.,0.));
#9716 = ORIENTED_EDGE('',*,*,#9717,.T.);
#9717 = EDGE_CURVE('',#9710,#9718,#9720,.T.);
#9718 = VERTEX_POINT('',#9719);
#9719 = CARTESIAN_POINT('',(-0.592657684746,-1.042657684746,2.5E-02));
#9720 = LINE('',#9721,#9722);
#9721 = CARTESIAN_POINT('',(-0.592657684746,1.042657684746,2.5E-02));
#9722 = VECTOR('',#9723,1.);
#9723 = DIRECTION('',(1.110223024625E-16,-1.,0.));
#9724 = ORIENTED_EDGE('',*,*,#9725,.T.);
#9725 = EDGE_CURVE('',#9718,#9726,#9728,.T.);
#9726 = VERTEX_POINT('',#9727);
#9727 = CARTESIAN_POINT('',(0.592657684746,-1.042657684746,2.5E-02));
#9728 = LINE('',#9729,#9730);
#9729 = CARTESIAN_POINT('',(-0.592657684746,-1.042657684746,2.5E-02));
#9730 = VECTOR('',#9731,1.);
#9731 = DIRECTION('',(1.,0.,-0.));
#9732 = ORIENTED_EDGE('',*,*,#9733,.T.);
#9733 = EDGE_CURVE('',#9726,#9734,#9736,.T.);
#9734 = VERTEX_POINT('',#9735);
#9735 = CARTESIAN_POINT('',(0.592657684746,-0.86,2.5E-02));
#9736 = LINE('',#9737,#9738);
#9737 = CARTESIAN_POINT('',(0.592657684746,-1.042657684746,2.5E-02));
#9738 = VECTOR('',#9739,1.);
#9739 = DIRECTION('',(-1.110223024625E-16,1.,0.));
#9740 = ORIENTED_EDGE('',*,*,#9741,.T.);
#9741 = EDGE_CURVE('',#9734,#9742,#9744,.T.);
#9742 = VERTEX_POINT('',#9743);
#9743 = CARTESIAN_POINT('',(0.592657684746,-0.64,2.5E-02));
#9744 = LINE('',#9745,#9746);
#9745 = CARTESIAN_POINT('',(0.592657684746,-1.042657684746,2.5E-02));
#9746 = VECTOR('',#9747,1.);
#9747 = DIRECTION('',(-1.110223024625E-16,1.,0.));
#9748 = ORIENTED_EDGE('',*,*,#9749,.T.);
#9749 = EDGE_CURVE('',#9742,#9750,#9752,.T.);
#9750 = VERTEX_POINT('',#9751);
#9751 = CARTESIAN_POINT('',(0.592657684746,-0.36,2.5E-02));
#9752 = LINE('',#9753,#9754);
#9753 = CARTESIAN_POINT('',(0.592657684746,-1.042657684746,2.5E-02));
#9754 = VECTOR('',#9755,1.);
#9755 = DIRECTION('',(-1.110223024625E-16,1.,0.));
#9756 = ORIENTED_EDGE('',*,*,#9757,.T.);
#9757 = EDGE_CURVE('',#9750,#9758,#9760,.T.);
#9758 = VERTEX_POINT('',#9759);
#9759 = CARTESIAN_POINT('',(0.592657684746,-0.14,2.5E-02));
#9760 = LINE('',#9761,#9762);
#9761 = CARTESIAN_POINT('',(0.592657684746,-1.042657684746,2.5E-02));
#9762 = VECTOR('',#9763,1.);
#9763 = DIRECTION('',(-1.110223024625E-16,1.,0.));
#9764 = ORIENTED_EDGE('',*,*,#9765,.T.);
#9765 = EDGE_CURVE('',#9758,#9766,#9768,.T.);
#9766 = VERTEX_POINT('',#9767);
#9767 = CARTESIAN_POINT('',(0.592657684746,0.14,2.5E-02));
#9768 = LINE('',#9769,#9770);
#9769 = CARTESIAN_POINT('',(0.592657684746,-1.042657684746,2.5E-02));
#9770 = VECTOR('',#9771,1.);
#9771 = DIRECTION('',(-1.110223024625E-16,1.,0.));
#9772 = ORIENTED_EDGE('',*,*,#9773,.T.);
#9773 = EDGE_CURVE('',#9766,#9774,#9776,.T.);
#9774 = VERTEX_POINT('',#9775);
#9775 = CARTESIAN_POINT('',(0.592657684746,0.36,2.5E-02));
#9776 = LINE('',#9777,#9778);
#9777 = CARTESIAN_POINT('',(0.592657684746,-1.042657684746,2.5E-02));
#9778 = VECTOR('',#9779,1.);
#9779 = DIRECTION('',(-1.110223024625E-16,1.,0.));
#9780 = ORIENTED_EDGE('',*,*,#9781,.T.);
#9781 = EDGE_CURVE('',#9774,#9782,#9784,.T.);
#9782 = VERTEX_POINT('',#9783);
#9783 = CARTESIAN_POINT('',(0.592657684746,0.64,2.5E-02));
#9784 = LINE('',#9785,#9786);
#9785 = CARTESIAN_POINT('',(0.592657684746,-1.042657684746,2.5E-02));
#9786 = VECTOR('',#9787,1.);
#9787 = DIRECTION('',(-1.110223024625E-16,1.,0.));
#9788 = ORIENTED_EDGE('',*,*,#9789,.T.);
#9789 = EDGE_CURVE('',#9782,#9790,#9792,.T.);
#9790 = VERTEX_POINT('',#9791);
#9791 = CARTESIAN_POINT('',(0.592657684746,0.86,2.5E-02));
#9792 = LINE('',#9793,#9794);
#9793 = CARTESIAN_POINT('',(0.592657684746,-1.042657684746,2.5E-02));
#9794 = VECTOR('',#9795,1.);
#9795 = DIRECTION('',(-1.110223024625E-16,1.,0.));
#9796 = ORIENTED_EDGE('',*,*,#9797,.T.);
#9797 = EDGE_CURVE('',#9790,#9499,#9798,.T.);
#9798 = LINE('',#9799,#9800);
#9799 = CARTESIAN_POINT('',(0.592657684746,-1.042657684746,2.5E-02));
#9800 = VECTOR('',#9801,1.);
#9801 = DIRECTION('',(-1.110223024625E-16,1.,0.));
#9802 = ORIENTED_EDGE('',*,*,#9498,.T.);
#9803 = PLANE('',#9804);
#9804 = AXIS2_PLACEMENT_3D('',#9805,#9806,#9807);
#9805 = CARTESIAN_POINT('',(-0.592657684746,1.042657684746,2.5E-02));
#9806 = DIRECTION('',(0.,0.,-1.));
#9807 = DIRECTION('',(0.494159759697,-0.869371112872,0.));
#9808 = ADVANCED_FACE('',(#9809),#9826,.T.);
#9809 = FACE_BOUND('',#9810,.T.);
#9810 = EDGE_LOOP('',(#9811,#9812,#9813,#9821));
#9811 = ORIENTED_EDGE('',*,*,#9507,.T.);
#9812 = ORIENTED_EDGE('',*,*,#9608,.T.);
#9813 = ORIENTED_EDGE('',*,*,#9814,.F.);
#9814 = EDGE_CURVE('',#9815,#9601,#9817,.T.);
#9815 = VERTEX_POINT('',#9816);
#9816 = CARTESIAN_POINT('',(0.565386228088,1.015386228088,0.625));
#9817 = LINE('',#9818,#9819);
#9818 = CARTESIAN_POINT('',(0.565386228088,1.015386228088,0.625));
#9819 = VECTOR('',#9820,1.);
#9820 = DIRECTION('',(-1.,-1.110223024625E-16,0.));
#9821 = ORIENTED_EDGE('',*,*,#9822,.F.);
#9822 = EDGE_CURVE('',#9508,#9815,#9823,.T.);
#9823 = B_SPLINE_CURVE_WITH_KNOTS('',1,(#9824,#9825),.UNSPECIFIED.,.F.,
  .F.,(2,2),(0.,1.),.PIECEWISE_BEZIER_KNOTS.);
#9824 = CARTESIAN_POINT('',(0.6,1.05,0.13));
#9825 = CARTESIAN_POINT('',(0.565386228088,1.015386228088,0.625));
#9826 = B_SPLINE_SURFACE_WITH_KNOTS('',1,1,(
    (#9827,#9828)
    ,(#9829,#9830
    )),.UNSPECIFIED.,.F.,.F.,.F.,(2,2),(2,2),(0.,1.2),(0.,1.),
  .PIECEWISE_BEZIER_KNOTS.);
#9827 = CARTESIAN_POINT('',(0.6,1.05,0.13));
#9828 = CARTESIAN_POINT('',(0.565386228088,1.015386228088,0.625));
#9829 = CARTESIAN_POINT('',(-0.6,1.05,0.13));
#9830 = CARTESIAN_POINT('',(-0.565386228088,1.015386228088,0.625));
#9831 = ADVANCED_FACE('',(#9832),#9852,.T.);
#9832 = FACE_BOUND('',#9833,.T.);
#9833 = EDGE_LOOP('',(#9834,#9844,#9845,#9846));
#9834 = ORIENTED_EDGE('',*,*,#9835,.F.);
#9835 = EDGE_CURVE('',#9790,#9836,#9838,.T.);
#9836 = VERTEX_POINT('',#9837);
#9837 = CARTESIAN_POINT('',(0.6,0.86,0.13));
#9838 = B_SPLINE_CURVE_WITH_KNOTS('',4,(#9839,#9840,#9841,#9842,#9843),
  .UNSPECIFIED.,.F.,.F.,(5,5),(0.,1.),.PIECEWISE_BEZIER_KNOTS.);
#9839 = CARTESIAN_POINT('',(0.592657684746,0.86,2.5E-02));
#9840 = CARTESIAN_POINT('',(0.594493263089,0.86,5.124999327922E-02));
#9841 = CARTESIAN_POINT('',(0.59632884175,0.86,7.749999109156E-02));
#9842 = CARTESIAN_POINT('',(0.598164420722,0.86,0.103749993357));
#9843 = CARTESIAN_POINT('',(0.6,0.86,0.13));
#9844 = ORIENTED_EDGE('',*,*,#9797,.T.);
#9845 = ORIENTED_EDGE('',*,*,#9515,.T.);
#9846 = ORIENTED_EDGE('',*,*,#9847,.F.);
#9847 = EDGE_CURVE('',#9836,#9508,#9848,.T.);
#9848 = LINE('',#9849,#9850);
#9849 = CARTESIAN_POINT('',(0.6,-1.05,0.13));
#9850 = VECTOR('',#9851,1.);
#9851 = DIRECTION('',(-1.110223024625E-16,1.,0.));
#9852 = B_SPLINE_SURFACE_WITH_KNOTS('',1,1,(
    (#9853,#9854)
    ,(#9855,#9856
    )),.UNSPECIFIED.,.F.,.F.,.F.,(2,2),(2,2),(0.,2.1),(0.,1.),
  .PIECEWISE_BEZIER_KNOTS.);
#9853 = CARTESIAN_POINT('',(0.592657684746,-1.042657684746,2.5E-02));
#9854 = CARTESIAN_POINT('',(0.6,-1.05,0.13));
#9855 = CARTESIAN_POINT('',(0.592657684746,1.042657684746,2.5E-02));
#9856 = CARTESIAN_POINT('',(0.6,1.05,0.13));
#9857 = ADVANCED_FACE('',(#9858),#9876,.T.);
#9858 = FACE_BOUND('',#9859,.T.);
#9859 = EDGE_LOOP('',(#9860,#9861,#9862,#9870));
#9860 = ORIENTED_EDGE('',*,*,#9529,.F.);
#9861 = ORIENTED_EDGE('',*,*,#9646,.T.);
#9862 = ORIENTED_EDGE('',*,*,#9863,.T.);
#9863 = EDGE_CURVE('',#9624,#9864,#9866,.T.);
#9864 = VERTEX_POINT('',#9865);
#9865 = CARTESIAN_POINT('',(-0.8,0.64,0.13));
#9866 = LINE('',#9867,#9868);
#9867 = CARTESIAN_POINT('',(-0.8,0.86,0.13));
#9868 = VECTOR('',#9869,1.);
#9869 = DIRECTION('',(1.110223024625E-16,-1.,0.));
#9870 = ORIENTED_EDGE('',*,*,#9871,.F.);
#9871 = EDGE_CURVE('',#9530,#9864,#9872,.T.);
#9872 = LINE('',#9873,#9874);
#9873 = CARTESIAN_POINT('',(-0.592657684746,0.64,0.13));
#9874 = VECTOR('',#9875,1.);
#9875 = DIRECTION('',(-1.,-1.110223024625E-16,0.));
#9876 = PLANE('',#9877);
#9877 = AXIS2_PLACEMENT_3D('',#9878,#9879,#9880);
#9878 = CARTESIAN_POINT('',(-0.592657684746,0.86,0.13));
#9879 = DIRECTION('',(0.,0.,1.));
#9880 = DIRECTION('',(-1.,-1.110223024625E-16,0.));
#9881 = ADVANCED_FACE('',(#9882),#9902,.T.);
#9882 = FACE_BOUND('',#9883,.T.);
#9883 = EDGE_LOOP('',(#9884,#9892,#9893,#9901));
#9884 = ORIENTED_EDGE('',*,*,#9885,.F.);
#9885 = EDGE_CURVE('',#9662,#9530,#9886,.T.);
#9886 = B_SPLINE_CURVE_WITH_KNOTS('',4,(#9887,#9888,#9889,#9890,#9891),
  .UNSPECIFIED.,.F.,.F.,(5,5),(0.,1.),.PIECEWISE_BEZIER_KNOTS.);
#9887 = CARTESIAN_POINT('',(-0.592657684746,0.64,2.5E-02));
#9888 = CARTESIAN_POINT('',(-0.594493263299,0.64,5.124999627789E-02));
#9889 = CARTESIAN_POINT('',(-0.596328842028,0.64,7.74999950663E-02));
#9890 = CARTESIAN_POINT('',(-0.598164420929,0.64,0.103749996321));
#9891 = CARTESIAN_POINT('',(-0.6,0.64,0.13));
#9892 = ORIENTED_EDGE('',*,*,#9669,.T.);
#9893 = ORIENTED_EDGE('',*,*,#9894,.T.);
#9894 = EDGE_CURVE('',#9670,#9538,#9895,.T.);
#9895 = B_SPLINE_CURVE_WITH_KNOTS('',4,(#9896,#9897,#9898,#9899,#9900),
  .UNSPECIFIED.,.F.,.F.,(5,5),(0.,1.),.PIECEWISE_BEZIER_KNOTS.);
#9896 = CARTESIAN_POINT('',(-0.592657684746,0.36,2.5E-02));
#9897 = CARTESIAN_POINT('',(-0.594493263477,0.36,5.124999882228E-02));
#9898 = CARTESIAN_POINT('',(-0.596328842264,0.36,7.749999843893E-02));
#9899 = CARTESIAN_POINT('',(-0.598164421105,0.36,0.103749998836));
#9900 = CARTESIAN_POINT('',(-0.6,0.36,0.13));
#9901 = ORIENTED_EDGE('',*,*,#9537,.F.);
#9902 = B_SPLINE_SURFACE_WITH_KNOTS('',1,1,(
    (#9903,#9904)
    ,(#9905,#9906
    )),.UNSPECIFIED.,.F.,.F.,.F.,(2,2),(2,2),(0.,2.1),(0.,1.),
  .PIECEWISE_BEZIER_KNOTS.);
#9903 = CARTESIAN_POINT('',(-0.592657684746,1.042657684746,2.5E-02));
#9904 = CARTESIAN_POINT('',(-0.6,1.05,0.13));
#9905 = CARTESIAN_POINT('',(-0.592657684746,-1.042657684746,2.5E-02));
#9906 = CARTESIAN_POINT('',(-0.6,-1.05,0.13));
#9907 = ADVANCED_FACE('',(#9908),#9933,.T.);
#9908 = FACE_BOUND('',#9909,.T.);
#9909 = EDGE_LOOP('',(#9910,#9911,#9919,#9927));
#9910 = ORIENTED_EDGE('',*,*,#9545,.F.);
#9911 = ORIENTED_EDGE('',*,*,#9912,.T.);
#9912 = EDGE_CURVE('',#9538,#9913,#9915,.T.);
#9913 = VERTEX_POINT('',#9914);
#9914 = CARTESIAN_POINT('',(-0.8,0.36,0.13));
#9915 = LINE('',#9916,#9917);
#9916 = CARTESIAN_POINT('',(-0.592657684746,0.36,0.13));
#9917 = VECTOR('',#9918,1.);
#9918 = DIRECTION('',(-1.,-1.110223024625E-16,0.));
#9919 = ORIENTED_EDGE('',*,*,#9920,.T.);
#9920 = EDGE_CURVE('',#9913,#9921,#9923,.T.);
#9921 = VERTEX_POINT('',#9922);
#9922 = CARTESIAN_POINT('',(-0.8,0.14,0.13));
#9923 = LINE('',#9924,#9925);
#9924 = CARTESIAN_POINT('',(-0.8,0.36,0.13));
#9925 = VECTOR('',#9926,1.);
#9926 = DIRECTION('',(1.110223024625E-16,-1.,0.));
#9927 = ORIENTED_EDGE('',*,*,#9928,.F.);
#9928 = EDGE_CURVE('',#9546,#9921,#9929,.T.);
#9929 = LINE('',#9930,#9931);
#9930 = CARTESIAN_POINT('',(-0.592657684746,0.14,0.13));
#9931 = VECTOR('',#9932,1.);
#9932 = DIRECTION('',(-1.,-1.110223024625E-16,0.));
#9933 = PLANE('',#9934);
#9934 = AXIS2_PLACEMENT_3D('',#9935,#9936,#9937);
#9935 = CARTESIAN_POINT('',(-0.592657684746,0.36,0.13));
#9936 = DIRECTION('',(0.,0.,1.));
#9937 = DIRECTION('',(-1.,-1.110223024625E-16,0.));
#9938 = ADVANCED_FACE('',(#9939),#9963,.T.);
#9939 = FACE_BOUND('',#9940,.T.);
#9940 = EDGE_LOOP('',(#9941,#9951,#9952,#9962));
#9941 = ORIENTED_EDGE('',*,*,#9942,.F.);
#9942 = EDGE_CURVE('',#9678,#9546,#9943,.T.);
#9943 = B_SPLINE_CURVE_WITH_KNOTS('',3,(#9944,#9945,#9946,#9947,#9948,
    #9949,#9950),.UNSPECIFIED.,.F.,.F.,(4,1,1,1,4),(0.,0.318000001468,
    0.637000001562,0.958000000276,1.),.UNSPECIFIED.);
#9944 = CARTESIAN_POINT('',(-0.592657684746,0.14,2.5E-02));
#9945 = CARTESIAN_POINT('',(-0.593435970161,0.14,3.612999997588E-02));
#9946 = CARTESIAN_POINT('',(-0.59499498843,0.14,5.842499992792E-02));
#9947 = CARTESIAN_POINT('',(-0.597339634435,0.14,9.195499992828E-02));
#9948 = CARTESIAN_POINT('',(-0.599008787439,0.14,0.115824999973));
#9949 = CARTESIAN_POINT('',(-0.599897207586,0.14,0.12853));
#9950 = CARTESIAN_POINT('',(-0.6,0.14,0.13));
#9951 = ORIENTED_EDGE('',*,*,#9685,.T.);
#9952 = ORIENTED_EDGE('',*,*,#9953,.T.);
#9953 = EDGE_CURVE('',#9686,#9554,#9954,.T.);
#9954 = B_SPLINE_CURVE_WITH_KNOTS('',3,(#9955,#9956,#9957,#9958,#9959,
    #9960,#9961),.UNSPECIFIED.,.F.,.F.,(4,1,1,1,4),(0.,0.318000001468,
    0.637000001562,0.958000000276,1.),.UNSPECIFIED.);
#9955 = CARTESIAN_POINT('',(-0.592657684746,-0.14,2.5E-02));
#9956 = CARTESIAN_POINT('',(-0.593435970161,-0.14,3.612999997588E-02));
#9957 = CARTESIAN_POINT('',(-0.59499498843,-0.14,5.842499992792E-02));
#9958 = CARTESIAN_POINT('',(-0.597339634435,-0.14,9.195499992828E-02));
#9959 = CARTESIAN_POINT('',(-0.599008787439,-0.14,0.115824999973));
#9960 = CARTESIAN_POINT('',(-0.599897207586,-0.14,0.12853));
#9961 = CARTESIAN_POINT('',(-0.6,-0.14,0.13));
#9962 = ORIENTED_EDGE('',*,*,#9553,.F.);
#9963 = B_SPLINE_SURFACE_WITH_KNOTS('',1,1,(
    (#9964,#9965)
    ,(#9966,#9967
    )),.UNSPECIFIED.,.F.,.F.,.F.,(2,2),(2,2),(0.,2.1),(0.,1.),
  .PIECEWISE_BEZIER_KNOTS.);
#9964 = CARTESIAN_POINT('',(-0.592657684746,1.042657684746,2.5E-02));
#9965 = CARTESIAN_POINT('',(-0.6,1.05,0.13));
#9966 = CARTESIAN_POINT('',(-0.592657684746,-1.042657684746,2.5E-02));
#9967 = CARTESIAN_POINT('',(-0.6,-1.05,0.13));
#9968 = ADVANCED_FACE('',(#9969),#9994,.T.);
#9969 = FACE_BOUND('',#9970,.T.);
#9970 = EDGE_LOOP('',(#9971,#9972,#9980,#9988));
#9971 = ORIENTED_EDGE('',*,*,#9561,.F.);
#9972 = ORIENTED_EDGE('',*,*,#9973,.T.);
#9973 = EDGE_CURVE('',#9554,#9974,#9976,.T.);
#9974 = VERTEX_POINT('',#9975);
#9975 = CARTESIAN_POINT('',(-0.8,-0.14,0.13));
#9976 = LINE('',#9977,#9978);
#9977 = CARTESIAN_POINT('',(-0.592657684746,-0.14,0.13));
#9978 = VECTOR('',#9979,1.);
#9979 = DIRECTION('',(-1.,-1.110223024625E-16,0.));
#9980 = ORIENTED_EDGE('',*,*,#9981,.T.);
#9981 = EDGE_CURVE('',#9974,#9982,#9984,.T.);
#9982 = VERTEX_POINT('',#9983);
#9983 = CARTESIAN_POINT('',(-0.8,-0.36,0.13));
#9984 = LINE('',#9985,#9986);
#9985 = CARTESIAN_POINT('',(-0.8,-0.14,0.13));
#9986 = VECTOR('',#9987,1.);
#9987 = DIRECTION('',(1.110223024625E-16,-1.,0.));
#9988 = ORIENTED_EDGE('',*,*,#9989,.F.);
#9989 = EDGE_CURVE('',#9562,#9982,#9990,.T.);
#9990 = LINE('',#9991,#9992);
#9991 = CARTESIAN_POINT('',(-0.592657684746,-0.36,0.13));
#9992 = VECTOR('',#9993,1.);
#9993 = DIRECTION('',(-1.,-1.110223024625E-16,0.));
#9994 = PLANE('',#9995);
#9995 = AXIS2_PLACEMENT_3D('',#9996,#9997,#9998);
#9996 = CARTESIAN_POINT('',(-0.592657684746,-0.14,0.13));
#9997 = DIRECTION('',(0.,0.,1.));
#9998 = DIRECTION('',(-1.,-1.110223024625E-16,0.));
#9999 = ADVANCED_FACE('',(#10000),#10020,.T.);
#10000 = FACE_BOUND('',#10001,.T.);
#10001 = EDGE_LOOP('',(#10002,#10010,#10011,#10019));
#10002 = ORIENTED_EDGE('',*,*,#10003,.F.);
#10003 = EDGE_CURVE('',#9694,#9562,#10004,.T.);
#10004 = B_SPLINE_CURVE_WITH_KNOTS('',4,(#10005,#10006,#10007,#10008,
    #10009),.UNSPECIFIED.,.F.,.F.,(5,5),(0.,1.),
  .PIECEWISE_BEZIER_KNOTS.);
#10005 = CARTESIAN_POINT('',(-0.592657684746,-0.36,2.5E-02));
#10006 = CARTESIAN_POINT('',(-0.594493263477,-0.36,5.124999882228E-02));
#10007 = CARTESIAN_POINT('',(-0.596328842264,-0.36,7.749999843893E-02));
#10008 = CARTESIAN_POINT('',(-0.598164421105,-0.36,0.103749998836));
#10009 = CARTESIAN_POINT('',(-0.6,-0.36,0.13));
#10010 = ORIENTED_EDGE('',*,*,#9701,.T.);
#10011 = ORIENTED_EDGE('',*,*,#10012,.T.);
#10012 = EDGE_CURVE('',#9702,#9570,#10013,.T.);
#10013 = B_SPLINE_CURVE_WITH_KNOTS('',4,(#10014,#10015,#10016,#10017,
    #10018),.UNSPECIFIED.,.F.,.F.,(5,5),(0.,1.),
  .PIECEWISE_BEZIER_KNOTS.);
#10014 = CARTESIAN_POINT('',(-0.592657684746,-0.64,2.5E-02));
#10015 = CARTESIAN_POINT('',(-0.594493263299,-0.64,5.124999627789E-02));
#10016 = CARTESIAN_POINT('',(-0.596328842028,-0.64,7.74999950663E-02));
#10017 = CARTESIAN_POINT('',(-0.598164420929,-0.64,0.103749996321));
#10018 = CARTESIAN_POINT('',(-0.6,-0.64,0.13));
#10019 = ORIENTED_EDGE('',*,*,#9569,.F.);
#10020 = B_SPLINE_SURFACE_WITH_KNOTS('',1,1,(
    (#10021,#10022)
    ,(#10023,#10024
    )),.UNSPECIFIED.,.F.,.F.,.F.,(2,2),(2,2),(0.,2.1),(0.,1.),
  .PIECEWISE_BEZIER_KNOTS.);
#10021 = CARTESIAN_POINT('',(-0.592657684746,1.042657684746,2.5E-02));
#10022 = CARTESIAN_POINT('',(-0.6,1.05,0.13));
#10023 = CARTESIAN_POINT('',(-0.592657684746,-1.042657684746,2.5E-02));
#10024 = CARTESIAN_POINT('',(-0.6,-1.05,0.13));
#10025 = ADVANCED_FACE('',(#10026),#10051,.T.);
#10026 = FACE_BOUND('',#10027,.T.);
#10027 = EDGE_LOOP('',(#10028,#10029,#10037,#10045));
#10028 = ORIENTED_EDGE('',*,*,#9577,.F.);
#10029 = ORIENTED_EDGE('',*,*,#10030,.T.);
#10030 = EDGE_CURVE('',#9570,#10031,#10033,.T.);
#10031 = VERTEX_POINT('',#10032);
#10032 = CARTESIAN_POINT('',(-0.8,-0.64,0.13));
#10033 = LINE('',#10034,#10035);
#10034 = CARTESIAN_POINT('',(-0.592657684746,-0.64,0.13));
#10035 = VECTOR('',#10036,1.);
#10036 = DIRECTION('',(-1.,-1.110223024625E-16,0.));
#10037 = ORIENTED_EDGE('',*,*,#10038,.T.);
#10038 = EDGE_CURVE('',#10031,#10039,#10041,.T.);
#10039 = VERTEX_POINT('',#10040);
#10040 = CARTESIAN_POINT('',(-0.8,-0.86,0.13));
#10041 = LINE('',#10042,#10043);
#10042 = CARTESIAN_POINT('',(-0.8,-0.64,0.13));
#10043 = VECTOR('',#10044,1.);
#10044 = DIRECTION('',(1.110223024625E-16,-1.,0.));
#10045 = ORIENTED_EDGE('',*,*,#10046,.F.);
#10046 = EDGE_CURVE('',#9578,#10039,#10047,.T.);
#10047 = LINE('',#10048,#10049);
#10048 = CARTESIAN_POINT('',(-0.592657684746,-0.86,0.13));
#10049 = VECTOR('',#10050,1.);
#10050 = DIRECTION('',(-1.,-1.110223024625E-16,0.));
#10051 = PLANE('',#10052);
#10052 = AXIS2_PLACEMENT_3D('',#10053,#10054,#10055);
#10053 = CARTESIAN_POINT('',(-0.592657684746,-0.64,0.13));
#10054 = DIRECTION('',(0.,0.,1.));
#10055 = DIRECTION('',(-1.,-1.110223024625E-16,0.));
#10056 = ADVANCED_FACE('',(#10057),#10074,.T.);
#10057 = FACE_BOUND('',#10058,.T.);
#10058 = EDGE_LOOP('',(#10059,#10067,#10068,#10073));
#10059 = ORIENTED_EDGE('',*,*,#10060,.F.);
#10060 = EDGE_CURVE('',#9710,#9578,#10061,.T.);
#10061 = B_SPLINE_CURVE_WITH_KNOTS('',4,(#10062,#10063,#10064,#10065,
    #10066),.UNSPECIFIED.,.F.,.F.,(5,5),(0.,1.),
  .PIECEWISE_BEZIER_KNOTS.);
#10062 = CARTESIAN_POINT('',(-0.592657684746,-0.86,2.5E-02));
#10063 = CARTESIAN_POINT('',(-0.594493263089,-0.86,5.124999327922E-02));
#10064 = CARTESIAN_POINT('',(-0.59632884175,-0.86,7.749999109156E-02));
#10065 = CARTESIAN_POINT('',(-0.598164420722,-0.86,0.103749993357));
#10066 = CARTESIAN_POINT('',(-0.6,-0.86,0.13));
#10067 = ORIENTED_EDGE('',*,*,#9717,.T.);
#10068 = ORIENTED_EDGE('',*,*,#10069,.T.);
#10069 = EDGE_CURVE('',#9718,#9586,#10070,.T.);
#10070 = B_SPLINE_CURVE_WITH_KNOTS('',1,(#10071,#10072),.UNSPECIFIED.,
  .F.,.F.,(2,2),(0.,1.),.PIECEWISE_BEZIER_KNOTS.);
#10071 = CARTESIAN_POINT('',(-0.592657684746,-1.042657684746,2.5E-02));
#10072 = CARTESIAN_POINT('',(-0.6,-1.05,0.13));
#10073 = ORIENTED_EDGE('',*,*,#9585,.F.);
#10074 = B_SPLINE_SURFACE_WITH_KNOTS('',1,1,(
    (#10075,#10076)
    ,(#10077,#10078
    )),.UNSPECIFIED.,.F.,.F.,.F.,(2,2),(2,2),(0.,2.1),(0.,1.),
  .PIECEWISE_BEZIER_KNOTS.);
#10075 = CARTESIAN_POINT('',(-0.592657684746,1.042657684746,2.5E-02));
#10076 = CARTESIAN_POINT('',(-0.6,1.05,0.13));
#10077 = CARTESIAN_POINT('',(-0.592657684746,-1.042657684746,2.5E-02));
#10078 = CARTESIAN_POINT('',(-0.6,-1.05,0.13));
#10079 = ADVANCED_FACE('',(#10080),#10104,.T.);
#10080 = FACE_BOUND('',#10081,.T.);
#10081 = EDGE_LOOP('',(#10082,#10090,#10097,#10103));
#10082 = ORIENTED_EDGE('',*,*,#10083,.T.);
#10083 = EDGE_CURVE('',#9586,#10084,#10086,.T.);
#10084 = VERTEX_POINT('',#10085);
#10085 = CARTESIAN_POINT('',(0.6,-1.05,0.13));
#10086 = LINE('',#10087,#10088);
#10087 = CARTESIAN_POINT('',(-0.6,-1.05,0.13));
#10088 = VECTOR('',#10089,1.);
#10089 = DIRECTION('',(1.,0.,-0.));
#10090 = ORIENTED_EDGE('',*,*,#10091,.T.);
#10091 = EDGE_CURVE('',#10084,#10092,#10094,.T.);
#10092 = VERTEX_POINT('',#10093);
#10093 = CARTESIAN_POINT('',(0.565386228088,-1.015386228088,0.625));
#10094 = B_SPLINE_CURVE_WITH_KNOTS('',1,(#10095,#10096),.UNSPECIFIED.,
  .F.,.F.,(2,2),(0.,1.),.PIECEWISE_BEZIER_KNOTS.);
#10095 = CARTESIAN_POINT('',(0.6,-1.05,0.13));
#10096 = CARTESIAN_POINT('',(0.565386228088,-1.015386228088,0.625));
#10097 = ORIENTED_EDGE('',*,*,#10098,.F.);
#10098 = EDGE_CURVE('',#9594,#10092,#10099,.T.);
#10099 = LINE('',#10100,#10101);
#10100 = CARTESIAN_POINT('',(-0.565386228088,-1.015386228088,0.625));
#10101 = VECTOR('',#10102,1.);
#10102 = DIRECTION('',(1.,0.,-0.));
#10103 = ORIENTED_EDGE('',*,*,#9593,.F.);
#10104 = B_SPLINE_SURFACE_WITH_KNOTS('',1,1,(
    (#10105,#10106)
    ,(#10107,#10108
    )),.UNSPECIFIED.,.F.,.F.,.F.,(2,2),(2,2),(0.,1.2),(0.,1.),
  .PIECEWISE_BEZIER_KNOTS.);
#10105 = CARTESIAN_POINT('',(-0.6,-1.05,0.13));
#10106 = CARTESIAN_POINT('',(-0.565386228088,-1.015386228088,0.625));
#10107 = CARTESIAN_POINT('',(0.6,-1.05,0.13));
#10108 = CARTESIAN_POINT('',(0.565386228088,-1.015386228088,0.625));
#10109 = ADVANCED_FACE('',(#10110,#10121),#10132,.F.);
#10110 = FACE_BOUND('',#10111,.F.);
#10111 = EDGE_LOOP('',(#10112,#10113,#10114,#10120));
#10112 = ORIENTED_EDGE('',*,*,#9600,.F.);
#10113 = ORIENTED_EDGE('',*,*,#9814,.F.);
#10114 = ORIENTED_EDGE('',*,*,#10115,.F.);
#10115 = EDGE_CURVE('',#10092,#9815,#10116,.T.);
#10116 = LINE('',#10117,#10118);
#10117 = CARTESIAN_POINT('',(0.565386228088,-1.015386228088,0.625));
#10118 = VECTOR('',#10119,1.);
#10119 = DIRECTION('',(-1.110223024625E-16,1.,0.));
#10120 = ORIENTED_EDGE('',*,*,#10098,.F.);
#10121 = FACE_BOUND('',#10122,.F.);
#10122 = EDGE_LOOP('',(#10123));
#10123 = ORIENTED_EDGE('',*,*,#10124,.F.);
#10124 = EDGE_CURVE('',#10125,#10125,#10127,.T.);
#10125 = VERTEX_POINT('',#10126);
#10126 = CARTESIAN_POINT('',(-0.365386228088,0.765386228088,0.625));
#10127 = CIRCLE('',#10128,5.E-02);
#10128 = AXIS2_PLACEMENT_3D('',#10129,#10130,#10131);
#10129 = CARTESIAN_POINT('',(-0.365386228088,0.815386228088,0.625));
#10130 = DIRECTION('',(0.,0.,-1.));
#10131 = DIRECTION('',(1.110223024625E-16,-1.,0.));
#10132 = PLANE('',#10133);
#10133 = AXIS2_PLACEMENT_3D('',#10134,#10135,#10136);
#10134 = CARTESIAN_POINT('',(-0.565386228088,1.015386228088,0.625));
#10135 = DIRECTION('',(0.,0.,-1.));
#10136 = DIRECTION('',(0.486486141898,-0.873688293238,0.));
#10137 = ADVANCED_FACE('',(#10138),#10156,.T.);
#10138 = FACE_BOUND('',#10139,.T.);
#10139 = EDGE_LOOP('',(#10140,#10141,#10149,#10155));
#10140 = ORIENTED_EDGE('',*,*,#9621,.F.);
#10141 = ORIENTED_EDGE('',*,*,#10142,.T.);
#10142 = EDGE_CURVE('',#9622,#10143,#10145,.T.);
#10143 = VERTEX_POINT('',#10144);
#10144 = CARTESIAN_POINT('',(-0.8,0.64,0.));
#10145 = LINE('',#10146,#10147);
#10146 = CARTESIAN_POINT('',(-0.8,0.86,0.));
#10147 = VECTOR('',#10148,1.);
#10148 = DIRECTION('',(1.110223024625E-16,-1.,0.));
#10149 = ORIENTED_EDGE('',*,*,#10150,.T.);
#10150 = EDGE_CURVE('',#10143,#9864,#10151,.T.);
#10151 = LINE('',#10152,#10153);
#10152 = CARTESIAN_POINT('',(-0.8,0.64,0.));
#10153 = VECTOR('',#10154,1.);
#10154 = DIRECTION('',(0.,0.,1.));
#10155 = ORIENTED_EDGE('',*,*,#9863,.F.);
#10156 = PLANE('',#10157);
#10157 = AXIS2_PLACEMENT_3D('',#10158,#10159,#10160);
#10158 = CARTESIAN_POINT('',(-0.8,0.86,0.));
#10159 = DIRECTION('',(-1.,-1.110223024625E-16,0.));
#10160 = DIRECTION('',(0.,0.,1.));
#10161 = ADVANCED_FACE('',(#10162),#10180,.F.);
#10162 = FACE_BOUND('',#10163,.F.);
#10163 = EDGE_LOOP('',(#10164,#10165,#10173,#10179));
#10164 = ORIENTED_EDGE('',*,*,#9639,.F.);
#10165 = ORIENTED_EDGE('',*,*,#10166,.T.);
#10166 = EDGE_CURVE('',#9632,#10167,#10169,.T.);
#10167 = VERTEX_POINT('',#10168);
#10168 = CARTESIAN_POINT('',(-0.592657684746,0.64,0.));
#10169 = LINE('',#10170,#10171);
#10170 = CARTESIAN_POINT('',(-0.592657684746,0.86,0.));
#10171 = VECTOR('',#10172,1.);
#10172 = DIRECTION('',(1.110223024625E-16,-1.,0.));
#10173 = ORIENTED_EDGE('',*,*,#10174,.T.);
#10174 = EDGE_CURVE('',#10167,#9662,#10175,.T.);
#10175 = LINE('',#10176,#10177);
#10176 = CARTESIAN_POINT('',(-0.592657684746,0.64,0.));
#10177 = VECTOR('',#10178,1.);
#10178 = DIRECTION('',(0.,0.,1.));
#10179 = ORIENTED_EDGE('',*,*,#9661,.F.);
#10180 = PLANE('',#10181);
#10181 = AXIS2_PLACEMENT_3D('',#10182,#10183,#10184);
#10182 = CARTESIAN_POINT('',(-0.592657684746,0.86,0.));
#10183 = DIRECTION('',(-1.,-1.110223024625E-16,0.));
#10184 = DIRECTION('',(0.,0.,1.));
#10185 = ADVANCED_FACE('',(#10186),#10197,.F.);
#10186 = FACE_BOUND('',#10187,.F.);
#10187 = EDGE_LOOP('',(#10188,#10189,#10190,#10191));
#10188 = ORIENTED_EDGE('',*,*,#10166,.F.);
#10189 = ORIENTED_EDGE('',*,*,#9631,.T.);
#10190 = ORIENTED_EDGE('',*,*,#10142,.T.);
#10191 = ORIENTED_EDGE('',*,*,#10192,.F.);
#10192 = EDGE_CURVE('',#10167,#10143,#10193,.T.);
#10193 = LINE('',#10194,#10195);
#10194 = CARTESIAN_POINT('',(-0.592657684746,0.64,0.));
#10195 = VECTOR('',#10196,1.);
#10196 = DIRECTION('',(-1.,-1.110223024625E-16,0.));
#10197 = PLANE('',#10198);
#10198 = AXIS2_PLACEMENT_3D('',#10199,#10200,#10201);
#10199 = CARTESIAN_POINT('',(-0.592657684746,0.86,0.));
#10200 = DIRECTION('',(0.,0.,1.));
#10201 = DIRECTION('',(-1.,-1.110223024625E-16,0.));
#10202 = ADVANCED_FACE('',(#10203),#10228,.F.);
#10203 = FACE_BOUND('',#10204,.F.);
#10204 = EDGE_LOOP('',(#10205,#10213,#10221,#10227));
#10205 = ORIENTED_EDGE('',*,*,#10206,.F.);
#10206 = EDGE_CURVE('',#10207,#9670,#10209,.T.);
#10207 = VERTEX_POINT('',#10208);
#10208 = CARTESIAN_POINT('',(-0.592657684746,0.36,0.));
#10209 = LINE('',#10210,#10211);
#10210 = CARTESIAN_POINT('',(-0.592657684746,0.36,0.));
#10211 = VECTOR('',#10212,1.);
#10212 = DIRECTION('',(0.,0.,1.));
#10213 = ORIENTED_EDGE('',*,*,#10214,.T.);
#10214 = EDGE_CURVE('',#10207,#10215,#10217,.T.);
#10215 = VERTEX_POINT('',#10216);
#10216 = CARTESIAN_POINT('',(-0.592657684746,0.14,0.));
#10217 = LINE('',#10218,#10219);
#10218 = CARTESIAN_POINT('',(-0.592657684746,0.36,0.));
#10219 = VECTOR('',#10220,1.);
#10220 = DIRECTION('',(1.110223024625E-16,-1.,0.));
#10221 = ORIENTED_EDGE('',*,*,#10222,.T.);
#10222 = EDGE_CURVE('',#10215,#9678,#10223,.T.);
#10223 = LINE('',#10224,#10225);
#10224 = CARTESIAN_POINT('',(-0.592657684746,0.14,0.));
#10225 = VECTOR('',#10226,1.);
#10226 = DIRECTION('',(0.,0.,1.));
#10227 = ORIENTED_EDGE('',*,*,#9677,.F.);
#10228 = PLANE('',#10229);
#10229 = AXIS2_PLACEMENT_3D('',#10230,#10231,#10232);
#10230 = CARTESIAN_POINT('',(-0.592657684746,0.36,0.));
#10231 = DIRECTION('',(-1.,-1.110223024625E-16,0.));
#10232 = DIRECTION('',(0.,0.,1.));
#10233 = ADVANCED_FACE('',(#10234),#10259,.F.);
#10234 = FACE_BOUND('',#10235,.F.);
#10235 = EDGE_LOOP('',(#10236,#10244,#10252,#10258));
#10236 = ORIENTED_EDGE('',*,*,#10237,.F.);
#10237 = EDGE_CURVE('',#10238,#9686,#10240,.T.);
#10238 = VERTEX_POINT('',#10239);
#10239 = CARTESIAN_POINT('',(-0.592657684746,-0.14,0.));
#10240 = LINE('',#10241,#10242);
#10241 = CARTESIAN_POINT('',(-0.592657684746,-0.14,0.));
#10242 = VECTOR('',#10243,1.);
#10243 = DIRECTION('',(0.,0.,1.));
#10244 = ORIENTED_EDGE('',*,*,#10245,.T.);
#10245 = EDGE_CURVE('',#10238,#10246,#10248,.T.);
#10246 = VERTEX_POINT('',#10247);
#10247 = CARTESIAN_POINT('',(-0.592657684746,-0.36,0.));
#10248 = LINE('',#10249,#10250);
#10249 = CARTESIAN_POINT('',(-0.592657684746,-0.14,0.));
#10250 = VECTOR('',#10251,1.);
#10251 = DIRECTION('',(1.110223024625E-16,-1.,0.));
#10252 = ORIENTED_EDGE('',*,*,#10253,.T.);
#10253 = EDGE_CURVE('',#10246,#9694,#10254,.T.);
#10254 = LINE('',#10255,#10256);
#10255 = CARTESIAN_POINT('',(-0.592657684746,-0.36,0.));
#10256 = VECTOR('',#10257,1.);
#10257 = DIRECTION('',(0.,0.,1.));
#10258 = ORIENTED_EDGE('',*,*,#9693,.F.);
#10259 = PLANE('',#10260);
#10260 = AXIS2_PLACEMENT_3D('',#10261,#10262,#10263);
#10261 = CARTESIAN_POINT('',(-0.592657684746,-0.14,0.));
#10262 = DIRECTION('',(-1.,-1.110223024625E-16,0.));
#10263 = DIRECTION('',(0.,0.,1.));
#10264 = ADVANCED_FACE('',(#10265),#10290,.F.);
#10265 = FACE_BOUND('',#10266,.F.);
#10266 = EDGE_LOOP('',(#10267,#10275,#10283,#10289));
#10267 = ORIENTED_EDGE('',*,*,#10268,.F.);
#10268 = EDGE_CURVE('',#10269,#9702,#10271,.T.);
#10269 = VERTEX_POINT('',#10270);
#10270 = CARTESIAN_POINT('',(-0.592657684746,-0.64,0.));
#10271 = LINE('',#10272,#10273);
#10272 = CARTESIAN_POINT('',(-0.592657684746,-0.64,0.));
#10273 = VECTOR('',#10274,1.);
#10274 = DIRECTION('',(0.,0.,1.));
#10275 = ORIENTED_EDGE('',*,*,#10276,.T.);
#10276 = EDGE_CURVE('',#10269,#10277,#10279,.T.);
#10277 = VERTEX_POINT('',#10278);
#10278 = CARTESIAN_POINT('',(-0.592657684746,-0.86,0.));
#10279 = LINE('',#10280,#10281);
#10280 = CARTESIAN_POINT('',(-0.592657684746,-0.64,0.));
#10281 = VECTOR('',#10282,1.);
#10282 = DIRECTION('',(1.110223024625E-16,-1.,0.));
#10283 = ORIENTED_EDGE('',*,*,#10284,.T.);
#10284 = EDGE_CURVE('',#10277,#9710,#10285,.T.);
#10285 = LINE('',#10286,#10287);
#10286 = CARTESIAN_POINT('',(-0.592657684746,-0.86,0.));
#10287 = VECTOR('',#10288,1.);
#10288 = DIRECTION('',(0.,0.,1.));
#10289 = ORIENTED_EDGE('',*,*,#9709,.F.);
#10290 = PLANE('',#10291);
#10291 = AXIS2_PLACEMENT_3D('',#10292,#10293,#10294);
#10292 = CARTESIAN_POINT('',(-0.592657684746,-0.64,0.));
#10293 = DIRECTION('',(-1.,-1.110223024625E-16,0.));
#10294 = DIRECTION('',(0.,0.,1.));
#10295 = ADVANCED_FACE('',(#10296),#10306,.T.);
#10296 = FACE_BOUND('',#10297,.T.);
#10297 = EDGE_LOOP('',(#10298,#10299,#10304,#10305));
#10298 = ORIENTED_EDGE('',*,*,#9725,.T.);
#10299 = ORIENTED_EDGE('',*,*,#10300,.T.);
#10300 = EDGE_CURVE('',#9726,#10084,#10301,.T.);
#10301 = B_SPLINE_CURVE_WITH_KNOTS('',1,(#10302,#10303),.UNSPECIFIED.,
  .F.,.F.,(2,2),(0.,1.),.PIECEWISE_BEZIER_KNOTS.);
#10302 = CARTESIAN_POINT('',(0.592657684746,-1.042657684746,2.5E-02));
#10303 = CARTESIAN_POINT('',(0.6,-1.05,0.13));
#10304 = ORIENTED_EDGE('',*,*,#10083,.F.);
#10305 = ORIENTED_EDGE('',*,*,#10069,.F.);
#10306 = B_SPLINE_SURFACE_WITH_KNOTS('',1,1,(
    (#10307,#10308)
    ,(#10309,#10310
    )),.UNSPECIFIED.,.F.,.F.,.F.,(2,2),(2,2),(0.,1.2),(0.,1.),
  .PIECEWISE_BEZIER_KNOTS.);
#10307 = CARTESIAN_POINT('',(-0.592657684746,-1.042657684746,2.5E-02));
#10308 = CARTESIAN_POINT('',(-0.6,-1.05,0.13));
#10309 = CARTESIAN_POINT('',(0.592657684746,-1.042657684746,2.5E-02));
#10310 = CARTESIAN_POINT('',(0.6,-1.05,0.13));
#10311 = ADVANCED_FACE('',(#10312),#10332,.T.);
#10312 = FACE_BOUND('',#10313,.T.);
#10313 = EDGE_LOOP('',(#10314,#10315,#10316,#10326));
#10314 = ORIENTED_EDGE('',*,*,#10300,.F.);
#10315 = ORIENTED_EDGE('',*,*,#9733,.T.);
#10316 = ORIENTED_EDGE('',*,*,#10317,.T.);
#10317 = EDGE_CURVE('',#9734,#10318,#10320,.T.);
#10318 = VERTEX_POINT('',#10319);
#10319 = CARTESIAN_POINT('',(0.6,-0.86,0.13));
#10320 = B_SPLINE_CURVE_WITH_KNOTS('',4,(#10321,#10322,#10323,#10324,
    #10325),.UNSPECIFIED.,.F.,.F.,(5,5),(0.,1.),
  .PIECEWISE_BEZIER_KNOTS.);
#10321 = CARTESIAN_POINT('',(0.592657684746,-0.86,2.5E-02));
#10322 = CARTESIAN_POINT('',(0.594493263089,-0.86,5.124999327922E-02));
#10323 = CARTESIAN_POINT('',(0.59632884175,-0.86,7.749999109156E-02));
#10324 = CARTESIAN_POINT('',(0.598164420722,-0.86,0.103749993357));
#10325 = CARTESIAN_POINT('',(0.6,-0.86,0.13));
#10326 = ORIENTED_EDGE('',*,*,#10327,.F.);
#10327 = EDGE_CURVE('',#10084,#10318,#10328,.T.);
#10328 = LINE('',#10329,#10330);
#10329 = CARTESIAN_POINT('',(0.6,-1.05,0.13));
#10330 = VECTOR('',#10331,1.);
#10331 = DIRECTION('',(-1.110223024625E-16,1.,0.));
#10332 = B_SPLINE_SURFACE_WITH_KNOTS('',1,1,(
    (#10333,#10334)
    ,(#10335,#10336
    )),.UNSPECIFIED.,.F.,.F.,.F.,(2,2),(2,2),(0.,2.1),(0.,1.),
  .PIECEWISE_BEZIER_KNOTS.);
#10333 = CARTESIAN_POINT('',(0.592657684746,-1.042657684746,2.5E-02));
#10334 = CARTESIAN_POINT('',(0.6,-1.05,0.13));
#10335 = CARTESIAN_POINT('',(0.592657684746,1.042657684746,2.5E-02));
#10336 = CARTESIAN_POINT('',(0.6,1.05,0.13));
#10337 = ADVANCED_FACE('',(#10338),#10363,.F.);
#10338 = FACE_BOUND('',#10339,.F.);
#10339 = EDGE_LOOP('',(#10340,#10348,#10356,#10362));
#10340 = ORIENTED_EDGE('',*,*,#10341,.F.);
#10341 = EDGE_CURVE('',#10342,#9734,#10344,.T.);
#10342 = VERTEX_POINT('',#10343);
#10343 = CARTESIAN_POINT('',(0.592657684746,-0.86,0.));
#10344 = LINE('',#10345,#10346);
#10345 = CARTESIAN_POINT('',(0.592657684746,-0.86,0.));
#10346 = VECTOR('',#10347,1.);
#10347 = DIRECTION('',(0.,0.,1.));
#10348 = ORIENTED_EDGE('',*,*,#10349,.T.);
#10349 = EDGE_CURVE('',#10342,#10350,#10352,.T.);
#10350 = VERTEX_POINT('',#10351);
#10351 = CARTESIAN_POINT('',(0.592657684746,-0.64,0.));
#10352 = LINE('',#10353,#10354);
#10353 = CARTESIAN_POINT('',(0.592657684746,-0.86,0.));
#10354 = VECTOR('',#10355,1.);
#10355 = DIRECTION('',(-1.110223024625E-16,1.,0.));
#10356 = ORIENTED_EDGE('',*,*,#10357,.T.);
#10357 = EDGE_CURVE('',#10350,#9742,#10358,.T.);
#10358 = LINE('',#10359,#10360);
#10359 = CARTESIAN_POINT('',(0.592657684746,-0.64,0.));
#10360 = VECTOR('',#10361,1.);
#10361 = DIRECTION('',(0.,0.,1.));
#10362 = ORIENTED_EDGE('',*,*,#9741,.F.);
#10363 = PLANE('',#10364);
#10364 = AXIS2_PLACEMENT_3D('',#10365,#10366,#10367);
#10365 = CARTESIAN_POINT('',(0.592657684746,-0.86,0.));
#10366 = DIRECTION('',(1.,0.,-0.));
#10367 = DIRECTION('',(0.,0.,1.));
#10368 = ADVANCED_FACE('',(#10369),#10398,.T.);
#10369 = FACE_BOUND('',#10370,.T.);
#10370 = EDGE_LOOP('',(#10371,#10381,#10382,#10392));
#10371 = ORIENTED_EDGE('',*,*,#10372,.F.);
#10372 = EDGE_CURVE('',#9742,#10373,#10375,.T.);
#10373 = VERTEX_POINT('',#10374);
#10374 = CARTESIAN_POINT('',(0.6,-0.64,0.13));
#10375 = B_SPLINE_CURVE_WITH_KNOTS('',4,(#10376,#10377,#10378,#10379,
    #10380),.UNSPECIFIED.,.F.,.F.,(5,5),(0.,1.),
  .PIECEWISE_BEZIER_KNOTS.);
#10376 = CARTESIAN_POINT('',(0.592657684746,-0.64,2.5E-02));
#10377 = CARTESIAN_POINT('',(0.594493263299,-0.64,5.124999627789E-02));
#10378 = CARTESIAN_POINT('',(0.596328842028,-0.64,7.74999950663E-02));
#10379 = CARTESIAN_POINT('',(0.598164420929,-0.64,0.103749996321));
#10380 = CARTESIAN_POINT('',(0.6,-0.64,0.13));
#10381 = ORIENTED_EDGE('',*,*,#9749,.T.);
#10382 = ORIENTED_EDGE('',*,*,#10383,.T.);
#10383 = EDGE_CURVE('',#9750,#10384,#10386,.T.);
#10384 = VERTEX_POINT('',#10385);
#10385 = CARTESIAN_POINT('',(0.6,-0.36,0.13));
#10386 = B_SPLINE_CURVE_WITH_KNOTS('',4,(#10387,#10388,#10389,#10390,
    #10391),.UNSPECIFIED.,.F.,.F.,(5,5),(0.,1.),
  .PIECEWISE_BEZIER_KNOTS.);
#10387 = CARTESIAN_POINT('',(0.592657684746,-0.36,2.5E-02));
#10388 = CARTESIAN_POINT('',(0.594493263477,-0.36,5.124999882228E-02));
#10389 = CARTESIAN_POINT('',(0.596328842264,-0.36,7.749999843893E-02));
#10390 = CARTESIAN_POINT('',(0.598164421105,-0.36,0.103749998836));
#10391 = CARTESIAN_POINT('',(0.6,-0.36,0.13));
#10392 = ORIENTED_EDGE('',*,*,#10393,.F.);
#10393 = EDGE_CURVE('',#10373,#10384,#10394,.T.);
#10394 = LINE('',#10395,#10396);
#10395 = CARTESIAN_POINT('',(0.6,-1.05,0.13));
#10396 = VECTOR('',#10397,1.);
#10397 = DIRECTION('',(-1.110223024625E-16,1.,0.));
#10398 = B_SPLINE_SURFACE_WITH_KNOTS('',1,1,(
    (#10399,#10400)
    ,(#10401,#10402
    )),.UNSPECIFIED.,.F.,.F.,.F.,(2,2),(2,2),(0.,2.1),(0.,1.),
  .PIECEWISE_BEZIER_KNOTS.);
#10399 = CARTESIAN_POINT('',(0.592657684746,-1.042657684746,2.5E-02));
#10400 = CARTESIAN_POINT('',(0.6,-1.05,0.13));
#10401 = CARTESIAN_POINT('',(0.592657684746,1.042657684746,2.5E-02));
#10402 = CARTESIAN_POINT('',(0.6,1.05,0.13));
#10403 = ADVANCED_FACE('',(#10404),#10429,.F.);
#10404 = FACE_BOUND('',#10405,.F.);
#10405 = EDGE_LOOP('',(#10406,#10414,#10422,#10428));
#10406 = ORIENTED_EDGE('',*,*,#10407,.F.);
#10407 = EDGE_CURVE('',#10408,#9750,#10410,.T.);
#10408 = VERTEX_POINT('',#10409);
#10409 = CARTESIAN_POINT('',(0.592657684746,-0.36,0.));
#10410 = LINE('',#10411,#10412);
#10411 = CARTESIAN_POINT('',(0.592657684746,-0.36,0.));
#10412 = VECTOR('',#10413,1.);
#10413 = DIRECTION('',(0.,0.,1.));
#10414 = ORIENTED_EDGE('',*,*,#10415,.T.);
#10415 = EDGE_CURVE('',#10408,#10416,#10418,.T.);
#10416 = VERTEX_POINT('',#10417);
#10417 = CARTESIAN_POINT('',(0.592657684746,-0.14,0.));
#10418 = LINE('',#10419,#10420);
#10419 = CARTESIAN_POINT('',(0.592657684746,-0.36,0.));
#10420 = VECTOR('',#10421,1.);
#10421 = DIRECTION('',(-1.110223024625E-16,1.,0.));
#10422 = ORIENTED_EDGE('',*,*,#10423,.T.);
#10423 = EDGE_CURVE('',#10416,#9758,#10424,.T.);
#10424 = LINE('',#10425,#10426);
#10425 = CARTESIAN_POINT('',(0.592657684746,-0.14,0.));
#10426 = VECTOR('',#10427,1.);
#10427 = DIRECTION('',(0.,0.,1.));
#10428 = ORIENTED_EDGE('',*,*,#9757,.F.);
#10429 = PLANE('',#10430);
#10430 = AXIS2_PLACEMENT_3D('',#10431,#10432,#10433);
#10431 = CARTESIAN_POINT('',(0.592657684746,-0.36,0.));
#10432 = DIRECTION('',(1.,0.,-0.));
#10433 = DIRECTION('',(0.,0.,1.));
#10434 = ADVANCED_FACE('',(#10435),#10468,.T.);
#10435 = FACE_BOUND('',#10436,.T.);
#10436 = EDGE_LOOP('',(#10437,#10449,#10450,#10462));
#10437 = ORIENTED_EDGE('',*,*,#10438,.F.);
#10438 = EDGE_CURVE('',#9758,#10439,#10441,.T.);
#10439 = VERTEX_POINT('',#10440);
#10440 = CARTESIAN_POINT('',(0.6,-0.14,0.13));
#10441 = B_SPLINE_CURVE_WITH_KNOTS('',3,(#10442,#10443,#10444,#10445,
    #10446,#10447,#10448),.UNSPECIFIED.,.F.,.F.,(4,1,1,1,4),(0.,
    0.318000001468,0.637000001562,0.958000000276,1.),.UNSPECIFIED.);
#10442 = CARTESIAN_POINT('',(0.592657684746,-0.14,2.5E-02));
#10443 = CARTESIAN_POINT('',(0.593435970161,-0.14,3.612999997588E-02));
#10444 = CARTESIAN_POINT('',(0.59499498843,-0.14,5.842499992792E-02));
#10445 = CARTESIAN_POINT('',(0.597339634435,-0.14,9.195499992828E-02));
#10446 = CARTESIAN_POINT('',(0.599008787439,-0.14,0.115824999973));
#10447 = CARTESIAN_POINT('',(0.599897207586,-0.14,0.12853));
#10448 = CARTESIAN_POINT('',(0.6,-0.14,0.13));
#10449 = ORIENTED_EDGE('',*,*,#9765,.T.);
#10450 = ORIENTED_EDGE('',*,*,#10451,.T.);
#10451 = EDGE_CURVE('',#9766,#10452,#10454,.T.);
#10452 = VERTEX_POINT('',#10453);
#10453 = CARTESIAN_POINT('',(0.6,0.14,0.13));
#10454 = B_SPLINE_CURVE_WITH_KNOTS('',3,(#10455,#10456,#10457,#10458,
    #10459,#10460,#10461),.UNSPECIFIED.,.F.,.F.,(4,1,1,1,4),(0.,
    0.318000001468,0.637000001562,0.958000000276,1.),.UNSPECIFIED.);
#10455 = CARTESIAN_POINT('',(0.592657684746,0.14,2.5E-02));
#10456 = CARTESIAN_POINT('',(0.593435970161,0.14,3.612999997588E-02));
#10457 = CARTESIAN_POINT('',(0.59499498843,0.14,5.842499992792E-02));
#10458 = CARTESIAN_POINT('',(0.597339634435,0.14,9.195499992828E-02));
#10459 = CARTESIAN_POINT('',(0.599008787439,0.14,0.115824999973));
#10460 = CARTESIAN_POINT('',(0.599897207586,0.14,0.12853));
#10461 = CARTESIAN_POINT('',(0.6,0.14,0.13));
#10462 = ORIENTED_EDGE('',*,*,#10463,.F.);
#10463 = EDGE_CURVE('',#10439,#10452,#10464,.T.);
#10464 = LINE('',#10465,#10466);
#10465 = CARTESIAN_POINT('',(0.6,-1.05,0.13));
#10466 = VECTOR('',#10467,1.);
#10467 = DIRECTION('',(-1.110223024625E-16,1.,0.));
#10468 = B_SPLINE_SURFACE_WITH_KNOTS('',1,1,(
    (#10469,#10470)
    ,(#10471,#10472
    )),.UNSPECIFIED.,.F.,.F.,.F.,(2,2),(2,2),(0.,2.1),(0.,1.),
  .PIECEWISE_BEZIER_KNOTS.);
#10469 = CARTESIAN_POINT('',(0.592657684746,-1.042657684746,2.5E-02));
#10470 = CARTESIAN_POINT('',(0.6,-1.05,0.13));
#10471 = CARTESIAN_POINT('',(0.592657684746,1.042657684746,2.5E-02));
#10472 = CARTESIAN_POINT('',(0.6,1.05,0.13));
#10473 = ADVANCED_FACE('',(#10474),#10499,.F.);
#10474 = FACE_BOUND('',#10475,.F.);
#10475 = EDGE_LOOP('',(#10476,#10484,#10492,#10498));
#10476 = ORIENTED_EDGE('',*,*,#10477,.F.);
#10477 = EDGE_CURVE('',#10478,#9766,#10480,.T.);
#10478 = VERTEX_POINT('',#10479);
#10479 = CARTESIAN_POINT('',(0.592657684746,0.14,0.));
#10480 = LINE('',#10481,#10482);
#10481 = CARTESIAN_POINT('',(0.592657684746,0.14,0.));
#10482 = VECTOR('',#10483,1.);
#10483 = DIRECTION('',(0.,0.,1.));
#10484 = ORIENTED_EDGE('',*,*,#10485,.T.);
#10485 = EDGE_CURVE('',#10478,#10486,#10488,.T.);
#10486 = VERTEX_POINT('',#10487);
#10487 = CARTESIAN_POINT('',(0.592657684746,0.36,0.));
#10488 = LINE('',#10489,#10490);
#10489 = CARTESIAN_POINT('',(0.592657684746,0.14,0.));
#10490 = VECTOR('',#10491,1.);
#10491 = DIRECTION('',(-1.110223024625E-16,1.,0.));
#10492 = ORIENTED_EDGE('',*,*,#10493,.T.);
#10493 = EDGE_CURVE('',#10486,#9774,#10494,.T.);
#10494 = LINE('',#10495,#10496);
#10495 = CARTESIAN_POINT('',(0.592657684746,0.36,0.));
#10496 = VECTOR('',#10497,1.);
#10497 = DIRECTION('',(0.,0.,1.));
#10498 = ORIENTED_EDGE('',*,*,#9773,.F.);
#10499 = PLANE('',#10500);
#10500 = AXIS2_PLACEMENT_3D('',#10501,#10502,#10503);
#10501 = CARTESIAN_POINT('',(0.592657684746,0.14,0.));
#10502 = DIRECTION('',(1.,0.,-0.));
#10503 = DIRECTION('',(0.,0.,1.));
#10504 = ADVANCED_FACE('',(#10505),#10534,.T.);
#10505 = FACE_BOUND('',#10506,.T.);
#10506 = EDGE_LOOP('',(#10507,#10517,#10518,#10528));
#10507 = ORIENTED_EDGE('',*,*,#10508,.F.);
#10508 = EDGE_CURVE('',#9774,#10509,#10511,.T.);
#10509 = VERTEX_POINT('',#10510);
#10510 = CARTESIAN_POINT('',(0.6,0.36,0.13));
#10511 = B_SPLINE_CURVE_WITH_KNOTS('',4,(#10512,#10513,#10514,#10515,
    #10516),.UNSPECIFIED.,.F.,.F.,(5,5),(0.,1.),
  .PIECEWISE_BEZIER_KNOTS.);
#10512 = CARTESIAN_POINT('',(0.592657684746,0.36,2.5E-02));
#10513 = CARTESIAN_POINT('',(0.594493263477,0.36,5.124999882228E-02));
#10514 = CARTESIAN_POINT('',(0.596328842264,0.36,7.749999843893E-02));
#10515 = CARTESIAN_POINT('',(0.598164421105,0.36,0.103749998836));
#10516 = CARTESIAN_POINT('',(0.6,0.36,0.13));
#10517 = ORIENTED_EDGE('',*,*,#9781,.T.);
#10518 = ORIENTED_EDGE('',*,*,#10519,.T.);
#10519 = EDGE_CURVE('',#9782,#10520,#10522,.T.);
#10520 = VERTEX_POINT('',#10521);
#10521 = CARTESIAN_POINT('',(0.6,0.64,0.13));
#10522 = B_SPLINE_CURVE_WITH_KNOTS('',4,(#10523,#10524,#10525,#10526,
    #10527),.UNSPECIFIED.,.F.,.F.,(5,5),(0.,1.),
  .PIECEWISE_BEZIER_KNOTS.);
#10523 = CARTESIAN_POINT('',(0.592657684746,0.64,2.5E-02));
#10524 = CARTESIAN_POINT('',(0.594493263299,0.64,5.124999627789E-02));
#10525 = CARTESIAN_POINT('',(0.596328842028,0.64,7.74999950663E-02));
#10526 = CARTESIAN_POINT('',(0.598164420929,0.64,0.103749996321));
#10527 = CARTESIAN_POINT('',(0.6,0.64,0.13));
#10528 = ORIENTED_EDGE('',*,*,#10529,.F.);
#10529 = EDGE_CURVE('',#10509,#10520,#10530,.T.);
#10530 = LINE('',#10531,#10532);
#10531 = CARTESIAN_POINT('',(0.6,-1.05,0.13));
#10532 = VECTOR('',#10533,1.);
#10533 = DIRECTION('',(-1.110223024625E-16,1.,0.));
#10534 = B_SPLINE_SURFACE_WITH_KNOTS('',1,1,(
    (#10535,#10536)
    ,(#10537,#10538
    )),.UNSPECIFIED.,.F.,.F.,.F.,(2,2),(2,2),(0.,2.1),(0.,1.),
  .PIECEWISE_BEZIER_KNOTS.);
#10535 = CARTESIAN_POINT('',(0.592657684746,-1.042657684746,2.5E-02));
#10536 = CARTESIAN_POINT('',(0.6,-1.05,0.13));
#10537 = CARTESIAN_POINT('',(0.592657684746,1.042657684746,2.5E-02));
#10538 = CARTESIAN_POINT('',(0.6,1.05,0.13));
#10539 = ADVANCED_FACE('',(#10540),#10565,.F.);
#10540 = FACE_BOUND('',#10541,.F.);
#10541 = EDGE_LOOP('',(#10542,#10550,#10558,#10564));
#10542 = ORIENTED_EDGE('',*,*,#10543,.F.);
#10543 = EDGE_CURVE('',#10544,#9782,#10546,.T.);
#10544 = VERTEX_POINT('',#10545);
#10545 = CARTESIAN_POINT('',(0.592657684746,0.64,0.));
#10546 = LINE('',#10547,#10548);
#10547 = CARTESIAN_POINT('',(0.592657684746,0.64,0.));
#10548 = VECTOR('',#10549,1.);
#10549 = DIRECTION('',(0.,0.,1.));
#10550 = ORIENTED_EDGE('',*,*,#10551,.T.);
#10551 = EDGE_CURVE('',#10544,#10552,#10554,.T.);
#10552 = VERTEX_POINT('',#10553);
#10553 = CARTESIAN_POINT('',(0.592657684746,0.86,0.));
#10554 = LINE('',#10555,#10556);
#10555 = CARTESIAN_POINT('',(0.592657684746,0.64,0.));
#10556 = VECTOR('',#10557,1.);
#10557 = DIRECTION('',(-1.110223024625E-16,1.,0.));
#10558 = ORIENTED_EDGE('',*,*,#10559,.T.);
#10559 = EDGE_CURVE('',#10552,#9790,#10560,.T.);
#10560 = LINE('',#10561,#10562);
#10561 = CARTESIAN_POINT('',(0.592657684746,0.86,0.));
#10562 = VECTOR('',#10563,1.);
#10563 = DIRECTION('',(0.,0.,1.));
#10564 = ORIENTED_EDGE('',*,*,#9789,.F.);
#10565 = PLANE('',#10566);
#10566 = AXIS2_PLACEMENT_3D('',#10567,#10568,#10569);
#10567 = CARTESIAN_POINT('',(0.592657684746,0.64,0.));
#10568 = DIRECTION('',(1.,0.,-0.));
#10569 = DIRECTION('',(0.,0.,1.));
#10570 = ADVANCED_FACE('',(#10571),#10605,.T.);
#10571 = FACE_BOUND('',#10572,.T.);
#10572 = EDGE_LOOP('',(#10573,#10574,#10580,#10581,#10587,#10588,#10594,
    #10595,#10601,#10602,#10603,#10604));
#10573 = ORIENTED_EDGE('',*,*,#10327,.T.);
#10574 = ORIENTED_EDGE('',*,*,#10575,.T.);
#10575 = EDGE_CURVE('',#10318,#10373,#10576,.T.);
#10576 = LINE('',#10577,#10578);
#10577 = CARTESIAN_POINT('',(0.6,-1.05,0.13));
#10578 = VECTOR('',#10579,1.);
#10579 = DIRECTION('',(-1.110223024625E-16,1.,0.));
#10580 = ORIENTED_EDGE('',*,*,#10393,.T.);
#10581 = ORIENTED_EDGE('',*,*,#10582,.T.);
#10582 = EDGE_CURVE('',#10384,#10439,#10583,.T.);
#10583 = LINE('',#10584,#10585);
#10584 = CARTESIAN_POINT('',(0.6,-1.05,0.13));
#10585 = VECTOR('',#10586,1.);
#10586 = DIRECTION('',(-1.110223024625E-16,1.,0.));
#10587 = ORIENTED_EDGE('',*,*,#10463,.T.);
#10588 = ORIENTED_EDGE('',*,*,#10589,.T.);
#10589 = EDGE_CURVE('',#10452,#10509,#10590,.T.);
#10590 = LINE('',#10591,#10592);
#10591 = CARTESIAN_POINT('',(0.6,-1.05,0.13));
#10592 = VECTOR('',#10593,1.);
#10593 = DIRECTION('',(-1.110223024625E-16,1.,0.));
#10594 = ORIENTED_EDGE('',*,*,#10529,.T.);
#10595 = ORIENTED_EDGE('',*,*,#10596,.T.);
#10596 = EDGE_CURVE('',#10520,#9836,#10597,.T.);
#10597 = LINE('',#10598,#10599);
#10598 = CARTESIAN_POINT('',(0.6,-1.05,0.13));
#10599 = VECTOR('',#10600,1.);
#10600 = DIRECTION('',(-1.110223024625E-16,1.,0.));
#10601 = ORIENTED_EDGE('',*,*,#9847,.T.);
#10602 = ORIENTED_EDGE('',*,*,#9822,.T.);
#10603 = ORIENTED_EDGE('',*,*,#10115,.F.);
#10604 = ORIENTED_EDGE('',*,*,#10091,.F.);
#10605 = B_SPLINE_SURFACE_WITH_KNOTS('',1,1,(
    (#10606,#10607)
    ,(#10608,#10609
    )),.UNSPECIFIED.,.F.,.F.,.F.,(2,2),(2,2),(0.,2.1),(0.,1.),
  .PIECEWISE_BEZIER_KNOTS.);
#10606 = CARTESIAN_POINT('',(0.6,-1.05,0.13));
#10607 = CARTESIAN_POINT('',(0.565386228088,-1.015386228088,0.625));
#10608 = CARTESIAN_POINT('',(0.6,1.05,0.13));
#10609 = CARTESIAN_POINT('',(0.565386228088,1.015386228088,0.625));
#10610 = ADVANCED_FACE('',(#10611),#10637,.T.);
#10611 = FACE_BOUND('',#10612,.T.);
#10612 = EDGE_LOOP('',(#10613,#10623,#10629,#10630,#10631));
#10613 = ORIENTED_EDGE('',*,*,#10614,.F.);
#10614 = EDGE_CURVE('',#10615,#10617,#10619,.T.);
#10615 = VERTEX_POINT('',#10616);
#10616 = CARTESIAN_POINT('',(0.8,0.86,0.));
#10617 = VERTEX_POINT('',#10618);
#10618 = CARTESIAN_POINT('',(0.8,0.86,0.13));
#10619 = LINE('',#10620,#10621);
#10620 = CARTESIAN_POINT('',(0.8,0.86,0.));
#10621 = VECTOR('',#10622,1.);
#10622 = DIRECTION('',(0.,0.,1.));
#10623 = ORIENTED_EDGE('',*,*,#10624,.F.);
#10624 = EDGE_CURVE('',#10552,#10615,#10625,.T.);
#10625 = LINE('',#10626,#10627);
#10626 = CARTESIAN_POINT('',(0.592657684746,0.86,0.));
#10627 = VECTOR('',#10628,1.);
#10628 = DIRECTION('',(1.,0.,-0.));
#10629 = ORIENTED_EDGE('',*,*,#10559,.T.);
#10630 = ORIENTED_EDGE('',*,*,#9835,.T.);
#10631 = ORIENTED_EDGE('',*,*,#10632,.T.);
#10632 = EDGE_CURVE('',#9836,#10617,#10633,.T.);
#10633 = LINE('',#10634,#10635);
#10634 = CARTESIAN_POINT('',(0.592657684746,0.86,0.13));
#10635 = VECTOR('',#10636,1.);
#10636 = DIRECTION('',(1.,0.,-0.));
#10637 = PLANE('',#10638);
#10638 = AXIS2_PLACEMENT_3D('',#10639,#10640,#10641);
#10639 = CARTESIAN_POINT('',(0.592657684746,0.86,0.));
#10640 = DIRECTION('',(-1.110223024625E-16,1.,0.));
#10641 = DIRECTION('',(0.,0.,1.));
#10642 = ADVANCED_FACE('',(#10643),#10650,.T.);
#10643 = FACE_BOUND('',#10644,.T.);
#10644 = EDGE_LOOP('',(#10645,#10646,#10647,#10648,#10649));
#10645 = ORIENTED_EDGE('',*,*,#10150,.F.);
#10646 = ORIENTED_EDGE('',*,*,#10192,.F.);
#10647 = ORIENTED_EDGE('',*,*,#10174,.T.);
#10648 = ORIENTED_EDGE('',*,*,#9885,.T.);
#10649 = ORIENTED_EDGE('',*,*,#9871,.T.);
#10650 = PLANE('',#10651);
#10651 = AXIS2_PLACEMENT_3D('',#10652,#10653,#10654);
#10652 = CARTESIAN_POINT('',(-0.592657684746,0.64,0.));
#10653 = DIRECTION('',(1.110223024625E-16,-1.,0.));
#10654 = DIRECTION('',(0.,0.,1.));
#10655 = ADVANCED_FACE('',(#10656),#10675,.F.);
#10656 = FACE_BOUND('',#10657,.F.);
#10657 = EDGE_LOOP('',(#10658,#10666,#10672,#10673,#10674));
#10658 = ORIENTED_EDGE('',*,*,#10659,.F.);
#10659 = EDGE_CURVE('',#10660,#9913,#10662,.T.);
#10660 = VERTEX_POINT('',#10661);
#10661 = CARTESIAN_POINT('',(-0.8,0.36,0.));
#10662 = LINE('',#10663,#10664);
#10663 = CARTESIAN_POINT('',(-0.8,0.36,0.));
#10664 = VECTOR('',#10665,1.);
#10665 = DIRECTION('',(0.,0.,1.));
#10666 = ORIENTED_EDGE('',*,*,#10667,.F.);
#10667 = EDGE_CURVE('',#10207,#10660,#10668,.T.);
#10668 = LINE('',#10669,#10670);
#10669 = CARTESIAN_POINT('',(-0.592657684746,0.36,0.));
#10670 = VECTOR('',#10671,1.);
#10671 = DIRECTION('',(-1.,-1.110223024625E-16,0.));
#10672 = ORIENTED_EDGE('',*,*,#10206,.T.);
#10673 = ORIENTED_EDGE('',*,*,#9894,.T.);
#10674 = ORIENTED_EDGE('',*,*,#9912,.T.);
#10675 = PLANE('',#10676);
#10676 = AXIS2_PLACEMENT_3D('',#10677,#10678,#10679);
#10677 = CARTESIAN_POINT('',(-0.592657684746,0.36,0.));
#10678 = DIRECTION('',(1.110223024625E-16,-1.,0.));
#10679 = DIRECTION('',(0.,0.,1.));
#10680 = ADVANCED_FACE('',(#10681),#10700,.T.);
#10681 = FACE_BOUND('',#10682,.T.);
#10682 = EDGE_LOOP('',(#10683,#10691,#10697,#10698,#10699));
#10683 = ORIENTED_EDGE('',*,*,#10684,.F.);
#10684 = EDGE_CURVE('',#10685,#9921,#10687,.T.);
#10685 = VERTEX_POINT('',#10686);
#10686 = CARTESIAN_POINT('',(-0.8,0.14,0.));
#10687 = LINE('',#10688,#10689);
#10688 = CARTESIAN_POINT('',(-0.8,0.14,0.));
#10689 = VECTOR('',#10690,1.);
#10690 = DIRECTION('',(0.,0.,1.));
#10691 = ORIENTED_EDGE('',*,*,#10692,.F.);
#10692 = EDGE_CURVE('',#10215,#10685,#10693,.T.);
#10693 = LINE('',#10694,#10695);
#10694 = CARTESIAN_POINT('',(-0.592657684746,0.14,0.));
#10695 = VECTOR('',#10696,1.);
#10696 = DIRECTION('',(-1.,-1.110223024625E-16,0.));
#10697 = ORIENTED_EDGE('',*,*,#10222,.T.);
#10698 = ORIENTED_EDGE('',*,*,#9942,.T.);
#10699 = ORIENTED_EDGE('',*,*,#9928,.T.);
#10700 = PLANE('',#10701);
#10701 = AXIS2_PLACEMENT_3D('',#10702,#10703,#10704);
#10702 = CARTESIAN_POINT('',(-0.592657684746,0.14,0.));
#10703 = DIRECTION('',(1.110223024625E-16,-1.,0.));
#10704 = DIRECTION('',(0.,0.,1.));
#10705 = ADVANCED_FACE('',(#10706),#10717,.T.);
#10706 = FACE_BOUND('',#10707,.T.);
#10707 = EDGE_LOOP('',(#10708,#10709,#10715,#10716));
#10708 = ORIENTED_EDGE('',*,*,#10659,.F.);
#10709 = ORIENTED_EDGE('',*,*,#10710,.T.);
#10710 = EDGE_CURVE('',#10660,#10685,#10711,.T.);
#10711 = LINE('',#10712,#10713);
#10712 = CARTESIAN_POINT('',(-0.8,0.36,0.));
#10713 = VECTOR('',#10714,1.);
#10714 = DIRECTION('',(1.110223024625E-16,-1.,0.));
#10715 = ORIENTED_EDGE('',*,*,#10684,.T.);
#10716 = ORIENTED_EDGE('',*,*,#9920,.F.);
#10717 = PLANE('',#10718);
#10718 = AXIS2_PLACEMENT_3D('',#10719,#10720,#10721);
#10719 = CARTESIAN_POINT('',(-0.8,0.36,0.));
#10720 = DIRECTION('',(-1.,-1.110223024625E-16,0.));
#10721 = DIRECTION('',(0.,0.,1.));
#10722 = ADVANCED_FACE('',(#10723),#10742,.F.);
#10723 = FACE_BOUND('',#10724,.F.);
#10724 = EDGE_LOOP('',(#10725,#10733,#10739,#10740,#10741));
#10725 = ORIENTED_EDGE('',*,*,#10726,.F.);
#10726 = EDGE_CURVE('',#10727,#9974,#10729,.T.);
#10727 = VERTEX_POINT('',#10728);
#10728 = CARTESIAN_POINT('',(-0.8,-0.14,0.));
#10729 = LINE('',#10730,#10731);
#10730 = CARTESIAN_POINT('',(-0.8,-0.14,0.));
#10731 = VECTOR('',#10732,1.);
#10732 = DIRECTION('',(0.,0.,1.));
#10733 = ORIENTED_EDGE('',*,*,#10734,.F.);
#10734 = EDGE_CURVE('',#10238,#10727,#10735,.T.);
#10735 = LINE('',#10736,#10737);
#10736 = CARTESIAN_POINT('',(-0.592657684746,-0.14,0.));
#10737 = VECTOR('',#10738,1.);
#10738 = DIRECTION('',(-1.,-1.110223024625E-16,0.));
#10739 = ORIENTED_EDGE('',*,*,#10237,.T.);
#10740 = ORIENTED_EDGE('',*,*,#9953,.T.);
#10741 = ORIENTED_EDGE('',*,*,#9973,.T.);
#10742 = PLANE('',#10743);
#10743 = AXIS2_PLACEMENT_3D('',#10744,#10745,#10746);
#10744 = CARTESIAN_POINT('',(-0.592657684746,-0.14,0.));
#10745 = DIRECTION('',(1.110223024625E-16,-1.,0.));
#10746 = DIRECTION('',(0.,0.,1.));
#10747 = ADVANCED_FACE('',(#10748),#10767,.T.);
#10748 = FACE_BOUND('',#10749,.T.);
#10749 = EDGE_LOOP('',(#10750,#10758,#10764,#10765,#10766));
#10750 = ORIENTED_EDGE('',*,*,#10751,.F.);
#10751 = EDGE_CURVE('',#10752,#9982,#10754,.T.);
#10752 = VERTEX_POINT('',#10753);
#10753 = CARTESIAN_POINT('',(-0.8,-0.36,0.));
#10754 = LINE('',#10755,#10756);
#10755 = CARTESIAN_POINT('',(-0.8,-0.36,0.));
#10756 = VECTOR('',#10757,1.);
#10757 = DIRECTION('',(0.,0.,1.));
#10758 = ORIENTED_EDGE('',*,*,#10759,.F.);
#10759 = EDGE_CURVE('',#10246,#10752,#10760,.T.);
#10760 = LINE('',#10761,#10762);
#10761 = CARTESIAN_POINT('',(-0.592657684746,-0.36,0.));
#10762 = VECTOR('',#10763,1.);
#10763 = DIRECTION('',(-1.,-1.110223024625E-16,0.));
#10764 = ORIENTED_EDGE('',*,*,#10253,.T.);
#10765 = ORIENTED_EDGE('',*,*,#10003,.T.);
#10766 = ORIENTED_EDGE('',*,*,#9989,.T.);
#10767 = PLANE('',#10768);
#10768 = AXIS2_PLACEMENT_3D('',#10769,#10770,#10771);
#10769 = CARTESIAN_POINT('',(-0.592657684746,-0.36,0.));
#10770 = DIRECTION('',(1.110223024625E-16,-1.,0.));
#10771 = DIRECTION('',(0.,0.,1.));
#10772 = ADVANCED_FACE('',(#10773),#10784,.T.);
#10773 = FACE_BOUND('',#10774,.T.);
#10774 = EDGE_LOOP('',(#10775,#10776,#10782,#10783));
#10775 = ORIENTED_EDGE('',*,*,#10726,.F.);
#10776 = ORIENTED_EDGE('',*,*,#10777,.T.);
#10777 = EDGE_CURVE('',#10727,#10752,#10778,.T.);
#10778 = LINE('',#10779,#10780);
#10779 = CARTESIAN_POINT('',(-0.8,-0.14,0.));
#10780 = VECTOR('',#10781,1.);
#10781 = DIRECTION('',(1.110223024625E-16,-1.,0.));
#10782 = ORIENTED_EDGE('',*,*,#10751,.T.);
#10783 = ORIENTED_EDGE('',*,*,#9981,.F.);
#10784 = PLANE('',#10785);
#10785 = AXIS2_PLACEMENT_3D('',#10786,#10787,#10788);
#10786 = CARTESIAN_POINT('',(-0.8,-0.14,0.));
#10787 = DIRECTION('',(-1.,-1.110223024625E-16,0.));
#10788 = DIRECTION('',(0.,0.,1.));
#10789 = ADVANCED_FACE('',(#10790),#10809,.F.);
#10790 = FACE_BOUND('',#10791,.F.);
#10791 = EDGE_LOOP('',(#10792,#10800,#10806,#10807,#10808));
#10792 = ORIENTED_EDGE('',*,*,#10793,.F.);
#10793 = EDGE_CURVE('',#10794,#10031,#10796,.T.);
#10794 = VERTEX_POINT('',#10795);
#10795 = CARTESIAN_POINT('',(-0.8,-0.64,0.));
#10796 = LINE('',#10797,#10798);
#10797 = CARTESIAN_POINT('',(-0.8,-0.64,0.));
#10798 = VECTOR('',#10799,1.);
#10799 = DIRECTION('',(0.,0.,1.));
#10800 = ORIENTED_EDGE('',*,*,#10801,.F.);
#10801 = EDGE_CURVE('',#10269,#10794,#10802,.T.);
#10802 = LINE('',#10803,#10804);
#10803 = CARTESIAN_POINT('',(-0.592657684746,-0.64,0.));
#10804 = VECTOR('',#10805,1.);
#10805 = DIRECTION('',(-1.,-1.110223024625E-16,0.));
#10806 = ORIENTED_EDGE('',*,*,#10268,.T.);
#10807 = ORIENTED_EDGE('',*,*,#10012,.T.);
#10808 = ORIENTED_EDGE('',*,*,#10030,.T.);
#10809 = PLANE('',#10810);
#10810 = AXIS2_PLACEMENT_3D('',#10811,#10812,#10813);
#10811 = CARTESIAN_POINT('',(-0.592657684746,-0.64,0.));
#10812 = DIRECTION('',(1.110223024625E-16,-1.,0.));
#10813 = DIRECTION('',(0.,0.,1.));
#10814 = ADVANCED_FACE('',(#10815),#10834,.T.);
#10815 = FACE_BOUND('',#10816,.T.);
#10816 = EDGE_LOOP('',(#10817,#10825,#10831,#10832,#10833));
#10817 = ORIENTED_EDGE('',*,*,#10818,.F.);
#10818 = EDGE_CURVE('',#10819,#10039,#10821,.T.);
#10819 = VERTEX_POINT('',#10820);
#10820 = CARTESIAN_POINT('',(-0.8,-0.86,0.));
#10821 = LINE('',#10822,#10823);
#10822 = CARTESIAN_POINT('',(-0.8,-0.86,0.));
#10823 = VECTOR('',#10824,1.);
#10824 = DIRECTION('',(0.,0.,1.));
#10825 = ORIENTED_EDGE('',*,*,#10826,.F.);
#10826 = EDGE_CURVE('',#10277,#10819,#10827,.T.);
#10827 = LINE('',#10828,#10829);
#10828 = CARTESIAN_POINT('',(-0.592657684746,-0.86,0.));
#10829 = VECTOR('',#10830,1.);
#10830 = DIRECTION('',(-1.,-1.110223024625E-16,0.));
#10831 = ORIENTED_EDGE('',*,*,#10284,.T.);
#10832 = ORIENTED_EDGE('',*,*,#10060,.T.);
#10833 = ORIENTED_EDGE('',*,*,#10046,.T.);
#10834 = PLANE('',#10835);
#10835 = AXIS2_PLACEMENT_3D('',#10836,#10837,#10838);
#10836 = CARTESIAN_POINT('',(-0.592657684746,-0.86,0.));
#10837 = DIRECTION('',(1.110223024625E-16,-1.,0.));
#10838 = DIRECTION('',(0.,0.,1.));
#10839 = ADVANCED_FACE('',(#10840),#10851,.T.);
#10840 = FACE_BOUND('',#10841,.T.);
#10841 = EDGE_LOOP('',(#10842,#10843,#10849,#10850));
#10842 = ORIENTED_EDGE('',*,*,#10793,.F.);
#10843 = ORIENTED_EDGE('',*,*,#10844,.T.);
#10844 = EDGE_CURVE('',#10794,#10819,#10845,.T.);
#10845 = LINE('',#10846,#10847);
#10846 = CARTESIAN_POINT('',(-0.8,-0.64,0.));
#10847 = VECTOR('',#10848,1.);
#10848 = DIRECTION('',(1.110223024625E-16,-1.,0.));
#10849 = ORIENTED_EDGE('',*,*,#10818,.T.);
#10850 = ORIENTED_EDGE('',*,*,#10038,.F.);
#10851 = PLANE('',#10852);
#10852 = AXIS2_PLACEMENT_3D('',#10853,#10854,#10855);
#10853 = CARTESIAN_POINT('',(-0.8,-0.64,0.));
#10854 = DIRECTION('',(-1.,-1.110223024625E-16,0.));
#10855 = DIRECTION('',(0.,0.,1.));
#10856 = ADVANCED_FACE('',(#10857),#10876,.T.);
#10857 = FACE_BOUND('',#10858,.T.);
#10858 = EDGE_LOOP('',(#10859,#10867,#10874,#10875));
#10859 = ORIENTED_EDGE('',*,*,#10860,.T.);
#10860 = EDGE_CURVE('',#10125,#10861,#10863,.T.);
#10861 = VERTEX_POINT('',#10862);
#10862 = CARTESIAN_POINT('',(-0.365386228088,0.765386228088,0.695));
#10863 = LINE('',#10864,#10865);
#10864 = CARTESIAN_POINT('',(-0.365386228088,0.765386228088,0.625));
#10865 = VECTOR('',#10866,1.);
#10866 = DIRECTION('',(0.,0.,1.));
#10867 = ORIENTED_EDGE('',*,*,#10868,.T.);
#10868 = EDGE_CURVE('',#10861,#10861,#10869,.T.);
#10869 = CIRCLE('',#10870,5.E-02);
#10870 = AXIS2_PLACEMENT_3D('',#10871,#10872,#10873);
#10871 = CARTESIAN_POINT('',(-0.365386228088,0.815386228088,0.695));
#10872 = DIRECTION('',(0.,0.,-1.));
#10873 = DIRECTION('',(1.110223024625E-16,-1.,0.));
#10874 = ORIENTED_EDGE('',*,*,#10860,.F.);
#10875 = ORIENTED_EDGE('',*,*,#10124,.F.);
#10876 = CYLINDRICAL_SURFACE('',#10877,5.E-02);
#10877 = AXIS2_PLACEMENT_3D('',#10878,#10879,#10880);
#10878 = CARTESIAN_POINT('',(-0.365386228088,0.815386228088,0.625));
#10879 = DIRECTION('',(0.,0.,1.));
#10880 = DIRECTION('',(1.110223024625E-16,-1.,0.));
#10881 = ADVANCED_FACE('',(#10882),#10888,.F.);
#10882 = FACE_BOUND('',#10883,.F.);
#10883 = EDGE_LOOP('',(#10884,#10885,#10886,#10887));
#10884 = ORIENTED_EDGE('',*,*,#10214,.F.);
#10885 = ORIENTED_EDGE('',*,*,#10667,.T.);
#10886 = ORIENTED_EDGE('',*,*,#10710,.T.);
#10887 = ORIENTED_EDGE('',*,*,#10692,.F.);
#10888 = PLANE('',#10889);
#10889 = AXIS2_PLACEMENT_3D('',#10890,#10891,#10892);
#10890 = CARTESIAN_POINT('',(-0.592657684746,0.36,0.));
#10891 = DIRECTION('',(0.,0.,1.));
#10892 = DIRECTION('',(-1.,-1.110223024625E-16,0.));
#10893 = ADVANCED_FACE('',(#10894),#10900,.F.);
#10894 = FACE_BOUND('',#10895,.F.);
#10895 = EDGE_LOOP('',(#10896,#10897,#10898,#10899));
#10896 = ORIENTED_EDGE('',*,*,#10245,.F.);
#10897 = ORIENTED_EDGE('',*,*,#10734,.T.);
#10898 = ORIENTED_EDGE('',*,*,#10777,.T.);
#10899 = ORIENTED_EDGE('',*,*,#10759,.F.);
#10900 = PLANE('',#10901);
#10901 = AXIS2_PLACEMENT_3D('',#10902,#10903,#10904);
#10902 = CARTESIAN_POINT('',(-0.592657684746,-0.14,0.));
#10903 = DIRECTION('',(0.,0.,1.));
#10904 = DIRECTION('',(-1.,-1.110223024625E-16,0.));
#10905 = ADVANCED_FACE('',(#10906),#10912,.F.);
#10906 = FACE_BOUND('',#10907,.F.);
#10907 = EDGE_LOOP('',(#10908,#10909,#10910,#10911));
#10908 = ORIENTED_EDGE('',*,*,#10276,.F.);
#10909 = ORIENTED_EDGE('',*,*,#10801,.T.);
#10910 = ORIENTED_EDGE('',*,*,#10844,.T.);
#10911 = ORIENTED_EDGE('',*,*,#10826,.F.);
#10912 = PLANE('',#10913);
#10913 = AXIS2_PLACEMENT_3D('',#10914,#10915,#10916);
#10914 = CARTESIAN_POINT('',(-0.592657684746,-0.64,0.));
#10915 = DIRECTION('',(0.,0.,1.));
#10916 = DIRECTION('',(-1.,-1.110223024625E-16,0.));
#10917 = ADVANCED_FACE('',(#10918),#10944,.F.);
#10918 = FACE_BOUND('',#10919,.F.);
#10919 = EDGE_LOOP('',(#10920,#10930,#10936,#10937,#10938));
#10920 = ORIENTED_EDGE('',*,*,#10921,.F.);
#10921 = EDGE_CURVE('',#10922,#10924,#10926,.T.);
#10922 = VERTEX_POINT('',#10923);
#10923 = CARTESIAN_POINT('',(0.8,-0.86,0.));
#10924 = VERTEX_POINT('',#10925);
#10925 = CARTESIAN_POINT('',(0.8,-0.86,0.13));
#10926 = LINE('',#10927,#10928);
#10927 = CARTESIAN_POINT('',(0.8,-0.86,0.));
#10928 = VECTOR('',#10929,1.);
#10929 = DIRECTION('',(0.,0.,1.));
#10930 = ORIENTED_EDGE('',*,*,#10931,.F.);
#10931 = EDGE_CURVE('',#10342,#10922,#10932,.T.);
#10932 = LINE('',#10933,#10934);
#10933 = CARTESIAN_POINT('',(0.592657684746,-0.86,0.));
#10934 = VECTOR('',#10935,1.);
#10935 = DIRECTION('',(1.,0.,-0.));
#10936 = ORIENTED_EDGE('',*,*,#10341,.T.);
#10937 = ORIENTED_EDGE('',*,*,#10317,.T.);
#10938 = ORIENTED_EDGE('',*,*,#10939,.T.);
#10939 = EDGE_CURVE('',#10318,#10924,#10940,.T.);
#10940 = LINE('',#10941,#10942);
#10941 = CARTESIAN_POINT('',(0.592657684746,-0.86,0.13));
#10942 = VECTOR('',#10943,1.);
#10943 = DIRECTION('',(1.,0.,-0.));
#10944 = PLANE('',#10945);
#10945 = AXIS2_PLACEMENT_3D('',#10946,#10947,#10948);
#10946 = CARTESIAN_POINT('',(0.592657684746,-0.86,0.));
#10947 = DIRECTION('',(-1.110223024625E-16,1.,0.));
#10948 = DIRECTION('',(0.,0.,1.));
#10949 = ADVANCED_FACE('',(#10950),#10976,.T.);
#10950 = FACE_BOUND('',#10951,.T.);
#10951 = EDGE_LOOP('',(#10952,#10962,#10968,#10969,#10970));
#10952 = ORIENTED_EDGE('',*,*,#10953,.F.);
#10953 = EDGE_CURVE('',#10954,#10956,#10958,.T.);
#10954 = VERTEX_POINT('',#10955);
#10955 = CARTESIAN_POINT('',(0.8,-0.64,0.));
#10956 = VERTEX_POINT('',#10957);
#10957 = CARTESIAN_POINT('',(0.8,-0.64,0.13));
#10958 = LINE('',#10959,#10960);
#10959 = CARTESIAN_POINT('',(0.8,-0.64,0.));
#10960 = VECTOR('',#10961,1.);
#10961 = DIRECTION('',(0.,0.,1.));
#10962 = ORIENTED_EDGE('',*,*,#10963,.F.);
#10963 = EDGE_CURVE('',#10350,#10954,#10964,.T.);
#10964 = LINE('',#10965,#10966);
#10965 = CARTESIAN_POINT('',(0.592657684746,-0.64,0.));
#10966 = VECTOR('',#10967,1.);
#10967 = DIRECTION('',(1.,0.,-0.));
#10968 = ORIENTED_EDGE('',*,*,#10357,.T.);
#10969 = ORIENTED_EDGE('',*,*,#10372,.T.);
#10970 = ORIENTED_EDGE('',*,*,#10971,.T.);
#10971 = EDGE_CURVE('',#10373,#10956,#10972,.T.);
#10972 = LINE('',#10973,#10974);
#10973 = CARTESIAN_POINT('',(0.592657684746,-0.64,0.13));
#10974 = VECTOR('',#10975,1.);
#10975 = DIRECTION('',(1.,0.,-0.));
#10976 = PLANE('',#10977);
#10977 = AXIS2_PLACEMENT_3D('',#10978,#10979,#10980);
#10978 = CARTESIAN_POINT('',(0.592657684746,-0.64,0.));
#10979 = DIRECTION('',(-1.110223024625E-16,1.,0.));
#10980 = DIRECTION('',(0.,0.,1.));
#10981 = ADVANCED_FACE('',(#10982),#10993,.F.);
#10982 = FACE_BOUND('',#10983,.F.);
#10983 = EDGE_LOOP('',(#10984,#10985,#10986,#10992));
#10984 = ORIENTED_EDGE('',*,*,#10349,.F.);
#10985 = ORIENTED_EDGE('',*,*,#10931,.T.);
#10986 = ORIENTED_EDGE('',*,*,#10987,.T.);
#10987 = EDGE_CURVE('',#10922,#10954,#10988,.T.);
#10988 = LINE('',#10989,#10990);
#10989 = CARTESIAN_POINT('',(0.8,-0.86,0.));
#10990 = VECTOR('',#10991,1.);
#10991 = DIRECTION('',(-1.110223024625E-16,1.,0.));
#10992 = ORIENTED_EDGE('',*,*,#10963,.F.);
#10993 = PLANE('',#10994);
#10994 = AXIS2_PLACEMENT_3D('',#10995,#10996,#10997);
#10995 = CARTESIAN_POINT('',(0.592657684746,-0.86,0.));
#10996 = DIRECTION('',(0.,0.,1.));
#10997 = DIRECTION('',(1.,0.,-0.));
#10998 = ADVANCED_FACE('',(#10999),#11025,.F.);
#10999 = FACE_BOUND('',#11000,.F.);
#11000 = EDGE_LOOP('',(#11001,#11011,#11017,#11018,#11019));
#11001 = ORIENTED_EDGE('',*,*,#11002,.F.);
#11002 = EDGE_CURVE('',#11003,#11005,#11007,.T.);
#11003 = VERTEX_POINT('',#11004);
#11004 = CARTESIAN_POINT('',(0.8,-0.36,0.));
#11005 = VERTEX_POINT('',#11006);
#11006 = CARTESIAN_POINT('',(0.8,-0.36,0.13));
#11007 = LINE('',#11008,#11009);
#11008 = CARTESIAN_POINT('',(0.8,-0.36,0.));
#11009 = VECTOR('',#11010,1.);
#11010 = DIRECTION('',(0.,0.,1.));
#11011 = ORIENTED_EDGE('',*,*,#11012,.F.);
#11012 = EDGE_CURVE('',#10408,#11003,#11013,.T.);
#11013 = LINE('',#11014,#11015);
#11014 = CARTESIAN_POINT('',(0.592657684746,-0.36,0.));
#11015 = VECTOR('',#11016,1.);
#11016 = DIRECTION('',(1.,0.,-0.));
#11017 = ORIENTED_EDGE('',*,*,#10407,.T.);
#11018 = ORIENTED_EDGE('',*,*,#10383,.T.);
#11019 = ORIENTED_EDGE('',*,*,#11020,.T.);
#11020 = EDGE_CURVE('',#10384,#11005,#11021,.T.);
#11021 = LINE('',#11022,#11023);
#11022 = CARTESIAN_POINT('',(0.592657684746,-0.36,0.13));
#11023 = VECTOR('',#11024,1.);
#11024 = DIRECTION('',(1.,0.,-0.));
#11025 = PLANE('',#11026);
#11026 = AXIS2_PLACEMENT_3D('',#11027,#11028,#11029);
#11027 = CARTESIAN_POINT('',(0.592657684746,-0.36,0.));
#11028 = DIRECTION('',(-1.110223024625E-16,1.,0.));
#11029 = DIRECTION('',(0.,0.,1.));
#11030 = ADVANCED_FACE('',(#11031),#11057,.T.);
#11031 = FACE_BOUND('',#11032,.T.);
#11032 = EDGE_LOOP('',(#11033,#11043,#11049,#11050,#11051));
#11033 = ORIENTED_EDGE('',*,*,#11034,.F.);
#11034 = EDGE_CURVE('',#11035,#11037,#11039,.T.);
#11035 = VERTEX_POINT('',#11036);
#11036 = CARTESIAN_POINT('',(0.8,-0.14,0.));
#11037 = VERTEX_POINT('',#11038);
#11038 = CARTESIAN_POINT('',(0.8,-0.14,0.13));
#11039 = LINE('',#11040,#11041);
#11040 = CARTESIAN_POINT('',(0.8,-0.14,0.));
#11041 = VECTOR('',#11042,1.);
#11042 = DIRECTION('',(0.,0.,1.));
#11043 = ORIENTED_EDGE('',*,*,#11044,.F.);
#11044 = EDGE_CURVE('',#10416,#11035,#11045,.T.);
#11045 = LINE('',#11046,#11047);
#11046 = CARTESIAN_POINT('',(0.592657684746,-0.14,0.));
#11047 = VECTOR('',#11048,1.);
#11048 = DIRECTION('',(1.,0.,-0.));
#11049 = ORIENTED_EDGE('',*,*,#10423,.T.);
#11050 = ORIENTED_EDGE('',*,*,#10438,.T.);
#11051 = ORIENTED_EDGE('',*,*,#11052,.T.);
#11052 = EDGE_CURVE('',#10439,#11037,#11053,.T.);
#11053 = LINE('',#11054,#11055);
#11054 = CARTESIAN_POINT('',(0.592657684746,-0.14,0.13));
#11055 = VECTOR('',#11056,1.);
#11056 = DIRECTION('',(1.,0.,-0.));
#11057 = PLANE('',#11058);
#11058 = AXIS2_PLACEMENT_3D('',#11059,#11060,#11061);
#11059 = CARTESIAN_POINT('',(0.592657684746,-0.14,0.));
#11060 = DIRECTION('',(-1.110223024625E-16,1.,0.));
#11061 = DIRECTION('',(0.,0.,1.));
#11062 = ADVANCED_FACE('',(#11063),#11074,.F.);
#11063 = FACE_BOUND('',#11064,.F.);
#11064 = EDGE_LOOP('',(#11065,#11066,#11067,#11073));
#11065 = ORIENTED_EDGE('',*,*,#10415,.F.);
#11066 = ORIENTED_EDGE('',*,*,#11012,.T.);
#11067 = ORIENTED_EDGE('',*,*,#11068,.T.);
#11068 = EDGE_CURVE('',#11003,#11035,#11069,.T.);
#11069 = LINE('',#11070,#11071);
#11070 = CARTESIAN_POINT('',(0.8,-0.36,0.));
#11071 = VECTOR('',#11072,1.);
#11072 = DIRECTION('',(-1.110223024625E-16,1.,0.));
#11073 = ORIENTED_EDGE('',*,*,#11044,.F.);
#11074 = PLANE('',#11075);
#11075 = AXIS2_PLACEMENT_3D('',#11076,#11077,#11078);
#11076 = CARTESIAN_POINT('',(0.592657684746,-0.36,0.));
#11077 = DIRECTION('',(0.,0.,1.));
#11078 = DIRECTION('',(1.,0.,-0.));
#11079 = ADVANCED_FACE('',(#11080),#11106,.F.);
#11080 = FACE_BOUND('',#11081,.F.);
#11081 = EDGE_LOOP('',(#11082,#11092,#11098,#11099,#11100));
#11082 = ORIENTED_EDGE('',*,*,#11083,.F.);
#11083 = EDGE_CURVE('',#11084,#11086,#11088,.T.);
#11084 = VERTEX_POINT('',#11085);
#11085 = CARTESIAN_POINT('',(0.8,0.14,0.));
#11086 = VERTEX_POINT('',#11087);
#11087 = CARTESIAN_POINT('',(0.8,0.14,0.13));
#11088 = LINE('',#11089,#11090);
#11089 = CARTESIAN_POINT('',(0.8,0.14,0.));
#11090 = VECTOR('',#11091,1.);
#11091 = DIRECTION('',(0.,0.,1.));
#11092 = ORIENTED_EDGE('',*,*,#11093,.F.);
#11093 = EDGE_CURVE('',#10478,#11084,#11094,.T.);
#11094 = LINE('',#11095,#11096);
#11095 = CARTESIAN_POINT('',(0.592657684746,0.14,0.));
#11096 = VECTOR('',#11097,1.);
#11097 = DIRECTION('',(1.,0.,-0.));
#11098 = ORIENTED_EDGE('',*,*,#10477,.T.);
#11099 = ORIENTED_EDGE('',*,*,#10451,.T.);
#11100 = ORIENTED_EDGE('',*,*,#11101,.T.);
#11101 = EDGE_CURVE('',#10452,#11086,#11102,.T.);
#11102 = LINE('',#11103,#11104);
#11103 = CARTESIAN_POINT('',(0.592657684746,0.14,0.13));
#11104 = VECTOR('',#11105,1.);
#11105 = DIRECTION('',(1.,0.,-0.));
#11106 = PLANE('',#11107);
#11107 = AXIS2_PLACEMENT_3D('',#11108,#11109,#11110);
#11108 = CARTESIAN_POINT('',(0.592657684746,0.14,0.));
#11109 = DIRECTION('',(-1.110223024625E-16,1.,0.));
#11110 = DIRECTION('',(0.,0.,1.));
#11111 = ADVANCED_FACE('',(#11112),#11138,.T.);
#11112 = FACE_BOUND('',#11113,.T.);
#11113 = EDGE_LOOP('',(#11114,#11124,#11130,#11131,#11132));
#11114 = ORIENTED_EDGE('',*,*,#11115,.F.);
#11115 = EDGE_CURVE('',#11116,#11118,#11120,.T.);
#11116 = VERTEX_POINT('',#11117);
#11117 = CARTESIAN_POINT('',(0.8,0.36,0.));
#11118 = VERTEX_POINT('',#11119);
#11119 = CARTESIAN_POINT('',(0.8,0.36,0.13));
#11120 = LINE('',#11121,#11122);
#11121 = CARTESIAN_POINT('',(0.8,0.36,0.));
#11122 = VECTOR('',#11123,1.);
#11123 = DIRECTION('',(0.,0.,1.));
#11124 = ORIENTED_EDGE('',*,*,#11125,.F.);
#11125 = EDGE_CURVE('',#10486,#11116,#11126,.T.);
#11126 = LINE('',#11127,#11128);
#11127 = CARTESIAN_POINT('',(0.592657684746,0.36,0.));
#11128 = VECTOR('',#11129,1.);
#11129 = DIRECTION('',(1.,0.,-0.));
#11130 = ORIENTED_EDGE('',*,*,#10493,.T.);
#11131 = ORIENTED_EDGE('',*,*,#10508,.T.);
#11132 = ORIENTED_EDGE('',*,*,#11133,.T.);
#11133 = EDGE_CURVE('',#10509,#11118,#11134,.T.);
#11134 = LINE('',#11135,#11136);
#11135 = CARTESIAN_POINT('',(0.592657684746,0.36,0.13));
#11136 = VECTOR('',#11137,1.);
#11137 = DIRECTION('',(1.,0.,-0.));
#11138 = PLANE('',#11139);
#11139 = AXIS2_PLACEMENT_3D('',#11140,#11141,#11142);
#11140 = CARTESIAN_POINT('',(0.592657684746,0.36,0.));
#11141 = DIRECTION('',(-1.110223024625E-16,1.,0.));
#11142 = DIRECTION('',(0.,0.,1.));
#11143 = ADVANCED_FACE('',(#11144),#11155,.F.);
#11144 = FACE_BOUND('',#11145,.F.);
#11145 = EDGE_LOOP('',(#11146,#11147,#11148,#11154));
#11146 = ORIENTED_EDGE('',*,*,#10485,.F.);
#11147 = ORIENTED_EDGE('',*,*,#11093,.T.);
#11148 = ORIENTED_EDGE('',*,*,#11149,.T.);
#11149 = EDGE_CURVE('',#11084,#11116,#11150,.T.);
#11150 = LINE('',#11151,#11152);
#11151 = CARTESIAN_POINT('',(0.8,0.14,0.));
#11152 = VECTOR('',#11153,1.);
#11153 = DIRECTION('',(-1.110223024625E-16,1.,0.));
#11154 = ORIENTED_EDGE('',*,*,#11125,.F.);
#11155 = PLANE('',#11156);
#11156 = AXIS2_PLACEMENT_3D('',#11157,#11158,#11159);
#11157 = CARTESIAN_POINT('',(0.592657684746,0.14,0.));
#11158 = DIRECTION('',(0.,0.,1.));
#11159 = DIRECTION('',(1.,0.,-0.));
#11160 = ADVANCED_FACE('',(#11161),#11187,.F.);
#11161 = FACE_BOUND('',#11162,.F.);
#11162 = EDGE_LOOP('',(#11163,#11173,#11179,#11180,#11181));
#11163 = ORIENTED_EDGE('',*,*,#11164,.F.);
#11164 = EDGE_CURVE('',#11165,#11167,#11169,.T.);
#11165 = VERTEX_POINT('',#11166);
#11166 = CARTESIAN_POINT('',(0.8,0.64,0.));
#11167 = VERTEX_POINT('',#11168);
#11168 = CARTESIAN_POINT('',(0.8,0.64,0.13));
#11169 = LINE('',#11170,#11171);
#11170 = CARTESIAN_POINT('',(0.8,0.64,0.));
#11171 = VECTOR('',#11172,1.);
#11172 = DIRECTION('',(0.,0.,1.));
#11173 = ORIENTED_EDGE('',*,*,#11174,.F.);
#11174 = EDGE_CURVE('',#10544,#11165,#11175,.T.);
#11175 = LINE('',#11176,#11177);
#11176 = CARTESIAN_POINT('',(0.592657684746,0.64,0.));
#11177 = VECTOR('',#11178,1.);
#11178 = DIRECTION('',(1.,0.,-0.));
#11179 = ORIENTED_EDGE('',*,*,#10543,.T.);
#11180 = ORIENTED_EDGE('',*,*,#10519,.T.);
#11181 = ORIENTED_EDGE('',*,*,#11182,.T.);
#11182 = EDGE_CURVE('',#10520,#11167,#11183,.T.);
#11183 = LINE('',#11184,#11185);
#11184 = CARTESIAN_POINT('',(0.592657684746,0.64,0.13));
#11185 = VECTOR('',#11186,1.);
#11186 = DIRECTION('',(1.,0.,-0.));
#11187 = PLANE('',#11188);
#11188 = AXIS2_PLACEMENT_3D('',#11189,#11190,#11191);
#11189 = CARTESIAN_POINT('',(0.592657684746,0.64,0.));
#11190 = DIRECTION('',(-1.110223024625E-16,1.,0.));
#11191 = DIRECTION('',(0.,0.,1.));
#11192 = ADVANCED_FACE('',(#11193),#11204,.F.);
#11193 = FACE_BOUND('',#11194,.F.);
#11194 = EDGE_LOOP('',(#11195,#11196,#11197,#11203));
#11195 = ORIENTED_EDGE('',*,*,#10551,.F.);
#11196 = ORIENTED_EDGE('',*,*,#11174,.T.);
#11197 = ORIENTED_EDGE('',*,*,#11198,.T.);
#11198 = EDGE_CURVE('',#11165,#10615,#11199,.T.);
#11199 = LINE('',#11200,#11201);
#11200 = CARTESIAN_POINT('',(0.8,0.64,0.));
#11201 = VECTOR('',#11202,1.);
#11202 = DIRECTION('',(-1.110223024625E-16,1.,0.));
#11203 = ORIENTED_EDGE('',*,*,#10624,.F.);
#11204 = PLANE('',#11205);
#11205 = AXIS2_PLACEMENT_3D('',#11206,#11207,#11208);
#11206 = CARTESIAN_POINT('',(0.592657684746,0.64,0.));
#11207 = DIRECTION('',(0.,0.,1.));
#11208 = DIRECTION('',(1.,0.,-0.));
#11209 = ADVANCED_FACE('',(#11210),#11221,.T.);
#11210 = FACE_BOUND('',#11211,.T.);
#11211 = EDGE_LOOP('',(#11212,#11213,#11214,#11220));
#11212 = ORIENTED_EDGE('',*,*,#10575,.F.);
#11213 = ORIENTED_EDGE('',*,*,#10939,.T.);
#11214 = ORIENTED_EDGE('',*,*,#11215,.T.);
#11215 = EDGE_CURVE('',#10924,#10956,#11216,.T.);
#11216 = LINE('',#11217,#11218);
#11217 = CARTESIAN_POINT('',(0.8,-0.86,0.13));
#11218 = VECTOR('',#11219,1.);
#11219 = DIRECTION('',(-1.110223024625E-16,1.,0.));
#11220 = ORIENTED_EDGE('',*,*,#10971,.F.);
#11221 = PLANE('',#11222);
#11222 = AXIS2_PLACEMENT_3D('',#11223,#11224,#11225);
#11223 = CARTESIAN_POINT('',(0.592657684746,-0.86,0.13));
#11224 = DIRECTION('',(0.,0.,1.));
#11225 = DIRECTION('',(1.,0.,-0.));
#11226 = ADVANCED_FACE('',(#11227),#11238,.T.);
#11227 = FACE_BOUND('',#11228,.T.);
#11228 = EDGE_LOOP('',(#11229,#11230,#11231,#11237));
#11229 = ORIENTED_EDGE('',*,*,#10582,.F.);
#11230 = ORIENTED_EDGE('',*,*,#11020,.T.);
#11231 = ORIENTED_EDGE('',*,*,#11232,.T.);
#11232 = EDGE_CURVE('',#11005,#11037,#11233,.T.);
#11233 = LINE('',#11234,#11235);
#11234 = CARTESIAN_POINT('',(0.8,-0.36,0.13));
#11235 = VECTOR('',#11236,1.);
#11236 = DIRECTION('',(-1.110223024625E-16,1.,0.));
#11237 = ORIENTED_EDGE('',*,*,#11052,.F.);
#11238 = PLANE('',#11239);
#11239 = AXIS2_PLACEMENT_3D('',#11240,#11241,#11242);
#11240 = CARTESIAN_POINT('',(0.592657684746,-0.36,0.13));
#11241 = DIRECTION('',(0.,0.,1.));
#11242 = DIRECTION('',(1.,0.,-0.));
#11243 = ADVANCED_FACE('',(#11244),#11255,.T.);
#11244 = FACE_BOUND('',#11245,.T.);
#11245 = EDGE_LOOP('',(#11246,#11247,#11248,#11254));
#11246 = ORIENTED_EDGE('',*,*,#10589,.F.);
#11247 = ORIENTED_EDGE('',*,*,#11101,.T.);
#11248 = ORIENTED_EDGE('',*,*,#11249,.T.);
#11249 = EDGE_CURVE('',#11086,#11118,#11250,.T.);
#11250 = LINE('',#11251,#11252);
#11251 = CARTESIAN_POINT('',(0.8,0.14,0.13));
#11252 = VECTOR('',#11253,1.);
#11253 = DIRECTION('',(-1.110223024625E-16,1.,0.));
#11254 = ORIENTED_EDGE('',*,*,#11133,.F.);
#11255 = PLANE('',#11256);
#11256 = AXIS2_PLACEMENT_3D('',#11257,#11258,#11259);
#11257 = CARTESIAN_POINT('',(0.592657684746,0.14,0.13));
#11258 = DIRECTION('',(0.,0.,1.));
#11259 = DIRECTION('',(1.,0.,-0.));
#11260 = ADVANCED_FACE('',(#11261),#11272,.T.);
#11261 = FACE_BOUND('',#11262,.T.);
#11262 = EDGE_LOOP('',(#11263,#11264,#11265,#11271));
#11263 = ORIENTED_EDGE('',*,*,#10596,.F.);
#11264 = ORIENTED_EDGE('',*,*,#11182,.T.);
#11265 = ORIENTED_EDGE('',*,*,#11266,.T.);
#11266 = EDGE_CURVE('',#11167,#10617,#11267,.T.);
#11267 = LINE('',#11268,#11269);
#11268 = CARTESIAN_POINT('',(0.8,0.64,0.13));
#11269 = VECTOR('',#11270,1.);
#11270 = DIRECTION('',(-1.110223024625E-16,1.,0.));
#11271 = ORIENTED_EDGE('',*,*,#10632,.F.);
#11272 = PLANE('',#11273);
#11273 = AXIS2_PLACEMENT_3D('',#11274,#11275,#11276);
#11274 = CARTESIAN_POINT('',(0.592657684746,0.64,0.13));
#11275 = DIRECTION('',(0.,0.,1.));
#11276 = DIRECTION('',(1.,0.,-0.));
#11277 = ADVANCED_FACE('',(#11278),#11284,.T.);
#11278 = FACE_BOUND('',#11279,.T.);
#11279 = EDGE_LOOP('',(#11280,#11281,#11282,#11283));
#11280 = ORIENTED_EDGE('',*,*,#11164,.F.);
#11281 = ORIENTED_EDGE('',*,*,#11198,.T.);
#11282 = ORIENTED_EDGE('',*,*,#10614,.T.);
#11283 = ORIENTED_EDGE('',*,*,#11266,.F.);
#11284 = PLANE('',#11285);
#11285 = AXIS2_PLACEMENT_3D('',#11286,#11287,#11288);
#11286 = CARTESIAN_POINT('',(0.8,0.64,0.));
#11287 = DIRECTION('',(1.,0.,-0.));
#11288 = DIRECTION('',(0.,0.,1.));
#11289 = ADVANCED_FACE('',(#11290),#11293,.F.);
#11290 = FACE_BOUND('',#11291,.F.);
#11291 = EDGE_LOOP('',(#11292));
#11292 = ORIENTED_EDGE('',*,*,#10868,.T.);
#11293 = PLANE('',#11294);
#11294 = AXIS2_PLACEMENT_3D('',#11295,#11296,#11297);
#11295 = CARTESIAN_POINT('',(-0.365386228088,0.815386228088,0.695));
#11296 = DIRECTION('',(0.,0.,-1.));
#11297 = DIRECTION('',(1.110223024625E-16,-1.,0.));
#11298 = ADVANCED_FACE('',(#11299),#11305,.T.);
#11299 = FACE_BOUND('',#11300,.T.);
#11300 = EDGE_LOOP('',(#11301,#11302,#11303,#11304));
#11301 = ORIENTED_EDGE('',*,*,#10921,.F.);
#11302 = ORIENTED_EDGE('',*,*,#10987,.T.);
#11303 = ORIENTED_EDGE('',*,*,#10953,.T.);
#11304 = ORIENTED_EDGE('',*,*,#11215,.F.);
#11305 = PLANE('',#11306);
#11306 = AXIS2_PLACEMENT_3D('',#11307,#11308,#11309);
#11307 = CARTESIAN_POINT('',(0.8,-0.86,0.));
#11308 = DIRECTION('',(1.,0.,-0.));
#11309 = DIRECTION('',(0.,0.,1.));
#11310 = ADVANCED_FACE('',(#11311),#11317,.T.);
#11311 = FACE_BOUND('',#11312,.T.);
#11312 = EDGE_LOOP('',(#11313,#11314,#11315,#11316));
#11313 = ORIENTED_EDGE('',*,*,#11002,.F.);
#11314 = ORIENTED_EDGE('',*,*,#11068,.T.);
#11315 = ORIENTED_EDGE('',*,*,#11034,.T.);
#11316 = ORIENTED_EDGE('',*,*,#11232,.F.);
#11317 = PLANE('',#11318);
#11318 = AXIS2_PLACEMENT_3D('',#11319,#11320,#11321);
#11319 = CARTESIAN_POINT('',(0.8,-0.36,0.));
#11320 = DIRECTION('',(1.,0.,-0.));
#11321 = DIRECTION('',(0.,0.,1.));
#11322 = ADVANCED_FACE('',(#11323),#11329,.T.);
#11323 = FACE_BOUND('',#11324,.T.);
#11324 = EDGE_LOOP('',(#11325,#11326,#11327,#11328));
#11325 = ORIENTED_EDGE('',*,*,#11083,.F.);
#11326 = ORIENTED_EDGE('',*,*,#11149,.T.);
#11327 = ORIENTED_EDGE('',*,*,#11115,.T.);
#11328 = ORIENTED_EDGE('',*,*,#11249,.F.);
#11329 = PLANE('',#11330);
#11330 = AXIS2_PLACEMENT_3D('',#11331,#11332,#11333);
#11331 = CARTESIAN_POINT('',(0.8,0.14,0.));
#11332 = DIRECTION('',(1.,0.,-0.));
#11333 = DIRECTION('',(0.,0.,1.));
#11334 = ( GEOMETRIC_REPRESENTATION_CONTEXT(3) 
GLOBAL_UNCERTAINTY_ASSIGNED_CONTEXT((#11338)) 
GLOBAL_UNIT_ASSIGNED_CONTEXT((#11335,#11336,#11337)) 
REPRESENTATION_CONTEXT('Context #1',
  '3D Context with UNIT and UNCERTAINTY') );
#11335 = ( LENGTH_UNIT() NAMED_UNIT(*) SI_UNIT(.MILLI.,.METRE.) );
#11336 = ( NAMED_UNIT(*) PLANE_ANGLE_UNIT() SI_UNIT($,.RADIAN.) );
#11337 = ( NAMED_UNIT(*) SI_UNIT($,.STERADIAN.) SOLID_ANGLE_UNIT() );
#11338 = UNCERTAINTY_MEASURE_WITH_UNIT(LENGTH_MEASURE(2.E-06),#11335,
  'distance_accuracy_value','confusion accuracy');
#11339 = CONTEXT_DEPENDENT_SHAPE_REPRESENTATION(#11340,#11342);
#11340 = ( REPRESENTATION_RELATIONSHIP('','',#9450,#9427) 
REPRESENTATION_RELATIONSHIP_WITH_TRANSFORMATION(#11341) 
SHAPE_REPRESENTATION_RELATIONSHIP() );
#11341 = ITEM_DEFINED_TRANSFORMATION('','',#11,#9428);
#11342 = PRODUCT_DEFINITION_SHAPE('Placement','Placement of an item',
  #11343);
#11343 = NEXT_ASSEMBLY_USAGE_OCCURRENCE('18','=>[0:1:1:13]','',#9422,
  #9445,$);
#11344 = PRODUCT_RELATED_PRODUCT_CATEGORY('part',$,(#9447));
#11345 = SHAPE_DEFINITION_REPRESENTATION(#11346,#11352);
#11346 = PRODUCT_DEFINITION_SHAPE('','',#11347);
#11347 = PRODUCT_DEFINITION('design','',#11348,#11351);
#11348 = PRODUCT_DEFINITION_FORMATION('','',#11349);
#11349 = PRODUCT('C_0603_1608Metric','C_0603_1608Metric','',(#11350));
#11350 = PRODUCT_CONTEXT('',#2,'mechanical');
#11351 = PRODUCT_DEFINITION_CONTEXT('part definition',#2,'design');
#11352 = SHAPE_REPRESENTATION('',(#11,#11353),#11357);
#11353 = AXIS2_PLACEMENT_3D('',#11354,#11355,#11356);
#11354 = CARTESIAN_POINT('',(0.,0.,0.));
#11355 = DIRECTION('',(0.,0.,1.));
#11356 = DIRECTION('',(1.,0.,-0.));
#11357 = ( GEOMETRIC_REPRESENTATION_CONTEXT(3) 
GLOBAL_UNCERTAINTY_ASSIGNED_CONTEXT((#11361)) 
GLOBAL_UNIT_ASSIGNED_CONTEXT((#11358,#11359,#11360)) 
REPRESENTATION_CONTEXT('Context #1',
  '3D Context with UNIT and UNCERTAINTY') );
#11358 = ( LENGTH_UNIT() NAMED_UNIT(*) SI_UNIT(.MILLI.,.METRE.) );
#11359 = ( NAMED_UNIT(*) PLANE_ANGLE_UNIT() SI_UNIT($,.RADIAN.) );
#11360 = ( NAMED_UNIT(*) SI_UNIT($,.STERADIAN.) SOLID_ANGLE_UNIT() );
#11361 = UNCERTAINTY_MEASURE_WITH_UNIT(LENGTH_MEASURE(1.E-07),#11358,
  'distance_accuracy_value','confusion accuracy');
#11362 = CONTEXT_DEPENDENT_SHAPE_REPRESENTATION(#11363,#11365);
#11363 = ( REPRESENTATION_RELATIONSHIP('','',#11352,#10) 
REPRESENTATION_RELATIONSHIP_WITH_TRANSFORMATION(#11364) 
SHAPE_REPRESENTATION_RELATIONSHIP() );
#11364 = ITEM_DEFINED_TRANSFORMATION('','',#11,#67);
#11365 = PRODUCT_DEFINITION_SHAPE('Placement','Placement of an item',
  #11366);
#11366 = NEXT_ASSEMBLY_USAGE_OCCURRENCE('21','C7','',#5,#11347,$);
#11367 = PRODUCT_RELATED_PRODUCT_CATEGORY('part',$,(#11349));
#11368 = SHAPE_DEFINITION_REPRESENTATION(#11369,#11375);
#11369 = PRODUCT_DEFINITION_SHAPE('','',#11370);
#11370 = PRODUCT_DEFINITION('design','',#11371,#11374);
#11371 = PRODUCT_DEFINITION_FORMATION('','',#11372);
#11372 = PRODUCT('C_0603_1608Metric','C_0603_1608Metric','',(#11373));
#11373 = PRODUCT_CONTEXT('',#2,'mechanical');
#11374 = PRODUCT_DEFINITION_CONTEXT('part definition',#2,'design');
#11375 = ADVANCED_BREP_SHAPE_REPRESENTATION('',(#11,#11376),#12230);
#11376 = MANIFOLD_SOLID_BREP('',#11377);
#11377 = CLOSED_SHELL('',(#11378,#11454,#11485,#11510,#11535,#11559,
    #11583,#11608,#11633,#11650,#11736,#11768,#11792,#11817,#11841,
    #11866,#11890,#11915,#11932,#12018,#12049,#12074,#12099,#12123,
    #12147,#12172,#12197,#12214));
#11378 = ADVANCED_FACE('',(#11379),#11449,.F.);
#11379 = FACE_BOUND('',#11380,.F.);
#11380 = EDGE_LOOP('',(#11381,#11391,#11400,#11408,#11417,#11425,#11434,
    #11442));
#11381 = ORIENTED_EDGE('',*,*,#11382,.F.);
#11382 = EDGE_CURVE('',#11383,#11385,#11387,.T.);
#11383 = VERTEX_POINT('',#11384);
#11384 = CARTESIAN_POINT('',(-0.8,-0.4,3.E-02));
#11385 = VERTEX_POINT('',#11386);
#11386 = CARTESIAN_POINT('',(-0.8,-0.4,0.77));
#11387 = LINE('',#11388,#11389);
#11388 = CARTESIAN_POINT('',(-0.8,-0.4,0.));
#11389 = VECTOR('',#11390,1.);
#11390 = DIRECTION('',(0.,0.,1.));
#11391 = ORIENTED_EDGE('',*,*,#11392,.T.);
#11392 = EDGE_CURVE('',#11383,#11393,#11395,.T.);
#11393 = VERTEX_POINT('',#11394);
#11394 = CARTESIAN_POINT('',(-0.8,-0.37,0.));
#11395 = CIRCLE('',#11396,3.E-02);
#11396 = AXIS2_PLACEMENT_3D('',#11397,#11398,#11399);
#11397 = CARTESIAN_POINT('',(-0.8,-0.37,3.E-02));
#11398 = DIRECTION('',(1.,0.,-0.));
#11399 = DIRECTION('',(0.,0.,1.));
#11400 = ORIENTED_EDGE('',*,*,#11401,.T.);
#11401 = EDGE_CURVE('',#11393,#11402,#11404,.T.);
#11402 = VERTEX_POINT('',#11403);
#11403 = CARTESIAN_POINT('',(-0.8,0.37,0.));
#11404 = LINE('',#11405,#11406);
#11405 = CARTESIAN_POINT('',(-0.8,-0.4,0.));
#11406 = VECTOR('',#11407,1.);
#11407 = DIRECTION('',(0.,1.,0.));
#11408 = ORIENTED_EDGE('',*,*,#11409,.F.);
#11409 = EDGE_CURVE('',#11410,#11402,#11412,.T.);
#11410 = VERTEX_POINT('',#11411);
#11411 = CARTESIAN_POINT('',(-0.8,0.4,3.E-02));
#11412 = CIRCLE('',#11413,3.E-02);
#11413 = AXIS2_PLACEMENT_3D('',#11414,#11415,#11416);
#11414 = CARTESIAN_POINT('',(-0.8,0.37,3.E-02));
#11415 = DIRECTION('',(-1.,0.,0.));
#11416 = DIRECTION('',(0.,0.,1.));
#11417 = ORIENTED_EDGE('',*,*,#11418,.T.);
#11418 = EDGE_CURVE('',#11410,#11419,#11421,.T.);
#11419 = VERTEX_POINT('',#11420);
#11420 = CARTESIAN_POINT('',(-0.8,0.4,0.77));
#11421 = LINE('',#11422,#11423);
#11422 = CARTESIAN_POINT('',(-0.8,0.4,0.));
#11423 = VECTOR('',#11424,1.);
#11424 = DIRECTION('',(0.,0.,1.));
#11425 = ORIENTED_EDGE('',*,*,#11426,.T.);
#11426 = EDGE_CURVE('',#11419,#11427,#11429,.T.);
#11427 = VERTEX_POINT('',#11428);
#11428 = CARTESIAN_POINT('',(-0.8,0.37,0.8));
#11429 = CIRCLE('',#11430,3.E-02);
#11430 = AXIS2_PLACEMENT_3D('',#11431,#11432,#11433);
#11431 = CARTESIAN_POINT('',(-0.8,0.37,0.77));
#11432 = DIRECTION('',(1.,0.,-0.));
#11433 = DIRECTION('',(0.,0.,1.));
#11434 = ORIENTED_EDGE('',*,*,#11435,.F.);
#11435 = EDGE_CURVE('',#11436,#11427,#11438,.T.);
#11436 = VERTEX_POINT('',#11437);
#11437 = CARTESIAN_POINT('',(-0.8,-0.37,0.8));
#11438 = LINE('',#11439,#11440);
#11439 = CARTESIAN_POINT('',(-0.8,-0.4,0.8));
#11440 = VECTOR('',#11441,1.);
#11441 = DIRECTION('',(0.,1.,0.));
#11442 = ORIENTED_EDGE('',*,*,#11443,.F.);
#11443 = EDGE_CURVE('',#11385,#11436,#11444,.T.);
#11444 = CIRCLE('',#11445,3.E-02);
#11445 = AXIS2_PLACEMENT_3D('',#11446,#11447,#11448);
#11446 = CARTESIAN_POINT('',(-0.8,-0.37,0.77));
#11447 = DIRECTION('',(-1.,0.,0.));
#11448 = DIRECTION('',(0.,0.,1.));
#11449 = PLANE('',#11450);
#11450 = AXIS2_PLACEMENT_3D('',#11451,#11452,#11453);
#11451 = CARTESIAN_POINT('',(-0.8,-0.4,0.));
#11452 = DIRECTION('',(1.,0.,-0.));
#11453 = DIRECTION('',(0.,0.,1.));
#11454 = ADVANCED_FACE('',(#11455),#11480,.F.);
#11455 = FACE_BOUND('',#11456,.F.);
#11456 = EDGE_LOOP('',(#11457,#11467,#11473,#11474));
#11457 = ORIENTED_EDGE('',*,*,#11458,.F.);
#11458 = EDGE_CURVE('',#11459,#11461,#11463,.T.);
#11459 = VERTEX_POINT('',#11460);
#11460 = CARTESIAN_POINT('',(-0.5,-0.4,3.E-02));
#11461 = VERTEX_POINT('',#11462);
#11462 = CARTESIAN_POINT('',(-0.5,-0.4,0.77));
#11463 = LINE('',#11464,#11465);
#11464 = CARTESIAN_POINT('',(-0.5,-0.4,0.));
#11465 = VECTOR('',#11466,1.);
#11466 = DIRECTION('',(0.,0.,1.));
#11467 = ORIENTED_EDGE('',*,*,#11468,.F.);
#11468 = EDGE_CURVE('',#11383,#11459,#11469,.T.);
#11469 = LINE('',#11470,#11471);
#11470 = CARTESIAN_POINT('',(-0.8,-0.4,3.E-02));
#11471 = VECTOR('',#11472,1.);
#11472 = DIRECTION('',(1.,0.,-0.));
#11473 = ORIENTED_EDGE('',*,*,#11382,.T.);
#11474 = ORIENTED_EDGE('',*,*,#11475,.T.);
#11475 = EDGE_CURVE('',#11385,#11461,#11476,.T.);
#11476 = LINE('',#11477,#11478);
#11477 = CARTESIAN_POINT('',(-0.8,-0.4,0.77));
#11478 = VECTOR('',#11479,1.);
#11479 = DIRECTION('',(1.,0.,-0.));
#11480 = PLANE('',#11481);
#11481 = AXIS2_PLACEMENT_3D('',#11482,#11483,#11484);
#11482 = CARTESIAN_POINT('',(-0.8,-0.4,0.));
#11483 = DIRECTION('',(0.,1.,0.));
#11484 = DIRECTION('',(0.,-0.,1.));
#11485 = ADVANCED_FACE('',(#11486),#11505,.T.);
#11486 = FACE_BOUND('',#11487,.T.);
#11487 = EDGE_LOOP('',(#11488,#11489,#11497,#11504));
#11488 = ORIENTED_EDGE('',*,*,#11392,.T.);
#11489 = ORIENTED_EDGE('',*,*,#11490,.T.);
#11490 = EDGE_CURVE('',#11393,#11491,#11493,.T.);
#11491 = VERTEX_POINT('',#11492);
#11492 = CARTESIAN_POINT('',(-0.5,-0.37,0.));
#11493 = LINE('',#11494,#11495);
#11494 = CARTESIAN_POINT('',(-0.8,-0.37,0.));
#11495 = VECTOR('',#11496,1.);
#11496 = DIRECTION('',(1.,0.,-0.));
#11497 = ORIENTED_EDGE('',*,*,#11498,.F.);
#11498 = EDGE_CURVE('',#11459,#11491,#11499,.T.);
#11499 = CIRCLE('',#11500,3.E-02);
#11500 = AXIS2_PLACEMENT_3D('',#11501,#11502,#11503);
#11501 = CARTESIAN_POINT('',(-0.5,-0.37,3.E-02));
#11502 = DIRECTION('',(1.,0.,-0.));
#11503 = DIRECTION('',(0.,0.,1.));
#11504 = ORIENTED_EDGE('',*,*,#11468,.F.);
#11505 = CYLINDRICAL_SURFACE('',#11506,3.E-02);
#11506 = AXIS2_PLACEMENT_3D('',#11507,#11508,#11509);
#11507 = CARTESIAN_POINT('',(-0.8,-0.37,3.E-02));
#11508 = DIRECTION('',(1.,0.,-0.));
#11509 = DIRECTION('',(0.,-1.,0.));
#11510 = ADVANCED_FACE('',(#11511),#11530,.T.);
#11511 = FACE_BOUND('',#11512,.T.);
#11512 = EDGE_LOOP('',(#11513,#11514,#11523,#11529));
#11513 = ORIENTED_EDGE('',*,*,#11475,.T.);
#11514 = ORIENTED_EDGE('',*,*,#11515,.T.);
#11515 = EDGE_CURVE('',#11461,#11516,#11518,.T.);
#11516 = VERTEX_POINT('',#11517);
#11517 = CARTESIAN_POINT('',(-0.5,-0.37,0.8));
#11518 = CIRCLE('',#11519,3.E-02);
#11519 = AXIS2_PLACEMENT_3D('',#11520,#11521,#11522);
#11520 = CARTESIAN_POINT('',(-0.5,-0.37,0.77));
#11521 = DIRECTION('',(-1.,0.,0.));
#11522 = DIRECTION('',(0.,0.,1.));
#11523 = ORIENTED_EDGE('',*,*,#11524,.F.);
#11524 = EDGE_CURVE('',#11436,#11516,#11525,.T.);
#11525 = LINE('',#11526,#11527);
#11526 = CARTESIAN_POINT('',(-0.8,-0.37,0.8));
#11527 = VECTOR('',#11528,1.);
#11528 = DIRECTION('',(1.,0.,-0.));
#11529 = ORIENTED_EDGE('',*,*,#11443,.F.);
#11530 = CYLINDRICAL_SURFACE('',#11531,3.E-02);
#11531 = AXIS2_PLACEMENT_3D('',#11532,#11533,#11534);
#11532 = CARTESIAN_POINT('',(-0.8,-0.37,0.77));
#11533 = DIRECTION('',(1.,0.,-0.));
#11534 = DIRECTION('',(0.,-1.,0.));
#11535 = ADVANCED_FACE('',(#11536),#11554,.F.);
#11536 = FACE_BOUND('',#11537,.F.);
#11537 = EDGE_LOOP('',(#11538,#11539,#11540,#11548));
#11538 = ORIENTED_EDGE('',*,*,#11401,.F.);
#11539 = ORIENTED_EDGE('',*,*,#11490,.T.);
#11540 = ORIENTED_EDGE('',*,*,#11541,.T.);
#11541 = EDGE_CURVE('',#11491,#11542,#11544,.T.);
#11542 = VERTEX_POINT('',#11543);
#11543 = CARTESIAN_POINT('',(-0.5,0.37,0.));
#11544 = LINE('',#11545,#11546);
#11545 = CARTESIAN_POINT('',(-0.5,-0.4,0.));
#11546 = VECTOR('',#11547,1.);
#11547 = DIRECTION('',(0.,1.,0.));
#11548 = ORIENTED_EDGE('',*,*,#11549,.F.);
#11549 = EDGE_CURVE('',#11402,#11542,#11550,.T.);
#11550 = LINE('',#11551,#11552);
#11551 = CARTESIAN_POINT('',(-0.8,0.37,0.));
#11552 = VECTOR('',#11553,1.);
#11553 = DIRECTION('',(1.,0.,-0.));
#11554 = PLANE('',#11555);
#11555 = AXIS2_PLACEMENT_3D('',#11556,#11557,#11558);
#11556 = CARTESIAN_POINT('',(-0.8,-0.4,0.));
#11557 = DIRECTION('',(0.,0.,1.));
#11558 = DIRECTION('',(1.,0.,-0.));
#11559 = ADVANCED_FACE('',(#11560),#11578,.T.);
#11560 = FACE_BOUND('',#11561,.T.);
#11561 = EDGE_LOOP('',(#11562,#11563,#11564,#11572));
#11562 = ORIENTED_EDGE('',*,*,#11435,.F.);
#11563 = ORIENTED_EDGE('',*,*,#11524,.T.);
#11564 = ORIENTED_EDGE('',*,*,#11565,.T.);
#11565 = EDGE_CURVE('',#11516,#11566,#11568,.T.);
#11566 = VERTEX_POINT('',#11567);
#11567 = CARTESIAN_POINT('',(-0.5,0.37,0.8));
#11568 = LINE('',#11569,#11570);
#11569 = CARTESIAN_POINT('',(-0.5,-0.4,0.8));
#11570 = VECTOR('',#11571,1.);
#11571 = DIRECTION('',(0.,1.,0.));
#11572 = ORIENTED_EDGE('',*,*,#11573,.F.);
#11573 = EDGE_CURVE('',#11427,#11566,#11574,.T.);
#11574 = LINE('',#11575,#11576);
#11575 = CARTESIAN_POINT('',(-0.8,0.37,0.8));
#11576 = VECTOR('',#11577,1.);
#11577 = DIRECTION('',(1.,0.,-0.));
#11578 = PLANE('',#11579);
#11579 = AXIS2_PLACEMENT_3D('',#11580,#11581,#11582);
#11580 = CARTESIAN_POINT('',(-0.8,-0.4,0.8));
#11581 = DIRECTION('',(0.,0.,1.));
#11582 = DIRECTION('',(1.,0.,-0.));
#11583 = ADVANCED_FACE('',(#11584),#11603,.T.);
#11584 = FACE_BOUND('',#11585,.T.);
#11585 = EDGE_LOOP('',(#11586,#11594,#11601,#11602));
#11586 = ORIENTED_EDGE('',*,*,#11587,.T.);
#11587 = EDGE_CURVE('',#11410,#11588,#11590,.T.);
#11588 = VERTEX_POINT('',#11589);
#11589 = CARTESIAN_POINT('',(-0.5,0.4,3.E-02));
#11590 = LINE('',#11591,#11592);
#11591 = CARTESIAN_POINT('',(-0.8,0.4,3.E-02));
#11592 = VECTOR('',#11593,1.);
#11593 = DIRECTION('',(1.,0.,-0.));
#11594 = ORIENTED_EDGE('',*,*,#11595,.T.);
#11595 = EDGE_CURVE('',#11588,#11542,#11596,.T.);
#11596 = CIRCLE('',#11597,3.E-02);
#11597 = AXIS2_PLACEMENT_3D('',#11598,#11599,#11600);
#11598 = CARTESIAN_POINT('',(-0.5,0.37,3.E-02));
#11599 = DIRECTION('',(-1.,0.,0.));
#11600 = DIRECTION('',(0.,0.,1.));
#11601 = ORIENTED_EDGE('',*,*,#11549,.F.);
#11602 = ORIENTED_EDGE('',*,*,#11409,.F.);
#11603 = CYLINDRICAL_SURFACE('',#11604,3.E-02);
#11604 = AXIS2_PLACEMENT_3D('',#11605,#11606,#11607);
#11605 = CARTESIAN_POINT('',(-0.8,0.37,3.E-02));
#11606 = DIRECTION('',(1.,0.,-0.));
#11607 = DIRECTION('',(0.,1.,0.));
#11608 = ADVANCED_FACE('',(#11609),#11628,.T.);
#11609 = FACE_BOUND('',#11610,.T.);
#11610 = EDGE_LOOP('',(#11611,#11612,#11613,#11622));
#11611 = ORIENTED_EDGE('',*,*,#11426,.T.);
#11612 = ORIENTED_EDGE('',*,*,#11573,.T.);
#11613 = ORIENTED_EDGE('',*,*,#11614,.F.);
#11614 = EDGE_CURVE('',#11615,#11566,#11617,.T.);
#11615 = VERTEX_POINT('',#11616);
#11616 = CARTESIAN_POINT('',(-0.5,0.4,0.77));
#11617 = CIRCLE('',#11618,3.E-02);
#11618 = AXIS2_PLACEMENT_3D('',#11619,#11620,#11621);
#11619 = CARTESIAN_POINT('',(-0.5,0.37,0.77));
#11620 = DIRECTION('',(1.,0.,-0.));
#11621 = DIRECTION('',(0.,0.,1.));
#11622 = ORIENTED_EDGE('',*,*,#11623,.F.);
#11623 = EDGE_CURVE('',#11419,#11615,#11624,.T.);
#11624 = LINE('',#11625,#11626);
#11625 = CARTESIAN_POINT('',(-0.8,0.4,0.77));
#11626 = VECTOR('',#11627,1.);
#11627 = DIRECTION('',(1.,0.,-0.));
#11628 = CYLINDRICAL_SURFACE('',#11629,3.E-02);
#11629 = AXIS2_PLACEMENT_3D('',#11630,#11631,#11632);
#11630 = CARTESIAN_POINT('',(-0.8,0.37,0.77));
#11631 = DIRECTION('',(1.,0.,-0.));
#11632 = DIRECTION('',(0.,1.,0.));
#11633 = ADVANCED_FACE('',(#11634),#11645,.T.);
#11634 = FACE_BOUND('',#11635,.T.);
#11635 = EDGE_LOOP('',(#11636,#11642,#11643,#11644));
#11636 = ORIENTED_EDGE('',*,*,#11637,.F.);
#11637 = EDGE_CURVE('',#11588,#11615,#11638,.T.);
#11638 = LINE('',#11639,#11640);
#11639 = CARTESIAN_POINT('',(-0.5,0.4,0.));
#11640 = VECTOR('',#11641,1.);
#11641 = DIRECTION('',(0.,0.,1.));
#11642 = ORIENTED_EDGE('',*,*,#11587,.F.);
#11643 = ORIENTED_EDGE('',*,*,#11418,.T.);
#11644 = ORIENTED_EDGE('',*,*,#11623,.T.);
#11645 = PLANE('',#11646);
#11646 = AXIS2_PLACEMENT_3D('',#11647,#11648,#11649);
#11647 = CARTESIAN_POINT('',(-0.8,0.4,0.));
#11648 = DIRECTION('',(0.,1.,0.));
#11649 = DIRECTION('',(0.,-0.,1.));
#11650 = ADVANCED_FACE('',(#11651,#11661),#11731,.T.);
#11651 = FACE_BOUND('',#11652,.T.);
#11652 = EDGE_LOOP('',(#11653,#11654,#11655,#11656,#11657,#11658,#11659,
    #11660));
#11653 = ORIENTED_EDGE('',*,*,#11458,.F.);
#11654 = ORIENTED_EDGE('',*,*,#11498,.T.);
#11655 = ORIENTED_EDGE('',*,*,#11541,.T.);
#11656 = ORIENTED_EDGE('',*,*,#11595,.F.);
#11657 = ORIENTED_EDGE('',*,*,#11637,.T.);
#11658 = ORIENTED_EDGE('',*,*,#11614,.T.);
#11659 = ORIENTED_EDGE('',*,*,#11565,.F.);
#11660 = ORIENTED_EDGE('',*,*,#11515,.F.);
#11661 = FACE_BOUND('',#11662,.T.);
#11662 = EDGE_LOOP('',(#11663,#11674,#11682,#11691,#11699,#11708,#11716,
    #11725));
#11663 = ORIENTED_EDGE('',*,*,#11664,.F.);
#11664 = EDGE_CURVE('',#11665,#11667,#11669,.T.);
#11665 = VERTEX_POINT('',#11666);
#11666 = CARTESIAN_POINT('',(-0.5,-0.37,6.E-02));
#11667 = VERTEX_POINT('',#11668);
#11668 = CARTESIAN_POINT('',(-0.5,-0.34,3.E-02));
#11669 = CIRCLE('',#11670,3.E-02);
#11670 = AXIS2_PLACEMENT_3D('',#11671,#11672,#11673);
#11671 = CARTESIAN_POINT('',(-0.5,-0.34,6.E-02));
#11672 = DIRECTION('',(1.,0.,-0.));
#11673 = DIRECTION('',(0.,0.,1.));
#11674 = ORIENTED_EDGE('',*,*,#11675,.T.);
#11675 = EDGE_CURVE('',#11665,#11676,#11678,.T.);
#11676 = VERTEX_POINT('',#11677);
#11677 = CARTESIAN_POINT('',(-0.5,-0.37,0.74));
#11678 = LINE('',#11679,#11680);
#11679 = CARTESIAN_POINT('',(-0.5,-0.37,3.E-02));
#11680 = VECTOR('',#11681,1.);
#11681 = DIRECTION('',(0.,0.,1.));
#11682 = ORIENTED_EDGE('',*,*,#11683,.T.);
#11683 = EDGE_CURVE('',#11676,#11684,#11686,.T.);
#11684 = VERTEX_POINT('',#11685);
#11685 = CARTESIAN_POINT('',(-0.5,-0.34,0.77));
#11686 = CIRCLE('',#11687,3.E-02);
#11687 = AXIS2_PLACEMENT_3D('',#11688,#11689,#11690);
#11688 = CARTESIAN_POINT('',(-0.5,-0.34,0.74));
#11689 = DIRECTION('',(-1.,0.,0.));
#11690 = DIRECTION('',(0.,0.,1.));
#11691 = ORIENTED_EDGE('',*,*,#11692,.T.);
#11692 = EDGE_CURVE('',#11684,#11693,#11695,.T.);
#11693 = VERTEX_POINT('',#11694);
#11694 = CARTESIAN_POINT('',(-0.5,0.34,0.77));
#11695 = LINE('',#11696,#11697);
#11696 = CARTESIAN_POINT('',(-0.5,-0.37,0.77));
#11697 = VECTOR('',#11698,1.);
#11698 = DIRECTION('',(0.,1.,0.));
#11699 = ORIENTED_EDGE('',*,*,#11700,.F.);
#11700 = EDGE_CURVE('',#11701,#11693,#11703,.T.);
#11701 = VERTEX_POINT('',#11702);
#11702 = CARTESIAN_POINT('',(-0.5,0.37,0.74));
#11703 = CIRCLE('',#11704,3.E-02);
#11704 = AXIS2_PLACEMENT_3D('',#11705,#11706,#11707);
#11705 = CARTESIAN_POINT('',(-0.5,0.34,0.74));
#11706 = DIRECTION('',(1.,0.,-0.));
#11707 = DIRECTION('',(0.,0.,1.));
#11708 = ORIENTED_EDGE('',*,*,#11709,.F.);
#11709 = EDGE_CURVE('',#11710,#11701,#11712,.T.);
#11710 = VERTEX_POINT('',#11711);
#11711 = CARTESIAN_POINT('',(-0.5,0.37,6.E-02));
#11712 = LINE('',#11713,#11714);
#11713 = CARTESIAN_POINT('',(-0.5,0.37,3.E-02));
#11714 = VECTOR('',#11715,1.);
#11715 = DIRECTION('',(0.,0.,1.));
#11716 = ORIENTED_EDGE('',*,*,#11717,.T.);
#11717 = EDGE_CURVE('',#11710,#11718,#11720,.T.);
#11718 = VERTEX_POINT('',#11719);
#11719 = CARTESIAN_POINT('',(-0.5,0.34,3.E-02));
#11720 = CIRCLE('',#11721,3.E-02);
#11721 = AXIS2_PLACEMENT_3D('',#11722,#11723,#11724);
#11722 = CARTESIAN_POINT('',(-0.5,0.34,6.E-02));
#11723 = DIRECTION('',(-1.,0.,0.));
#11724 = DIRECTION('',(0.,0.,1.));
#11725 = ORIENTED_EDGE('',*,*,#11726,.F.);
#11726 = EDGE_CURVE('',#11667,#11718,#11727,.T.);
#11727 = LINE('',#11728,#11729);
#11728 = CARTESIAN_POINT('',(-0.5,-0.37,3.E-02));
#11729 = VECTOR('',#11730,1.);
#11730 = DIRECTION('',(0.,1.,0.));
#11731 = PLANE('',#11732);
#11732 = AXIS2_PLACEMENT_3D('',#11733,#11734,#11735);
#11733 = CARTESIAN_POINT('',(-0.5,-0.4,0.));
#11734 = DIRECTION('',(1.,0.,-0.));
#11735 = DIRECTION('',(0.,0.,1.));
#11736 = ADVANCED_FACE('',(#11737),#11763,.T.);
#11737 = FACE_BOUND('',#11738,.T.);
#11738 = EDGE_LOOP('',(#11739,#11740,#11748,#11757));
#11739 = ORIENTED_EDGE('',*,*,#11664,.T.);
#11740 = ORIENTED_EDGE('',*,*,#11741,.T.);
#11741 = EDGE_CURVE('',#11667,#11742,#11744,.T.);
#11742 = VERTEX_POINT('',#11743);
#11743 = CARTESIAN_POINT('',(0.5,-0.34,3.E-02));
#11744 = LINE('',#11745,#11746);
#11745 = CARTESIAN_POINT('',(-0.5,-0.34,3.E-02));
#11746 = VECTOR('',#11747,1.);
#11747 = DIRECTION('',(1.,0.,-0.));
#11748 = ORIENTED_EDGE('',*,*,#11749,.F.);
#11749 = EDGE_CURVE('',#11750,#11742,#11752,.T.);
#11750 = VERTEX_POINT('',#11751);
#11751 = CARTESIAN_POINT('',(0.5,-0.37,6.E-02));
#11752 = CIRCLE('',#11753,3.E-02);
#11753 = AXIS2_PLACEMENT_3D('',#11754,#11755,#11756);
#11754 = CARTESIAN_POINT('',(0.5,-0.34,6.E-02));
#11755 = DIRECTION('',(1.,0.,-0.));
#11756 = DIRECTION('',(0.,0.,1.));
#11757 = ORIENTED_EDGE('',*,*,#11758,.F.);
#11758 = EDGE_CURVE('',#11665,#11750,#11759,.T.);
#11759 = LINE('',#11760,#11761);
#11760 = CARTESIAN_POINT('',(-0.5,-0.37,6.E-02));
#11761 = VECTOR('',#11762,1.);
#11762 = DIRECTION('',(1.,0.,-0.));
#11763 = CYLINDRICAL_SURFACE('',#11764,3.E-02);
#11764 = AXIS2_PLACEMENT_3D('',#11765,#11766,#11767);
#11765 = CARTESIAN_POINT('',(-0.5,-0.34,6.E-02));
#11766 = DIRECTION('',(1.,0.,-0.));
#11767 = DIRECTION('',(0.,-1.,0.));
#11768 = ADVANCED_FACE('',(#11769),#11787,.F.);
#11769 = FACE_BOUND('',#11770,.F.);
#11770 = EDGE_LOOP('',(#11771,#11772,#11773,#11781));
#11771 = ORIENTED_EDGE('',*,*,#11726,.F.);
#11772 = ORIENTED_EDGE('',*,*,#11741,.T.);
#11773 = ORIENTED_EDGE('',*,*,#11774,.T.);
#11774 = EDGE_CURVE('',#11742,#11775,#11777,.T.);
#11775 = VERTEX_POINT('',#11776);
#11776 = CARTESIAN_POINT('',(0.5,0.34,3.E-02));
#11777 = LINE('',#11778,#11779);
#11778 = CARTESIAN_POINT('',(0.5,-0.37,3.E-02));
#11779 = VECTOR('',#11780,1.);
#11780 = DIRECTION('',(0.,1.,0.));
#11781 = ORIENTED_EDGE('',*,*,#11782,.F.);
#11782 = EDGE_CURVE('',#11718,#11775,#11783,.T.);
#11783 = LINE('',#11784,#11785);
#11784 = CARTESIAN_POINT('',(-0.5,0.34,3.E-02));
#11785 = VECTOR('',#11786,1.);
#11786 = DIRECTION('',(1.,0.,-0.));
#11787 = PLANE('',#11788);
#11788 = AXIS2_PLACEMENT_3D('',#11789,#11790,#11791);
#11789 = CARTESIAN_POINT('',(-0.5,-0.37,3.E-02));
#11790 = DIRECTION('',(0.,0.,1.));
#11791 = DIRECTION('',(1.,0.,-0.));
#11792 = ADVANCED_FACE('',(#11793),#11812,.T.);
#11793 = FACE_BOUND('',#11794,.T.);
#11794 = EDGE_LOOP('',(#11795,#11803,#11810,#11811));
#11795 = ORIENTED_EDGE('',*,*,#11796,.T.);
#11796 = EDGE_CURVE('',#11710,#11797,#11799,.T.);
#11797 = VERTEX_POINT('',#11798);
#11798 = CARTESIAN_POINT('',(0.5,0.37,6.E-02));
#11799 = LINE('',#11800,#11801);
#11800 = CARTESIAN_POINT('',(-0.5,0.37,6.E-02));
#11801 = VECTOR('',#11802,1.);
#11802 = DIRECTION('',(1.,0.,-0.));
#11803 = ORIENTED_EDGE('',*,*,#11804,.T.);
#11804 = EDGE_CURVE('',#11797,#11775,#11805,.T.);
#11805 = CIRCLE('',#11806,3.E-02);
#11806 = AXIS2_PLACEMENT_3D('',#11807,#11808,#11809);
#11807 = CARTESIAN_POINT('',(0.5,0.34,6.E-02));
#11808 = DIRECTION('',(-1.,0.,0.));
#11809 = DIRECTION('',(0.,0.,1.));
#11810 = ORIENTED_EDGE('',*,*,#11782,.F.);
#11811 = ORIENTED_EDGE('',*,*,#11717,.F.);
#11812 = CYLINDRICAL_SURFACE('',#11813,3.E-02);
#11813 = AXIS2_PLACEMENT_3D('',#11814,#11815,#11816);
#11814 = CARTESIAN_POINT('',(-0.5,0.34,6.E-02));
#11815 = DIRECTION('',(1.,0.,-0.));
#11816 = DIRECTION('',(0.,1.,0.));
#11817 = ADVANCED_FACE('',(#11818),#11836,.T.);
#11818 = FACE_BOUND('',#11819,.T.);
#11819 = EDGE_LOOP('',(#11820,#11828,#11829,#11830));
#11820 = ORIENTED_EDGE('',*,*,#11821,.F.);
#11821 = EDGE_CURVE('',#11797,#11822,#11824,.T.);
#11822 = VERTEX_POINT('',#11823);
#11823 = CARTESIAN_POINT('',(0.5,0.37,0.74));
#11824 = LINE('',#11825,#11826);
#11825 = CARTESIAN_POINT('',(0.5,0.37,3.E-02));
#11826 = VECTOR('',#11827,1.);
#11827 = DIRECTION('',(0.,0.,1.));
#11828 = ORIENTED_EDGE('',*,*,#11796,.F.);
#11829 = ORIENTED_EDGE('',*,*,#11709,.T.);
#11830 = ORIENTED_EDGE('',*,*,#11831,.T.);
#11831 = EDGE_CURVE('',#11701,#11822,#11832,.T.);
#11832 = LINE('',#11833,#11834);
#11833 = CARTESIAN_POINT('',(-0.5,0.37,0.74));
#11834 = VECTOR('',#11835,1.);
#11835 = DIRECTION('',(1.,0.,-0.));
#11836 = PLANE('',#11837);
#11837 = AXIS2_PLACEMENT_3D('',#11838,#11839,#11840);
#11838 = CARTESIAN_POINT('',(-0.5,0.37,3.E-02));
#11839 = DIRECTION('',(0.,1.,0.));
#11840 = DIRECTION('',(0.,-0.,1.));
#11841 = ADVANCED_FACE('',(#11842),#11861,.T.);
#11842 = FACE_BOUND('',#11843,.T.);
#11843 = EDGE_LOOP('',(#11844,#11845,#11853,#11860));
#11844 = ORIENTED_EDGE('',*,*,#11700,.T.);
#11845 = ORIENTED_EDGE('',*,*,#11846,.T.);
#11846 = EDGE_CURVE('',#11693,#11847,#11849,.T.);
#11847 = VERTEX_POINT('',#11848);
#11848 = CARTESIAN_POINT('',(0.5,0.34,0.77));
#11849 = LINE('',#11850,#11851);
#11850 = CARTESIAN_POINT('',(-0.5,0.34,0.77));
#11851 = VECTOR('',#11852,1.);
#11852 = DIRECTION('',(1.,0.,-0.));
#11853 = ORIENTED_EDGE('',*,*,#11854,.F.);
#11854 = EDGE_CURVE('',#11822,#11847,#11855,.T.);
#11855 = CIRCLE('',#11856,3.E-02);
#11856 = AXIS2_PLACEMENT_3D('',#11857,#11858,#11859);
#11857 = CARTESIAN_POINT('',(0.5,0.34,0.74));
#11858 = DIRECTION('',(1.,0.,-0.));
#11859 = DIRECTION('',(0.,0.,1.));
#11860 = ORIENTED_EDGE('',*,*,#11831,.F.);
#11861 = CYLINDRICAL_SURFACE('',#11862,3.E-02);
#11862 = AXIS2_PLACEMENT_3D('',#11863,#11864,#11865);
#11863 = CARTESIAN_POINT('',(-0.5,0.34,0.74));
#11864 = DIRECTION('',(1.,0.,-0.));
#11865 = DIRECTION('',(0.,1.,0.));
#11866 = ADVANCED_FACE('',(#11867),#11885,.T.);
#11867 = FACE_BOUND('',#11868,.T.);
#11868 = EDGE_LOOP('',(#11869,#11870,#11878,#11884));
#11869 = ORIENTED_EDGE('',*,*,#11692,.F.);
#11870 = ORIENTED_EDGE('',*,*,#11871,.T.);
#11871 = EDGE_CURVE('',#11684,#11872,#11874,.T.);
#11872 = VERTEX_POINT('',#11873);
#11873 = CARTESIAN_POINT('',(0.5,-0.34,0.77));
#11874 = LINE('',#11875,#11876);
#11875 = CARTESIAN_POINT('',(-0.5,-0.34,0.77));
#11876 = VECTOR('',#11877,1.);
#11877 = DIRECTION('',(1.,0.,-0.));
#11878 = ORIENTED_EDGE('',*,*,#11879,.T.);
#11879 = EDGE_CURVE('',#11872,#11847,#11880,.T.);
#11880 = LINE('',#11881,#11882);
#11881 = CARTESIAN_POINT('',(0.5,-0.37,0.77));
#11882 = VECTOR('',#11883,1.);
#11883 = DIRECTION('',(0.,1.,0.));
#11884 = ORIENTED_EDGE('',*,*,#11846,.F.);
#11885 = PLANE('',#11886);
#11886 = AXIS2_PLACEMENT_3D('',#11887,#11888,#11889);
#11887 = CARTESIAN_POINT('',(-0.5,-0.37,0.77));
#11888 = DIRECTION('',(0.,0.,1.));
#11889 = DIRECTION('',(1.,0.,-0.));
#11890 = ADVANCED_FACE('',(#11891),#11910,.T.);
#11891 = FACE_BOUND('',#11892,.T.);
#11892 = EDGE_LOOP('',(#11893,#11901,#11908,#11909));
#11893 = ORIENTED_EDGE('',*,*,#11894,.T.);
#11894 = EDGE_CURVE('',#11676,#11895,#11897,.T.);
#11895 = VERTEX_POINT('',#11896);
#11896 = CARTESIAN_POINT('',(0.5,-0.37,0.74));
#11897 = LINE('',#11898,#11899);
#11898 = CARTESIAN_POINT('',(-0.5,-0.37,0.74));
#11899 = VECTOR('',#11900,1.);
#11900 = DIRECTION('',(1.,0.,-0.));
#11901 = ORIENTED_EDGE('',*,*,#11902,.T.);
#11902 = EDGE_CURVE('',#11895,#11872,#11903,.T.);
#11903 = CIRCLE('',#11904,3.E-02);
#11904 = AXIS2_PLACEMENT_3D('',#11905,#11906,#11907);
#11905 = CARTESIAN_POINT('',(0.5,-0.34,0.74));
#11906 = DIRECTION('',(-1.,0.,0.));
#11907 = DIRECTION('',(0.,0.,1.));
#11908 = ORIENTED_EDGE('',*,*,#11871,.F.);
#11909 = ORIENTED_EDGE('',*,*,#11683,.F.);
#11910 = CYLINDRICAL_SURFACE('',#11911,3.E-02);
#11911 = AXIS2_PLACEMENT_3D('',#11912,#11913,#11914);
#11912 = CARTESIAN_POINT('',(-0.5,-0.34,0.74));
#11913 = DIRECTION('',(1.,0.,-0.));
#11914 = DIRECTION('',(0.,-1.,0.));
#11915 = ADVANCED_FACE('',(#11916),#11927,.F.);
#11916 = FACE_BOUND('',#11917,.F.);
#11917 = EDGE_LOOP('',(#11918,#11924,#11925,#11926));
#11918 = ORIENTED_EDGE('',*,*,#11919,.F.);
#11919 = EDGE_CURVE('',#11750,#11895,#11920,.T.);
#11920 = LINE('',#11921,#11922);
#11921 = CARTESIAN_POINT('',(0.5,-0.37,3.E-02));
#11922 = VECTOR('',#11923,1.);
#11923 = DIRECTION('',(0.,0.,1.));
#11924 = ORIENTED_EDGE('',*,*,#11758,.F.);
#11925 = ORIENTED_EDGE('',*,*,#11675,.T.);
#11926 = ORIENTED_EDGE('',*,*,#11894,.T.);
#11927 = PLANE('',#11928);
#11928 = AXIS2_PLACEMENT_3D('',#11929,#11930,#11931);
#11929 = CARTESIAN_POINT('',(-0.5,-0.37,3.E-02));
#11930 = DIRECTION('',(0.,1.,0.));
#11931 = DIRECTION('',(0.,-0.,1.));
#11932 = ADVANCED_FACE('',(#11933,#12003),#12013,.F.);
#11933 = FACE_BOUND('',#11934,.F.);
#11934 = EDGE_LOOP('',(#11935,#11945,#11954,#11962,#11971,#11979,#11988,
    #11996));
#11935 = ORIENTED_EDGE('',*,*,#11936,.F.);
#11936 = EDGE_CURVE('',#11937,#11939,#11941,.T.);
#11937 = VERTEX_POINT('',#11938);
#11938 = CARTESIAN_POINT('',(0.5,-0.4,3.E-02));
#11939 = VERTEX_POINT('',#11940);
#11940 = CARTESIAN_POINT('',(0.5,-0.4,0.77));
#11941 = LINE('',#11942,#11943);
#11942 = CARTESIAN_POINT('',(0.5,-0.4,0.));
#11943 = VECTOR('',#11944,1.);
#11944 = DIRECTION('',(0.,0.,1.));
#11945 = ORIENTED_EDGE('',*,*,#11946,.T.);
#11946 = EDGE_CURVE('',#11937,#11947,#11949,.T.);
#11947 = VERTEX_POINT('',#11948);
#11948 = CARTESIAN_POINT('',(0.5,-0.37,0.));
#11949 = CIRCLE('',#11950,3.E-02);
#11950 = AXIS2_PLACEMENT_3D('',#11951,#11952,#11953);
#11951 = CARTESIAN_POINT('',(0.5,-0.37,3.E-02));
#11952 = DIRECTION('',(1.,0.,-0.));
#11953 = DIRECTION('',(0.,0.,1.));
#11954 = ORIENTED_EDGE('',*,*,#11955,.T.);
#11955 = EDGE_CURVE('',#11947,#11956,#11958,.T.);
#11956 = VERTEX_POINT('',#11957);
#11957 = CARTESIAN_POINT('',(0.5,0.37,0.));
#11958 = LINE('',#11959,#11960);
#11959 = CARTESIAN_POINT('',(0.5,-0.4,0.));
#11960 = VECTOR('',#11961,1.);
#11961 = DIRECTION('',(0.,1.,0.));
#11962 = ORIENTED_EDGE('',*,*,#11963,.F.);
#11963 = EDGE_CURVE('',#11964,#11956,#11966,.T.);
#11964 = VERTEX_POINT('',#11965);
#11965 = CARTESIAN_POINT('',(0.5,0.4,3.E-02));
#11966 = CIRCLE('',#11967,3.E-02);
#11967 = AXIS2_PLACEMENT_3D('',#11968,#11969,#11970);
#11968 = CARTESIAN_POINT('',(0.5,0.37,3.E-02));
#11969 = DIRECTION('',(-1.,0.,0.));
#11970 = DIRECTION('',(0.,0.,1.));
#11971 = ORIENTED_EDGE('',*,*,#11972,.T.);
#11972 = EDGE_CURVE('',#11964,#11973,#11975,.T.);
#11973 = VERTEX_POINT('',#11974);
#11974 = CARTESIAN_POINT('',(0.5,0.4,0.77));
#11975 = LINE('',#11976,#11977);
#11976 = CARTESIAN_POINT('',(0.5,0.4,0.));
#11977 = VECTOR('',#11978,1.);
#11978 = DIRECTION('',(0.,0.,1.));
#11979 = ORIENTED_EDGE('',*,*,#11980,.T.);
#11980 = EDGE_CURVE('',#11973,#11981,#11983,.T.);
#11981 = VERTEX_POINT('',#11982);
#11982 = CARTESIAN_POINT('',(0.5,0.37,0.8));
#11983 = CIRCLE('',#11984,3.E-02);
#11984 = AXIS2_PLACEMENT_3D('',#11985,#11986,#11987);
#11985 = CARTESIAN_POINT('',(0.5,0.37,0.77));
#11986 = DIRECTION('',(1.,0.,-0.));
#11987 = DIRECTION('',(0.,0.,1.));
#11988 = ORIENTED_EDGE('',*,*,#11989,.F.);
#11989 = EDGE_CURVE('',#11990,#11981,#11992,.T.);
#11990 = VERTEX_POINT('',#11991);
#11991 = CARTESIAN_POINT('',(0.5,-0.37,0.8));
#11992 = LINE('',#11993,#11994);
#11993 = CARTESIAN_POINT('',(0.5,-0.4,0.8));
#11994 = VECTOR('',#11995,1.);
#11995 = DIRECTION('',(0.,1.,0.));
#11996 = ORIENTED_EDGE('',*,*,#11997,.F.);
#11997 = EDGE_CURVE('',#11939,#11990,#11998,.T.);
#11998 = CIRCLE('',#11999,3.E-02);
#11999 = AXIS2_PLACEMENT_3D('',#12000,#12001,#12002);
#12000 = CARTESIAN_POINT('',(0.5,-0.37,0.77));
#12001 = DIRECTION('',(-1.,0.,0.));
#12002 = DIRECTION('',(0.,0.,1.));
#12003 = FACE_BOUND('',#12004,.F.);
#12004 = EDGE_LOOP('',(#12005,#12006,#12007,#12008,#12009,#12010,#12011,
    #12012));
#12005 = ORIENTED_EDGE('',*,*,#11749,.F.);
#12006 = ORIENTED_EDGE('',*,*,#11919,.T.);
#12007 = ORIENTED_EDGE('',*,*,#11902,.T.);
#12008 = ORIENTED_EDGE('',*,*,#11879,.T.);
#12009 = ORIENTED_EDGE('',*,*,#11854,.F.);
#12010 = ORIENTED_EDGE('',*,*,#11821,.F.);
#12011 = ORIENTED_EDGE('',*,*,#11804,.T.);
#12012 = ORIENTED_EDGE('',*,*,#11774,.F.);
#12013 = PLANE('',#12014);
#12014 = AXIS2_PLACEMENT_3D('',#12015,#12016,#12017);
#12015 = CARTESIAN_POINT('',(0.5,-0.4,0.));
#12016 = DIRECTION('',(1.,0.,-0.));
#12017 = DIRECTION('',(0.,0.,1.));
#12018 = ADVANCED_FACE('',(#12019),#12044,.F.);
#12019 = FACE_BOUND('',#12020,.F.);
#12020 = EDGE_LOOP('',(#12021,#12031,#12037,#12038));
#12021 = ORIENTED_EDGE('',*,*,#12022,.F.);
#12022 = EDGE_CURVE('',#12023,#12025,#12027,.T.);
#12023 = VERTEX_POINT('',#12024);
#12024 = CARTESIAN_POINT('',(0.8,-0.4,3.E-02));
#12025 = VERTEX_POINT('',#12026);
#12026 = CARTESIAN_POINT('',(0.8,-0.4,0.77));
#12027 = LINE('',#12028,#12029);
#12028 = CARTESIAN_POINT('',(0.8,-0.4,0.));
#12029 = VECTOR('',#12030,1.);
#12030 = DIRECTION('',(0.,0.,1.));
#12031 = ORIENTED_EDGE('',*,*,#12032,.F.);
#12032 = EDGE_CURVE('',#11937,#12023,#12033,.T.);
#12033 = LINE('',#12034,#12035);
#12034 = CARTESIAN_POINT('',(0.5,-0.4,3.E-02));
#12035 = VECTOR('',#12036,1.);
#12036 = DIRECTION('',(1.,0.,-0.));
#12037 = ORIENTED_EDGE('',*,*,#11936,.T.);
#12038 = ORIENTED_EDGE('',*,*,#12039,.T.);
#12039 = EDGE_CURVE('',#11939,#12025,#12040,.T.);
#12040 = LINE('',#12041,#12042);
#12041 = CARTESIAN_POINT('',(0.5,-0.4,0.77));
#12042 = VECTOR('',#12043,1.);
#12043 = DIRECTION('',(1.,0.,-0.));
#12044 = PLANE('',#12045);
#12045 = AXIS2_PLACEMENT_3D('',#12046,#12047,#12048);
#12046 = CARTESIAN_POINT('',(0.5,-0.4,0.));
#12047 = DIRECTION('',(0.,1.,0.));
#12048 = DIRECTION('',(0.,-0.,1.));
#12049 = ADVANCED_FACE('',(#12050),#12069,.T.);
#12050 = FACE_BOUND('',#12051,.T.);
#12051 = EDGE_LOOP('',(#12052,#12053,#12061,#12068));
#12052 = ORIENTED_EDGE('',*,*,#11946,.T.);
#12053 = ORIENTED_EDGE('',*,*,#12054,.T.);
#12054 = EDGE_CURVE('',#11947,#12055,#12057,.T.);
#12055 = VERTEX_POINT('',#12056);
#12056 = CARTESIAN_POINT('',(0.8,-0.37,0.));
#12057 = LINE('',#12058,#12059);
#12058 = CARTESIAN_POINT('',(0.5,-0.37,0.));
#12059 = VECTOR('',#12060,1.);
#12060 = DIRECTION('',(1.,0.,-0.));
#12061 = ORIENTED_EDGE('',*,*,#12062,.F.);
#12062 = EDGE_CURVE('',#12023,#12055,#12063,.T.);
#12063 = CIRCLE('',#12064,3.E-02);
#12064 = AXIS2_PLACEMENT_3D('',#12065,#12066,#12067);
#12065 = CARTESIAN_POINT('',(0.8,-0.37,3.E-02));
#12066 = DIRECTION('',(1.,0.,-0.));
#12067 = DIRECTION('',(0.,0.,1.));
#12068 = ORIENTED_EDGE('',*,*,#12032,.F.);
#12069 = CYLINDRICAL_SURFACE('',#12070,3.E-02);
#12070 = AXIS2_PLACEMENT_3D('',#12071,#12072,#12073);
#12071 = CARTESIAN_POINT('',(0.5,-0.37,3.E-02));
#12072 = DIRECTION('',(1.,0.,-0.));
#12073 = DIRECTION('',(0.,-1.,0.));
#12074 = ADVANCED_FACE('',(#12075),#12094,.T.);
#12075 = FACE_BOUND('',#12076,.T.);
#12076 = EDGE_LOOP('',(#12077,#12078,#12087,#12093));
#12077 = ORIENTED_EDGE('',*,*,#12039,.T.);
#12078 = ORIENTED_EDGE('',*,*,#12079,.T.);
#12079 = EDGE_CURVE('',#12025,#12080,#12082,.T.);
#12080 = VERTEX_POINT('',#12081);
#12081 = CARTESIAN_POINT('',(0.8,-0.37,0.8));
#12082 = CIRCLE('',#12083,3.E-02);
#12083 = AXIS2_PLACEMENT_3D('',#12084,#12085,#12086);
#12084 = CARTESIAN_POINT('',(0.8,-0.37,0.77));
#12085 = DIRECTION('',(-1.,0.,0.));
#12086 = DIRECTION('',(0.,0.,1.));
#12087 = ORIENTED_EDGE('',*,*,#12088,.F.);
#12088 = EDGE_CURVE('',#11990,#12080,#12089,.T.);
#12089 = LINE('',#12090,#12091);
#12090 = CARTESIAN_POINT('',(0.5,-0.37,0.8));
#12091 = VECTOR('',#12092,1.);
#12092 = DIRECTION('',(1.,0.,-0.));
#12093 = ORIENTED_EDGE('',*,*,#11997,.F.);
#12094 = CYLINDRICAL_SURFACE('',#12095,3.E-02);
#12095 = AXIS2_PLACEMENT_3D('',#12096,#12097,#12098);
#12096 = CARTESIAN_POINT('',(0.5,-0.37,0.77));
#12097 = DIRECTION('',(1.,0.,-0.));
#12098 = DIRECTION('',(0.,-1.,0.));
#12099 = ADVANCED_FACE('',(#12100),#12118,.F.);
#12100 = FACE_BOUND('',#12101,.F.);
#12101 = EDGE_LOOP('',(#12102,#12103,#12104,#12112));
#12102 = ORIENTED_EDGE('',*,*,#11955,.F.);
#12103 = ORIENTED_EDGE('',*,*,#12054,.T.);
#12104 = ORIENTED_EDGE('',*,*,#12105,.T.);
#12105 = EDGE_CURVE('',#12055,#12106,#12108,.T.);
#12106 = VERTEX_POINT('',#12107);
#12107 = CARTESIAN_POINT('',(0.8,0.37,0.));
#12108 = LINE('',#12109,#12110);
#12109 = CARTESIAN_POINT('',(0.8,-0.4,0.));
#12110 = VECTOR('',#12111,1.);
#12111 = DIRECTION('',(0.,1.,0.));
#12112 = ORIENTED_EDGE('',*,*,#12113,.F.);
#12113 = EDGE_CURVE('',#11956,#12106,#12114,.T.);
#12114 = LINE('',#12115,#12116);
#12115 = CARTESIAN_POINT('',(0.5,0.37,0.));
#12116 = VECTOR('',#12117,1.);
#12117 = DIRECTION('',(1.,0.,-0.));
#12118 = PLANE('',#12119);
#12119 = AXIS2_PLACEMENT_3D('',#12120,#12121,#12122);
#12120 = CARTESIAN_POINT('',(0.5,-0.4,0.));
#12121 = DIRECTION('',(0.,0.,1.));
#12122 = DIRECTION('',(1.,0.,-0.));
#12123 = ADVANCED_FACE('',(#12124),#12142,.T.);
#12124 = FACE_BOUND('',#12125,.T.);
#12125 = EDGE_LOOP('',(#12126,#12127,#12128,#12136));
#12126 = ORIENTED_EDGE('',*,*,#11989,.F.);
#12127 = ORIENTED_EDGE('',*,*,#12088,.T.);
#12128 = ORIENTED_EDGE('',*,*,#12129,.T.);
#12129 = EDGE_CURVE('',#12080,#12130,#12132,.T.);
#12130 = VERTEX_POINT('',#12131);
#12131 = CARTESIAN_POINT('',(0.8,0.37,0.8));
#12132 = LINE('',#12133,#12134);
#12133 = CARTESIAN_POINT('',(0.8,-0.4,0.8));
#12134 = VECTOR('',#12135,1.);
#12135 = DIRECTION('',(0.,1.,0.));
#12136 = ORIENTED_EDGE('',*,*,#12137,.F.);
#12137 = EDGE_CURVE('',#11981,#12130,#12138,.T.);
#12138 = LINE('',#12139,#12140);
#12139 = CARTESIAN_POINT('',(0.5,0.37,0.8));
#12140 = VECTOR('',#12141,1.);
#12141 = DIRECTION('',(1.,0.,-0.));
#12142 = PLANE('',#12143);
#12143 = AXIS2_PLACEMENT_3D('',#12144,#12145,#12146);
#12144 = CARTESIAN_POINT('',(0.5,-0.4,0.8));
#12145 = DIRECTION('',(0.,0.,1.));
#12146 = DIRECTION('',(1.,0.,-0.));
#12147 = ADVANCED_FACE('',(#12148),#12167,.T.);
#12148 = FACE_BOUND('',#12149,.T.);
#12149 = EDGE_LOOP('',(#12150,#12158,#12165,#12166));
#12150 = ORIENTED_EDGE('',*,*,#12151,.T.);
#12151 = EDGE_CURVE('',#11964,#12152,#12154,.T.);
#12152 = VERTEX_POINT('',#12153);
#12153 = CARTESIAN_POINT('',(0.8,0.4,3.E-02));
#12154 = LINE('',#12155,#12156);
#12155 = CARTESIAN_POINT('',(0.5,0.4,3.E-02));
#12156 = VECTOR('',#12157,1.);
#12157 = DIRECTION('',(1.,0.,-0.));
#12158 = ORIENTED_EDGE('',*,*,#12159,.T.);
#12159 = EDGE_CURVE('',#12152,#12106,#12160,.T.);
#12160 = CIRCLE('',#12161,3.E-02);
#12161 = AXIS2_PLACEMENT_3D('',#12162,#12163,#12164);
#12162 = CARTESIAN_POINT('',(0.8,0.37,3.E-02));
#12163 = DIRECTION('',(-1.,0.,0.));
#12164 = DIRECTION('',(0.,0.,1.));
#12165 = ORIENTED_EDGE('',*,*,#12113,.F.);
#12166 = ORIENTED_EDGE('',*,*,#11963,.F.);
#12167 = CYLINDRICAL_SURFACE('',#12168,3.E-02);
#12168 = AXIS2_PLACEMENT_3D('',#12169,#12170,#12171);
#12169 = CARTESIAN_POINT('',(0.5,0.37,3.E-02));
#12170 = DIRECTION('',(1.,0.,-0.));
#12171 = DIRECTION('',(0.,1.,0.));
#12172 = ADVANCED_FACE('',(#12173),#12192,.T.);
#12173 = FACE_BOUND('',#12174,.T.);
#12174 = EDGE_LOOP('',(#12175,#12176,#12177,#12186));
#12175 = ORIENTED_EDGE('',*,*,#11980,.T.);
#12176 = ORIENTED_EDGE('',*,*,#12137,.T.);
#12177 = ORIENTED_EDGE('',*,*,#12178,.F.);
#12178 = EDGE_CURVE('',#12179,#12130,#12181,.T.);
#12179 = VERTEX_POINT('',#12180);
#12180 = CARTESIAN_POINT('',(0.8,0.4,0.77));
#12181 = CIRCLE('',#12182,3.E-02);
#12182 = AXIS2_PLACEMENT_3D('',#12183,#12184,#12185);
#12183 = CARTESIAN_POINT('',(0.8,0.37,0.77));
#12184 = DIRECTION('',(1.,0.,-0.));
#12185 = DIRECTION('',(0.,0.,1.));
#12186 = ORIENTED_EDGE('',*,*,#12187,.F.);
#12187 = EDGE_CURVE('',#11973,#12179,#12188,.T.);
#12188 = LINE('',#12189,#12190);
#12189 = CARTESIAN_POINT('',(0.5,0.4,0.77));
#12190 = VECTOR('',#12191,1.);
#12191 = DIRECTION('',(1.,0.,-0.));
#12192 = CYLINDRICAL_SURFACE('',#12193,3.E-02);
#12193 = AXIS2_PLACEMENT_3D('',#12194,#12195,#12196);
#12194 = CARTESIAN_POINT('',(0.5,0.37,0.77));
#12195 = DIRECTION('',(1.,0.,-0.));
#12196 = DIRECTION('',(0.,1.,0.));
#12197 = ADVANCED_FACE('',(#12198),#12209,.T.);
#12198 = FACE_BOUND('',#12199,.T.);
#12199 = EDGE_LOOP('',(#12200,#12206,#12207,#12208));
#12200 = ORIENTED_EDGE('',*,*,#12201,.F.);
#12201 = EDGE_CURVE('',#12152,#12179,#12202,.T.);
#12202 = LINE('',#12203,#12204);
#12203 = CARTESIAN_POINT('',(0.8,0.4,0.));
#12204 = VECTOR('',#12205,1.);
#12205 = DIRECTION('',(0.,0.,1.));
#12206 = ORIENTED_EDGE('',*,*,#12151,.F.);
#12207 = ORIENTED_EDGE('',*,*,#11972,.T.);
#12208 = ORIENTED_EDGE('',*,*,#12187,.T.);
#12209 = PLANE('',#12210);
#12210 = AXIS2_PLACEMENT_3D('',#12211,#12212,#12213);
#12211 = CARTESIAN_POINT('',(0.5,0.4,0.));
#12212 = DIRECTION('',(0.,1.,0.));
#12213 = DIRECTION('',(0.,-0.,1.));
#12214 = ADVANCED_FACE('',(#12215),#12225,.T.);
#12215 = FACE_BOUND('',#12216,.T.);
#12216 = EDGE_LOOP('',(#12217,#12218,#12219,#12220,#12221,#12222,#12223,
    #12224));
#12217 = ORIENTED_EDGE('',*,*,#12022,.F.);
#12218 = ORIENTED_EDGE('',*,*,#12062,.T.);
#12219 = ORIENTED_EDGE('',*,*,#12105,.T.);
#12220 = ORIENTED_EDGE('',*,*,#12159,.F.);
#12221 = ORIENTED_EDGE('',*,*,#12201,.T.);
#12222 = ORIENTED_EDGE('',*,*,#12178,.T.);
#12223 = ORIENTED_EDGE('',*,*,#12129,.F.);
#12224 = ORIENTED_EDGE('',*,*,#12079,.F.);
#12225 = PLANE('',#12226);
#12226 = AXIS2_PLACEMENT_3D('',#12227,#12228,#12229);
#12227 = CARTESIAN_POINT('',(0.8,-0.4,0.));
#12228 = DIRECTION('',(1.,0.,-0.));
#12229 = DIRECTION('',(0.,0.,1.));
#12230 = ( GEOMETRIC_REPRESENTATION_CONTEXT(3) 
GLOBAL_UNCERTAINTY_ASSIGNED_CONTEXT((#12234)) 
GLOBAL_UNIT_ASSIGNED_CONTEXT((#12231,#12232,#12233)) 
REPRESENTATION_CONTEXT('Context #1',
  '3D Context with UNIT and UNCERTAINTY') );
#12231 = ( LENGTH_UNIT() NAMED_UNIT(*) SI_UNIT(.MILLI.,.METRE.) );
#12232 = ( NAMED_UNIT(*) PLANE_ANGLE_UNIT() SI_UNIT($,.RADIAN.) );
#12233 = ( NAMED_UNIT(*) SI_UNIT($,.STERADIAN.) SOLID_ANGLE_UNIT() );
#12234 = UNCERTAINTY_MEASURE_WITH_UNIT(LENGTH_MEASURE(1.E-07),#12231,
  'distance_accuracy_value','confusion accuracy');
#12235 = CONTEXT_DEPENDENT_SHAPE_REPRESENTATION(#12236,#12238);
#12236 = ( REPRESENTATION_RELATIONSHIP('','',#11375,#11352) 
REPRESENTATION_RELATIONSHIP_WITH_TRANSFORMATION(#12237) 
SHAPE_REPRESENTATION_RELATIONSHIP() );
#12237 = ITEM_DEFINED_TRANSFORMATION('','',#11,#11353);
#12238 = PRODUCT_DEFINITION_SHAPE('Placement','Placement of an item',
  #12239);
#12239 = NEXT_ASSEMBLY_USAGE_OCCURRENCE('20','=>[0:1:1:15]','',#11347,
  #11370,$);
#12240 = PRODUCT_RELATED_PRODUCT_CATEGORY('part',$,(#11372));
#12241 = CONTEXT_DEPENDENT_SHAPE_REPRESENTATION(#12242,#12244);
#12242 = ( REPRESENTATION_RELATIONSHIP('','',#6069,#10) 
REPRESENTATION_RELATIONSHIP_WITH_TRANSFORMATION(#12243) 
SHAPE_REPRESENTATION_RELATIONSHIP() );
#12243 = ITEM_DEFINED_TRANSFORMATION('','',#11,#71);
#12244 = PRODUCT_DEFINITION_SHAPE('Placement','Placement of an item',
  #12245);
#12245 = NEXT_ASSEMBLY_USAGE_OCCURRENCE('22','C9','',#5,#6064,$);
#12246 = CONTEXT_DEPENDENT_SHAPE_REPRESENTATION(#12247,#12249);
#12247 = ( REPRESENTATION_RELATIONSHIP('','',#6965,#10) 
REPRESENTATION_RELATIONSHIP_WITH_TRANSFORMATION(#12248) 
SHAPE_REPRESENTATION_RELATIONSHIP() );
#12248 = ITEM_DEFINED_TRANSFORMATION('','',#11,#75);
#12249 = PRODUCT_DEFINITION_SHAPE('Placement','Placement of an item',
  #12250);
#12250 = NEXT_ASSEMBLY_USAGE_OCCURRENCE('23','R9','',#5,#6960,$);
#12251 = CONTEXT_DEPENDENT_SHAPE_REPRESENTATION(#12252,#12254);
#12252 = ( REPRESENTATION_RELATIONSHIP('','',#11352,#10) 
REPRESENTATION_RELATIONSHIP_WITH_TRANSFORMATION(#12253) 
SHAPE_REPRESENTATION_RELATIONSHIP() );
#12253 = ITEM_DEFINED_TRANSFORMATION('','',#11,#79);
#12254 = PRODUCT_DEFINITION_SHAPE('Placement','Placement of an item',
  #12255);
#12255 = NEXT_ASSEMBLY_USAGE_OCCURRENCE('24','C1','',#5,#11347,$);
#12256 = CONTEXT_DEPENDENT_SHAPE_REPRESENTATION(#12257,#12259);
#12257 = ( REPRESENTATION_RELATIONSHIP('','',#6965,#10) 
REPRESENTATION_RELATIONSHIP_WITH_TRANSFORMATION(#12258) 
SHAPE_REPRESENTATION_RELATIONSHIP() );
#12258 = ITEM_DEFINED_TRANSFORMATION('','',#11,#83);
#12259 = PRODUCT_DEFINITION_SHAPE('Placement','Placement of an item',
  #12260);
#12260 = NEXT_ASSEMBLY_USAGE_OCCURRENCE('25','R11','',#5,#6960,$);
#12261 = CONTEXT_DEPENDENT_SHAPE_REPRESENTATION(#12262,#12264);
#12262 = ( REPRESENTATION_RELATIONSHIP('','',#6965,#10) 
REPRESENTATION_RELATIONSHIP_WITH_TRANSFORMATION(#12263) 
SHAPE_REPRESENTATION_RELATIONSHIP() );
#12263 = ITEM_DEFINED_TRANSFORMATION('','',#11,#87);
#12264 = PRODUCT_DEFINITION_SHAPE('Placement','Placement of an item',
  #12265);
#12265 = NEXT_ASSEMBLY_USAGE_OCCURRENCE('26','R1','',#5,#6960,$);
#12266 = CONTEXT_DEPENDENT_SHAPE_REPRESENTATION(#12267,#12269);
#12267 = ( REPRESENTATION_RELATIONSHIP('','',#6965,#10) 
REPRESENTATION_RELATIONSHIP_WITH_TRANSFORMATION(#12268) 
SHAPE_REPRESENTATION_RELATIONSHIP() );
#12268 = ITEM_DEFINED_TRANSFORMATION('','',#11,#91);
#12269 = PRODUCT_DEFINITION_SHAPE('Placement','Placement of an item',
  #12270);
#12270 = NEXT_ASSEMBLY_USAGE_OCCURRENCE('27','R6','',#5,#6960,$);
#12271 = CONTEXT_DEPENDENT_SHAPE_REPRESENTATION(#12272,#12274);
#12272 = ( REPRESENTATION_RELATIONSHIP('','',#11352,#10) 
REPRESENTATION_RELATIONSHIP_WITH_TRANSFORMATION(#12273) 
SHAPE_REPRESENTATION_RELATIONSHIP() );
#12273 = ITEM_DEFINED_TRANSFORMATION('','',#11,#95);
#12274 = PRODUCT_DEFINITION_SHAPE('Placement','Placement of an item',
  #12275);
#12275 = NEXT_ASSEMBLY_USAGE_OCCURRENCE('28','C3','',#5,#11347,$);
#12276 = CONTEXT_DEPENDENT_SHAPE_REPRESENTATION(#12277,#12279);
#12277 = ( REPRESENTATION_RELATIONSHIP('','',#6965,#10) 
REPRESENTATION_RELATIONSHIP_WITH_TRANSFORMATION(#12278) 
SHAPE_REPRESENTATION_RELATIONSHIP() );
#12278 = ITEM_DEFINED_TRANSFORMATION('','',#11,#99);
#12279 = PRODUCT_DEFINITION_SHAPE('Placement','Placement of an item',
  #12280);
#12280 = NEXT_ASSEMBLY_USAGE_OCCURRENCE('29','R10','',#5,#6960,$);
#12281 = SHAPE_DEFINITION_REPRESENTATION(#12282,#12288);
#12282 = PRODUCT_DEFINITION_SHAPE('','',#12283);
#12283 = PRODUCT_DEFINITION('design','',#12284,#12287);
#12284 = PRODUCT_DEFINITION_FORMATION('','',#12285);
#12285 = PRODUCT('WSON-8-1EP_2x2mm_P0.5mm_EP0.9x1.6mm',
  'WSON-8-1EP_2x2mm_P0.5mm_EP0.9x1.6mm','',(#12286));
#12286 = PRODUCT_CONTEXT('',#2,'mechanical');
#12287 = PRODUCT_DEFINITION_CONTEXT('part definition',#2,'design');
#12288 = SHAPE_REPRESENTATION('',(#11,#12289),#12293);
#12289 = AXIS2_PLACEMENT_3D('',#12290,#12291,#12292);
#12290 = CARTESIAN_POINT('',(0.,0.,0.));
#12291 = DIRECTION('',(0.,0.,1.));
#12292 = DIRECTION('',(1.,0.,-0.));
#12293 = ( GEOMETRIC_REPRESENTATION_CONTEXT(3) 
GLOBAL_UNCERTAINTY_ASSIGNED_CONTEXT((#12297)) 
GLOBAL_UNIT_ASSIGNED_CONTEXT((#12294,#12295,#12296)) 
REPRESENTATION_CONTEXT('Context #1',
  '3D Context with UNIT and UNCERTAINTY') );
#12294 = ( LENGTH_UNIT() NAMED_UNIT(*) SI_UNIT(.MILLI.,.METRE.) );
#12295 = ( NAMED_UNIT(*) PLANE_ANGLE_UNIT() SI_UNIT($,.RADIAN.) );
#12296 = ( NAMED_UNIT(*) SI_UNIT($,.STERADIAN.) SOLID_ANGLE_UNIT() );
#12297 = UNCERTAINTY_MEASURE_WITH_UNIT(LENGTH_MEASURE(1.E-07),#12294,
  'distance_accuracy_value','confusion accuracy');
#12298 = CONTEXT_DEPENDENT_SHAPE_REPRESENTATION(#12299,#12301);
#12299 = ( REPRESENTATION_RELATIONSHIP('','',#12288,#10) 
REPRESENTATION_RELATIONSHIP_WITH_TRANSFORMATION(#12300) 
SHAPE_REPRESENTATION_RELATIONSHIP() );
#12300 = ITEM_DEFINED_TRANSFORMATION('','',#11,#103);
#12301 = PRODUCT_DEFINITION_SHAPE('Placement','Placement of an item',
  #12302);
#12302 = NEXT_ASSEMBLY_USAGE_OCCURRENCE('31','U2','',#5,#12283,$);
#12303 = PRODUCT_RELATED_PRODUCT_CATEGORY('part',$,(#12285));
#12304 = SHAPE_DEFINITION_REPRESENTATION(#12305,#12311);
#12305 = PRODUCT_DEFINITION_SHAPE('','',#12306);
#12306 = PRODUCT_DEFINITION('design','',#12307,#12310);
#12307 = PRODUCT_DEFINITION_FORMATION('','',#12308);
#12308 = PRODUCT('WSON_8_1EP_2x2mm_P05mm_EP09x16mm',
  'WSON_8_1EP_2x2mm_P05mm_EP09x16mm','',(#12309));
#12309 = PRODUCT_CONTEXT('',#2,'mechanical');
#12310 = PRODUCT_DEFINITION_CONTEXT('part definition',#2,'design');
#12311 = ADVANCED_BREP_SHAPE_REPRESENTATION('',(#11,#12312),#14266);
#12312 = MANIFOLD_SOLID_BREP('',#12313);
#12313 = CLOSED_SHELL('',(#12314,#12354,#12401,#12425,#12465,#12482,
    #12797,#12906,#12918,#13041,#13058,#13098,#13122,#13162,#13195,
    #13219,#13252,#13292,#13316,#13356,#13389,#13413,#13446,#13486,
    #13510,#13550,#13583,#13607,#13640,#13680,#13704,#13737,#13754,
    #13785,#13809,#13833,#13857,#13874,#13897,#13914,#13931,#13948,
    #13965,#13982,#13999,#14016,#14033,#14045,#14062,#14074,#14091,
    #14103,#14120,#14132,#14149,#14161,#14178,#14190,#14207,#14219,
    #14232,#14257));
#12314 = ADVANCED_FACE('',(#12315),#12349,.T.);
#12315 = FACE_BOUND('',#12316,.F.);
#12316 = EDGE_LOOP('',(#12317,#12327,#12335,#12343));
#12317 = ORIENTED_EDGE('',*,*,#12318,.T.);
#12318 = EDGE_CURVE('',#12319,#12321,#12323,.T.);
#12319 = VERTEX_POINT('',#12320);
#12320 = CARTESIAN_POINT('',(-1.,-0.875,0.));
#12321 = VERTEX_POINT('',#12322);
#12322 = CARTESIAN_POINT('',(-0.7,-0.875,0.));
#12323 = LINE('',#12324,#12325);
#12324 = CARTESIAN_POINT('',(-1.,-0.875,0.));
#12325 = VECTOR('',#12326,1.);
#12326 = DIRECTION('',(1.,0.,-0.));
#12327 = ORIENTED_EDGE('',*,*,#12328,.T.);
#12328 = EDGE_CURVE('',#12321,#12329,#12331,.T.);
#12329 = VERTEX_POINT('',#12330);
#12330 = CARTESIAN_POINT('',(-0.7,-0.625,0.));
#12331 = LINE('',#12332,#12333);
#12332 = CARTESIAN_POINT('',(-0.7,-0.875,0.));
#12333 = VECTOR('',#12334,1.);
#12334 = DIRECTION('',(2.288475490444E-17,1.,0.));
#12335 = ORIENTED_EDGE('',*,*,#12336,.T.);
#12336 = EDGE_CURVE('',#12329,#12337,#12339,.T.);
#12337 = VERTEX_POINT('',#12338);
#12338 = CARTESIAN_POINT('',(-1.,-0.625,0.));
#12339 = LINE('',#12340,#12341);
#12340 = CARTESIAN_POINT('',(-0.7,-0.625,0.));
#12341 = VECTOR('',#12342,1.);
#12342 = DIRECTION('',(-1.,2.288475490444E-17,0.));
#12343 = ORIENTED_EDGE('',*,*,#12344,.T.);
#12344 = EDGE_CURVE('',#12337,#12319,#12345,.T.);
#12345 = LINE('',#12346,#12347);
#12346 = CARTESIAN_POINT('',(-1.,-0.625,0.));
#12347 = VECTOR('',#12348,1.);
#12348 = DIRECTION('',(-2.288475490444E-17,-1.,0.));
#12349 = PLANE('',#12350);
#12350 = AXIS2_PLACEMENT_3D('',#12351,#12352,#12353);
#12351 = CARTESIAN_POINT('',(-1.,-0.875,0.));
#12352 = DIRECTION('',(0.,-0.,-1.));
#12353 = DIRECTION('',(2.288475490444E-17,1.,0.));
#12354 = ADVANCED_FACE('',(#12355),#12396,.F.);
#12355 = FACE_BOUND('',#12356,.F.);
#12356 = EDGE_LOOP('',(#12357,#12358,#12366,#12374,#12382,#12390));
#12357 = ORIENTED_EDGE('',*,*,#12318,.F.);
#12358 = ORIENTED_EDGE('',*,*,#12359,.T.);
#12359 = EDGE_CURVE('',#12319,#12360,#12362,.T.);
#12360 = VERTEX_POINT('',#12361);
#12361 = CARTESIAN_POINT('',(-1.,-0.875,0.2));
#12362 = LINE('',#12363,#12364);
#12363 = CARTESIAN_POINT('',(-1.,-0.875,0.));
#12364 = VECTOR('',#12365,1.);
#12365 = DIRECTION('',(0.,0.,1.));
#12366 = ORIENTED_EDGE('',*,*,#12367,.T.);
#12367 = EDGE_CURVE('',#12360,#12368,#12370,.T.);
#12368 = VERTEX_POINT('',#12369);
#12369 = CARTESIAN_POINT('',(-0.99,-0.875,0.2));
#12370 = LINE('',#12371,#12372);
#12371 = CARTESIAN_POINT('',(-1.,-0.875,0.2));
#12372 = VECTOR('',#12373,1.);
#12373 = DIRECTION('',(1.,0.,-0.));
#12374 = ORIENTED_EDGE('',*,*,#12375,.F.);
#12375 = EDGE_CURVE('',#12376,#12368,#12378,.T.);
#12376 = VERTEX_POINT('',#12377);
#12377 = CARTESIAN_POINT('',(-0.99,-0.875,2.E-02));
#12378 = LINE('',#12379,#12380);
#12379 = CARTESIAN_POINT('',(-0.99,-0.875,1.E-02));
#12380 = VECTOR('',#12381,1.);
#12381 = DIRECTION('',(0.,0.,1.));
#12382 = ORIENTED_EDGE('',*,*,#12383,.F.);
#12383 = EDGE_CURVE('',#12384,#12376,#12386,.T.);
#12384 = VERTEX_POINT('',#12385);
#12385 = CARTESIAN_POINT('',(-0.7,-0.875,2.E-02));
#12386 = LINE('',#12387,#12388);
#12387 = CARTESIAN_POINT('',(-0.995,-0.875,2.E-02));
#12388 = VECTOR('',#12389,1.);
#12389 = DIRECTION('',(-1.,2.288475490444E-17,0.));
#12390 = ORIENTED_EDGE('',*,*,#12391,.F.);
#12391 = EDGE_CURVE('',#12321,#12384,#12392,.T.);
#12392 = LINE('',#12393,#12394);
#12393 = CARTESIAN_POINT('',(-0.7,-0.875,0.));
#12394 = VECTOR('',#12395,1.);
#12395 = DIRECTION('',(0.,0.,1.));
#12396 = PLANE('',#12397);
#12397 = AXIS2_PLACEMENT_3D('',#12398,#12399,#12400);
#12398 = CARTESIAN_POINT('',(-1.,-0.875,0.));
#12399 = DIRECTION('',(2.288475490444E-17,1.,0.));
#12400 = DIRECTION('',(1.,-2.288475490444E-17,-0.));
#12401 = ADVANCED_FACE('',(#12402),#12420,.F.);
#12402 = FACE_BOUND('',#12403,.F.);
#12403 = EDGE_LOOP('',(#12404,#12405,#12406,#12414));
#12404 = ORIENTED_EDGE('',*,*,#12328,.F.);
#12405 = ORIENTED_EDGE('',*,*,#12391,.T.);
#12406 = ORIENTED_EDGE('',*,*,#12407,.F.);
#12407 = EDGE_CURVE('',#12408,#12384,#12410,.T.);
#12408 = VERTEX_POINT('',#12409);
#12409 = CARTESIAN_POINT('',(-0.7,-0.625,2.E-02));
#12410 = LINE('',#12411,#12412);
#12411 = CARTESIAN_POINT('',(-0.7,5.75E-02,2.E-02));
#12412 = VECTOR('',#12413,1.);
#12413 = DIRECTION('',(-2.288475490444E-17,-1.,0.));
#12414 = ORIENTED_EDGE('',*,*,#12415,.F.);
#12415 = EDGE_CURVE('',#12329,#12408,#12416,.T.);
#12416 = LINE('',#12417,#12418);
#12417 = CARTESIAN_POINT('',(-0.7,-0.625,0.));
#12418 = VECTOR('',#12419,1.);
#12419 = DIRECTION('',(0.,0.,1.));
#12420 = PLANE('',#12421);
#12421 = AXIS2_PLACEMENT_3D('',#12422,#12423,#12424);
#12422 = CARTESIAN_POINT('',(-0.7,-0.875,0.));
#12423 = DIRECTION('',(-1.,2.288475490444E-17,0.));
#12424 = DIRECTION('',(2.288475490444E-17,1.,0.));
#12425 = ADVANCED_FACE('',(#12426),#12460,.F.);
#12426 = FACE_BOUND('',#12427,.F.);
#12427 = EDGE_LOOP('',(#12428,#12429,#12430,#12438,#12446,#12454));
#12428 = ORIENTED_EDGE('',*,*,#12336,.F.);
#12429 = ORIENTED_EDGE('',*,*,#12415,.T.);
#12430 = ORIENTED_EDGE('',*,*,#12431,.F.);
#12431 = EDGE_CURVE('',#12432,#12408,#12434,.T.);
#12432 = VERTEX_POINT('',#12433);
#12433 = CARTESIAN_POINT('',(-0.99,-0.625,2.E-02));
#12434 = LINE('',#12435,#12436);
#12435 = CARTESIAN_POINT('',(-0.845,-0.625,2.E-02));
#12436 = VECTOR('',#12437,1.);
#12437 = DIRECTION('',(1.,0.,-0.));
#12438 = ORIENTED_EDGE('',*,*,#12439,.F.);
#12439 = EDGE_CURVE('',#12440,#12432,#12442,.T.);
#12440 = VERTEX_POINT('',#12441);
#12441 = CARTESIAN_POINT('',(-0.99,-0.625,0.2));
#12442 = LINE('',#12443,#12444);
#12443 = CARTESIAN_POINT('',(-0.99,-0.625,1.E-02));
#12444 = VECTOR('',#12445,1.);
#12445 = DIRECTION('',(0.,-0.,-1.));
#12446 = ORIENTED_EDGE('',*,*,#12447,.T.);
#12447 = EDGE_CURVE('',#12440,#12448,#12450,.T.);
#12448 = VERTEX_POINT('',#12449);
#12449 = CARTESIAN_POINT('',(-1.,-0.625,0.2));
#12450 = LINE('',#12451,#12452);
#12451 = CARTESIAN_POINT('',(-0.7,-0.625,0.2));
#12452 = VECTOR('',#12453,1.);
#12453 = DIRECTION('',(-1.,2.288475490444E-17,0.));
#12454 = ORIENTED_EDGE('',*,*,#12455,.F.);
#12455 = EDGE_CURVE('',#12337,#12448,#12456,.T.);
#12456 = LINE('',#12457,#12458);
#12457 = CARTESIAN_POINT('',(-1.,-0.625,0.));
#12458 = VECTOR('',#12459,1.);
#12459 = DIRECTION('',(0.,0.,1.));
#12460 = PLANE('',#12461);
#12461 = AXIS2_PLACEMENT_3D('',#12462,#12463,#12464);
#12462 = CARTESIAN_POINT('',(-0.7,-0.625,0.));
#12463 = DIRECTION('',(-2.288475490444E-17,-1.,0.));
#12464 = DIRECTION('',(-1.,2.288475490444E-17,0.));
#12465 = ADVANCED_FACE('',(#12466),#12477,.F.);
#12466 = FACE_BOUND('',#12467,.F.);
#12467 = EDGE_LOOP('',(#12468,#12469,#12475,#12476));
#12468 = ORIENTED_EDGE('',*,*,#12455,.T.);
#12469 = ORIENTED_EDGE('',*,*,#12470,.T.);
#12470 = EDGE_CURVE('',#12448,#12360,#12471,.T.);
#12471 = LINE('',#12472,#12473);
#12472 = CARTESIAN_POINT('',(-1.,-0.625,0.2));
#12473 = VECTOR('',#12474,1.);
#12474 = DIRECTION('',(-2.288475490444E-17,-1.,0.));
#12475 = ORIENTED_EDGE('',*,*,#12359,.F.);
#12476 = ORIENTED_EDGE('',*,*,#12344,.F.);
#12477 = PLANE('',#12478);
#12478 = AXIS2_PLACEMENT_3D('',#12479,#12480,#12481);
#12479 = CARTESIAN_POINT('',(-1.,-0.625,0.));
#12480 = DIRECTION('',(1.,0.,-0.));
#12481 = DIRECTION('',(0.,-1.,0.));
#12482 = ADVANCED_FACE('',(#12483,#12750),#12792,.F.);
#12483 = FACE_BOUND('',#12484,.F.);
#12484 = EDGE_LOOP('',(#12485,#12495,#12503,#12511,#12519,#12527,#12535,
    #12543,#12551,#12559,#12567,#12575,#12583,#12591,#12599,#12605,
    #12606,#12607,#12608,#12616,#12624,#12632,#12640,#12648,#12656,
    #12664,#12672,#12680,#12688,#12696,#12704,#12712,#12720,#12728,
    #12736,#12744));
#12485 = ORIENTED_EDGE('',*,*,#12486,.F.);
#12486 = EDGE_CURVE('',#12487,#12489,#12491,.T.);
#12487 = VERTEX_POINT('',#12488);
#12488 = CARTESIAN_POINT('',(0.99,0.99,2.E-02));
#12489 = VERTEX_POINT('',#12490);
#12490 = CARTESIAN_POINT('',(0.99,0.875,2.E-02));
#12491 = LINE('',#12492,#12493);
#12492 = CARTESIAN_POINT('',(0.99,0.99,2.E-02));
#12493 = VECTOR('',#12494,1.);
#12494 = DIRECTION('',(-2.288475490444E-17,-1.,0.));
#12495 = ORIENTED_EDGE('',*,*,#12496,.F.);
#12496 = EDGE_CURVE('',#12497,#12487,#12499,.T.);
#12497 = VERTEX_POINT('',#12498);
#12498 = CARTESIAN_POINT('',(-0.99,0.99,2.E-02));
#12499 = LINE('',#12500,#12501);
#12500 = CARTESIAN_POINT('',(-0.99,0.99,2.E-02));
#12501 = VECTOR('',#12502,1.);
#12502 = DIRECTION('',(1.,0.,-0.));
#12503 = ORIENTED_EDGE('',*,*,#12504,.T.);
#12504 = EDGE_CURVE('',#12497,#12505,#12507,.T.);
#12505 = VERTEX_POINT('',#12506);
#12506 = CARTESIAN_POINT('',(-0.99,0.875,2.E-02));
#12507 = LINE('',#12508,#12509);
#12508 = CARTESIAN_POINT('',(-0.99,0.99,2.E-02));
#12509 = VECTOR('',#12510,1.);
#12510 = DIRECTION('',(-2.288475490444E-17,-1.,0.));
#12511 = ORIENTED_EDGE('',*,*,#12512,.T.);
#12512 = EDGE_CURVE('',#12505,#12513,#12515,.T.);
#12513 = VERTEX_POINT('',#12514);
#12514 = CARTESIAN_POINT('',(-0.7,0.875,2.E-02));
#12515 = LINE('',#12516,#12517);
#12516 = CARTESIAN_POINT('',(-0.845,0.875,2.E-02));
#12517 = VECTOR('',#12518,1.);
#12518 = DIRECTION('',(1.,0.,-0.));
#12519 = ORIENTED_EDGE('',*,*,#12520,.T.);
#12520 = EDGE_CURVE('',#12513,#12521,#12523,.T.);
#12521 = VERTEX_POINT('',#12522);
#12522 = CARTESIAN_POINT('',(-0.7,0.625,2.E-02));
#12523 = LINE('',#12524,#12525);
#12524 = CARTESIAN_POINT('',(-0.7,0.8075,2.E-02));
#12525 = VECTOR('',#12526,1.);
#12526 = DIRECTION('',(-2.288475490444E-17,-1.,0.));
#12527 = ORIENTED_EDGE('',*,*,#12528,.T.);
#12528 = EDGE_CURVE('',#12521,#12529,#12531,.T.);
#12529 = VERTEX_POINT('',#12530);
#12530 = CARTESIAN_POINT('',(-0.99,0.625,2.E-02));
#12531 = LINE('',#12532,#12533);
#12532 = CARTESIAN_POINT('',(-0.995,0.625,2.E-02));
#12533 = VECTOR('',#12534,1.);
#12534 = DIRECTION('',(-1.,2.288475490444E-17,0.));
#12535 = ORIENTED_EDGE('',*,*,#12536,.T.);
#12536 = EDGE_CURVE('',#12529,#12537,#12539,.T.);
#12537 = VERTEX_POINT('',#12538);
#12538 = CARTESIAN_POINT('',(-0.99,0.375,2.E-02));
#12539 = LINE('',#12540,#12541);
#12540 = CARTESIAN_POINT('',(-0.99,0.99,2.E-02));
#12541 = VECTOR('',#12542,1.);
#12542 = DIRECTION('',(-2.288475490444E-17,-1.,0.));
#12543 = ORIENTED_EDGE('',*,*,#12544,.T.);
#12544 = EDGE_CURVE('',#12537,#12545,#12547,.T.);
#12545 = VERTEX_POINT('',#12546);
#12546 = CARTESIAN_POINT('',(-0.7,0.375,2.E-02));
#12547 = LINE('',#12548,#12549);
#12548 = CARTESIAN_POINT('',(-0.845,0.375,2.E-02));
#12549 = VECTOR('',#12550,1.);
#12550 = DIRECTION('',(1.,0.,-0.));
#12551 = ORIENTED_EDGE('',*,*,#12552,.T.);
#12552 = EDGE_CURVE('',#12545,#12553,#12555,.T.);
#12553 = VERTEX_POINT('',#12554);
#12554 = CARTESIAN_POINT('',(-0.7,0.125,2.E-02));
#12555 = LINE('',#12556,#12557);
#12556 = CARTESIAN_POINT('',(-0.7,0.5575,2.E-02));
#12557 = VECTOR('',#12558,1.);
#12558 = DIRECTION('',(-2.288475490444E-17,-1.,0.));
#12559 = ORIENTED_EDGE('',*,*,#12560,.T.);
#12560 = EDGE_CURVE('',#12553,#12561,#12563,.T.);
#12561 = VERTEX_POINT('',#12562);
#12562 = CARTESIAN_POINT('',(-0.99,0.125,2.E-02));
#12563 = LINE('',#12564,#12565);
#12564 = CARTESIAN_POINT('',(-0.995,0.125,2.E-02));
#12565 = VECTOR('',#12566,1.);
#12566 = DIRECTION('',(-1.,2.288475490444E-17,0.));
#12567 = ORIENTED_EDGE('',*,*,#12568,.T.);
#12568 = EDGE_CURVE('',#12561,#12569,#12571,.T.);
#12569 = VERTEX_POINT('',#12570);
#12570 = CARTESIAN_POINT('',(-0.99,-0.125,2.E-02));
#12571 = LINE('',#12572,#12573);
#12572 = CARTESIAN_POINT('',(-0.99,0.99,2.E-02));
#12573 = VECTOR('',#12574,1.);
#12574 = DIRECTION('',(-2.288475490444E-17,-1.,0.));
#12575 = ORIENTED_EDGE('',*,*,#12576,.T.);
#12576 = EDGE_CURVE('',#12569,#12577,#12579,.T.);
#12577 = VERTEX_POINT('',#12578);
#12578 = CARTESIAN_POINT('',(-0.7,-0.125,2.E-02));
#12579 = LINE('',#12580,#12581);
#12580 = CARTESIAN_POINT('',(-0.845,-0.125,2.E-02));
#12581 = VECTOR('',#12582,1.);
#12582 = DIRECTION('',(1.,0.,-0.));
#12583 = ORIENTED_EDGE('',*,*,#12584,.T.);
#12584 = EDGE_CURVE('',#12577,#12585,#12587,.T.);
#12585 = VERTEX_POINT('',#12586);
#12586 = CARTESIAN_POINT('',(-0.7,-0.375,2.E-02));
#12587 = LINE('',#12588,#12589);
#12588 = CARTESIAN_POINT('',(-0.7,0.3075,2.E-02));
#12589 = VECTOR('',#12590,1.);
#12590 = DIRECTION('',(-2.288475490444E-17,-1.,0.));
#12591 = ORIENTED_EDGE('',*,*,#12592,.T.);
#12592 = EDGE_CURVE('',#12585,#12593,#12595,.T.);
#12593 = VERTEX_POINT('',#12594);
#12594 = CARTESIAN_POINT('',(-0.99,-0.375,2.E-02));
#12595 = LINE('',#12596,#12597);
#12596 = CARTESIAN_POINT('',(-0.995,-0.375,2.E-02));
#12597 = VECTOR('',#12598,1.);
#12598 = DIRECTION('',(-1.,2.288475490444E-17,0.));
#12599 = ORIENTED_EDGE('',*,*,#12600,.T.);
#12600 = EDGE_CURVE('',#12593,#12432,#12601,.T.);
#12601 = LINE('',#12602,#12603);
#12602 = CARTESIAN_POINT('',(-0.99,0.99,2.E-02));
#12603 = VECTOR('',#12604,1.);
#12604 = DIRECTION('',(-2.288475490444E-17,-1.,0.));
#12605 = ORIENTED_EDGE('',*,*,#12431,.T.);
#12606 = ORIENTED_EDGE('',*,*,#12407,.T.);
#12607 = ORIENTED_EDGE('',*,*,#12383,.T.);
#12608 = ORIENTED_EDGE('',*,*,#12609,.T.);
#12609 = EDGE_CURVE('',#12376,#12610,#12612,.T.);
#12610 = VERTEX_POINT('',#12611);
#12611 = CARTESIAN_POINT('',(-0.99,-0.99,2.E-02));
#12612 = LINE('',#12613,#12614);
#12613 = CARTESIAN_POINT('',(-0.99,0.99,2.E-02));
#12614 = VECTOR('',#12615,1.);
#12615 = DIRECTION('',(-2.288475490444E-17,-1.,0.));
#12616 = ORIENTED_EDGE('',*,*,#12617,.T.);
#12617 = EDGE_CURVE('',#12610,#12618,#12620,.T.);
#12618 = VERTEX_POINT('',#12619);
#12619 = CARTESIAN_POINT('',(0.99,-0.99,2.E-02));
#12620 = LINE('',#12621,#12622);
#12621 = CARTESIAN_POINT('',(-0.99,-0.99,2.E-02));
#12622 = VECTOR('',#12623,1.);
#12623 = DIRECTION('',(1.,0.,-0.));
#12624 = ORIENTED_EDGE('',*,*,#12625,.F.);
#12625 = EDGE_CURVE('',#12626,#12618,#12628,.T.);
#12626 = VERTEX_POINT('',#12627);
#12627 = CARTESIAN_POINT('',(0.99,-0.875,2.E-02));
#12628 = LINE('',#12629,#12630);
#12629 = CARTESIAN_POINT('',(0.99,0.99,2.E-02));
#12630 = VECTOR('',#12631,1.);
#12631 = DIRECTION('',(-2.288475490444E-17,-1.,0.));
#12632 = ORIENTED_EDGE('',*,*,#12633,.T.);
#12633 = EDGE_CURVE('',#12626,#12634,#12636,.T.);
#12634 = VERTEX_POINT('',#12635);
#12635 = CARTESIAN_POINT('',(0.7,-0.875,2.E-02));
#12636 = LINE('',#12637,#12638);
#12637 = CARTESIAN_POINT('',(-0.145,-0.875,2.E-02));
#12638 = VECTOR('',#12639,1.);
#12639 = DIRECTION('',(-1.,2.288475490444E-17,0.));
#12640 = ORIENTED_EDGE('',*,*,#12641,.T.);
#12641 = EDGE_CURVE('',#12634,#12642,#12644,.T.);
#12642 = VERTEX_POINT('',#12643);
#12643 = CARTESIAN_POINT('',(0.7,-0.625,2.E-02));
#12644 = LINE('',#12645,#12646);
#12645 = CARTESIAN_POINT('',(0.7,0.1825,2.E-02));
#12646 = VECTOR('',#12647,1.);
#12647 = DIRECTION('',(2.288475490444E-17,1.,0.));
#12648 = ORIENTED_EDGE('',*,*,#12649,.T.);
#12649 = EDGE_CURVE('',#12642,#12650,#12652,.T.);
#12650 = VERTEX_POINT('',#12651);
#12651 = CARTESIAN_POINT('',(0.99,-0.625,2.E-02));
#12652 = LINE('',#12653,#12654);
#12653 = CARTESIAN_POINT('',(5.E-03,-0.625,2.E-02));
#12654 = VECTOR('',#12655,1.);
#12655 = DIRECTION('',(1.,0.,-0.));
#12656 = ORIENTED_EDGE('',*,*,#12657,.F.);
#12657 = EDGE_CURVE('',#12658,#12650,#12660,.T.);
#12658 = VERTEX_POINT('',#12659);
#12659 = CARTESIAN_POINT('',(0.99,-0.375,2.E-02));
#12660 = LINE('',#12661,#12662);
#12661 = CARTESIAN_POINT('',(0.99,0.99,2.E-02));
#12662 = VECTOR('',#12663,1.);
#12663 = DIRECTION('',(-2.288475490444E-17,-1.,0.));
#12664 = ORIENTED_EDGE('',*,*,#12665,.T.);
#12665 = EDGE_CURVE('',#12658,#12666,#12668,.T.);
#12666 = VERTEX_POINT('',#12667);
#12667 = CARTESIAN_POINT('',(0.7,-0.375,2.E-02));
#12668 = LINE('',#12669,#12670);
#12669 = CARTESIAN_POINT('',(-0.145,-0.375,2.E-02));
#12670 = VECTOR('',#12671,1.);
#12671 = DIRECTION('',(-1.,2.288475490444E-17,0.));
#12672 = ORIENTED_EDGE('',*,*,#12673,.T.);
#12673 = EDGE_CURVE('',#12666,#12674,#12676,.T.);
#12674 = VERTEX_POINT('',#12675);
#12675 = CARTESIAN_POINT('',(0.7,-0.125,2.E-02));
#12676 = LINE('',#12677,#12678);
#12677 = CARTESIAN_POINT('',(0.7,0.4325,2.E-02));
#12678 = VECTOR('',#12679,1.);
#12679 = DIRECTION('',(2.288475490444E-17,1.,0.));
#12680 = ORIENTED_EDGE('',*,*,#12681,.T.);
#12681 = EDGE_CURVE('',#12674,#12682,#12684,.T.);
#12682 = VERTEX_POINT('',#12683);
#12683 = CARTESIAN_POINT('',(0.99,-0.125,2.E-02));
#12684 = LINE('',#12685,#12686);
#12685 = CARTESIAN_POINT('',(5.E-03,-0.125,2.E-02));
#12686 = VECTOR('',#12687,1.);
#12687 = DIRECTION('',(1.,0.,-0.));
#12688 = ORIENTED_EDGE('',*,*,#12689,.F.);
#12689 = EDGE_CURVE('',#12690,#12682,#12692,.T.);
#12690 = VERTEX_POINT('',#12691);
#12691 = CARTESIAN_POINT('',(0.99,0.125,2.E-02));
#12692 = LINE('',#12693,#12694);
#12693 = CARTESIAN_POINT('',(0.99,0.99,2.E-02));
#12694 = VECTOR('',#12695,1.);
#12695 = DIRECTION('',(-2.288475490444E-17,-1.,0.));
#12696 = ORIENTED_EDGE('',*,*,#12697,.T.);
#12697 = EDGE_CURVE('',#12690,#12698,#12700,.T.);
#12698 = VERTEX_POINT('',#12699);
#12699 = CARTESIAN_POINT('',(0.7,0.125,2.E-02));
#12700 = LINE('',#12701,#12702);
#12701 = CARTESIAN_POINT('',(-0.145,0.125,2.E-02));
#12702 = VECTOR('',#12703,1.);
#12703 = DIRECTION('',(-1.,2.288475490444E-17,0.));
#12704 = ORIENTED_EDGE('',*,*,#12705,.T.);
#12705 = EDGE_CURVE('',#12698,#12706,#12708,.T.);
#12706 = VERTEX_POINT('',#12707);
#12707 = CARTESIAN_POINT('',(0.7,0.375,2.E-02));
#12708 = LINE('',#12709,#12710);
#12709 = CARTESIAN_POINT('',(0.7,0.6825,2.E-02));
#12710 = VECTOR('',#12711,1.);
#12711 = DIRECTION('',(2.288475490444E-17,1.,0.));
#12712 = ORIENTED_EDGE('',*,*,#12713,.T.);
#12713 = EDGE_CURVE('',#12706,#12714,#12716,.T.);
#12714 = VERTEX_POINT('',#12715);
#12715 = CARTESIAN_POINT('',(0.99,0.375,2.E-02));
#12716 = LINE('',#12717,#12718);
#12717 = CARTESIAN_POINT('',(5.E-03,0.375,2.E-02));
#12718 = VECTOR('',#12719,1.);
#12719 = DIRECTION('',(1.,0.,-0.));
#12720 = ORIENTED_EDGE('',*,*,#12721,.F.);
#12721 = EDGE_CURVE('',#12722,#12714,#12724,.T.);
#12722 = VERTEX_POINT('',#12723);
#12723 = CARTESIAN_POINT('',(0.99,0.625,2.E-02));
#12724 = LINE('',#12725,#12726);
#12725 = CARTESIAN_POINT('',(0.99,0.99,2.E-02));
#12726 = VECTOR('',#12727,1.);
#12727 = DIRECTION('',(-2.288475490444E-17,-1.,0.));
#12728 = ORIENTED_EDGE('',*,*,#12729,.T.);
#12729 = EDGE_CURVE('',#12722,#12730,#12732,.T.);
#12730 = VERTEX_POINT('',#12731);
#12731 = CARTESIAN_POINT('',(0.7,0.625,2.E-02));
#12732 = LINE('',#12733,#12734);
#12733 = CARTESIAN_POINT('',(-0.145,0.625,2.E-02));
#12734 = VECTOR('',#12735,1.);
#12735 = DIRECTION('',(-1.,2.288475490444E-17,0.));
#12736 = ORIENTED_EDGE('',*,*,#12737,.T.);
#12737 = EDGE_CURVE('',#12730,#12738,#12740,.T.);
#12738 = VERTEX_POINT('',#12739);
#12739 = CARTESIAN_POINT('',(0.7,0.875,2.E-02));
#12740 = LINE('',#12741,#12742);
#12741 = CARTESIAN_POINT('',(0.7,0.9325,2.E-02));
#12742 = VECTOR('',#12743,1.);
#12743 = DIRECTION('',(2.288475490444E-17,1.,0.));
#12744 = ORIENTED_EDGE('',*,*,#12745,.T.);
#12745 = EDGE_CURVE('',#12738,#12489,#12746,.T.);
#12746 = LINE('',#12747,#12748);
#12747 = CARTESIAN_POINT('',(5.E-03,0.875,2.E-02));
#12748 = VECTOR('',#12749,1.);
#12749 = DIRECTION('',(1.,0.,-0.));
#12750 = FACE_BOUND('',#12751,.F.);
#12751 = EDGE_LOOP('',(#12752,#12762,#12770,#12778,#12786));
#12752 = ORIENTED_EDGE('',*,*,#12753,.T.);
#12753 = EDGE_CURVE('',#12754,#12756,#12758,.T.);
#12754 = VERTEX_POINT('',#12755);
#12755 = CARTESIAN_POINT('',(-0.45,0.55,2.E-02));
#12756 = VERTEX_POINT('',#12757);
#12757 = CARTESIAN_POINT('',(-0.2,0.8,2.E-02));
#12758 = LINE('',#12759,#12760);
#12759 = CARTESIAN_POINT('',(-0.35,0.65,2.E-02));
#12760 = VECTOR('',#12761,1.);
#12761 = DIRECTION('',(0.707106781187,0.707106781187,0.));
#12762 = ORIENTED_EDGE('',*,*,#12763,.T.);
#12763 = EDGE_CURVE('',#12756,#12764,#12766,.T.);
#12764 = VERTEX_POINT('',#12765);
#12765 = CARTESIAN_POINT('',(0.45,0.8,2.E-02));
#12766 = LINE('',#12767,#12768);
#12767 = CARTESIAN_POINT('',(-0.27,0.8,2.E-02));
#12768 = VECTOR('',#12769,1.);
#12769 = DIRECTION('',(1.,0.,-0.));
#12770 = ORIENTED_EDGE('',*,*,#12771,.T.);
#12771 = EDGE_CURVE('',#12764,#12772,#12774,.T.);
#12772 = VERTEX_POINT('',#12773);
#12773 = CARTESIAN_POINT('',(0.45,-0.8,2.E-02));
#12774 = LINE('',#12775,#12776);
#12775 = CARTESIAN_POINT('',(0.45,9.5E-02,2.E-02));
#12776 = VECTOR('',#12777,1.);
#12777 = DIRECTION('',(-2.288475490444E-17,-1.,0.));
#12778 = ORIENTED_EDGE('',*,*,#12779,.T.);
#12779 = EDGE_CURVE('',#12772,#12780,#12782,.T.);
#12780 = VERTEX_POINT('',#12781);
#12781 = CARTESIAN_POINT('',(-0.45,-0.8,2.E-02));
#12782 = LINE('',#12783,#12784);
#12783 = CARTESIAN_POINT('',(-0.72,-0.8,2.E-02));
#12784 = VECTOR('',#12785,1.);
#12785 = DIRECTION('',(-1.,2.288475490444E-17,0.));
#12786 = ORIENTED_EDGE('',*,*,#12787,.T.);
#12787 = EDGE_CURVE('',#12780,#12754,#12788,.T.);
#12788 = LINE('',#12789,#12790);
#12789 = CARTESIAN_POINT('',(-0.45,0.77,2.E-02));
#12790 = VECTOR('',#12791,1.);
#12791 = DIRECTION('',(2.288475490444E-17,1.,0.));
#12792 = PLANE('',#12793);
#12793 = AXIS2_PLACEMENT_3D('',#12794,#12795,#12796);
#12794 = CARTESIAN_POINT('',(-0.99,0.99,2.E-02));
#12795 = DIRECTION('',(0.,0.,1.));
#12796 = DIRECTION('',(-2.288475490444E-17,-1.,0.));
#12797 = ADVANCED_FACE('',(#12798),#12901,.F.);
#12798 = FACE_BOUND('',#12799,.F.);
#12799 = EDGE_LOOP('',(#12800,#12801,#12809,#12817,#12823,#12824,#12825,
    #12831,#12832,#12833,#12841,#12849,#12855,#12856,#12864,#12872,
    #12878,#12879,#12887,#12895));
#12800 = ORIENTED_EDGE('',*,*,#12504,.F.);
#12801 = ORIENTED_EDGE('',*,*,#12802,.T.);
#12802 = EDGE_CURVE('',#12497,#12803,#12805,.T.);
#12803 = VERTEX_POINT('',#12804);
#12804 = CARTESIAN_POINT('',(-0.99,0.99,0.82));
#12805 = LINE('',#12806,#12807);
#12806 = CARTESIAN_POINT('',(-0.99,0.99,2.E-02));
#12807 = VECTOR('',#12808,1.);
#12808 = DIRECTION('',(0.,0.,1.));
#12809 = ORIENTED_EDGE('',*,*,#12810,.T.);
#12810 = EDGE_CURVE('',#12803,#12811,#12813,.T.);
#12811 = VERTEX_POINT('',#12812);
#12812 = CARTESIAN_POINT('',(-0.99,-0.99,0.82));
#12813 = LINE('',#12814,#12815);
#12814 = CARTESIAN_POINT('',(-0.99,0.99,0.82));
#12815 = VECTOR('',#12816,1.);
#12816 = DIRECTION('',(-2.288475490444E-17,-1.,0.));
#12817 = ORIENTED_EDGE('',*,*,#12818,.F.);
#12818 = EDGE_CURVE('',#12610,#12811,#12819,.T.);
#12819 = LINE('',#12820,#12821);
#12820 = CARTESIAN_POINT('',(-0.99,-0.99,2.E-02));
#12821 = VECTOR('',#12822,1.);
#12822 = DIRECTION('',(0.,0.,1.));
#12823 = ORIENTED_EDGE('',*,*,#12609,.F.);
#12824 = ORIENTED_EDGE('',*,*,#12375,.T.);
#12825 = ORIENTED_EDGE('',*,*,#12826,.T.);
#12826 = EDGE_CURVE('',#12368,#12440,#12827,.T.);
#12827 = LINE('',#12828,#12829);
#12828 = CARTESIAN_POINT('',(-0.99,5.75E-02,0.2));
#12829 = VECTOR('',#12830,1.);
#12830 = DIRECTION('',(2.288475490444E-17,1.,0.));
#12831 = ORIENTED_EDGE('',*,*,#12439,.T.);
#12832 = ORIENTED_EDGE('',*,*,#12600,.F.);
#12833 = ORIENTED_EDGE('',*,*,#12834,.T.);
#12834 = EDGE_CURVE('',#12593,#12835,#12837,.T.);
#12835 = VERTEX_POINT('',#12836);
#12836 = CARTESIAN_POINT('',(-0.99,-0.375,0.2));
#12837 = LINE('',#12838,#12839);
#12838 = CARTESIAN_POINT('',(-0.99,-0.375,1.E-02));
#12839 = VECTOR('',#12840,1.);
#12840 = DIRECTION('',(0.,0.,1.));
#12841 = ORIENTED_EDGE('',*,*,#12842,.T.);
#12842 = EDGE_CURVE('',#12835,#12843,#12845,.T.);
#12843 = VERTEX_POINT('',#12844);
#12844 = CARTESIAN_POINT('',(-0.99,-0.125,0.2));
#12845 = LINE('',#12846,#12847);
#12846 = CARTESIAN_POINT('',(-0.99,0.3075,0.2));
#12847 = VECTOR('',#12848,1.);
#12848 = DIRECTION('',(2.288475490444E-17,1.,0.));
#12849 = ORIENTED_EDGE('',*,*,#12850,.T.);
#12850 = EDGE_CURVE('',#12843,#12569,#12851,.T.);
#12851 = LINE('',#12852,#12853);
#12852 = CARTESIAN_POINT('',(-0.99,-0.125,1.E-02));
#12853 = VECTOR('',#12854,1.);
#12854 = DIRECTION('',(0.,-0.,-1.));
#12855 = ORIENTED_EDGE('',*,*,#12568,.F.);
#12856 = ORIENTED_EDGE('',*,*,#12857,.T.);
#12857 = EDGE_CURVE('',#12561,#12858,#12860,.T.);
#12858 = VERTEX_POINT('',#12859);
#12859 = CARTESIAN_POINT('',(-0.99,0.125,0.2));
#12860 = LINE('',#12861,#12862);
#12861 = CARTESIAN_POINT('',(-0.99,0.125,1.E-02));
#12862 = VECTOR('',#12863,1.);
#12863 = DIRECTION('',(0.,0.,1.));
#12864 = ORIENTED_EDGE('',*,*,#12865,.T.);
#12865 = EDGE_CURVE('',#12858,#12866,#12868,.T.);
#12866 = VERTEX_POINT('',#12867);
#12867 = CARTESIAN_POINT('',(-0.99,0.375,0.2));
#12868 = LINE('',#12869,#12870);
#12869 = CARTESIAN_POINT('',(-0.99,0.5575,0.2));
#12870 = VECTOR('',#12871,1.);
#12871 = DIRECTION('',(2.288475490444E-17,1.,0.));
#12872 = ORIENTED_EDGE('',*,*,#12873,.T.);
#12873 = EDGE_CURVE('',#12866,#12537,#12874,.T.);
#12874 = LINE('',#12875,#12876);
#12875 = CARTESIAN_POINT('',(-0.99,0.375,1.E-02));
#12876 = VECTOR('',#12877,1.);
#12877 = DIRECTION('',(0.,-0.,-1.));
#12878 = ORIENTED_EDGE('',*,*,#12536,.F.);
#12879 = ORIENTED_EDGE('',*,*,#12880,.T.);
#12880 = EDGE_CURVE('',#12529,#12881,#12883,.T.);
#12881 = VERTEX_POINT('',#12882);
#12882 = CARTESIAN_POINT('',(-0.99,0.625,0.2));
#12883 = LINE('',#12884,#12885);
#12884 = CARTESIAN_POINT('',(-0.99,0.625,1.E-02));
#12885 = VECTOR('',#12886,1.);
#12886 = DIRECTION('',(0.,0.,1.));
#12887 = ORIENTED_EDGE('',*,*,#12888,.T.);
#12888 = EDGE_CURVE('',#12881,#12889,#12891,.T.);
#12889 = VERTEX_POINT('',#12890);
#12890 = CARTESIAN_POINT('',(-0.99,0.875,0.2));
#12891 = LINE('',#12892,#12893);
#12892 = CARTESIAN_POINT('',(-0.99,0.8075,0.2));
#12893 = VECTOR('',#12894,1.);
#12894 = DIRECTION('',(2.288475490444E-17,1.,0.));
#12895 = ORIENTED_EDGE('',*,*,#12896,.T.);
#12896 = EDGE_CURVE('',#12889,#12505,#12897,.T.);
#12897 = LINE('',#12898,#12899);
#12898 = CARTESIAN_POINT('',(-0.99,0.875,1.E-02));
#12899 = VECTOR('',#12900,1.);
#12900 = DIRECTION('',(0.,-0.,-1.));
#12901 = PLANE('',#12902);
#12902 = AXIS2_PLACEMENT_3D('',#12903,#12904,#12905);
#12903 = CARTESIAN_POINT('',(-0.99,0.99,2.E-02));
#12904 = DIRECTION('',(1.,0.,-0.));
#12905 = DIRECTION('',(0.,0.,1.));
#12906 = ADVANCED_FACE('',(#12907),#12913,.F.);
#12907 = FACE_BOUND('',#12908,.F.);
#12908 = EDGE_LOOP('',(#12909,#12910,#12911,#12912));
#12909 = ORIENTED_EDGE('',*,*,#12367,.F.);
#12910 = ORIENTED_EDGE('',*,*,#12470,.F.);
#12911 = ORIENTED_EDGE('',*,*,#12447,.F.);
#12912 = ORIENTED_EDGE('',*,*,#12826,.F.);
#12913 = PLANE('',#12914);
#12914 = AXIS2_PLACEMENT_3D('',#12915,#12916,#12917);
#12915 = CARTESIAN_POINT('',(-1.,-0.875,0.2));
#12916 = DIRECTION('',(0.,-0.,-1.));
#12917 = DIRECTION('',(2.288475490444E-17,1.,0.));
#12918 = ADVANCED_FACE('',(#12919),#13036,.T.);
#12919 = FACE_BOUND('',#12920,.T.);
#12920 = EDGE_LOOP('',(#12921,#12922,#12930,#12938,#12944,#12945,#12953,
    #12961,#12967,#12968,#12976,#12984,#12990,#12991,#12999,#13007,
    #13013,#13014,#13022,#13030));
#12921 = ORIENTED_EDGE('',*,*,#12486,.F.);
#12922 = ORIENTED_EDGE('',*,*,#12923,.T.);
#12923 = EDGE_CURVE('',#12487,#12924,#12926,.T.);
#12924 = VERTEX_POINT('',#12925);
#12925 = CARTESIAN_POINT('',(0.99,0.99,0.82));
#12926 = LINE('',#12927,#12928);
#12927 = CARTESIAN_POINT('',(0.99,0.99,2.E-02));
#12928 = VECTOR('',#12929,1.);
#12929 = DIRECTION('',(0.,0.,1.));
#12930 = ORIENTED_EDGE('',*,*,#12931,.T.);
#12931 = EDGE_CURVE('',#12924,#12932,#12934,.T.);
#12932 = VERTEX_POINT('',#12933);
#12933 = CARTESIAN_POINT('',(0.99,-0.99,0.82));
#12934 = LINE('',#12935,#12936);
#12935 = CARTESIAN_POINT('',(0.99,0.99,0.82));
#12936 = VECTOR('',#12937,1.);
#12937 = DIRECTION('',(-2.288475490444E-17,-1.,0.));
#12938 = ORIENTED_EDGE('',*,*,#12939,.F.);
#12939 = EDGE_CURVE('',#12618,#12932,#12940,.T.);
#12940 = LINE('',#12941,#12942);
#12941 = CARTESIAN_POINT('',(0.99,-0.99,2.E-02));
#12942 = VECTOR('',#12943,1.);
#12943 = DIRECTION('',(0.,0.,1.));
#12944 = ORIENTED_EDGE('',*,*,#12625,.F.);
#12945 = ORIENTED_EDGE('',*,*,#12946,.T.);
#12946 = EDGE_CURVE('',#12626,#12947,#12949,.T.);
#12947 = VERTEX_POINT('',#12948);
#12948 = CARTESIAN_POINT('',(0.99,-0.875,0.2));
#12949 = LINE('',#12950,#12951);
#12950 = CARTESIAN_POINT('',(0.99,-0.875,1.E-02));
#12951 = VECTOR('',#12952,1.);
#12952 = DIRECTION('',(0.,0.,1.));
#12953 = ORIENTED_EDGE('',*,*,#12954,.T.);
#12954 = EDGE_CURVE('',#12947,#12955,#12957,.T.);
#12955 = VERTEX_POINT('',#12956);
#12956 = CARTESIAN_POINT('',(0.99,-0.625,0.2));
#12957 = LINE('',#12958,#12959);
#12958 = CARTESIAN_POINT('',(0.99,0.1825,0.2));
#12959 = VECTOR('',#12960,1.);
#12960 = DIRECTION('',(2.288475490444E-17,1.,0.));
#12961 = ORIENTED_EDGE('',*,*,#12962,.T.);
#12962 = EDGE_CURVE('',#12955,#12650,#12963,.T.);
#12963 = LINE('',#12964,#12965);
#12964 = CARTESIAN_POINT('',(0.99,-0.625,1.E-02));
#12965 = VECTOR('',#12966,1.);
#12966 = DIRECTION('',(0.,-0.,-1.));
#12967 = ORIENTED_EDGE('',*,*,#12657,.F.);
#12968 = ORIENTED_EDGE('',*,*,#12969,.T.);
#12969 = EDGE_CURVE('',#12658,#12970,#12972,.T.);
#12970 = VERTEX_POINT('',#12971);
#12971 = CARTESIAN_POINT('',(0.99,-0.375,0.2));
#12972 = LINE('',#12973,#12974);
#12973 = CARTESIAN_POINT('',(0.99,-0.375,1.E-02));
#12974 = VECTOR('',#12975,1.);
#12975 = DIRECTION('',(0.,0.,1.));
#12976 = ORIENTED_EDGE('',*,*,#12977,.T.);
#12977 = EDGE_CURVE('',#12970,#12978,#12980,.T.);
#12978 = VERTEX_POINT('',#12979);
#12979 = CARTESIAN_POINT('',(0.99,-0.125,0.2));
#12980 = LINE('',#12981,#12982);
#12981 = CARTESIAN_POINT('',(0.99,0.4325,0.2));
#12982 = VECTOR('',#12983,1.);
#12983 = DIRECTION('',(2.288475490444E-17,1.,0.));
#12984 = ORIENTED_EDGE('',*,*,#12985,.T.);
#12985 = EDGE_CURVE('',#12978,#12682,#12986,.T.);
#12986 = LINE('',#12987,#12988);
#12987 = CARTESIAN_POINT('',(0.99,-0.125,1.E-02));
#12988 = VECTOR('',#12989,1.);
#12989 = DIRECTION('',(0.,-0.,-1.));
#12990 = ORIENTED_EDGE('',*,*,#12689,.F.);
#12991 = ORIENTED_EDGE('',*,*,#12992,.T.);
#12992 = EDGE_CURVE('',#12690,#12993,#12995,.T.);
#12993 = VERTEX_POINT('',#12994);
#12994 = CARTESIAN_POINT('',(0.99,0.125,0.2));
#12995 = LINE('',#12996,#12997);
#12996 = CARTESIAN_POINT('',(0.99,0.125,1.E-02));
#12997 = VECTOR('',#12998,1.);
#12998 = DIRECTION('',(0.,0.,1.));
#12999 = ORIENTED_EDGE('',*,*,#13000,.T.);
#13000 = EDGE_CURVE('',#12993,#13001,#13003,.T.);
#13001 = VERTEX_POINT('',#13002);
#13002 = CARTESIAN_POINT('',(0.99,0.375,0.2));
#13003 = LINE('',#13004,#13005);
#13004 = CARTESIAN_POINT('',(0.99,0.6825,0.2));
#13005 = VECTOR('',#13006,1.);
#13006 = DIRECTION('',(2.288475490444E-17,1.,0.));
#13007 = ORIENTED_EDGE('',*,*,#13008,.T.);
#13008 = EDGE_CURVE('',#13001,#12714,#13009,.T.);
#13009 = LINE('',#13010,#13011);
#13010 = CARTESIAN_POINT('',(0.99,0.375,1.E-02));
#13011 = VECTOR('',#13012,1.);
#13012 = DIRECTION('',(0.,-0.,-1.));
#13013 = ORIENTED_EDGE('',*,*,#12721,.F.);
#13014 = ORIENTED_EDGE('',*,*,#13015,.T.);
#13015 = EDGE_CURVE('',#12722,#13016,#13018,.T.);
#13016 = VERTEX_POINT('',#13017);
#13017 = CARTESIAN_POINT('',(0.99,0.625,0.2));
#13018 = LINE('',#13019,#13020);
#13019 = CARTESIAN_POINT('',(0.99,0.625,1.E-02));
#13020 = VECTOR('',#13021,1.);
#13021 = DIRECTION('',(0.,0.,1.));
#13022 = ORIENTED_EDGE('',*,*,#13023,.T.);
#13023 = EDGE_CURVE('',#13016,#13024,#13026,.T.);
#13024 = VERTEX_POINT('',#13025);
#13025 = CARTESIAN_POINT('',(0.99,0.875,0.2));
#13026 = LINE('',#13027,#13028);
#13027 = CARTESIAN_POINT('',(0.99,0.9325,0.2));
#13028 = VECTOR('',#13029,1.);
#13029 = DIRECTION('',(2.288475490444E-17,1.,0.));
#13030 = ORIENTED_EDGE('',*,*,#13031,.T.);
#13031 = EDGE_CURVE('',#13024,#12489,#13032,.T.);
#13032 = LINE('',#13033,#13034);
#13033 = CARTESIAN_POINT('',(0.99,0.875,1.E-02));
#13034 = VECTOR('',#13035,1.);
#13035 = DIRECTION('',(0.,-0.,-1.));
#13036 = PLANE('',#13037);
#13037 = AXIS2_PLACEMENT_3D('',#13038,#13039,#13040);
#13038 = CARTESIAN_POINT('',(0.99,0.99,2.E-02));
#13039 = DIRECTION('',(1.,0.,-0.));
#13040 = DIRECTION('',(0.,0.,1.));
#13041 = ADVANCED_FACE('',(#13042),#13053,.F.);
#13042 = FACE_BOUND('',#13043,.F.);
#13043 = EDGE_LOOP('',(#13044,#13045,#13046,#13047));
#13044 = ORIENTED_EDGE('',*,*,#12802,.F.);
#13045 = ORIENTED_EDGE('',*,*,#12496,.T.);
#13046 = ORIENTED_EDGE('',*,*,#12923,.T.);
#13047 = ORIENTED_EDGE('',*,*,#13048,.F.);
#13048 = EDGE_CURVE('',#12803,#12924,#13049,.T.);
#13049 = LINE('',#13050,#13051);
#13050 = CARTESIAN_POINT('',(-0.99,0.99,0.82));
#13051 = VECTOR('',#13052,1.);
#13052 = DIRECTION('',(1.,0.,-0.));
#13053 = PLANE('',#13054);
#13054 = AXIS2_PLACEMENT_3D('',#13055,#13056,#13057);
#13055 = CARTESIAN_POINT('',(-0.99,0.99,2.E-02));
#13056 = DIRECTION('',(-2.288475490444E-17,-1.,0.));
#13057 = DIRECTION('',(0.,0.,1.));
#13058 = ADVANCED_FACE('',(#13059),#13093,.F.);
#13059 = FACE_BOUND('',#13060,.F.);
#13060 = EDGE_LOOP('',(#13061,#13071,#13079,#13085,#13086,#13087));
#13061 = ORIENTED_EDGE('',*,*,#13062,.F.);
#13062 = EDGE_CURVE('',#13063,#13065,#13067,.T.);
#13063 = VERTEX_POINT('',#13064);
#13064 = CARTESIAN_POINT('',(1.,0.875,0.));
#13065 = VERTEX_POINT('',#13066);
#13066 = CARTESIAN_POINT('',(0.7,0.875,0.));
#13067 = LINE('',#13068,#13069);
#13068 = CARTESIAN_POINT('',(1.,0.875,0.));
#13069 = VECTOR('',#13070,1.);
#13070 = DIRECTION('',(-1.,2.288475490444E-17,0.));
#13071 = ORIENTED_EDGE('',*,*,#13072,.T.);
#13072 = EDGE_CURVE('',#13063,#13073,#13075,.T.);
#13073 = VERTEX_POINT('',#13074);
#13074 = CARTESIAN_POINT('',(1.,0.875,0.2));
#13075 = LINE('',#13076,#13077);
#13076 = CARTESIAN_POINT('',(1.,0.875,0.));
#13077 = VECTOR('',#13078,1.);
#13078 = DIRECTION('',(0.,0.,1.));
#13079 = ORIENTED_EDGE('',*,*,#13080,.T.);
#13080 = EDGE_CURVE('',#13073,#13024,#13081,.T.);
#13081 = LINE('',#13082,#13083);
#13082 = CARTESIAN_POINT('',(1.,0.875,0.2));
#13083 = VECTOR('',#13084,1.);
#13084 = DIRECTION('',(-1.,2.288475490444E-17,0.));
#13085 = ORIENTED_EDGE('',*,*,#13031,.T.);
#13086 = ORIENTED_EDGE('',*,*,#12745,.F.);
#13087 = ORIENTED_EDGE('',*,*,#13088,.F.);
#13088 = EDGE_CURVE('',#13065,#12738,#13089,.T.);
#13089 = LINE('',#13090,#13091);
#13090 = CARTESIAN_POINT('',(0.7,0.875,0.));
#13091 = VECTOR('',#13092,1.);
#13092 = DIRECTION('',(0.,0.,1.));
#13093 = PLANE('',#13094);
#13094 = AXIS2_PLACEMENT_3D('',#13095,#13096,#13097);
#13095 = CARTESIAN_POINT('',(1.,0.875,0.));
#13096 = DIRECTION('',(-2.288475490444E-17,-1.,0.));
#13097 = DIRECTION('',(-1.,2.288475490444E-17,0.));
#13098 = ADVANCED_FACE('',(#13099),#13117,.F.);
#13099 = FACE_BOUND('',#13100,.F.);
#13100 = EDGE_LOOP('',(#13101,#13109,#13110,#13111));
#13101 = ORIENTED_EDGE('',*,*,#13102,.F.);
#13102 = EDGE_CURVE('',#13065,#13103,#13105,.T.);
#13103 = VERTEX_POINT('',#13104);
#13104 = CARTESIAN_POINT('',(0.7,0.625,0.));
#13105 = LINE('',#13106,#13107);
#13106 = CARTESIAN_POINT('',(0.7,0.875,0.));
#13107 = VECTOR('',#13108,1.);
#13108 = DIRECTION('',(-2.288475490444E-17,-1.,0.));
#13109 = ORIENTED_EDGE('',*,*,#13088,.T.);
#13110 = ORIENTED_EDGE('',*,*,#12737,.F.);
#13111 = ORIENTED_EDGE('',*,*,#13112,.F.);
#13112 = EDGE_CURVE('',#13103,#12730,#13113,.T.);
#13113 = LINE('',#13114,#13115);
#13114 = CARTESIAN_POINT('',(0.7,0.625,0.));
#13115 = VECTOR('',#13116,1.);
#13116 = DIRECTION('',(0.,0.,1.));
#13117 = PLANE('',#13118);
#13118 = AXIS2_PLACEMENT_3D('',#13119,#13120,#13121);
#13119 = CARTESIAN_POINT('',(0.7,0.875,0.));
#13120 = DIRECTION('',(1.,0.,-0.));
#13121 = DIRECTION('',(0.,-1.,0.));
#13122 = ADVANCED_FACE('',(#13123),#13157,.F.);
#13123 = FACE_BOUND('',#13124,.F.);
#13124 = EDGE_LOOP('',(#13125,#13135,#13141,#13142,#13143,#13151));
#13125 = ORIENTED_EDGE('',*,*,#13126,.F.);
#13126 = EDGE_CURVE('',#13127,#13129,#13131,.T.);
#13127 = VERTEX_POINT('',#13128);
#13128 = CARTESIAN_POINT('',(-0.7,0.875,0.));
#13129 = VERTEX_POINT('',#13130);
#13130 = CARTESIAN_POINT('',(-1.,0.875,0.));
#13131 = LINE('',#13132,#13133);
#13132 = CARTESIAN_POINT('',(-0.7,0.875,0.));
#13133 = VECTOR('',#13134,1.);
#13134 = DIRECTION('',(-1.,2.288475490444E-17,0.));
#13135 = ORIENTED_EDGE('',*,*,#13136,.T.);
#13136 = EDGE_CURVE('',#13127,#12513,#13137,.T.);
#13137 = LINE('',#13138,#13139);
#13138 = CARTESIAN_POINT('',(-0.7,0.875,0.));
#13139 = VECTOR('',#13140,1.);
#13140 = DIRECTION('',(0.,0.,1.));
#13141 = ORIENTED_EDGE('',*,*,#12512,.F.);
#13142 = ORIENTED_EDGE('',*,*,#12896,.F.);
#13143 = ORIENTED_EDGE('',*,*,#13144,.T.);
#13144 = EDGE_CURVE('',#12889,#13145,#13147,.T.);
#13145 = VERTEX_POINT('',#13146);
#13146 = CARTESIAN_POINT('',(-1.,0.875,0.2));
#13147 = LINE('',#13148,#13149);
#13148 = CARTESIAN_POINT('',(-0.7,0.875,0.2));
#13149 = VECTOR('',#13150,1.);
#13150 = DIRECTION('',(-1.,2.288475490444E-17,0.));
#13151 = ORIENTED_EDGE('',*,*,#13152,.F.);
#13152 = EDGE_CURVE('',#13129,#13145,#13153,.T.);
#13153 = LINE('',#13154,#13155);
#13154 = CARTESIAN_POINT('',(-1.,0.875,0.));
#13155 = VECTOR('',#13156,1.);
#13156 = DIRECTION('',(0.,0.,1.));
#13157 = PLANE('',#13158);
#13158 = AXIS2_PLACEMENT_3D('',#13159,#13160,#13161);
#13159 = CARTESIAN_POINT('',(-0.7,0.875,0.));
#13160 = DIRECTION('',(-2.288475490444E-17,-1.,0.));
#13161 = DIRECTION('',(-1.,2.288475490444E-17,0.));
#13162 = ADVANCED_FACE('',(#13163),#13190,.F.);
#13163 = FACE_BOUND('',#13164,.F.);
#13164 = EDGE_LOOP('',(#13165,#13173,#13174,#13175,#13176,#13184));
#13165 = ORIENTED_EDGE('',*,*,#13166,.F.);
#13166 = EDGE_CURVE('',#13103,#13167,#13169,.T.);
#13167 = VERTEX_POINT('',#13168);
#13168 = CARTESIAN_POINT('',(1.,0.625,0.));
#13169 = LINE('',#13170,#13171);
#13170 = CARTESIAN_POINT('',(0.7,0.625,0.));
#13171 = VECTOR('',#13172,1.);
#13172 = DIRECTION('',(1.,0.,-0.));
#13173 = ORIENTED_EDGE('',*,*,#13112,.T.);
#13174 = ORIENTED_EDGE('',*,*,#12729,.F.);
#13175 = ORIENTED_EDGE('',*,*,#13015,.T.);
#13176 = ORIENTED_EDGE('',*,*,#13177,.T.);
#13177 = EDGE_CURVE('',#13016,#13178,#13180,.T.);
#13178 = VERTEX_POINT('',#13179);
#13179 = CARTESIAN_POINT('',(1.,0.625,0.2));
#13180 = LINE('',#13181,#13182);
#13181 = CARTESIAN_POINT('',(0.7,0.625,0.2));
#13182 = VECTOR('',#13183,1.);
#13183 = DIRECTION('',(1.,0.,-0.));
#13184 = ORIENTED_EDGE('',*,*,#13185,.F.);
#13185 = EDGE_CURVE('',#13167,#13178,#13186,.T.);
#13186 = LINE('',#13187,#13188);
#13187 = CARTESIAN_POINT('',(1.,0.625,0.));
#13188 = VECTOR('',#13189,1.);
#13189 = DIRECTION('',(0.,0.,1.));
#13190 = PLANE('',#13191);
#13191 = AXIS2_PLACEMENT_3D('',#13192,#13193,#13194);
#13192 = CARTESIAN_POINT('',(0.7,0.625,0.));
#13193 = DIRECTION('',(2.288475490444E-17,1.,0.));
#13194 = DIRECTION('',(1.,-2.288475490444E-17,-0.));
#13195 = ADVANCED_FACE('',(#13196),#13214,.F.);
#13196 = FACE_BOUND('',#13197,.F.);
#13197 = EDGE_LOOP('',(#13198,#13206,#13212,#13213));
#13198 = ORIENTED_EDGE('',*,*,#13199,.F.);
#13199 = EDGE_CURVE('',#13200,#13127,#13202,.T.);
#13200 = VERTEX_POINT('',#13201);
#13201 = CARTESIAN_POINT('',(-0.7,0.625,0.));
#13202 = LINE('',#13203,#13204);
#13203 = CARTESIAN_POINT('',(-0.7,0.625,0.));
#13204 = VECTOR('',#13205,1.);
#13205 = DIRECTION('',(2.288475490444E-17,1.,0.));
#13206 = ORIENTED_EDGE('',*,*,#13207,.T.);
#13207 = EDGE_CURVE('',#13200,#12521,#13208,.T.);
#13208 = LINE('',#13209,#13210);
#13209 = CARTESIAN_POINT('',(-0.7,0.625,0.));
#13210 = VECTOR('',#13211,1.);
#13211 = DIRECTION('',(0.,0.,1.));
#13212 = ORIENTED_EDGE('',*,*,#12520,.F.);
#13213 = ORIENTED_EDGE('',*,*,#13136,.F.);
#13214 = PLANE('',#13215);
#13215 = AXIS2_PLACEMENT_3D('',#13216,#13217,#13218);
#13216 = CARTESIAN_POINT('',(-0.7,0.625,0.));
#13217 = DIRECTION('',(-1.,2.288475490444E-17,0.));
#13218 = DIRECTION('',(2.288475490444E-17,1.,0.));
#13219 = ADVANCED_FACE('',(#13220),#13247,.F.);
#13220 = FACE_BOUND('',#13221,.F.);
#13221 = EDGE_LOOP('',(#13222,#13230,#13238,#13244,#13245,#13246));
#13222 = ORIENTED_EDGE('',*,*,#13223,.F.);
#13223 = EDGE_CURVE('',#13224,#13200,#13226,.T.);
#13224 = VERTEX_POINT('',#13225);
#13225 = CARTESIAN_POINT('',(-1.,0.625,0.));
#13226 = LINE('',#13227,#13228);
#13227 = CARTESIAN_POINT('',(-1.,0.625,0.));
#13228 = VECTOR('',#13229,1.);
#13229 = DIRECTION('',(1.,0.,-0.));
#13230 = ORIENTED_EDGE('',*,*,#13231,.T.);
#13231 = EDGE_CURVE('',#13224,#13232,#13234,.T.);
#13232 = VERTEX_POINT('',#13233);
#13233 = CARTESIAN_POINT('',(-1.,0.625,0.2));
#13234 = LINE('',#13235,#13236);
#13235 = CARTESIAN_POINT('',(-1.,0.625,0.));
#13236 = VECTOR('',#13237,1.);
#13237 = DIRECTION('',(0.,0.,1.));
#13238 = ORIENTED_EDGE('',*,*,#13239,.T.);
#13239 = EDGE_CURVE('',#13232,#12881,#13240,.T.);
#13240 = LINE('',#13241,#13242);
#13241 = CARTESIAN_POINT('',(-1.,0.625,0.2));
#13242 = VECTOR('',#13243,1.);
#13243 = DIRECTION('',(1.,0.,-0.));
#13244 = ORIENTED_EDGE('',*,*,#12880,.F.);
#13245 = ORIENTED_EDGE('',*,*,#12528,.F.);
#13246 = ORIENTED_EDGE('',*,*,#13207,.F.);
#13247 = PLANE('',#13248);
#13248 = AXIS2_PLACEMENT_3D('',#13249,#13250,#13251);
#13249 = CARTESIAN_POINT('',(-1.,0.625,0.));
#13250 = DIRECTION('',(2.288475490444E-17,1.,0.));
#13251 = DIRECTION('',(1.,-2.288475490444E-17,-0.));
#13252 = ADVANCED_FACE('',(#13253),#13287,.F.);
#13253 = FACE_BOUND('',#13254,.F.);
#13254 = EDGE_LOOP('',(#13255,#13265,#13273,#13279,#13280,#13281));
#13255 = ORIENTED_EDGE('',*,*,#13256,.F.);
#13256 = EDGE_CURVE('',#13257,#13259,#13261,.T.);
#13257 = VERTEX_POINT('',#13258);
#13258 = CARTESIAN_POINT('',(1.,0.375,0.));
#13259 = VERTEX_POINT('',#13260);
#13260 = CARTESIAN_POINT('',(0.7,0.375,0.));
#13261 = LINE('',#13262,#13263);
#13262 = CARTESIAN_POINT('',(1.,0.375,0.));
#13263 = VECTOR('',#13264,1.);
#13264 = DIRECTION('',(-1.,2.288475490444E-17,0.));
#13265 = ORIENTED_EDGE('',*,*,#13266,.T.);
#13266 = EDGE_CURVE('',#13257,#13267,#13269,.T.);
#13267 = VERTEX_POINT('',#13268);
#13268 = CARTESIAN_POINT('',(1.,0.375,0.2));
#13269 = LINE('',#13270,#13271);
#13270 = CARTESIAN_POINT('',(1.,0.375,0.));
#13271 = VECTOR('',#13272,1.);
#13272 = DIRECTION('',(0.,0.,1.));
#13273 = ORIENTED_EDGE('',*,*,#13274,.T.);
#13274 = EDGE_CURVE('',#13267,#13001,#13275,.T.);
#13275 = LINE('',#13276,#13277);
#13276 = CARTESIAN_POINT('',(1.,0.375,0.2));
#13277 = VECTOR('',#13278,1.);
#13278 = DIRECTION('',(-1.,2.288475490444E-17,0.));
#13279 = ORIENTED_EDGE('',*,*,#13008,.T.);
#13280 = ORIENTED_EDGE('',*,*,#12713,.F.);
#13281 = ORIENTED_EDGE('',*,*,#13282,.F.);
#13282 = EDGE_CURVE('',#13259,#12706,#13283,.T.);
#13283 = LINE('',#13284,#13285);
#13284 = CARTESIAN_POINT('',(0.7,0.375,0.));
#13285 = VECTOR('',#13286,1.);
#13286 = DIRECTION('',(0.,0.,1.));
#13287 = PLANE('',#13288);
#13288 = AXIS2_PLACEMENT_3D('',#13289,#13290,#13291);
#13289 = CARTESIAN_POINT('',(1.,0.375,0.));
#13290 = DIRECTION('',(-2.288475490444E-17,-1.,0.));
#13291 = DIRECTION('',(-1.,2.288475490444E-17,0.));
#13292 = ADVANCED_FACE('',(#13293),#13311,.F.);
#13293 = FACE_BOUND('',#13294,.F.);
#13294 = EDGE_LOOP('',(#13295,#13303,#13304,#13305));
#13295 = ORIENTED_EDGE('',*,*,#13296,.F.);
#13296 = EDGE_CURVE('',#13259,#13297,#13299,.T.);
#13297 = VERTEX_POINT('',#13298);
#13298 = CARTESIAN_POINT('',(0.7,0.125,0.));
#13299 = LINE('',#13300,#13301);
#13300 = CARTESIAN_POINT('',(0.7,0.375,0.));
#13301 = VECTOR('',#13302,1.);
#13302 = DIRECTION('',(-2.288475490444E-17,-1.,0.));
#13303 = ORIENTED_EDGE('',*,*,#13282,.T.);
#13304 = ORIENTED_EDGE('',*,*,#12705,.F.);
#13305 = ORIENTED_EDGE('',*,*,#13306,.F.);
#13306 = EDGE_CURVE('',#13297,#12698,#13307,.T.);
#13307 = LINE('',#13308,#13309);
#13308 = CARTESIAN_POINT('',(0.7,0.125,0.));
#13309 = VECTOR('',#13310,1.);
#13310 = DIRECTION('',(0.,0.,1.));
#13311 = PLANE('',#13312);
#13312 = AXIS2_PLACEMENT_3D('',#13313,#13314,#13315);
#13313 = CARTESIAN_POINT('',(0.7,0.375,0.));
#13314 = DIRECTION('',(1.,0.,-0.));
#13315 = DIRECTION('',(0.,-1.,0.));
#13316 = ADVANCED_FACE('',(#13317),#13351,.F.);
#13317 = FACE_BOUND('',#13318,.F.);
#13318 = EDGE_LOOP('',(#13319,#13329,#13335,#13336,#13337,#13345));
#13319 = ORIENTED_EDGE('',*,*,#13320,.F.);
#13320 = EDGE_CURVE('',#13321,#13323,#13325,.T.);
#13321 = VERTEX_POINT('',#13322);
#13322 = CARTESIAN_POINT('',(-0.7,0.375,0.));
#13323 = VERTEX_POINT('',#13324);
#13324 = CARTESIAN_POINT('',(-1.,0.375,0.));
#13325 = LINE('',#13326,#13327);
#13326 = CARTESIAN_POINT('',(-0.7,0.375,0.));
#13327 = VECTOR('',#13328,1.);
#13328 = DIRECTION('',(-1.,2.288475490444E-17,0.));
#13329 = ORIENTED_EDGE('',*,*,#13330,.T.);
#13330 = EDGE_CURVE('',#13321,#12545,#13331,.T.);
#13331 = LINE('',#13332,#13333);
#13332 = CARTESIAN_POINT('',(-0.7,0.375,0.));
#13333 = VECTOR('',#13334,1.);
#13334 = DIRECTION('',(0.,0.,1.));
#13335 = ORIENTED_EDGE('',*,*,#12544,.F.);
#13336 = ORIENTED_EDGE('',*,*,#12873,.F.);
#13337 = ORIENTED_EDGE('',*,*,#13338,.T.);
#13338 = EDGE_CURVE('',#12866,#13339,#13341,.T.);
#13339 = VERTEX_POINT('',#13340);
#13340 = CARTESIAN_POINT('',(-1.,0.375,0.2));
#13341 = LINE('',#13342,#13343);
#13342 = CARTESIAN_POINT('',(-0.7,0.375,0.2));
#13343 = VECTOR('',#13344,1.);
#13344 = DIRECTION('',(-1.,2.288475490444E-17,0.));
#13345 = ORIENTED_EDGE('',*,*,#13346,.F.);
#13346 = EDGE_CURVE('',#13323,#13339,#13347,.T.);
#13347 = LINE('',#13348,#13349);
#13348 = CARTESIAN_POINT('',(-1.,0.375,0.));
#13349 = VECTOR('',#13350,1.);
#13350 = DIRECTION('',(0.,0.,1.));
#13351 = PLANE('',#13352);
#13352 = AXIS2_PLACEMENT_3D('',#13353,#13354,#13355);
#13353 = CARTESIAN_POINT('',(-0.7,0.375,0.));
#13354 = DIRECTION('',(-2.288475490444E-17,-1.,0.));
#13355 = DIRECTION('',(-1.,2.288475490444E-17,0.));
#13356 = ADVANCED_FACE('',(#13357),#13384,.F.);
#13357 = FACE_BOUND('',#13358,.F.);
#13358 = EDGE_LOOP('',(#13359,#13367,#13368,#13369,#13370,#13378));
#13359 = ORIENTED_EDGE('',*,*,#13360,.F.);
#13360 = EDGE_CURVE('',#13297,#13361,#13363,.T.);
#13361 = VERTEX_POINT('',#13362);
#13362 = CARTESIAN_POINT('',(1.,0.125,0.));
#13363 = LINE('',#13364,#13365);
#13364 = CARTESIAN_POINT('',(0.7,0.125,0.));
#13365 = VECTOR('',#13366,1.);
#13366 = DIRECTION('',(1.,0.,-0.));
#13367 = ORIENTED_EDGE('',*,*,#13306,.T.);
#13368 = ORIENTED_EDGE('',*,*,#12697,.F.);
#13369 = ORIENTED_EDGE('',*,*,#12992,.T.);
#13370 = ORIENTED_EDGE('',*,*,#13371,.T.);
#13371 = EDGE_CURVE('',#12993,#13372,#13374,.T.);
#13372 = VERTEX_POINT('',#13373);
#13373 = CARTESIAN_POINT('',(1.,0.125,0.2));
#13374 = LINE('',#13375,#13376);
#13375 = CARTESIAN_POINT('',(0.7,0.125,0.2));
#13376 = VECTOR('',#13377,1.);
#13377 = DIRECTION('',(1.,0.,-0.));
#13378 = ORIENTED_EDGE('',*,*,#13379,.F.);
#13379 = EDGE_CURVE('',#13361,#13372,#13380,.T.);
#13380 = LINE('',#13381,#13382);
#13381 = CARTESIAN_POINT('',(1.,0.125,0.));
#13382 = VECTOR('',#13383,1.);
#13383 = DIRECTION('',(0.,0.,1.));
#13384 = PLANE('',#13385);
#13385 = AXIS2_PLACEMENT_3D('',#13386,#13387,#13388);
#13386 = CARTESIAN_POINT('',(0.7,0.125,0.));
#13387 = DIRECTION('',(2.288475490444E-17,1.,0.));
#13388 = DIRECTION('',(1.,-2.288475490444E-17,-0.));
#13389 = ADVANCED_FACE('',(#13390),#13408,.F.);
#13390 = FACE_BOUND('',#13391,.F.);
#13391 = EDGE_LOOP('',(#13392,#13400,#13406,#13407));
#13392 = ORIENTED_EDGE('',*,*,#13393,.F.);
#13393 = EDGE_CURVE('',#13394,#13321,#13396,.T.);
#13394 = VERTEX_POINT('',#13395);
#13395 = CARTESIAN_POINT('',(-0.7,0.125,0.));
#13396 = LINE('',#13397,#13398);
#13397 = CARTESIAN_POINT('',(-0.7,0.125,0.));
#13398 = VECTOR('',#13399,1.);
#13399 = DIRECTION('',(2.288475490444E-17,1.,0.));
#13400 = ORIENTED_EDGE('',*,*,#13401,.T.);
#13401 = EDGE_CURVE('',#13394,#12553,#13402,.T.);
#13402 = LINE('',#13403,#13404);
#13403 = CARTESIAN_POINT('',(-0.7,0.125,0.));
#13404 = VECTOR('',#13405,1.);
#13405 = DIRECTION('',(0.,0.,1.));
#13406 = ORIENTED_EDGE('',*,*,#12552,.F.);
#13407 = ORIENTED_EDGE('',*,*,#13330,.F.);
#13408 = PLANE('',#13409);
#13409 = AXIS2_PLACEMENT_3D('',#13410,#13411,#13412);
#13410 = CARTESIAN_POINT('',(-0.7,0.125,0.));
#13411 = DIRECTION('',(-1.,2.288475490444E-17,0.));
#13412 = DIRECTION('',(2.288475490444E-17,1.,0.));
#13413 = ADVANCED_FACE('',(#13414),#13441,.F.);
#13414 = FACE_BOUND('',#13415,.F.);
#13415 = EDGE_LOOP('',(#13416,#13424,#13432,#13438,#13439,#13440));
#13416 = ORIENTED_EDGE('',*,*,#13417,.F.);
#13417 = EDGE_CURVE('',#13418,#13394,#13420,.T.);
#13418 = VERTEX_POINT('',#13419);
#13419 = CARTESIAN_POINT('',(-1.,0.125,0.));
#13420 = LINE('',#13421,#13422);
#13421 = CARTESIAN_POINT('',(-1.,0.125,0.));
#13422 = VECTOR('',#13423,1.);
#13423 = DIRECTION('',(1.,0.,-0.));
#13424 = ORIENTED_EDGE('',*,*,#13425,.T.);
#13425 = EDGE_CURVE('',#13418,#13426,#13428,.T.);
#13426 = VERTEX_POINT('',#13427);
#13427 = CARTESIAN_POINT('',(-1.,0.125,0.2));
#13428 = LINE('',#13429,#13430);
#13429 = CARTESIAN_POINT('',(-1.,0.125,0.));
#13430 = VECTOR('',#13431,1.);
#13431 = DIRECTION('',(0.,0.,1.));
#13432 = ORIENTED_EDGE('',*,*,#13433,.T.);
#13433 = EDGE_CURVE('',#13426,#12858,#13434,.T.);
#13434 = LINE('',#13435,#13436);
#13435 = CARTESIAN_POINT('',(-1.,0.125,0.2));
#13436 = VECTOR('',#13437,1.);
#13437 = DIRECTION('',(1.,0.,-0.));
#13438 = ORIENTED_EDGE('',*,*,#12857,.F.);
#13439 = ORIENTED_EDGE('',*,*,#12560,.F.);
#13440 = ORIENTED_EDGE('',*,*,#13401,.F.);
#13441 = PLANE('',#13442);
#13442 = AXIS2_PLACEMENT_3D('',#13443,#13444,#13445);
#13443 = CARTESIAN_POINT('',(-1.,0.125,0.));
#13444 = DIRECTION('',(2.288475490444E-17,1.,0.));
#13445 = DIRECTION('',(1.,-2.288475490444E-17,-0.));
#13446 = ADVANCED_FACE('',(#13447),#13481,.F.);
#13447 = FACE_BOUND('',#13448,.F.);
#13448 = EDGE_LOOP('',(#13449,#13459,#13467,#13473,#13474,#13475));
#13449 = ORIENTED_EDGE('',*,*,#13450,.F.);
#13450 = EDGE_CURVE('',#13451,#13453,#13455,.T.);
#13451 = VERTEX_POINT('',#13452);
#13452 = CARTESIAN_POINT('',(1.,-0.125,0.));
#13453 = VERTEX_POINT('',#13454);
#13454 = CARTESIAN_POINT('',(0.7,-0.125,0.));
#13455 = LINE('',#13456,#13457);
#13456 = CARTESIAN_POINT('',(1.,-0.125,0.));
#13457 = VECTOR('',#13458,1.);
#13458 = DIRECTION('',(-1.,2.288475490444E-17,0.));
#13459 = ORIENTED_EDGE('',*,*,#13460,.T.);
#13460 = EDGE_CURVE('',#13451,#13461,#13463,.T.);
#13461 = VERTEX_POINT('',#13462);
#13462 = CARTESIAN_POINT('',(1.,-0.125,0.2));
#13463 = LINE('',#13464,#13465);
#13464 = CARTESIAN_POINT('',(1.,-0.125,0.));
#13465 = VECTOR('',#13466,1.);
#13466 = DIRECTION('',(0.,0.,1.));
#13467 = ORIENTED_EDGE('',*,*,#13468,.T.);
#13468 = EDGE_CURVE('',#13461,#12978,#13469,.T.);
#13469 = LINE('',#13470,#13471);
#13470 = CARTESIAN_POINT('',(1.,-0.125,0.2));
#13471 = VECTOR('',#13472,1.);
#13472 = DIRECTION('',(-1.,2.288475490444E-17,0.));
#13473 = ORIENTED_EDGE('',*,*,#12985,.T.);
#13474 = ORIENTED_EDGE('',*,*,#12681,.F.);
#13475 = ORIENTED_EDGE('',*,*,#13476,.F.);
#13476 = EDGE_CURVE('',#13453,#12674,#13477,.T.);
#13477 = LINE('',#13478,#13479);
#13478 = CARTESIAN_POINT('',(0.7,-0.125,0.));
#13479 = VECTOR('',#13480,1.);
#13480 = DIRECTION('',(0.,0.,1.));
#13481 = PLANE('',#13482);
#13482 = AXIS2_PLACEMENT_3D('',#13483,#13484,#13485);
#13483 = CARTESIAN_POINT('',(1.,-0.125,0.));
#13484 = DIRECTION('',(-2.288475490444E-17,-1.,0.));
#13485 = DIRECTION('',(-1.,2.288475490444E-17,0.));
#13486 = ADVANCED_FACE('',(#13487),#13505,.F.);
#13487 = FACE_BOUND('',#13488,.F.);
#13488 = EDGE_LOOP('',(#13489,#13497,#13498,#13499));
#13489 = ORIENTED_EDGE('',*,*,#13490,.F.);
#13490 = EDGE_CURVE('',#13453,#13491,#13493,.T.);
#13491 = VERTEX_POINT('',#13492);
#13492 = CARTESIAN_POINT('',(0.7,-0.375,0.));
#13493 = LINE('',#13494,#13495);
#13494 = CARTESIAN_POINT('',(0.7,-0.125,0.));
#13495 = VECTOR('',#13496,1.);
#13496 = DIRECTION('',(-2.288475490444E-17,-1.,0.));
#13497 = ORIENTED_EDGE('',*,*,#13476,.T.);
#13498 = ORIENTED_EDGE('',*,*,#12673,.F.);
#13499 = ORIENTED_EDGE('',*,*,#13500,.F.);
#13500 = EDGE_CURVE('',#13491,#12666,#13501,.T.);
#13501 = LINE('',#13502,#13503);
#13502 = CARTESIAN_POINT('',(0.7,-0.375,0.));
#13503 = VECTOR('',#13504,1.);
#13504 = DIRECTION('',(0.,0.,1.));
#13505 = PLANE('',#13506);
#13506 = AXIS2_PLACEMENT_3D('',#13507,#13508,#13509);
#13507 = CARTESIAN_POINT('',(0.7,-0.125,0.));
#13508 = DIRECTION('',(1.,0.,-0.));
#13509 = DIRECTION('',(0.,-1.,0.));
#13510 = ADVANCED_FACE('',(#13511),#13545,.F.);
#13511 = FACE_BOUND('',#13512,.F.);
#13512 = EDGE_LOOP('',(#13513,#13523,#13529,#13530,#13531,#13539));
#13513 = ORIENTED_EDGE('',*,*,#13514,.F.);
#13514 = EDGE_CURVE('',#13515,#13517,#13519,.T.);
#13515 = VERTEX_POINT('',#13516);
#13516 = CARTESIAN_POINT('',(-0.7,-0.125,0.));
#13517 = VERTEX_POINT('',#13518);
#13518 = CARTESIAN_POINT('',(-1.,-0.125,0.));
#13519 = LINE('',#13520,#13521);
#13520 = CARTESIAN_POINT('',(-0.7,-0.125,0.));
#13521 = VECTOR('',#13522,1.);
#13522 = DIRECTION('',(-1.,2.288475490444E-17,0.));
#13523 = ORIENTED_EDGE('',*,*,#13524,.T.);
#13524 = EDGE_CURVE('',#13515,#12577,#13525,.T.);
#13525 = LINE('',#13526,#13527);
#13526 = CARTESIAN_POINT('',(-0.7,-0.125,0.));
#13527 = VECTOR('',#13528,1.);
#13528 = DIRECTION('',(0.,0.,1.));
#13529 = ORIENTED_EDGE('',*,*,#12576,.F.);
#13530 = ORIENTED_EDGE('',*,*,#12850,.F.);
#13531 = ORIENTED_EDGE('',*,*,#13532,.T.);
#13532 = EDGE_CURVE('',#12843,#13533,#13535,.T.);
#13533 = VERTEX_POINT('',#13534);
#13534 = CARTESIAN_POINT('',(-1.,-0.125,0.2));
#13535 = LINE('',#13536,#13537);
#13536 = CARTESIAN_POINT('',(-0.7,-0.125,0.2));
#13537 = VECTOR('',#13538,1.);
#13538 = DIRECTION('',(-1.,2.288475490444E-17,0.));
#13539 = ORIENTED_EDGE('',*,*,#13540,.F.);
#13540 = EDGE_CURVE('',#13517,#13533,#13541,.T.);
#13541 = LINE('',#13542,#13543);
#13542 = CARTESIAN_POINT('',(-1.,-0.125,0.));
#13543 = VECTOR('',#13544,1.);
#13544 = DIRECTION('',(0.,0.,1.));
#13545 = PLANE('',#13546);
#13546 = AXIS2_PLACEMENT_3D('',#13547,#13548,#13549);
#13547 = CARTESIAN_POINT('',(-0.7,-0.125,0.));
#13548 = DIRECTION('',(-2.288475490444E-17,-1.,0.));
#13549 = DIRECTION('',(-1.,2.288475490444E-17,0.));
#13550 = ADVANCED_FACE('',(#13551),#13578,.F.);
#13551 = FACE_BOUND('',#13552,.F.);
#13552 = EDGE_LOOP('',(#13553,#13561,#13562,#13563,#13564,#13572));
#13553 = ORIENTED_EDGE('',*,*,#13554,.F.);
#13554 = EDGE_CURVE('',#13491,#13555,#13557,.T.);
#13555 = VERTEX_POINT('',#13556);
#13556 = CARTESIAN_POINT('',(1.,-0.375,0.));
#13557 = LINE('',#13558,#13559);
#13558 = CARTESIAN_POINT('',(0.7,-0.375,0.));
#13559 = VECTOR('',#13560,1.);
#13560 = DIRECTION('',(1.,0.,-0.));
#13561 = ORIENTED_EDGE('',*,*,#13500,.T.);
#13562 = ORIENTED_EDGE('',*,*,#12665,.F.);
#13563 = ORIENTED_EDGE('',*,*,#12969,.T.);
#13564 = ORIENTED_EDGE('',*,*,#13565,.T.);
#13565 = EDGE_CURVE('',#12970,#13566,#13568,.T.);
#13566 = VERTEX_POINT('',#13567);
#13567 = CARTESIAN_POINT('',(1.,-0.375,0.2));
#13568 = LINE('',#13569,#13570);
#13569 = CARTESIAN_POINT('',(0.7,-0.375,0.2));
#13570 = VECTOR('',#13571,1.);
#13571 = DIRECTION('',(1.,0.,-0.));
#13572 = ORIENTED_EDGE('',*,*,#13573,.F.);
#13573 = EDGE_CURVE('',#13555,#13566,#13574,.T.);
#13574 = LINE('',#13575,#13576);
#13575 = CARTESIAN_POINT('',(1.,-0.375,0.));
#13576 = VECTOR('',#13577,1.);
#13577 = DIRECTION('',(0.,0.,1.));
#13578 = PLANE('',#13579);
#13579 = AXIS2_PLACEMENT_3D('',#13580,#13581,#13582);
#13580 = CARTESIAN_POINT('',(0.7,-0.375,0.));
#13581 = DIRECTION('',(2.288475490444E-17,1.,0.));
#13582 = DIRECTION('',(1.,-2.288475490444E-17,-0.));
#13583 = ADVANCED_FACE('',(#13584),#13602,.F.);
#13584 = FACE_BOUND('',#13585,.F.);
#13585 = EDGE_LOOP('',(#13586,#13594,#13600,#13601));
#13586 = ORIENTED_EDGE('',*,*,#13587,.F.);
#13587 = EDGE_CURVE('',#13588,#13515,#13590,.T.);
#13588 = VERTEX_POINT('',#13589);
#13589 = CARTESIAN_POINT('',(-0.7,-0.375,0.));
#13590 = LINE('',#13591,#13592);
#13591 = CARTESIAN_POINT('',(-0.7,-0.375,0.));
#13592 = VECTOR('',#13593,1.);
#13593 = DIRECTION('',(2.288475490444E-17,1.,0.));
#13594 = ORIENTED_EDGE('',*,*,#13595,.T.);
#13595 = EDGE_CURVE('',#13588,#12585,#13596,.T.);
#13596 = LINE('',#13597,#13598);
#13597 = CARTESIAN_POINT('',(-0.7,-0.375,0.));
#13598 = VECTOR('',#13599,1.);
#13599 = DIRECTION('',(0.,0.,1.));
#13600 = ORIENTED_EDGE('',*,*,#12584,.F.);
#13601 = ORIENTED_EDGE('',*,*,#13524,.F.);
#13602 = PLANE('',#13603);
#13603 = AXIS2_PLACEMENT_3D('',#13604,#13605,#13606);
#13604 = CARTESIAN_POINT('',(-0.7,-0.375,0.));
#13605 = DIRECTION('',(-1.,2.288475490444E-17,0.));
#13606 = DIRECTION('',(2.288475490444E-17,1.,0.));
#13607 = ADVANCED_FACE('',(#13608),#13635,.F.);
#13608 = FACE_BOUND('',#13609,.F.);
#13609 = EDGE_LOOP('',(#13610,#13618,#13626,#13632,#13633,#13634));
#13610 = ORIENTED_EDGE('',*,*,#13611,.F.);
#13611 = EDGE_CURVE('',#13612,#13588,#13614,.T.);
#13612 = VERTEX_POINT('',#13613);
#13613 = CARTESIAN_POINT('',(-1.,-0.375,0.));
#13614 = LINE('',#13615,#13616);
#13615 = CARTESIAN_POINT('',(-1.,-0.375,0.));
#13616 = VECTOR('',#13617,1.);
#13617 = DIRECTION('',(1.,0.,-0.));
#13618 = ORIENTED_EDGE('',*,*,#13619,.T.);
#13619 = EDGE_CURVE('',#13612,#13620,#13622,.T.);
#13620 = VERTEX_POINT('',#13621);
#13621 = CARTESIAN_POINT('',(-1.,-0.375,0.2));
#13622 = LINE('',#13623,#13624);
#13623 = CARTESIAN_POINT('',(-1.,-0.375,0.));
#13624 = VECTOR('',#13625,1.);
#13625 = DIRECTION('',(0.,0.,1.));
#13626 = ORIENTED_EDGE('',*,*,#13627,.T.);
#13627 = EDGE_CURVE('',#13620,#12835,#13628,.T.);
#13628 = LINE('',#13629,#13630);
#13629 = CARTESIAN_POINT('',(-1.,-0.375,0.2));
#13630 = VECTOR('',#13631,1.);
#13631 = DIRECTION('',(1.,0.,-0.));
#13632 = ORIENTED_EDGE('',*,*,#12834,.F.);
#13633 = ORIENTED_EDGE('',*,*,#12592,.F.);
#13634 = ORIENTED_EDGE('',*,*,#13595,.F.);
#13635 = PLANE('',#13636);
#13636 = AXIS2_PLACEMENT_3D('',#13637,#13638,#13639);
#13637 = CARTESIAN_POINT('',(-1.,-0.375,0.));
#13638 = DIRECTION('',(2.288475490444E-17,1.,0.));
#13639 = DIRECTION('',(1.,-2.288475490444E-17,-0.));
#13640 = ADVANCED_FACE('',(#13641),#13675,.F.);
#13641 = FACE_BOUND('',#13642,.F.);
#13642 = EDGE_LOOP('',(#13643,#13653,#13661,#13667,#13668,#13669));
#13643 = ORIENTED_EDGE('',*,*,#13644,.F.);
#13644 = EDGE_CURVE('',#13645,#13647,#13649,.T.);
#13645 = VERTEX_POINT('',#13646);
#13646 = CARTESIAN_POINT('',(1.,-0.625,0.));
#13647 = VERTEX_POINT('',#13648);
#13648 = CARTESIAN_POINT('',(0.7,-0.625,0.));
#13649 = LINE('',#13650,#13651);
#13650 = CARTESIAN_POINT('',(1.,-0.625,0.));
#13651 = VECTOR('',#13652,1.);
#13652 = DIRECTION('',(-1.,2.288475490444E-17,0.));
#13653 = ORIENTED_EDGE('',*,*,#13654,.T.);
#13654 = EDGE_CURVE('',#13645,#13655,#13657,.T.);
#13655 = VERTEX_POINT('',#13656);
#13656 = CARTESIAN_POINT('',(1.,-0.625,0.2));
#13657 = LINE('',#13658,#13659);
#13658 = CARTESIAN_POINT('',(1.,-0.625,0.));
#13659 = VECTOR('',#13660,1.);
#13660 = DIRECTION('',(0.,0.,1.));
#13661 = ORIENTED_EDGE('',*,*,#13662,.T.);
#13662 = EDGE_CURVE('',#13655,#12955,#13663,.T.);
#13663 = LINE('',#13664,#13665);
#13664 = CARTESIAN_POINT('',(1.,-0.625,0.2));
#13665 = VECTOR('',#13666,1.);
#13666 = DIRECTION('',(-1.,2.288475490444E-17,0.));
#13667 = ORIENTED_EDGE('',*,*,#12962,.T.);
#13668 = ORIENTED_EDGE('',*,*,#12649,.F.);
#13669 = ORIENTED_EDGE('',*,*,#13670,.F.);
#13670 = EDGE_CURVE('',#13647,#12642,#13671,.T.);
#13671 = LINE('',#13672,#13673);
#13672 = CARTESIAN_POINT('',(0.7,-0.625,0.));
#13673 = VECTOR('',#13674,1.);
#13674 = DIRECTION('',(0.,0.,1.));
#13675 = PLANE('',#13676);
#13676 = AXIS2_PLACEMENT_3D('',#13677,#13678,#13679);
#13677 = CARTESIAN_POINT('',(1.,-0.625,0.));
#13678 = DIRECTION('',(-2.288475490444E-17,-1.,0.));
#13679 = DIRECTION('',(-1.,2.288475490444E-17,0.));
#13680 = ADVANCED_FACE('',(#13681),#13699,.F.);
#13681 = FACE_BOUND('',#13682,.F.);
#13682 = EDGE_LOOP('',(#13683,#13691,#13692,#13693));
#13683 = ORIENTED_EDGE('',*,*,#13684,.F.);
#13684 = EDGE_CURVE('',#13647,#13685,#13687,.T.);
#13685 = VERTEX_POINT('',#13686);
#13686 = CARTESIAN_POINT('',(0.7,-0.875,0.));
#13687 = LINE('',#13688,#13689);
#13688 = CARTESIAN_POINT('',(0.7,-0.625,0.));
#13689 = VECTOR('',#13690,1.);
#13690 = DIRECTION('',(-2.288475490444E-17,-1.,0.));
#13691 = ORIENTED_EDGE('',*,*,#13670,.T.);
#13692 = ORIENTED_EDGE('',*,*,#12641,.F.);
#13693 = ORIENTED_EDGE('',*,*,#13694,.F.);
#13694 = EDGE_CURVE('',#13685,#12634,#13695,.T.);
#13695 = LINE('',#13696,#13697);
#13696 = CARTESIAN_POINT('',(0.7,-0.875,0.));
#13697 = VECTOR('',#13698,1.);
#13698 = DIRECTION('',(0.,0.,1.));
#13699 = PLANE('',#13700);
#13700 = AXIS2_PLACEMENT_3D('',#13701,#13702,#13703);
#13701 = CARTESIAN_POINT('',(0.7,-0.625,0.));
#13702 = DIRECTION('',(1.,0.,-0.));
#13703 = DIRECTION('',(0.,-1.,0.));
#13704 = ADVANCED_FACE('',(#13705),#13732,.F.);
#13705 = FACE_BOUND('',#13706,.F.);
#13706 = EDGE_LOOP('',(#13707,#13715,#13716,#13717,#13718,#13726));
#13707 = ORIENTED_EDGE('',*,*,#13708,.F.);
#13708 = EDGE_CURVE('',#13685,#13709,#13711,.T.);
#13709 = VERTEX_POINT('',#13710);
#13710 = CARTESIAN_POINT('',(1.,-0.875,0.));
#13711 = LINE('',#13712,#13713);
#13712 = CARTESIAN_POINT('',(0.7,-0.875,0.));
#13713 = VECTOR('',#13714,1.);
#13714 = DIRECTION('',(1.,0.,-0.));
#13715 = ORIENTED_EDGE('',*,*,#13694,.T.);
#13716 = ORIENTED_EDGE('',*,*,#12633,.F.);
#13717 = ORIENTED_EDGE('',*,*,#12946,.T.);
#13718 = ORIENTED_EDGE('',*,*,#13719,.T.);
#13719 = EDGE_CURVE('',#12947,#13720,#13722,.T.);
#13720 = VERTEX_POINT('',#13721);
#13721 = CARTESIAN_POINT('',(1.,-0.875,0.2));
#13722 = LINE('',#13723,#13724);
#13723 = CARTESIAN_POINT('',(0.7,-0.875,0.2));
#13724 = VECTOR('',#13725,1.);
#13725 = DIRECTION('',(1.,0.,-0.));
#13726 = ORIENTED_EDGE('',*,*,#13727,.F.);
#13727 = EDGE_CURVE('',#13709,#13720,#13728,.T.);
#13728 = LINE('',#13729,#13730);
#13729 = CARTESIAN_POINT('',(1.,-0.875,0.));
#13730 = VECTOR('',#13731,1.);
#13731 = DIRECTION('',(0.,0.,1.));
#13732 = PLANE('',#13733);
#13733 = AXIS2_PLACEMENT_3D('',#13734,#13735,#13736);
#13734 = CARTESIAN_POINT('',(0.7,-0.875,0.));
#13735 = DIRECTION('',(2.288475490444E-17,1.,0.));
#13736 = DIRECTION('',(1.,-2.288475490444E-17,-0.));
#13737 = ADVANCED_FACE('',(#13738),#13749,.T.);
#13738 = FACE_BOUND('',#13739,.T.);
#13739 = EDGE_LOOP('',(#13740,#13741,#13742,#13743));
#13740 = ORIENTED_EDGE('',*,*,#12818,.F.);
#13741 = ORIENTED_EDGE('',*,*,#12617,.T.);
#13742 = ORIENTED_EDGE('',*,*,#12939,.T.);
#13743 = ORIENTED_EDGE('',*,*,#13744,.F.);
#13744 = EDGE_CURVE('',#12811,#12932,#13745,.T.);
#13745 = LINE('',#13746,#13747);
#13746 = CARTESIAN_POINT('',(-0.99,-0.99,0.82));
#13747 = VECTOR('',#13748,1.);
#13748 = DIRECTION('',(1.,0.,-0.));
#13749 = PLANE('',#13750);
#13750 = AXIS2_PLACEMENT_3D('',#13751,#13752,#13753);
#13751 = CARTESIAN_POINT('',(-0.99,-0.99,2.E-02));
#13752 = DIRECTION('',(-2.288475490444E-17,-1.,0.));
#13753 = DIRECTION('',(0.,0.,1.));
#13754 = ADVANCED_FACE('',(#13755),#13780,.F.);
#13755 = FACE_BOUND('',#13756,.F.);
#13756 = EDGE_LOOP('',(#13757,#13767,#13773,#13774));
#13757 = ORIENTED_EDGE('',*,*,#13758,.F.);
#13758 = EDGE_CURVE('',#13759,#13761,#13763,.T.);
#13759 = VERTEX_POINT('',#13760);
#13760 = CARTESIAN_POINT('',(-0.2,0.8,0.));
#13761 = VERTEX_POINT('',#13762);
#13762 = CARTESIAN_POINT('',(-0.45,0.55,0.));
#13763 = LINE('',#13764,#13765);
#13764 = CARTESIAN_POINT('',(-0.2,0.8,0.));
#13765 = VECTOR('',#13766,1.);
#13766 = DIRECTION('',(-0.707106781187,-0.707106781187,0.));
#13767 = ORIENTED_EDGE('',*,*,#13768,.T.);
#13768 = EDGE_CURVE('',#13759,#12756,#13769,.T.);
#13769 = LINE('',#13770,#13771);
#13770 = CARTESIAN_POINT('',(-0.2,0.8,0.));
#13771 = VECTOR('',#13772,1.);
#13772 = DIRECTION('',(0.,0.,1.));
#13773 = ORIENTED_EDGE('',*,*,#12753,.F.);
#13774 = ORIENTED_EDGE('',*,*,#13775,.F.);
#13775 = EDGE_CURVE('',#13761,#12754,#13776,.T.);
#13776 = LINE('',#13777,#13778);
#13777 = CARTESIAN_POINT('',(-0.45,0.55,0.));
#13778 = VECTOR('',#13779,1.);
#13779 = DIRECTION('',(0.,0.,1.));
#13780 = PLANE('',#13781);
#13781 = AXIS2_PLACEMENT_3D('',#13782,#13783,#13784);
#13782 = CARTESIAN_POINT('',(-0.2,0.8,0.));
#13783 = DIRECTION('',(0.707106781187,-0.707106781187,0.));
#13784 = DIRECTION('',(-0.707106781187,-0.707106781187,0.));
#13785 = ADVANCED_FACE('',(#13786),#13804,.F.);
#13786 = FACE_BOUND('',#13787,.F.);
#13787 = EDGE_LOOP('',(#13788,#13796,#13797,#13798));
#13788 = ORIENTED_EDGE('',*,*,#13789,.F.);
#13789 = EDGE_CURVE('',#13761,#13790,#13792,.T.);
#13790 = VERTEX_POINT('',#13791);
#13791 = CARTESIAN_POINT('',(-0.45,-0.8,0.));
#13792 = LINE('',#13793,#13794);
#13793 = CARTESIAN_POINT('',(-0.45,0.55,0.));
#13794 = VECTOR('',#13795,1.);
#13795 = DIRECTION('',(-2.288475490444E-17,-1.,0.));
#13796 = ORIENTED_EDGE('',*,*,#13775,.T.);
#13797 = ORIENTED_EDGE('',*,*,#12787,.F.);
#13798 = ORIENTED_EDGE('',*,*,#13799,.F.);
#13799 = EDGE_CURVE('',#13790,#12780,#13800,.T.);
#13800 = LINE('',#13801,#13802);
#13801 = CARTESIAN_POINT('',(-0.45,-0.8,0.));
#13802 = VECTOR('',#13803,1.);
#13803 = DIRECTION('',(0.,0.,1.));
#13804 = PLANE('',#13805);
#13805 = AXIS2_PLACEMENT_3D('',#13806,#13807,#13808);
#13806 = CARTESIAN_POINT('',(-0.45,0.55,0.));
#13807 = DIRECTION('',(1.,0.,-0.));
#13808 = DIRECTION('',(0.,-1.,0.));
#13809 = ADVANCED_FACE('',(#13810),#13828,.F.);
#13810 = FACE_BOUND('',#13811,.F.);
#13811 = EDGE_LOOP('',(#13812,#13820,#13826,#13827));
#13812 = ORIENTED_EDGE('',*,*,#13813,.F.);
#13813 = EDGE_CURVE('',#13814,#13759,#13816,.T.);
#13814 = VERTEX_POINT('',#13815);
#13815 = CARTESIAN_POINT('',(0.45,0.8,0.));
#13816 = LINE('',#13817,#13818);
#13817 = CARTESIAN_POINT('',(0.45,0.8,0.));
#13818 = VECTOR('',#13819,1.);
#13819 = DIRECTION('',(-1.,2.288475490444E-17,0.));
#13820 = ORIENTED_EDGE('',*,*,#13821,.T.);
#13821 = EDGE_CURVE('',#13814,#12764,#13822,.T.);
#13822 = LINE('',#13823,#13824);
#13823 = CARTESIAN_POINT('',(0.45,0.8,0.));
#13824 = VECTOR('',#13825,1.);
#13825 = DIRECTION('',(0.,0.,1.));
#13826 = ORIENTED_EDGE('',*,*,#12763,.F.);
#13827 = ORIENTED_EDGE('',*,*,#13768,.F.);
#13828 = PLANE('',#13829);
#13829 = AXIS2_PLACEMENT_3D('',#13830,#13831,#13832);
#13830 = CARTESIAN_POINT('',(0.45,0.8,0.));
#13831 = DIRECTION('',(-2.288475490444E-17,-1.,0.));
#13832 = DIRECTION('',(-1.,2.288475490444E-17,0.));
#13833 = ADVANCED_FACE('',(#13834),#13852,.F.);
#13834 = FACE_BOUND('',#13835,.F.);
#13835 = EDGE_LOOP('',(#13836,#13844,#13845,#13846));
#13836 = ORIENTED_EDGE('',*,*,#13837,.F.);
#13837 = EDGE_CURVE('',#13790,#13838,#13840,.T.);
#13838 = VERTEX_POINT('',#13839);
#13839 = CARTESIAN_POINT('',(0.45,-0.8,0.));
#13840 = LINE('',#13841,#13842);
#13841 = CARTESIAN_POINT('',(-0.45,-0.8,0.));
#13842 = VECTOR('',#13843,1.);
#13843 = DIRECTION('',(1.,0.,-0.));
#13844 = ORIENTED_EDGE('',*,*,#13799,.T.);
#13845 = ORIENTED_EDGE('',*,*,#12779,.F.);
#13846 = ORIENTED_EDGE('',*,*,#13847,.F.);
#13847 = EDGE_CURVE('',#13838,#12772,#13848,.T.);
#13848 = LINE('',#13849,#13850);
#13849 = CARTESIAN_POINT('',(0.45,-0.8,0.));
#13850 = VECTOR('',#13851,1.);
#13851 = DIRECTION('',(0.,0.,1.));
#13852 = PLANE('',#13853);
#13853 = AXIS2_PLACEMENT_3D('',#13854,#13855,#13856);
#13854 = CARTESIAN_POINT('',(-0.45,-0.8,0.));
#13855 = DIRECTION('',(2.288475490444E-17,1.,0.));
#13856 = DIRECTION('',(1.,-2.288475490444E-17,-0.));
#13857 = ADVANCED_FACE('',(#13858),#13869,.F.);
#13858 = FACE_BOUND('',#13859,.F.);
#13859 = EDGE_LOOP('',(#13860,#13866,#13867,#13868));
#13860 = ORIENTED_EDGE('',*,*,#13861,.F.);
#13861 = EDGE_CURVE('',#13838,#13814,#13862,.T.);
#13862 = LINE('',#13863,#13864);
#13863 = CARTESIAN_POINT('',(0.45,-0.8,0.));
#13864 = VECTOR('',#13865,1.);
#13865 = DIRECTION('',(2.288475490444E-17,1.,0.));
#13866 = ORIENTED_EDGE('',*,*,#13847,.T.);
#13867 = ORIENTED_EDGE('',*,*,#12771,.F.);
#13868 = ORIENTED_EDGE('',*,*,#13821,.F.);
#13869 = PLANE('',#13870);
#13870 = AXIS2_PLACEMENT_3D('',#13871,#13872,#13873);
#13871 = CARTESIAN_POINT('',(0.45,-0.8,0.));
#13872 = DIRECTION('',(-1.,2.288475490444E-17,0.));
#13873 = DIRECTION('',(2.288475490444E-17,1.,0.));
#13874 = ADVANCED_FACE('',(#13875,#13881),#13892,.T.);
#13875 = FACE_BOUND('',#13876,.T.);
#13876 = EDGE_LOOP('',(#13877,#13878,#13879,#13880));
#13877 = ORIENTED_EDGE('',*,*,#13048,.F.);
#13878 = ORIENTED_EDGE('',*,*,#12810,.T.);
#13879 = ORIENTED_EDGE('',*,*,#13744,.T.);
#13880 = ORIENTED_EDGE('',*,*,#12931,.F.);
#13881 = FACE_BOUND('',#13882,.T.);
#13882 = EDGE_LOOP('',(#13883));
#13883 = ORIENTED_EDGE('',*,*,#13884,.T.);
#13884 = EDGE_CURVE('',#13885,#13885,#13887,.T.);
#13885 = VERTEX_POINT('',#13886);
#13886 = CARTESIAN_POINT('',(-0.65,0.525,0.82));
#13887 = CIRCLE('',#13888,0.125);
#13888 = AXIS2_PLACEMENT_3D('',#13889,#13890,#13891);
#13889 = CARTESIAN_POINT('',(-0.65,0.65,0.82));
#13890 = DIRECTION('',(0.,-0.,-1.));
#13891 = DIRECTION('',(-2.288475490444E-17,-1.,0.));
#13892 = PLANE('',#13893);
#13893 = AXIS2_PLACEMENT_3D('',#13894,#13895,#13896);
#13894 = CARTESIAN_POINT('',(-0.99,0.99,0.82));
#13895 = DIRECTION('',(0.,0.,1.));
#13896 = DIRECTION('',(-2.288475490444E-17,-1.,0.));
#13897 = ADVANCED_FACE('',(#13898),#13909,.F.);
#13898 = FACE_BOUND('',#13899,.F.);
#13899 = EDGE_LOOP('',(#13900,#13901,#13907,#13908));
#13900 = ORIENTED_EDGE('',*,*,#13239,.F.);
#13901 = ORIENTED_EDGE('',*,*,#13902,.F.);
#13902 = EDGE_CURVE('',#13145,#13232,#13903,.T.);
#13903 = LINE('',#13904,#13905);
#13904 = CARTESIAN_POINT('',(-1.,0.875,0.2));
#13905 = VECTOR('',#13906,1.);
#13906 = DIRECTION('',(-2.288475490444E-17,-1.,0.));
#13907 = ORIENTED_EDGE('',*,*,#13144,.F.);
#13908 = ORIENTED_EDGE('',*,*,#12888,.F.);
#13909 = PLANE('',#13910);
#13910 = AXIS2_PLACEMENT_3D('',#13911,#13912,#13913);
#13911 = CARTESIAN_POINT('',(-1.,0.625,0.2));
#13912 = DIRECTION('',(0.,-0.,-1.));
#13913 = DIRECTION('',(2.288475490444E-17,1.,0.));
#13914 = ADVANCED_FACE('',(#13915),#13926,.F.);
#13915 = FACE_BOUND('',#13916,.F.);
#13916 = EDGE_LOOP('',(#13917,#13918,#13924,#13925));
#13917 = ORIENTED_EDGE('',*,*,#13433,.F.);
#13918 = ORIENTED_EDGE('',*,*,#13919,.F.);
#13919 = EDGE_CURVE('',#13339,#13426,#13920,.T.);
#13920 = LINE('',#13921,#13922);
#13921 = CARTESIAN_POINT('',(-1.,0.375,0.2));
#13922 = VECTOR('',#13923,1.);
#13923 = DIRECTION('',(-2.288475490444E-17,-1.,0.));
#13924 = ORIENTED_EDGE('',*,*,#13338,.F.);
#13925 = ORIENTED_EDGE('',*,*,#12865,.F.);
#13926 = PLANE('',#13927);
#13927 = AXIS2_PLACEMENT_3D('',#13928,#13929,#13930);
#13928 = CARTESIAN_POINT('',(-1.,0.125,0.2));
#13929 = DIRECTION('',(0.,-0.,-1.));
#13930 = DIRECTION('',(2.288475490444E-17,1.,0.));
#13931 = ADVANCED_FACE('',(#13932),#13943,.F.);
#13932 = FACE_BOUND('',#13933,.F.);
#13933 = EDGE_LOOP('',(#13934,#13935,#13941,#13942));
#13934 = ORIENTED_EDGE('',*,*,#13627,.F.);
#13935 = ORIENTED_EDGE('',*,*,#13936,.F.);
#13936 = EDGE_CURVE('',#13533,#13620,#13937,.T.);
#13937 = LINE('',#13938,#13939);
#13938 = CARTESIAN_POINT('',(-1.,-0.125,0.2));
#13939 = VECTOR('',#13940,1.);
#13940 = DIRECTION('',(-2.288475490444E-17,-1.,0.));
#13941 = ORIENTED_EDGE('',*,*,#13532,.F.);
#13942 = ORIENTED_EDGE('',*,*,#12842,.F.);
#13943 = PLANE('',#13944);
#13944 = AXIS2_PLACEMENT_3D('',#13945,#13946,#13947);
#13945 = CARTESIAN_POINT('',(-1.,-0.375,0.2));
#13946 = DIRECTION('',(0.,-0.,-1.));
#13947 = DIRECTION('',(2.288475490444E-17,1.,0.));
#13948 = ADVANCED_FACE('',(#13949),#13960,.F.);
#13949 = FACE_BOUND('',#13950,.F.);
#13950 = EDGE_LOOP('',(#13951,#13952,#13958,#13959));
#13951 = ORIENTED_EDGE('',*,*,#13080,.F.);
#13952 = ORIENTED_EDGE('',*,*,#13953,.F.);
#13953 = EDGE_CURVE('',#13178,#13073,#13954,.T.);
#13954 = LINE('',#13955,#13956);
#13955 = CARTESIAN_POINT('',(1.,0.625,0.2));
#13956 = VECTOR('',#13957,1.);
#13957 = DIRECTION('',(2.288475490444E-17,1.,0.));
#13958 = ORIENTED_EDGE('',*,*,#13177,.F.);
#13959 = ORIENTED_EDGE('',*,*,#13023,.T.);
#13960 = PLANE('',#13961);
#13961 = AXIS2_PLACEMENT_3D('',#13962,#13963,#13964);
#13962 = CARTESIAN_POINT('',(1.,0.875,0.2));
#13963 = DIRECTION('',(0.,-0.,-1.));
#13964 = DIRECTION('',(-2.288475490444E-17,-1.,0.));
#13965 = ADVANCED_FACE('',(#13966),#13977,.F.);
#13966 = FACE_BOUND('',#13967,.F.);
#13967 = EDGE_LOOP('',(#13968,#13969,#13975,#13976));
#13968 = ORIENTED_EDGE('',*,*,#13662,.F.);
#13969 = ORIENTED_EDGE('',*,*,#13970,.F.);
#13970 = EDGE_CURVE('',#13720,#13655,#13971,.T.);
#13971 = LINE('',#13972,#13973);
#13972 = CARTESIAN_POINT('',(1.,-0.875,0.2));
#13973 = VECTOR('',#13974,1.);
#13974 = DIRECTION('',(2.288475490444E-17,1.,0.));
#13975 = ORIENTED_EDGE('',*,*,#13719,.F.);
#13976 = ORIENTED_EDGE('',*,*,#12954,.T.);
#13977 = PLANE('',#13978);
#13978 = AXIS2_PLACEMENT_3D('',#13979,#13980,#13981);
#13979 = CARTESIAN_POINT('',(1.,-0.625,0.2));
#13980 = DIRECTION('',(0.,-0.,-1.));
#13981 = DIRECTION('',(-2.288475490444E-17,-1.,0.));
#13982 = ADVANCED_FACE('',(#13983),#13994,.F.);
#13983 = FACE_BOUND('',#13984,.F.);
#13984 = EDGE_LOOP('',(#13985,#13986,#13992,#13993));
#13985 = ORIENTED_EDGE('',*,*,#13274,.F.);
#13986 = ORIENTED_EDGE('',*,*,#13987,.F.);
#13987 = EDGE_CURVE('',#13372,#13267,#13988,.T.);
#13988 = LINE('',#13989,#13990);
#13989 = CARTESIAN_POINT('',(1.,0.125,0.2));
#13990 = VECTOR('',#13991,1.);
#13991 = DIRECTION('',(2.288475490444E-17,1.,0.));
#13992 = ORIENTED_EDGE('',*,*,#13371,.F.);
#13993 = ORIENTED_EDGE('',*,*,#13000,.T.);
#13994 = PLANE('',#13995);
#13995 = AXIS2_PLACEMENT_3D('',#13996,#13997,#13998);
#13996 = CARTESIAN_POINT('',(1.,0.375,0.2));
#13997 = DIRECTION('',(0.,-0.,-1.));
#13998 = DIRECTION('',(-2.288475490444E-17,-1.,0.));
#13999 = ADVANCED_FACE('',(#14000),#14011,.F.);
#14000 = FACE_BOUND('',#14001,.F.);
#14001 = EDGE_LOOP('',(#14002,#14003,#14009,#14010));
#14002 = ORIENTED_EDGE('',*,*,#13468,.F.);
#14003 = ORIENTED_EDGE('',*,*,#14004,.F.);
#14004 = EDGE_CURVE('',#13566,#13461,#14005,.T.);
#14005 = LINE('',#14006,#14007);
#14006 = CARTESIAN_POINT('',(1.,-0.375,0.2));
#14007 = VECTOR('',#14008,1.);
#14008 = DIRECTION('',(2.288475490444E-17,1.,0.));
#14009 = ORIENTED_EDGE('',*,*,#13565,.F.);
#14010 = ORIENTED_EDGE('',*,*,#12977,.T.);
#14011 = PLANE('',#14012);
#14012 = AXIS2_PLACEMENT_3D('',#14013,#14014,#14015);
#14013 = CARTESIAN_POINT('',(1.,-0.125,0.2));
#14014 = DIRECTION('',(0.,-0.,-1.));
#14015 = DIRECTION('',(-2.288475490444E-17,-1.,0.));
#14016 = ADVANCED_FACE('',(#14017),#14028,.T.);
#14017 = FACE_BOUND('',#14018,.F.);
#14018 = EDGE_LOOP('',(#14019,#14020,#14021,#14022));
#14019 = ORIENTED_EDGE('',*,*,#13062,.T.);
#14020 = ORIENTED_EDGE('',*,*,#13102,.T.);
#14021 = ORIENTED_EDGE('',*,*,#13166,.T.);
#14022 = ORIENTED_EDGE('',*,*,#14023,.T.);
#14023 = EDGE_CURVE('',#13167,#13063,#14024,.T.);
#14024 = LINE('',#14025,#14026);
#14025 = CARTESIAN_POINT('',(1.,0.625,0.));
#14026 = VECTOR('',#14027,1.);
#14027 = DIRECTION('',(2.288475490444E-17,1.,0.));
#14028 = PLANE('',#14029);
#14029 = AXIS2_PLACEMENT_3D('',#14030,#14031,#14032);
#14030 = CARTESIAN_POINT('',(1.,0.875,0.));
#14031 = DIRECTION('',(0.,-0.,-1.));
#14032 = DIRECTION('',(-2.288475490444E-17,-1.,0.));
#14033 = ADVANCED_FACE('',(#14034),#14040,.F.);
#14034 = FACE_BOUND('',#14035,.F.);
#14035 = EDGE_LOOP('',(#14036,#14037,#14038,#14039));
#14036 = ORIENTED_EDGE('',*,*,#13185,.T.);
#14037 = ORIENTED_EDGE('',*,*,#13953,.T.);
#14038 = ORIENTED_EDGE('',*,*,#13072,.F.);
#14039 = ORIENTED_EDGE('',*,*,#14023,.F.);
#14040 = PLANE('',#14041);
#14041 = AXIS2_PLACEMENT_3D('',#14042,#14043,#14044);
#14042 = CARTESIAN_POINT('',(1.,0.625,0.));
#14043 = DIRECTION('',(-1.,2.288475490444E-17,0.));
#14044 = DIRECTION('',(2.288475490444E-17,1.,0.));
#14045 = ADVANCED_FACE('',(#14046),#14057,.T.);
#14046 = FACE_BOUND('',#14047,.F.);
#14047 = EDGE_LOOP('',(#14048,#14049,#14050,#14051));
#14048 = ORIENTED_EDGE('',*,*,#13223,.T.);
#14049 = ORIENTED_EDGE('',*,*,#13199,.T.);
#14050 = ORIENTED_EDGE('',*,*,#13126,.T.);
#14051 = ORIENTED_EDGE('',*,*,#14052,.T.);
#14052 = EDGE_CURVE('',#13129,#13224,#14053,.T.);
#14053 = LINE('',#14054,#14055);
#14054 = CARTESIAN_POINT('',(-1.,0.875,0.));
#14055 = VECTOR('',#14056,1.);
#14056 = DIRECTION('',(-2.288475490444E-17,-1.,0.));
#14057 = PLANE('',#14058);
#14058 = AXIS2_PLACEMENT_3D('',#14059,#14060,#14061);
#14059 = CARTESIAN_POINT('',(-1.,0.625,0.));
#14060 = DIRECTION('',(0.,-0.,-1.));
#14061 = DIRECTION('',(2.288475490444E-17,1.,0.));
#14062 = ADVANCED_FACE('',(#14063),#14069,.F.);
#14063 = FACE_BOUND('',#14064,.F.);
#14064 = EDGE_LOOP('',(#14065,#14066,#14067,#14068));
#14065 = ORIENTED_EDGE('',*,*,#13152,.T.);
#14066 = ORIENTED_EDGE('',*,*,#13902,.T.);
#14067 = ORIENTED_EDGE('',*,*,#13231,.F.);
#14068 = ORIENTED_EDGE('',*,*,#14052,.F.);
#14069 = PLANE('',#14070);
#14070 = AXIS2_PLACEMENT_3D('',#14071,#14072,#14073);
#14071 = CARTESIAN_POINT('',(-1.,0.875,0.));
#14072 = DIRECTION('',(1.,0.,-0.));
#14073 = DIRECTION('',(0.,-1.,0.));
#14074 = ADVANCED_FACE('',(#14075),#14086,.T.);
#14075 = FACE_BOUND('',#14076,.F.);
#14076 = EDGE_LOOP('',(#14077,#14078,#14079,#14080));
#14077 = ORIENTED_EDGE('',*,*,#13256,.T.);
#14078 = ORIENTED_EDGE('',*,*,#13296,.T.);
#14079 = ORIENTED_EDGE('',*,*,#13360,.T.);
#14080 = ORIENTED_EDGE('',*,*,#14081,.T.);
#14081 = EDGE_CURVE('',#13361,#13257,#14082,.T.);
#14082 = LINE('',#14083,#14084);
#14083 = CARTESIAN_POINT('',(1.,0.125,0.));
#14084 = VECTOR('',#14085,1.);
#14085 = DIRECTION('',(2.288475490444E-17,1.,0.));
#14086 = PLANE('',#14087);
#14087 = AXIS2_PLACEMENT_3D('',#14088,#14089,#14090);
#14088 = CARTESIAN_POINT('',(1.,0.375,0.));
#14089 = DIRECTION('',(0.,-0.,-1.));
#14090 = DIRECTION('',(-2.288475490444E-17,-1.,0.));
#14091 = ADVANCED_FACE('',(#14092),#14098,.F.);
#14092 = FACE_BOUND('',#14093,.F.);
#14093 = EDGE_LOOP('',(#14094,#14095,#14096,#14097));
#14094 = ORIENTED_EDGE('',*,*,#13379,.T.);
#14095 = ORIENTED_EDGE('',*,*,#13987,.T.);
#14096 = ORIENTED_EDGE('',*,*,#13266,.F.);
#14097 = ORIENTED_EDGE('',*,*,#14081,.F.);
#14098 = PLANE('',#14099);
#14099 = AXIS2_PLACEMENT_3D('',#14100,#14101,#14102);
#14100 = CARTESIAN_POINT('',(1.,0.125,0.));
#14101 = DIRECTION('',(-1.,2.288475490444E-17,0.));
#14102 = DIRECTION('',(2.288475490444E-17,1.,0.));
#14103 = ADVANCED_FACE('',(#14104),#14115,.T.);
#14104 = FACE_BOUND('',#14105,.F.);
#14105 = EDGE_LOOP('',(#14106,#14107,#14108,#14109));
#14106 = ORIENTED_EDGE('',*,*,#13417,.T.);
#14107 = ORIENTED_EDGE('',*,*,#13393,.T.);
#14108 = ORIENTED_EDGE('',*,*,#13320,.T.);
#14109 = ORIENTED_EDGE('',*,*,#14110,.T.);
#14110 = EDGE_CURVE('',#13323,#13418,#14111,.T.);
#14111 = LINE('',#14112,#14113);
#14112 = CARTESIAN_POINT('',(-1.,0.375,0.));
#14113 = VECTOR('',#14114,1.);
#14114 = DIRECTION('',(-2.288475490444E-17,-1.,0.));
#14115 = PLANE('',#14116);
#14116 = AXIS2_PLACEMENT_3D('',#14117,#14118,#14119);
#14117 = CARTESIAN_POINT('',(-1.,0.125,0.));
#14118 = DIRECTION('',(0.,-0.,-1.));
#14119 = DIRECTION('',(2.288475490444E-17,1.,0.));
#14120 = ADVANCED_FACE('',(#14121),#14127,.F.);
#14121 = FACE_BOUND('',#14122,.F.);
#14122 = EDGE_LOOP('',(#14123,#14124,#14125,#14126));
#14123 = ORIENTED_EDGE('',*,*,#13346,.T.);
#14124 = ORIENTED_EDGE('',*,*,#13919,.T.);
#14125 = ORIENTED_EDGE('',*,*,#13425,.F.);
#14126 = ORIENTED_EDGE('',*,*,#14110,.F.);
#14127 = PLANE('',#14128);
#14128 = AXIS2_PLACEMENT_3D('',#14129,#14130,#14131);
#14129 = CARTESIAN_POINT('',(-1.,0.375,0.));
#14130 = DIRECTION('',(1.,0.,-0.));
#14131 = DIRECTION('',(0.,-1.,0.));
#14132 = ADVANCED_FACE('',(#14133),#14144,.T.);
#14133 = FACE_BOUND('',#14134,.F.);
#14134 = EDGE_LOOP('',(#14135,#14136,#14137,#14138));
#14135 = ORIENTED_EDGE('',*,*,#13450,.T.);
#14136 = ORIENTED_EDGE('',*,*,#13490,.T.);
#14137 = ORIENTED_EDGE('',*,*,#13554,.T.);
#14138 = ORIENTED_EDGE('',*,*,#14139,.T.);
#14139 = EDGE_CURVE('',#13555,#13451,#14140,.T.);
#14140 = LINE('',#14141,#14142);
#14141 = CARTESIAN_POINT('',(1.,-0.375,0.));
#14142 = VECTOR('',#14143,1.);
#14143 = DIRECTION('',(2.288475490444E-17,1.,0.));
#14144 = PLANE('',#14145);
#14145 = AXIS2_PLACEMENT_3D('',#14146,#14147,#14148);
#14146 = CARTESIAN_POINT('',(1.,-0.125,0.));
#14147 = DIRECTION('',(0.,-0.,-1.));
#14148 = DIRECTION('',(-2.288475490444E-17,-1.,0.));
#14149 = ADVANCED_FACE('',(#14150),#14156,.F.);
#14150 = FACE_BOUND('',#14151,.F.);
#14151 = EDGE_LOOP('',(#14152,#14153,#14154,#14155));
#14152 = ORIENTED_EDGE('',*,*,#13573,.T.);
#14153 = ORIENTED_EDGE('',*,*,#14004,.T.);
#14154 = ORIENTED_EDGE('',*,*,#13460,.F.);
#14155 = ORIENTED_EDGE('',*,*,#14139,.F.);
#14156 = PLANE('',#14157);
#14157 = AXIS2_PLACEMENT_3D('',#14158,#14159,#14160);
#14158 = CARTESIAN_POINT('',(1.,-0.375,0.));
#14159 = DIRECTION('',(-1.,2.288475490444E-17,0.));
#14160 = DIRECTION('',(2.288475490444E-17,1.,0.));
#14161 = ADVANCED_FACE('',(#14162),#14173,.T.);
#14162 = FACE_BOUND('',#14163,.F.);
#14163 = EDGE_LOOP('',(#14164,#14165,#14166,#14167));
#14164 = ORIENTED_EDGE('',*,*,#13611,.T.);
#14165 = ORIENTED_EDGE('',*,*,#13587,.T.);
#14166 = ORIENTED_EDGE('',*,*,#13514,.T.);
#14167 = ORIENTED_EDGE('',*,*,#14168,.T.);
#14168 = EDGE_CURVE('',#13517,#13612,#14169,.T.);
#14169 = LINE('',#14170,#14171);
#14170 = CARTESIAN_POINT('',(-1.,-0.125,0.));
#14171 = VECTOR('',#14172,1.);
#14172 = DIRECTION('',(-2.288475490444E-17,-1.,0.));
#14173 = PLANE('',#14174);
#14174 = AXIS2_PLACEMENT_3D('',#14175,#14176,#14177);
#14175 = CARTESIAN_POINT('',(-1.,-0.375,0.));
#14176 = DIRECTION('',(0.,-0.,-1.));
#14177 = DIRECTION('',(2.288475490444E-17,1.,0.));
#14178 = ADVANCED_FACE('',(#14179),#14185,.F.);
#14179 = FACE_BOUND('',#14180,.F.);
#14180 = EDGE_LOOP('',(#14181,#14182,#14183,#14184));
#14181 = ORIENTED_EDGE('',*,*,#13540,.T.);
#14182 = ORIENTED_EDGE('',*,*,#13936,.T.);
#14183 = ORIENTED_EDGE('',*,*,#13619,.F.);
#14184 = ORIENTED_EDGE('',*,*,#14168,.F.);
#14185 = PLANE('',#14186);
#14186 = AXIS2_PLACEMENT_3D('',#14187,#14188,#14189);
#14187 = CARTESIAN_POINT('',(-1.,-0.125,0.));
#14188 = DIRECTION('',(1.,0.,-0.));
#14189 = DIRECTION('',(0.,-1.,0.));
#14190 = ADVANCED_FACE('',(#14191),#14202,.T.);
#14191 = FACE_BOUND('',#14192,.F.);
#14192 = EDGE_LOOP('',(#14193,#14194,#14195,#14196));
#14193 = ORIENTED_EDGE('',*,*,#13644,.T.);
#14194 = ORIENTED_EDGE('',*,*,#13684,.T.);
#14195 = ORIENTED_EDGE('',*,*,#13708,.T.);
#14196 = ORIENTED_EDGE('',*,*,#14197,.T.);
#14197 = EDGE_CURVE('',#13709,#13645,#14198,.T.);
#14198 = LINE('',#14199,#14200);
#14199 = CARTESIAN_POINT('',(1.,-0.875,0.));
#14200 = VECTOR('',#14201,1.);
#14201 = DIRECTION('',(2.288475490444E-17,1.,0.));
#14202 = PLANE('',#14203);
#14203 = AXIS2_PLACEMENT_3D('',#14204,#14205,#14206);
#14204 = CARTESIAN_POINT('',(1.,-0.625,0.));
#14205 = DIRECTION('',(0.,-0.,-1.));
#14206 = DIRECTION('',(-2.288475490444E-17,-1.,0.));
#14207 = ADVANCED_FACE('',(#14208),#14214,.F.);
#14208 = FACE_BOUND('',#14209,.F.);
#14209 = EDGE_LOOP('',(#14210,#14211,#14212,#14213));
#14210 = ORIENTED_EDGE('',*,*,#13727,.T.);
#14211 = ORIENTED_EDGE('',*,*,#13970,.T.);
#14212 = ORIENTED_EDGE('',*,*,#13654,.F.);
#14213 = ORIENTED_EDGE('',*,*,#14197,.F.);
#14214 = PLANE('',#14215);
#14215 = AXIS2_PLACEMENT_3D('',#14216,#14217,#14218);
#14216 = CARTESIAN_POINT('',(1.,-0.875,0.));
#14217 = DIRECTION('',(-1.,2.288475490444E-17,0.));
#14218 = DIRECTION('',(2.288475490444E-17,1.,0.));
#14219 = ADVANCED_FACE('',(#14220),#14227,.T.);
#14220 = FACE_BOUND('',#14221,.F.);
#14221 = EDGE_LOOP('',(#14222,#14223,#14224,#14225,#14226));
#14222 = ORIENTED_EDGE('',*,*,#13789,.T.);
#14223 = ORIENTED_EDGE('',*,*,#13837,.T.);
#14224 = ORIENTED_EDGE('',*,*,#13861,.T.);
#14225 = ORIENTED_EDGE('',*,*,#13813,.T.);
#14226 = ORIENTED_EDGE('',*,*,#13758,.T.);
#14227 = PLANE('',#14228);
#14228 = AXIS2_PLACEMENT_3D('',#14229,#14230,#14231);
#14229 = CARTESIAN_POINT('',(-0.45,0.55,0.));
#14230 = DIRECTION('',(0.,-0.,-1.));
#14231 = DIRECTION('',(2.288475490444E-17,1.,0.));
#14232 = ADVANCED_FACE('',(#14233),#14252,.F.);
#14233 = FACE_BOUND('',#14234,.F.);
#14234 = EDGE_LOOP('',(#14235,#14243,#14250,#14251));
#14235 = ORIENTED_EDGE('',*,*,#14236,.T.);
#14236 = EDGE_CURVE('',#13885,#14237,#14239,.T.);
#14237 = VERTEX_POINT('',#14238);
#14238 = CARTESIAN_POINT('',(-0.65,0.525,0.81));
#14239 = LINE('',#14240,#14241);
#14240 = CARTESIAN_POINT('',(-0.65,0.525,0.83));
#14241 = VECTOR('',#14242,1.);
#14242 = DIRECTION('',(0.,-0.,-1.));
#14243 = ORIENTED_EDGE('',*,*,#14244,.T.);
#14244 = EDGE_CURVE('',#14237,#14237,#14245,.T.);
#14245 = CIRCLE('',#14246,0.125);
#14246 = AXIS2_PLACEMENT_3D('',#14247,#14248,#14249);
#14247 = CARTESIAN_POINT('',(-0.65,0.65,0.81));
#14248 = DIRECTION('',(0.,0.,1.));
#14249 = DIRECTION('',(-2.288475490444E-17,-1.,0.));
#14250 = ORIENTED_EDGE('',*,*,#14236,.F.);
#14251 = ORIENTED_EDGE('',*,*,#13884,.T.);
#14252 = CYLINDRICAL_SURFACE('',#14253,0.125);
#14253 = AXIS2_PLACEMENT_3D('',#14254,#14255,#14256);
#14254 = CARTESIAN_POINT('',(-0.65,0.65,0.83));
#14255 = DIRECTION('',(0.,-0.,-1.));
#14256 = DIRECTION('',(-2.288475490444E-17,-1.,0.));
#14257 = ADVANCED_FACE('',(#14258),#14261,.T.);
#14258 = FACE_BOUND('',#14259,.T.);
#14259 = EDGE_LOOP('',(#14260));
#14260 = ORIENTED_EDGE('',*,*,#14244,.T.);
#14261 = PLANE('',#14262);
#14262 = AXIS2_PLACEMENT_3D('',#14263,#14264,#14265);
#14263 = CARTESIAN_POINT('',(-0.65,0.65,0.81));
#14264 = DIRECTION('',(0.,0.,1.));
#14265 = DIRECTION('',(-2.288475490444E-17,-1.,0.));
#14266 = ( GEOMETRIC_REPRESENTATION_CONTEXT(3) 
GLOBAL_UNCERTAINTY_ASSIGNED_CONTEXT((#14270)) 
GLOBAL_UNIT_ASSIGNED_CONTEXT((#14267,#14268,#14269)) 
REPRESENTATION_CONTEXT('Context #1',
  '3D Context with UNIT and UNCERTAINTY') );
#14267 = ( LENGTH_UNIT() NAMED_UNIT(*) SI_UNIT(.MILLI.,.METRE.) );
#14268 = ( NAMED_UNIT(*) PLANE_ANGLE_UNIT() SI_UNIT($,.RADIAN.) );
#14269 = ( NAMED_UNIT(*) SI_UNIT($,.STERADIAN.) SOLID_ANGLE_UNIT() );
#14270 = UNCERTAINTY_MEASURE_WITH_UNIT(LENGTH_MEASURE(1.E-07),#14267,
  'distance_accuracy_value','confusion accuracy');
#14271 = CONTEXT_DEPENDENT_SHAPE_REPRESENTATION(#14272,#14274);
#14272 = ( REPRESENTATION_RELATIONSHIP('','',#12311,#12288) 
REPRESENTATION_RELATIONSHIP_WITH_TRANSFORMATION(#14273) 
SHAPE_REPRESENTATION_RELATIONSHIP() );
#14273 = ITEM_DEFINED_TRANSFORMATION('','',#11,#12289);
#14274 = PRODUCT_DEFINITION_SHAPE('Placement','Placement of an item',
  #14275);
#14275 = NEXT_ASSEMBLY_USAGE_OCCURRENCE('30','=>[0:1:1:17]','',#12283,
  #12306,$);
#14276 = PRODUCT_RELATED_PRODUCT_CATEGORY('part',$,(#12308));
#14277 = CONTEXT_DEPENDENT_SHAPE_REPRESENTATION(#14278,#14280);
#14278 = ( REPRESENTATION_RELATIONSHIP('','',#6069,#10) 
REPRESENTATION_RELATIONSHIP_WITH_TRANSFORMATION(#14279) 
SHAPE_REPRESENTATION_RELATIONSHIP() );
#14279 = ITEM_DEFINED_TRANSFORMATION('','',#11,#107);
#14280 = PRODUCT_DEFINITION_SHAPE('Placement','Placement of an item',
  #14281);
#14281 = NEXT_ASSEMBLY_USAGE_OCCURRENCE('32','C2','',#5,#6064,$);
#14282 = CONTEXT_DEPENDENT_SHAPE_REPRESENTATION(#14283,#14285);
#14283 = ( REPRESENTATION_RELATIONSHIP('','',#6965,#10) 
REPRESENTATION_RELATIONSHIP_WITH_TRANSFORMATION(#14284) 
SHAPE_REPRESENTATION_RELATIONSHIP() );
#14284 = ITEM_DEFINED_TRANSFORMATION('','',#11,#111);
#14285 = PRODUCT_DEFINITION_SHAPE('Placement','Placement of an item',
  #14286);
#14286 = NEXT_ASSEMBLY_USAGE_OCCURRENCE('33','R5','',#5,#6960,$);
#14287 = SHAPE_DEFINITION_REPRESENTATION(#14288,#14294);
#14288 = PRODUCT_DEFINITION_SHAPE('','',#14289);
#14289 = PRODUCT_DEFINITION('design','',#14290,#14293);
#14290 = PRODUCT_DEFINITION_FORMATION('','',#14291);
#14291 = PRODUCT('LED_0402_1005Metric','LED_0402_1005Metric','',(#14292)
  );
#14292 = PRODUCT_CONTEXT('',#2,'mechanical');
#14293 = PRODUCT_DEFINITION_CONTEXT('part definition',#2,'design');
#14294 = SHAPE_REPRESENTATION('',(#11,#14295),#14299);
#14295 = AXIS2_PLACEMENT_3D('',#14296,#14297,#14298);
#14296 = CARTESIAN_POINT('',(0.,0.,0.));
#14297 = DIRECTION('',(0.,0.,1.));
#14298 = DIRECTION('',(1.,0.,-0.));
#14299 = ( GEOMETRIC_REPRESENTATION_CONTEXT(3) 
GLOBAL_UNCERTAINTY_ASSIGNED_CONTEXT((#14303)) 
GLOBAL_UNIT_ASSIGNED_CONTEXT((#14300,#14301,#14302)) 
REPRESENTATION_CONTEXT('Context #1',
  '3D Context with UNIT and UNCERTAINTY') );
#14300 = ( LENGTH_UNIT() NAMED_UNIT(*) SI_UNIT(.MILLI.,.METRE.) );
#14301 = ( NAMED_UNIT(*) PLANE_ANGLE_UNIT() SI_UNIT($,.RADIAN.) );
#14302 = ( NAMED_UNIT(*) SI_UNIT($,.STERADIAN.) SOLID_ANGLE_UNIT() );
#14303 = UNCERTAINTY_MEASURE_WITH_UNIT(LENGTH_MEASURE(1.E-07),#14300,
  'distance_accuracy_value','confusion accuracy');
#14304 = CONTEXT_DEPENDENT_SHAPE_REPRESENTATION(#14305,#14307);
#14305 = ( REPRESENTATION_RELATIONSHIP('','',#14294,#10) 
REPRESENTATION_RELATIONSHIP_WITH_TRANSFORMATION(#14306) 
SHAPE_REPRESENTATION_RELATIONSHIP() );
#14306 = ITEM_DEFINED_TRANSFORMATION('','',#11,#115);
#14307 = PRODUCT_DEFINITION_SHAPE('Placement','Placement of an item',
  #14308);
#14308 = NEXT_ASSEMBLY_USAGE_OCCURRENCE('35','D1','',#5,#14289,$);
#14309 = PRODUCT_RELATED_PRODUCT_CATEGORY('part',$,(#14291));
#14310 = SHAPE_DEFINITION_REPRESENTATION(#14311,#14317);
#14311 = PRODUCT_DEFINITION_SHAPE('','',#14312);
#14312 = PRODUCT_DEFINITION('design','',#14313,#14316);
#14313 = PRODUCT_DEFINITION_FORMATION('','',#14314);
#14314 = PRODUCT('LED_0402_1005Metric','LED_0402_1005Metric','',(#14315)
  );
#14315 = PRODUCT_CONTEXT('',#2,'mechanical');
#14316 = PRODUCT_DEFINITION_CONTEXT('part definition',#2,'design');
#14317 = ADVANCED_BREP_SHAPE_REPRESENTATION('',(#11,#14318),#15841);
#14318 = MANIFOLD_SOLID_BREP('',#14319);
#14319 = CLOSED_SHELL('',(#14320,#14360,#14407,#14486,#14510,#14550,
    #14581,#14598,#14631,#14655,#14722,#14843,#14910,#14934,#14965,
    #14998,#15054,#15078,#15102,#15126,#15159,#15171,#15234,#15259,
    #15276,#15300,#15318,#15336,#15354,#15371,#15388,#15419,#15444,
    #15469,#15493,#15510,#15541,#15565,#15582,#15610,#15635,#15659,
    #15684,#15731,#15748,#15760,#15782,#15794,#15812,#15830));
#14320 = ADVANCED_FACE('',(#14321),#14355,.F.);
#14321 = FACE_BOUND('',#14322,.F.);
#14322 = EDGE_LOOP('',(#14323,#14333,#14341,#14349));
#14323 = ORIENTED_EDGE('',*,*,#14324,.T.);
#14324 = EDGE_CURVE('',#14325,#14327,#14329,.T.);
#14325 = VERTEX_POINT('',#14326);
#14326 = CARTESIAN_POINT('',(-0.35,-0.25,0.185));
#14327 = VERTEX_POINT('',#14328);
#14328 = CARTESIAN_POINT('',(-0.315,-0.25,0.5));
#14329 = LINE('',#14330,#14331);
#14330 = CARTESIAN_POINT('',(-0.35,-0.25,0.185));
#14331 = VECTOR('',#14332,1.);
#14332 = DIRECTION('',(0.110431526075,0.,0.993883734674));
#14333 = ORIENTED_EDGE('',*,*,#14334,.T.);
#14334 = EDGE_CURVE('',#14327,#14335,#14337,.T.);
#14335 = VERTEX_POINT('',#14336);
#14336 = CARTESIAN_POINT('',(0.315,-0.25,0.5));
#14337 = LINE('',#14338,#14339);
#14338 = CARTESIAN_POINT('',(-0.315,-0.25,0.5));
#14339 = VECTOR('',#14340,1.);
#14340 = DIRECTION('',(1.,0.,-0.));
#14341 = ORIENTED_EDGE('',*,*,#14342,.T.);
#14342 = EDGE_CURVE('',#14335,#14343,#14345,.T.);
#14343 = VERTEX_POINT('',#14344);
#14344 = CARTESIAN_POINT('',(0.35,-0.25,0.185));
#14345 = LINE('',#14346,#14347);
#14346 = CARTESIAN_POINT('',(0.315,-0.25,0.5));
#14347 = VECTOR('',#14348,1.);
#14348 = DIRECTION('',(0.110431526075,0.,-0.993883734674));
#14349 = ORIENTED_EDGE('',*,*,#14350,.T.);
#14350 = EDGE_CURVE('',#14343,#14325,#14351,.T.);
#14351 = LINE('',#14352,#14353);
#14352 = CARTESIAN_POINT('',(0.35,-0.25,0.185));
#14353 = VECTOR('',#14354,1.);
#14354 = DIRECTION('',(-1.,0.,0.));
#14355 = PLANE('',#14356);
#14356 = AXIS2_PLACEMENT_3D('',#14357,#14358,#14359);
#14357 = CARTESIAN_POINT('',(0.,-0.25,0.336886104513));
#14358 = DIRECTION('',(0.,1.,0.));
#14359 = DIRECTION('',(0.,-0.,1.));
#14360 = ADVANCED_FACE('',(#14361),#14402,.T.);
#14361 = FACE_BOUND('',#14362,.T.);
#14362 = EDGE_LOOP('',(#14363,#14373,#14381,#14387,#14388,#14396));
#14363 = ORIENTED_EDGE('',*,*,#14364,.T.);
#14364 = EDGE_CURVE('',#14365,#14367,#14369,.T.);
#14365 = VERTEX_POINT('',#14366);
#14366 = CARTESIAN_POINT('',(-0.35,0.25,0.185));
#14367 = VERTEX_POINT('',#14368);
#14368 = CARTESIAN_POINT('',(-0.35,0.1875,0.185));
#14369 = LINE('',#14370,#14371);
#14370 = CARTESIAN_POINT('',(-0.35,0.25,0.185));
#14371 = VECTOR('',#14372,1.);
#14372 = DIRECTION('',(0.,-1.,0.));
#14373 = ORIENTED_EDGE('',*,*,#14374,.F.);
#14374 = EDGE_CURVE('',#14375,#14367,#14377,.T.);
#14375 = VERTEX_POINT('',#14376);
#14376 = CARTESIAN_POINT('',(-0.35,-0.1875,0.185));
#14377 = LINE('',#14378,#14379);
#14378 = CARTESIAN_POINT('',(-0.35,-0.25,0.185));
#14379 = VECTOR('',#14380,1.);
#14380 = DIRECTION('',(0.,1.,0.));
#14381 = ORIENTED_EDGE('',*,*,#14382,.T.);
#14382 = EDGE_CURVE('',#14375,#14325,#14383,.T.);
#14383 = LINE('',#14384,#14385);
#14384 = CARTESIAN_POINT('',(-0.35,0.25,0.185));
#14385 = VECTOR('',#14386,1.);
#14386 = DIRECTION('',(0.,-1.,0.));
#14387 = ORIENTED_EDGE('',*,*,#14324,.T.);
#14388 = ORIENTED_EDGE('',*,*,#14389,.F.);
#14389 = EDGE_CURVE('',#14390,#14327,#14392,.T.);
#14390 = VERTEX_POINT('',#14391);
#14391 = CARTESIAN_POINT('',(-0.315,0.25,0.5));
#14392 = LINE('',#14393,#14394);
#14393 = CARTESIAN_POINT('',(-0.315,0.25,0.5));
#14394 = VECTOR('',#14395,1.);
#14395 = DIRECTION('',(0.,-1.,0.));
#14396 = ORIENTED_EDGE('',*,*,#14397,.F.);
#14397 = EDGE_CURVE('',#14365,#14390,#14398,.T.);
#14398 = LINE('',#14399,#14400);
#14399 = CARTESIAN_POINT('',(-0.35,0.25,0.185));
#14400 = VECTOR('',#14401,1.);
#14401 = DIRECTION('',(0.110431526075,0.,0.993883734674));
#14402 = PLANE('',#14403);
#14403 = AXIS2_PLACEMENT_3D('',#14404,#14405,#14406);
#14404 = CARTESIAN_POINT('',(-0.35,0.25,0.185));
#14405 = DIRECTION('',(-0.993883734674,0.,0.110431526075));
#14406 = DIRECTION('',(0.110431526075,0.,0.993883734674));
#14407 = ADVANCED_FACE('',(#14408),#14481,.F.);
#14408 = FACE_BOUND('',#14409,.F.);
#14409 = EDGE_LOOP('',(#14410,#14420,#14428,#14436,#14442,#14443,#14451,
    #14459,#14467,#14475));
#14410 = ORIENTED_EDGE('',*,*,#14411,.F.);
#14411 = EDGE_CURVE('',#14412,#14414,#14416,.T.);
#14412 = VERTEX_POINT('',#14413);
#14413 = CARTESIAN_POINT('',(-0.485,-0.25,1.5E-02));
#14414 = VERTEX_POINT('',#14415);
#14415 = CARTESIAN_POINT('',(-0.4625,-0.25,1.5E-02));
#14416 = LINE('',#14417,#14418);
#14417 = CARTESIAN_POINT('',(-0.485,-0.25,1.5E-02));
#14418 = VECTOR('',#14419,1.);
#14419 = DIRECTION('',(1.,0.,-0.));
#14420 = ORIENTED_EDGE('',*,*,#14421,.T.);
#14421 = EDGE_CURVE('',#14412,#14422,#14424,.T.);
#14422 = VERTEX_POINT('',#14423);
#14423 = CARTESIAN_POINT('',(-0.485,-0.25,0.185));
#14424 = LINE('',#14425,#14426);
#14425 = CARTESIAN_POINT('',(-0.485,-0.25,1.5E-02));
#14426 = VECTOR('',#14427,1.);
#14427 = DIRECTION('',(0.,0.,1.));
#14428 = ORIENTED_EDGE('',*,*,#14429,.T.);
#14429 = EDGE_CURVE('',#14422,#14430,#14432,.T.);
#14430 = VERTEX_POINT('',#14431);
#14431 = CARTESIAN_POINT('',(-0.4625,-0.25,0.185));
#14432 = LINE('',#14433,#14434);
#14433 = CARTESIAN_POINT('',(-0.485,-0.25,0.185));
#14434 = VECTOR('',#14435,1.);
#14435 = DIRECTION('',(1.,0.,-0.));
#14436 = ORIENTED_EDGE('',*,*,#14437,.T.);
#14437 = EDGE_CURVE('',#14430,#14325,#14438,.T.);
#14438 = LINE('',#14439,#14440);
#14439 = CARTESIAN_POINT('',(-0.485,-0.25,0.185));
#14440 = VECTOR('',#14441,1.);
#14441 = DIRECTION('',(1.,0.,-0.));
#14442 = ORIENTED_EDGE('',*,*,#14350,.F.);
#14443 = ORIENTED_EDGE('',*,*,#14444,.T.);
#14444 = EDGE_CURVE('',#14343,#14445,#14447,.T.);
#14445 = VERTEX_POINT('',#14446);
#14446 = CARTESIAN_POINT('',(0.4625,-0.25,0.185));
#14447 = LINE('',#14448,#14449);
#14448 = CARTESIAN_POINT('',(-0.485,-0.25,0.185));
#14449 = VECTOR('',#14450,1.);
#14450 = DIRECTION('',(1.,0.,-0.));
#14451 = ORIENTED_EDGE('',*,*,#14452,.T.);
#14452 = EDGE_CURVE('',#14445,#14453,#14455,.T.);
#14453 = VERTEX_POINT('',#14454);
#14454 = CARTESIAN_POINT('',(0.485,-0.25,0.185));
#14455 = LINE('',#14456,#14457);
#14456 = CARTESIAN_POINT('',(-0.485,-0.25,0.185));
#14457 = VECTOR('',#14458,1.);
#14458 = DIRECTION('',(1.,0.,-0.));
#14459 = ORIENTED_EDGE('',*,*,#14460,.F.);
#14460 = EDGE_CURVE('',#14461,#14453,#14463,.T.);
#14461 = VERTEX_POINT('',#14462);
#14462 = CARTESIAN_POINT('',(0.485,-0.25,1.5E-02));
#14463 = LINE('',#14464,#14465);
#14464 = CARTESIAN_POINT('',(0.485,-0.25,1.5E-02));
#14465 = VECTOR('',#14466,1.);
#14466 = DIRECTION('',(0.,0.,1.));
#14467 = ORIENTED_EDGE('',*,*,#14468,.F.);
#14468 = EDGE_CURVE('',#14469,#14461,#14471,.T.);
#14469 = VERTEX_POINT('',#14470);
#14470 = CARTESIAN_POINT('',(0.4625,-0.25,1.5E-02));
#14471 = LINE('',#14472,#14473);
#14472 = CARTESIAN_POINT('',(-0.485,-0.25,1.5E-02));
#14473 = VECTOR('',#14474,1.);
#14474 = DIRECTION('',(1.,0.,-0.));
#14475 = ORIENTED_EDGE('',*,*,#14476,.F.);
#14476 = EDGE_CURVE('',#14414,#14469,#14477,.T.);
#14477 = LINE('',#14478,#14479);
#14478 = CARTESIAN_POINT('',(-0.485,-0.25,1.5E-02));
#14479 = VECTOR('',#14480,1.);
#14480 = DIRECTION('',(1.,0.,-0.));
#14481 = PLANE('',#14482);
#14482 = AXIS2_PLACEMENT_3D('',#14483,#14484,#14485);
#14483 = CARTESIAN_POINT('',(-0.485,-0.25,1.5E-02));
#14484 = DIRECTION('',(0.,1.,0.));
#14485 = DIRECTION('',(0.,-0.,1.));
#14486 = ADVANCED_FACE('',(#14487),#14505,.T.);
#14487 = FACE_BOUND('',#14488,.T.);
#14488 = EDGE_LOOP('',(#14489,#14490,#14491,#14499));
#14489 = ORIENTED_EDGE('',*,*,#14389,.T.);
#14490 = ORIENTED_EDGE('',*,*,#14334,.T.);
#14491 = ORIENTED_EDGE('',*,*,#14492,.F.);
#14492 = EDGE_CURVE('',#14493,#14335,#14495,.T.);
#14493 = VERTEX_POINT('',#14494);
#14494 = CARTESIAN_POINT('',(0.315,0.25,0.5));
#14495 = LINE('',#14496,#14497);
#14496 = CARTESIAN_POINT('',(0.315,0.25,0.5));
#14497 = VECTOR('',#14498,1.);
#14498 = DIRECTION('',(0.,-1.,0.));
#14499 = ORIENTED_EDGE('',*,*,#14500,.F.);
#14500 = EDGE_CURVE('',#14390,#14493,#14501,.T.);
#14501 = LINE('',#14502,#14503);
#14502 = CARTESIAN_POINT('',(-0.315,0.25,0.5));
#14503 = VECTOR('',#14504,1.);
#14504 = DIRECTION('',(1.,0.,-0.));
#14505 = PLANE('',#14506);
#14506 = AXIS2_PLACEMENT_3D('',#14507,#14508,#14509);
#14507 = CARTESIAN_POINT('',(-0.315,0.25,0.5));
#14508 = DIRECTION('',(0.,0.,1.));
#14509 = DIRECTION('',(1.,0.,-0.));
#14510 = ADVANCED_FACE('',(#14511),#14545,.T.);
#14511 = FACE_BOUND('',#14512,.T.);
#14512 = EDGE_LOOP('',(#14513,#14514,#14515,#14523,#14531,#14539));
#14513 = ORIENTED_EDGE('',*,*,#14492,.T.);
#14514 = ORIENTED_EDGE('',*,*,#14342,.T.);
#14515 = ORIENTED_EDGE('',*,*,#14516,.F.);
#14516 = EDGE_CURVE('',#14517,#14343,#14519,.T.);
#14517 = VERTEX_POINT('',#14518);
#14518 = CARTESIAN_POINT('',(0.35,-0.1875,0.185));
#14519 = LINE('',#14520,#14521);
#14520 = CARTESIAN_POINT('',(0.35,0.25,0.185));
#14521 = VECTOR('',#14522,1.);
#14522 = DIRECTION('',(0.,-1.,0.));
#14523 = ORIENTED_EDGE('',*,*,#14524,.T.);
#14524 = EDGE_CURVE('',#14517,#14525,#14527,.T.);
#14525 = VERTEX_POINT('',#14526);
#14526 = CARTESIAN_POINT('',(0.35,0.1875,0.185));
#14527 = LINE('',#14528,#14529);
#14528 = CARTESIAN_POINT('',(0.35,-0.25,0.185));
#14529 = VECTOR('',#14530,1.);
#14530 = DIRECTION('',(0.,1.,0.));
#14531 = ORIENTED_EDGE('',*,*,#14532,.F.);
#14532 = EDGE_CURVE('',#14533,#14525,#14535,.T.);
#14533 = VERTEX_POINT('',#14534);
#14534 = CARTESIAN_POINT('',(0.35,0.25,0.185));
#14535 = LINE('',#14536,#14537);
#14536 = CARTESIAN_POINT('',(0.35,0.25,0.185));
#14537 = VECTOR('',#14538,1.);
#14538 = DIRECTION('',(0.,-1.,0.));
#14539 = ORIENTED_EDGE('',*,*,#14540,.F.);
#14540 = EDGE_CURVE('',#14493,#14533,#14541,.T.);
#14541 = LINE('',#14542,#14543);
#14542 = CARTESIAN_POINT('',(0.315,0.25,0.5));
#14543 = VECTOR('',#14544,1.);
#14544 = DIRECTION('',(0.110431526075,0.,-0.993883734674));
#14545 = PLANE('',#14546);
#14546 = AXIS2_PLACEMENT_3D('',#14547,#14548,#14549);
#14547 = CARTESIAN_POINT('',(0.315,0.25,0.5));
#14548 = DIRECTION('',(0.993883734674,0.,0.110431526075));
#14549 = DIRECTION('',(0.110431526075,0.,-0.993883734674));
#14550 = ADVANCED_FACE('',(#14551),#14576,.T.);
#14551 = FACE_BOUND('',#14552,.T.);
#14552 = EDGE_LOOP('',(#14553,#14561,#14569,#14575));
#14553 = ORIENTED_EDGE('',*,*,#14554,.F.);
#14554 = EDGE_CURVE('',#14555,#14365,#14557,.T.);
#14555 = VERTEX_POINT('',#14556);
#14556 = CARTESIAN_POINT('',(-0.4625,0.25,0.185));
#14557 = LINE('',#14558,#14559);
#14558 = CARTESIAN_POINT('',(-0.485,0.25,0.185));
#14559 = VECTOR('',#14560,1.);
#14560 = DIRECTION('',(1.,0.,-0.));
#14561 = ORIENTED_EDGE('',*,*,#14562,.F.);
#14562 = EDGE_CURVE('',#14563,#14555,#14565,.T.);
#14563 = VERTEX_POINT('',#14564);
#14564 = CARTESIAN_POINT('',(-0.4625,0.1875,0.185));
#14565 = LINE('',#14566,#14567);
#14566 = CARTESIAN_POINT('',(-0.4625,3.125E-02,0.185));
#14567 = VECTOR('',#14568,1.);
#14568 = DIRECTION('',(0.,1.,0.));
#14569 = ORIENTED_EDGE('',*,*,#14570,.F.);
#14570 = EDGE_CURVE('',#14367,#14563,#14571,.T.);
#14571 = LINE('',#14572,#14573);
#14572 = CARTESIAN_POINT('',(-0.47375,0.1875,0.185));
#14573 = VECTOR('',#14574,1.);
#14574 = DIRECTION('',(-1.,0.,0.));
#14575 = ORIENTED_EDGE('',*,*,#14364,.F.);
#14576 = PLANE('',#14577);
#14577 = AXIS2_PLACEMENT_3D('',#14578,#14579,#14580);
#14578 = CARTESIAN_POINT('',(-0.485,-0.25,0.185));
#14579 = DIRECTION('',(0.,0.,1.));
#14580 = DIRECTION('',(1.,0.,-0.));
#14581 = ADVANCED_FACE('',(#14582),#14593,.T.);
#14582 = FACE_BOUND('',#14583,.T.);
#14583 = EDGE_LOOP('',(#14584,#14585,#14586,#14587));
#14584 = ORIENTED_EDGE('',*,*,#14397,.T.);
#14585 = ORIENTED_EDGE('',*,*,#14500,.T.);
#14586 = ORIENTED_EDGE('',*,*,#14540,.T.);
#14587 = ORIENTED_EDGE('',*,*,#14588,.T.);
#14588 = EDGE_CURVE('',#14533,#14365,#14589,.T.);
#14589 = LINE('',#14590,#14591);
#14590 = CARTESIAN_POINT('',(0.35,0.25,0.185));
#14591 = VECTOR('',#14592,1.);
#14592 = DIRECTION('',(-1.,0.,0.));
#14593 = PLANE('',#14594);
#14594 = AXIS2_PLACEMENT_3D('',#14595,#14596,#14597);
#14595 = CARTESIAN_POINT('',(0.,0.25,0.336886104513));
#14596 = DIRECTION('',(0.,1.,0.));
#14597 = DIRECTION('',(0.,-0.,1.));
#14598 = ADVANCED_FACE('',(#14599),#14626,.T.);
#14599 = FACE_BOUND('',#14600,.T.);
#14600 = EDGE_LOOP('',(#14601,#14610,#14618,#14625));
#14601 = ORIENTED_EDGE('',*,*,#14602,.F.);
#14602 = EDGE_CURVE('',#14603,#14367,#14605,.T.);
#14603 = VERTEX_POINT('',#14604);
#14604 = CARTESIAN_POINT('',(-0.365,0.1875,0.2));
#14605 = CIRCLE('',#14606,1.5E-02);
#14606 = AXIS2_PLACEMENT_3D('',#14607,#14608,#14609);
#14607 = CARTESIAN_POINT('',(-0.365,0.1875,0.185));
#14608 = DIRECTION('',(0.,1.,0.));
#14609 = DIRECTION('',(1.,0.,-0.));
#14610 = ORIENTED_EDGE('',*,*,#14611,.F.);
#14611 = EDGE_CURVE('',#14612,#14603,#14614,.T.);
#14612 = VERTEX_POINT('',#14613);
#14613 = CARTESIAN_POINT('',(-0.365,-0.1875,0.2));
#14614 = LINE('',#14615,#14616);
#14615 = CARTESIAN_POINT('',(-0.365,-0.25,0.2));
#14616 = VECTOR('',#14617,1.);
#14617 = DIRECTION('',(0.,1.,0.));
#14618 = ORIENTED_EDGE('',*,*,#14619,.T.);
#14619 = EDGE_CURVE('',#14612,#14375,#14620,.T.);
#14620 = CIRCLE('',#14621,1.5E-02);
#14621 = AXIS2_PLACEMENT_3D('',#14622,#14623,#14624);
#14622 = CARTESIAN_POINT('',(-0.365,-0.1875,0.185));
#14623 = DIRECTION('',(0.,1.,0.));
#14624 = DIRECTION('',(1.,0.,-0.));
#14625 = ORIENTED_EDGE('',*,*,#14374,.T.);
#14626 = CYLINDRICAL_SURFACE('',#14627,1.5E-02);
#14627 = AXIS2_PLACEMENT_3D('',#14628,#14629,#14630);
#14628 = CARTESIAN_POINT('',(-0.365,-0.25,0.185));
#14629 = DIRECTION('',(0.,1.,0.));
#14630 = DIRECTION('',(1.,0.,-0.));
#14631 = ADVANCED_FACE('',(#14632),#14650,.T.);
#14632 = FACE_BOUND('',#14633,.T.);
#14633 = EDGE_LOOP('',(#14634,#14642,#14643,#14644));
#14634 = ORIENTED_EDGE('',*,*,#14635,.F.);
#14635 = EDGE_CURVE('',#14430,#14636,#14638,.T.);
#14636 = VERTEX_POINT('',#14637);
#14637 = CARTESIAN_POINT('',(-0.4625,-0.1875,0.185));
#14638 = LINE('',#14639,#14640);
#14639 = CARTESIAN_POINT('',(-0.4625,-0.21875,0.185));
#14640 = VECTOR('',#14641,1.);
#14641 = DIRECTION('',(0.,1.,0.));
#14642 = ORIENTED_EDGE('',*,*,#14437,.T.);
#14643 = ORIENTED_EDGE('',*,*,#14382,.F.);
#14644 = ORIENTED_EDGE('',*,*,#14645,.F.);
#14645 = EDGE_CURVE('',#14636,#14375,#14646,.T.);
#14646 = LINE('',#14647,#14648);
#14647 = CARTESIAN_POINT('',(-1.125E-02,-0.1875,0.185));
#14648 = VECTOR('',#14649,1.);
#14649 = DIRECTION('',(1.,0.,-0.));
#14650 = PLANE('',#14651);
#14651 = AXIS2_PLACEMENT_3D('',#14652,#14653,#14654);
#14652 = CARTESIAN_POINT('',(-0.485,-0.25,0.185));
#14653 = DIRECTION('',(0.,0.,1.));
#14654 = DIRECTION('',(1.,0.,-0.));
#14655 = ADVANCED_FACE('',(#14656),#14717,.F.);
#14656 = FACE_BOUND('',#14657,.F.);
#14657 = EDGE_LOOP('',(#14658,#14668,#14677,#14685,#14694,#14702,#14708,
    #14709,#14710,#14711));
#14658 = ORIENTED_EDGE('',*,*,#14659,.F.);
#14659 = EDGE_CURVE('',#14660,#14662,#14664,.T.);
#14660 = VERTEX_POINT('',#14661);
#14661 = CARTESIAN_POINT('',(-0.485,-0.25,-1.734723475977E-18));
#14662 = VERTEX_POINT('',#14663);
#14663 = CARTESIAN_POINT('',(-0.4625,-0.25,0.));
#14664 = LINE('',#14665,#14666);
#14665 = CARTESIAN_POINT('',(-0.5,-0.25,0.));
#14666 = VECTOR('',#14667,1.);
#14667 = DIRECTION('',(1.,0.,-0.));
#14668 = ORIENTED_EDGE('',*,*,#14669,.F.);
#14669 = EDGE_CURVE('',#14670,#14660,#14672,.T.);
#14670 = VERTEX_POINT('',#14671);
#14671 = CARTESIAN_POINT('',(-0.5,-0.25,1.5E-02));
#14672 = CIRCLE('',#14673,1.5E-02);
#14673 = AXIS2_PLACEMENT_3D('',#14674,#14675,#14676);
#14674 = CARTESIAN_POINT('',(-0.485,-0.25,1.5E-02));
#14675 = DIRECTION('',(0.,-1.,0.));
#14676 = DIRECTION('',(0.,0.,1.));
#14677 = ORIENTED_EDGE('',*,*,#14678,.T.);
#14678 = EDGE_CURVE('',#14670,#14679,#14681,.T.);
#14679 = VERTEX_POINT('',#14680);
#14680 = CARTESIAN_POINT('',(-0.5,-0.25,0.185));
#14681 = LINE('',#14682,#14683);
#14682 = CARTESIAN_POINT('',(-0.5,-0.25,0.));
#14683 = VECTOR('',#14684,1.);
#14684 = DIRECTION('',(0.,0.,1.));
#14685 = ORIENTED_EDGE('',*,*,#14686,.T.);
#14686 = EDGE_CURVE('',#14679,#14687,#14689,.T.);
#14687 = VERTEX_POINT('',#14688);
#14688 = CARTESIAN_POINT('',(-0.485,-0.25,0.2));
#14689 = CIRCLE('',#14690,1.5E-02);
#14690 = AXIS2_PLACEMENT_3D('',#14691,#14692,#14693);
#14691 = CARTESIAN_POINT('',(-0.485,-0.25,0.185));
#14692 = DIRECTION('',(0.,1.,0.));
#14693 = DIRECTION('',(0.,-0.,1.));
#14694 = ORIENTED_EDGE('',*,*,#14695,.T.);
#14695 = EDGE_CURVE('',#14687,#14696,#14698,.T.);
#14696 = VERTEX_POINT('',#14697);
#14697 = CARTESIAN_POINT('',(-0.4625,-0.25,0.2));
#14698 = LINE('',#14699,#14700);
#14699 = CARTESIAN_POINT('',(-0.5,-0.25,0.2));
#14700 = VECTOR('',#14701,1.);
#14701 = DIRECTION('',(1.,0.,-0.));
#14702 = ORIENTED_EDGE('',*,*,#14703,.F.);
#14703 = EDGE_CURVE('',#14430,#14696,#14704,.T.);
#14704 = LINE('',#14705,#14706);
#14705 = CARTESIAN_POINT('',(-0.4625,-0.25,0.15));
#14706 = VECTOR('',#14707,1.);
#14707 = DIRECTION('',(0.,0.,1.));
#14708 = ORIENTED_EDGE('',*,*,#14429,.F.);
#14709 = ORIENTED_EDGE('',*,*,#14421,.F.);
#14710 = ORIENTED_EDGE('',*,*,#14411,.T.);
#14711 = ORIENTED_EDGE('',*,*,#14712,.F.);
#14712 = EDGE_CURVE('',#14662,#14414,#14713,.T.);
#14713 = LINE('',#14714,#14715);
#14714 = CARTESIAN_POINT('',(-0.4625,-0.25,0.15));
#14715 = VECTOR('',#14716,1.);
#14716 = DIRECTION('',(0.,0.,1.));
#14717 = PLANE('',#14718);
#14718 = AXIS2_PLACEMENT_3D('',#14719,#14720,#14721);
#14719 = CARTESIAN_POINT('',(-0.5,-0.25,0.));
#14720 = DIRECTION('',(0.,1.,0.));
#14721 = DIRECTION('',(0.,-0.,1.));
#14722 = ADVANCED_FACE('',(#14723,#14812),#14838,.F.);
#14723 = FACE_BOUND('',#14724,.F.);
#14724 = EDGE_LOOP('',(#14725,#14733,#14734,#14742,#14750,#14758,#14766,
    #14774,#14782,#14790,#14798,#14806));
#14725 = ORIENTED_EDGE('',*,*,#14726,.F.);
#14726 = EDGE_CURVE('',#14414,#14727,#14729,.T.);
#14727 = VERTEX_POINT('',#14728);
#14728 = CARTESIAN_POINT('',(-0.4625,-0.1875,1.5E-02));
#14729 = LINE('',#14730,#14731);
#14730 = CARTESIAN_POINT('',(-0.4625,-0.21875,1.5E-02));
#14731 = VECTOR('',#14732,1.);
#14732 = DIRECTION('',(0.,1.,0.));
#14733 = ORIENTED_EDGE('',*,*,#14476,.T.);
#14734 = ORIENTED_EDGE('',*,*,#14735,.F.);
#14735 = EDGE_CURVE('',#14736,#14469,#14738,.T.);
#14736 = VERTEX_POINT('',#14737);
#14737 = CARTESIAN_POINT('',(0.4625,-0.1875,1.5E-02));
#14738 = LINE('',#14739,#14740);
#14739 = CARTESIAN_POINT('',(0.4625,-0.28125,1.5E-02));
#14740 = VECTOR('',#14741,1.);
#14741 = DIRECTION('',(0.,-1.,0.));
#14742 = ORIENTED_EDGE('',*,*,#14743,.F.);
#14743 = EDGE_CURVE('',#14744,#14736,#14746,.T.);
#14744 = VERTEX_POINT('',#14745);
#14745 = CARTESIAN_POINT('',(0.35,-0.1875,1.5E-02));
#14746 = LINE('',#14747,#14748);
#14747 = CARTESIAN_POINT('',(-1.125E-02,-0.1875,1.5E-02));
#14748 = VECTOR('',#14749,1.);
#14749 = DIRECTION('',(1.,0.,-0.));
#14750 = ORIENTED_EDGE('',*,*,#14751,.T.);
#14751 = EDGE_CURVE('',#14744,#14752,#14754,.T.);
#14752 = VERTEX_POINT('',#14753);
#14753 = CARTESIAN_POINT('',(0.35,0.1875,1.5E-02));
#14754 = LINE('',#14755,#14756);
#14755 = CARTESIAN_POINT('',(0.35,-0.25,1.5E-02));
#14756 = VECTOR('',#14757,1.);
#14757 = DIRECTION('',(0.,1.,0.));
#14758 = ORIENTED_EDGE('',*,*,#14759,.F.);
#14759 = EDGE_CURVE('',#14760,#14752,#14762,.T.);
#14760 = VERTEX_POINT('',#14761);
#14761 = CARTESIAN_POINT('',(0.4625,0.1875,1.5E-02));
#14762 = LINE('',#14763,#14764);
#14763 = CARTESIAN_POINT('',(-0.47375,0.1875,1.5E-02));
#14764 = VECTOR('',#14765,1.);
#14765 = DIRECTION('',(-1.,0.,0.));
#14766 = ORIENTED_EDGE('',*,*,#14767,.F.);
#14767 = EDGE_CURVE('',#14768,#14760,#14770,.T.);
#14768 = VERTEX_POINT('',#14769);
#14769 = CARTESIAN_POINT('',(0.4625,0.25,1.5E-02));
#14770 = LINE('',#14771,#14772);
#14771 = CARTESIAN_POINT('',(0.4625,-3.125E-02,1.5E-02));
#14772 = VECTOR('',#14773,1.);
#14773 = DIRECTION('',(0.,-1.,0.));
#14774 = ORIENTED_EDGE('',*,*,#14775,.F.);
#14775 = EDGE_CURVE('',#14776,#14768,#14778,.T.);
#14776 = VERTEX_POINT('',#14777);
#14777 = CARTESIAN_POINT('',(-0.4625,0.25,1.5E-02));
#14778 = LINE('',#14779,#14780);
#14779 = CARTESIAN_POINT('',(-0.485,0.25,1.5E-02));
#14780 = VECTOR('',#14781,1.);
#14781 = DIRECTION('',(1.,0.,-0.));
#14782 = ORIENTED_EDGE('',*,*,#14783,.F.);
#14783 = EDGE_CURVE('',#14784,#14776,#14786,.T.);
#14784 = VERTEX_POINT('',#14785);
#14785 = CARTESIAN_POINT('',(-0.4625,0.1875,1.5E-02));
#14786 = LINE('',#14787,#14788);
#14787 = CARTESIAN_POINT('',(-0.4625,3.125E-02,1.5E-02));
#14788 = VECTOR('',#14789,1.);
#14789 = DIRECTION('',(0.,1.,0.));
#14790 = ORIENTED_EDGE('',*,*,#14791,.F.);
#14791 = EDGE_CURVE('',#14792,#14784,#14794,.T.);
#14792 = VERTEX_POINT('',#14793);
#14793 = CARTESIAN_POINT('',(-0.35,0.1875,1.5E-02));
#14794 = LINE('',#14795,#14796);
#14795 = CARTESIAN_POINT('',(-0.47375,0.1875,1.5E-02));
#14796 = VECTOR('',#14797,1.);
#14797 = DIRECTION('',(-1.,0.,0.));
#14798 = ORIENTED_EDGE('',*,*,#14799,.F.);
#14799 = EDGE_CURVE('',#14800,#14792,#14802,.T.);
#14800 = VERTEX_POINT('',#14801);
#14801 = CARTESIAN_POINT('',(-0.35,-0.1875,1.5E-02));
#14802 = LINE('',#14803,#14804);
#14803 = CARTESIAN_POINT('',(-0.35,-0.25,1.5E-02));
#14804 = VECTOR('',#14805,1.);
#14805 = DIRECTION('',(0.,1.,0.));
#14806 = ORIENTED_EDGE('',*,*,#14807,.F.);
#14807 = EDGE_CURVE('',#14727,#14800,#14808,.T.);
#14808 = LINE('',#14809,#14810);
#14809 = CARTESIAN_POINT('',(-1.125E-02,-0.1875,1.5E-02));
#14810 = VECTOR('',#14811,1.);
#14811 = DIRECTION('',(1.,0.,-0.));
#14812 = FACE_BOUND('',#14813,.F.);
#14813 = EDGE_LOOP('',(#14814,#14824,#14832));
#14814 = ORIENTED_EDGE('',*,*,#14815,.T.);
#14815 = EDGE_CURVE('',#14816,#14818,#14820,.T.);
#14816 = VERTEX_POINT('',#14817);
#14817 = CARTESIAN_POINT('',(0.173205080757,0.2,1.5E-02));
#14818 = VERTEX_POINT('',#14819);
#14819 = CARTESIAN_POINT('',(0.173205080757,-0.2,1.5E-02));
#14820 = LINE('',#14821,#14822);
#14821 = CARTESIAN_POINT('',(0.173205080757,0.2,1.5E-02));
#14822 = VECTOR('',#14823,1.);
#14823 = DIRECTION('',(0.,-1.,0.));
#14824 = ORIENTED_EDGE('',*,*,#14825,.T.);
#14825 = EDGE_CURVE('',#14818,#14826,#14828,.T.);
#14826 = VERTEX_POINT('',#14827);
#14827 = CARTESIAN_POINT('',(-0.173205080757,0.,1.5E-02));
#14828 = LINE('',#14829,#14830);
#14829 = CARTESIAN_POINT('',(0.173205080757,-0.2,1.5E-02));
#14830 = VECTOR('',#14831,1.);
#14831 = DIRECTION('',(-0.866025403784,0.5,0.));
#14832 = ORIENTED_EDGE('',*,*,#14833,.T.);
#14833 = EDGE_CURVE('',#14826,#14816,#14834,.T.);
#14834 = LINE('',#14835,#14836);
#14835 = CARTESIAN_POINT('',(-0.173205080757,0.,1.5E-02));
#14836 = VECTOR('',#14837,1.);
#14837 = DIRECTION('',(0.866025403784,0.5,0.));
#14838 = PLANE('',#14839);
#14839 = AXIS2_PLACEMENT_3D('',#14840,#14841,#14842);
#14840 = CARTESIAN_POINT('',(-0.485,-0.25,1.5E-02));
#14841 = DIRECTION('',(0.,0.,1.));
#14842 = DIRECTION('',(1.,0.,-0.));
#14843 = ADVANCED_FACE('',(#14844),#14905,.F.);
#14844 = FACE_BOUND('',#14845,.F.);
#14845 = EDGE_LOOP('',(#14846,#14856,#14862,#14863,#14864,#14865,#14873,
    #14881,#14890,#14898));
#14846 = ORIENTED_EDGE('',*,*,#14847,.F.);
#14847 = EDGE_CURVE('',#14848,#14850,#14852,.T.);
#14848 = VERTEX_POINT('',#14849);
#14849 = CARTESIAN_POINT('',(0.4625,-0.25,0.));
#14850 = VERTEX_POINT('',#14851);
#14851 = CARTESIAN_POINT('',(0.485,-0.25,-1.734723475977E-18));
#14852 = LINE('',#14853,#14854);
#14853 = CARTESIAN_POINT('',(0.35,-0.25,0.));
#14854 = VECTOR('',#14855,1.);
#14855 = DIRECTION('',(1.,0.,-0.));
#14856 = ORIENTED_EDGE('',*,*,#14857,.F.);
#14857 = EDGE_CURVE('',#14469,#14848,#14858,.T.);
#14858 = LINE('',#14859,#14860);
#14859 = CARTESIAN_POINT('',(0.4625,-0.25,0.15));
#14860 = VECTOR('',#14861,1.);
#14861 = DIRECTION('',(0.,0.,-1.));
#14862 = ORIENTED_EDGE('',*,*,#14468,.T.);
#14863 = ORIENTED_EDGE('',*,*,#14460,.T.);
#14864 = ORIENTED_EDGE('',*,*,#14452,.F.);
#14865 = ORIENTED_EDGE('',*,*,#14866,.F.);
#14866 = EDGE_CURVE('',#14867,#14445,#14869,.T.);
#14867 = VERTEX_POINT('',#14868);
#14868 = CARTESIAN_POINT('',(0.4625,-0.25,0.2));
#14869 = LINE('',#14870,#14871);
#14870 = CARTESIAN_POINT('',(0.4625,-0.25,0.15));
#14871 = VECTOR('',#14872,1.);
#14872 = DIRECTION('',(0.,0.,-1.));
#14873 = ORIENTED_EDGE('',*,*,#14874,.T.);
#14874 = EDGE_CURVE('',#14867,#14875,#14877,.T.);
#14875 = VERTEX_POINT('',#14876);
#14876 = CARTESIAN_POINT('',(0.485,-0.25,0.2));
#14877 = LINE('',#14878,#14879);
#14878 = CARTESIAN_POINT('',(0.35,-0.25,0.2));
#14879 = VECTOR('',#14880,1.);
#14880 = DIRECTION('',(1.,0.,-0.));
#14881 = ORIENTED_EDGE('',*,*,#14882,.F.);
#14882 = EDGE_CURVE('',#14883,#14875,#14885,.T.);
#14883 = VERTEX_POINT('',#14884);
#14884 = CARTESIAN_POINT('',(0.5,-0.25,0.185));
#14885 = CIRCLE('',#14886,1.5E-02);
#14886 = AXIS2_PLACEMENT_3D('',#14887,#14888,#14889);
#14887 = CARTESIAN_POINT('',(0.485,-0.25,0.185));
#14888 = DIRECTION('',(0.,-1.,0.));
#14889 = DIRECTION('',(0.,0.,1.));
#14890 = ORIENTED_EDGE('',*,*,#14891,.F.);
#14891 = EDGE_CURVE('',#14892,#14883,#14894,.T.);
#14892 = VERTEX_POINT('',#14893);
#14893 = CARTESIAN_POINT('',(0.5,-0.25,1.5E-02));
#14894 = LINE('',#14895,#14896);
#14895 = CARTESIAN_POINT('',(0.5,-0.25,0.));
#14896 = VECTOR('',#14897,1.);
#14897 = DIRECTION('',(0.,0.,1.));
#14898 = ORIENTED_EDGE('',*,*,#14899,.T.);
#14899 = EDGE_CURVE('',#14892,#14850,#14900,.T.);
#14900 = CIRCLE('',#14901,1.5E-02);
#14901 = AXIS2_PLACEMENT_3D('',#14902,#14903,#14904);
#14902 = CARTESIAN_POINT('',(0.485,-0.25,1.5E-02));
#14903 = DIRECTION('',(0.,1.,0.));
#14904 = DIRECTION('',(0.,-0.,1.));
#14905 = PLANE('',#14906);
#14906 = AXIS2_PLACEMENT_3D('',#14907,#14908,#14909);
#14907 = CARTESIAN_POINT('',(0.35,-0.25,0.));
#14908 = DIRECTION('',(0.,1.,0.));
#14909 = DIRECTION('',(0.,-0.,1.));
#14910 = ADVANCED_FACE('',(#14911),#14929,.T.);
#14911 = FACE_BOUND('',#14912,.T.);
#14912 = EDGE_LOOP('',(#14913,#14921,#14922,#14923));
#14913 = ORIENTED_EDGE('',*,*,#14914,.F.);
#14914 = EDGE_CURVE('',#14517,#14915,#14917,.T.);
#14915 = VERTEX_POINT('',#14916);
#14916 = CARTESIAN_POINT('',(0.4625,-0.1875,0.185));
#14917 = LINE('',#14918,#14919);
#14918 = CARTESIAN_POINT('',(-1.125E-02,-0.1875,0.185));
#14919 = VECTOR('',#14920,1.);
#14920 = DIRECTION('',(1.,0.,-0.));
#14921 = ORIENTED_EDGE('',*,*,#14516,.T.);
#14922 = ORIENTED_EDGE('',*,*,#14444,.T.);
#14923 = ORIENTED_EDGE('',*,*,#14924,.F.);
#14924 = EDGE_CURVE('',#14915,#14445,#14925,.T.);
#14925 = LINE('',#14926,#14927);
#14926 = CARTESIAN_POINT('',(0.4625,-0.28125,0.185));
#14927 = VECTOR('',#14928,1.);
#14928 = DIRECTION('',(0.,-1.,0.));
#14929 = PLANE('',#14930);
#14930 = AXIS2_PLACEMENT_3D('',#14931,#14932,#14933);
#14931 = CARTESIAN_POINT('',(-0.485,-0.25,0.185));
#14932 = DIRECTION('',(0.,0.,1.));
#14933 = DIRECTION('',(1.,0.,-0.));
#14934 = ADVANCED_FACE('',(#14935),#14960,.T.);
#14935 = FACE_BOUND('',#14936,.T.);
#14936 = EDGE_LOOP('',(#14937,#14945,#14946,#14954));
#14937 = ORIENTED_EDGE('',*,*,#14938,.F.);
#14938 = EDGE_CURVE('',#14533,#14939,#14941,.T.);
#14939 = VERTEX_POINT('',#14940);
#14940 = CARTESIAN_POINT('',(0.4625,0.25,0.185));
#14941 = LINE('',#14942,#14943);
#14942 = CARTESIAN_POINT('',(-0.485,0.25,0.185));
#14943 = VECTOR('',#14944,1.);
#14944 = DIRECTION('',(1.,0.,-0.));
#14945 = ORIENTED_EDGE('',*,*,#14532,.T.);
#14946 = ORIENTED_EDGE('',*,*,#14947,.F.);
#14947 = EDGE_CURVE('',#14948,#14525,#14950,.T.);
#14948 = VERTEX_POINT('',#14949);
#14949 = CARTESIAN_POINT('',(0.4625,0.1875,0.185));
#14950 = LINE('',#14951,#14952);
#14951 = CARTESIAN_POINT('',(-0.47375,0.1875,0.185));
#14952 = VECTOR('',#14953,1.);
#14953 = DIRECTION('',(-1.,0.,0.));
#14954 = ORIENTED_EDGE('',*,*,#14955,.F.);
#14955 = EDGE_CURVE('',#14939,#14948,#14956,.T.);
#14956 = LINE('',#14957,#14958);
#14957 = CARTESIAN_POINT('',(0.4625,-3.125E-02,0.185));
#14958 = VECTOR('',#14959,1.);
#14959 = DIRECTION('',(0.,-1.,0.));
#14960 = PLANE('',#14961);
#14961 = AXIS2_PLACEMENT_3D('',#14962,#14963,#14964);
#14962 = CARTESIAN_POINT('',(-0.485,-0.25,0.185));
#14963 = DIRECTION('',(0.,0.,1.));
#14964 = DIRECTION('',(1.,0.,-0.));
#14965 = ADVANCED_FACE('',(#14966),#14993,.T.);
#14966 = FACE_BOUND('',#14967,.T.);
#14967 = EDGE_LOOP('',(#14968,#14969,#14978,#14986));
#14968 = ORIENTED_EDGE('',*,*,#14524,.F.);
#14969 = ORIENTED_EDGE('',*,*,#14970,.T.);
#14970 = EDGE_CURVE('',#14517,#14971,#14973,.T.);
#14971 = VERTEX_POINT('',#14972);
#14972 = CARTESIAN_POINT('',(0.365,-0.1875,0.2));
#14973 = CIRCLE('',#14974,1.5E-02);
#14974 = AXIS2_PLACEMENT_3D('',#14975,#14976,#14977);
#14975 = CARTESIAN_POINT('',(0.365,-0.1875,0.185));
#14976 = DIRECTION('',(0.,1.,0.));
#14977 = DIRECTION('',(-1.,0.,0.));
#14978 = ORIENTED_EDGE('',*,*,#14979,.T.);
#14979 = EDGE_CURVE('',#14971,#14980,#14982,.T.);
#14980 = VERTEX_POINT('',#14981);
#14981 = CARTESIAN_POINT('',(0.365,0.1875,0.2));
#14982 = LINE('',#14983,#14984);
#14983 = CARTESIAN_POINT('',(0.365,-0.25,0.2));
#14984 = VECTOR('',#14985,1.);
#14985 = DIRECTION('',(0.,1.,0.));
#14986 = ORIENTED_EDGE('',*,*,#14987,.F.);
#14987 = EDGE_CURVE('',#14525,#14980,#14988,.T.);
#14988 = CIRCLE('',#14989,1.5E-02);
#14989 = AXIS2_PLACEMENT_3D('',#14990,#14991,#14992);
#14990 = CARTESIAN_POINT('',(0.365,0.1875,0.185));
#14991 = DIRECTION('',(0.,1.,0.));
#14992 = DIRECTION('',(-1.,0.,0.));
#14993 = CYLINDRICAL_SURFACE('',#14994,1.5E-02);
#14994 = AXIS2_PLACEMENT_3D('',#14995,#14996,#14997);
#14995 = CARTESIAN_POINT('',(0.365,-0.25,0.185));
#14996 = DIRECTION('',(0.,1.,0.));
#14997 = DIRECTION('',(-1.,0.,0.));
#14998 = ADVANCED_FACE('',(#14999),#15049,.T.);
#14999 = FACE_BOUND('',#15000,.T.);
#15000 = EDGE_LOOP('',(#15001,#15009,#15017,#15023,#15024,#15025,#15026,
    #15034,#15042,#15048));
#15001 = ORIENTED_EDGE('',*,*,#15002,.F.);
#15002 = EDGE_CURVE('',#15003,#14776,#15005,.T.);
#15003 = VERTEX_POINT('',#15004);
#15004 = CARTESIAN_POINT('',(-0.485,0.25,1.5E-02));
#15005 = LINE('',#15006,#15007);
#15006 = CARTESIAN_POINT('',(-0.485,0.25,1.5E-02));
#15007 = VECTOR('',#15008,1.);
#15008 = DIRECTION('',(1.,0.,-0.));
#15009 = ORIENTED_EDGE('',*,*,#15010,.T.);
#15010 = EDGE_CURVE('',#15003,#15011,#15013,.T.);
#15011 = VERTEX_POINT('',#15012);
#15012 = CARTESIAN_POINT('',(-0.485,0.25,0.185));
#15013 = LINE('',#15014,#15015);
#15014 = CARTESIAN_POINT('',(-0.485,0.25,1.5E-02));
#15015 = VECTOR('',#15016,1.);
#15016 = DIRECTION('',(0.,0.,1.));
#15017 = ORIENTED_EDGE('',*,*,#15018,.T.);
#15018 = EDGE_CURVE('',#15011,#14555,#15019,.T.);
#15019 = LINE('',#15020,#15021);
#15020 = CARTESIAN_POINT('',(-0.485,0.25,0.185));
#15021 = VECTOR('',#15022,1.);
#15022 = DIRECTION('',(1.,0.,-0.));
#15023 = ORIENTED_EDGE('',*,*,#14554,.T.);
#15024 = ORIENTED_EDGE('',*,*,#14588,.F.);
#15025 = ORIENTED_EDGE('',*,*,#14938,.T.);
#15026 = ORIENTED_EDGE('',*,*,#15027,.T.);
#15027 = EDGE_CURVE('',#14939,#15028,#15030,.T.);
#15028 = VERTEX_POINT('',#15029);
#15029 = CARTESIAN_POINT('',(0.485,0.25,0.185));
#15030 = LINE('',#15031,#15032);
#15031 = CARTESIAN_POINT('',(-0.485,0.25,0.185));
#15032 = VECTOR('',#15033,1.);
#15033 = DIRECTION('',(1.,0.,-0.));
#15034 = ORIENTED_EDGE('',*,*,#15035,.F.);
#15035 = EDGE_CURVE('',#15036,#15028,#15038,.T.);
#15036 = VERTEX_POINT('',#15037);
#15037 = CARTESIAN_POINT('',(0.485,0.25,1.5E-02));
#15038 = LINE('',#15039,#15040);
#15039 = CARTESIAN_POINT('',(0.485,0.25,1.5E-02));
#15040 = VECTOR('',#15041,1.);
#15041 = DIRECTION('',(0.,0.,1.));
#15042 = ORIENTED_EDGE('',*,*,#15043,.F.);
#15043 = EDGE_CURVE('',#14768,#15036,#15044,.T.);
#15044 = LINE('',#15045,#15046);
#15045 = CARTESIAN_POINT('',(-0.485,0.25,1.5E-02));
#15046 = VECTOR('',#15047,1.);
#15047 = DIRECTION('',(1.,0.,-0.));
#15048 = ORIENTED_EDGE('',*,*,#14775,.F.);
#15049 = PLANE('',#15050);
#15050 = AXIS2_PLACEMENT_3D('',#15051,#15052,#15053);
#15051 = CARTESIAN_POINT('',(-0.485,0.25,1.5E-02));
#15052 = DIRECTION('',(0.,1.,0.));
#15053 = DIRECTION('',(0.,-0.,1.));
#15054 = ADVANCED_FACE('',(#15055),#15073,.F.);
#15055 = FACE_BOUND('',#15056,.F.);
#15056 = EDGE_LOOP('',(#15057,#15065,#15071,#15072));
#15057 = ORIENTED_EDGE('',*,*,#15058,.F.);
#15058 = EDGE_CURVE('',#15059,#14603,#15061,.T.);
#15059 = VERTEX_POINT('',#15060);
#15060 = CARTESIAN_POINT('',(-0.4625,0.1875,0.2));
#15061 = LINE('',#15062,#15063);
#15062 = CARTESIAN_POINT('',(-0.48125,0.1875,0.2));
#15063 = VECTOR('',#15064,1.);
#15064 = DIRECTION('',(1.,0.,-0.));
#15065 = ORIENTED_EDGE('',*,*,#15066,.T.);
#15066 = EDGE_CURVE('',#15059,#14563,#15067,.T.);
#15067 = LINE('',#15068,#15069);
#15068 = CARTESIAN_POINT('',(-0.4625,0.1875,0.3));
#15069 = VECTOR('',#15070,1.);
#15070 = DIRECTION('',(0.,0.,-1.));
#15071 = ORIENTED_EDGE('',*,*,#14570,.F.);
#15072 = ORIENTED_EDGE('',*,*,#14602,.F.);
#15073 = PLANE('',#15074);
#15074 = AXIS2_PLACEMENT_3D('',#15075,#15076,#15077);
#15075 = CARTESIAN_POINT('',(-0.4625,0.1875,0.3));
#15076 = DIRECTION('',(0.,-1.,0.));
#15077 = DIRECTION('',(1.,0.,0.));
#15078 = ADVANCED_FACE('',(#15079),#15097,.F.);
#15079 = FACE_BOUND('',#15080,.F.);
#15080 = EDGE_LOOP('',(#15081,#15082,#15090,#15096));
#15081 = ORIENTED_EDGE('',*,*,#15066,.F.);
#15082 = ORIENTED_EDGE('',*,*,#15083,.F.);
#15083 = EDGE_CURVE('',#15084,#15059,#15086,.T.);
#15084 = VERTEX_POINT('',#15085);
#15085 = CARTESIAN_POINT('',(-0.4625,0.25,0.2));
#15086 = LINE('',#15087,#15088);
#15087 = CARTESIAN_POINT('',(-0.4625,3.125E-02,0.2));
#15088 = VECTOR('',#15089,1.);
#15089 = DIRECTION('',(0.,-1.,0.));
#15090 = ORIENTED_EDGE('',*,*,#15091,.F.);
#15091 = EDGE_CURVE('',#14555,#15084,#15092,.T.);
#15092 = LINE('',#15093,#15094);
#15093 = CARTESIAN_POINT('',(-0.4625,0.25,0.15));
#15094 = VECTOR('',#15095,1.);
#15095 = DIRECTION('',(0.,0.,1.));
#15096 = ORIENTED_EDGE('',*,*,#14562,.F.);
#15097 = PLANE('',#15098);
#15098 = AXIS2_PLACEMENT_3D('',#15099,#15100,#15101);
#15099 = CARTESIAN_POINT('',(-0.4625,0.3125,0.3));
#15100 = DIRECTION('',(-1.,0.,0.));
#15101 = DIRECTION('',(0.,-1.,0.));
#15102 = ADVANCED_FACE('',(#15103),#15121,.F.);
#15103 = FACE_BOUND('',#15104,.F.);
#15104 = EDGE_LOOP('',(#15105,#15113,#15119,#15120));
#15105 = ORIENTED_EDGE('',*,*,#15106,.F.);
#15106 = EDGE_CURVE('',#15107,#14636,#15109,.T.);
#15107 = VERTEX_POINT('',#15108);
#15108 = CARTESIAN_POINT('',(-0.4625,-0.1875,0.2));
#15109 = LINE('',#15110,#15111);
#15110 = CARTESIAN_POINT('',(-0.4625,-0.1875,0.3));
#15111 = VECTOR('',#15112,1.);
#15112 = DIRECTION('',(0.,0.,-1.));
#15113 = ORIENTED_EDGE('',*,*,#15114,.F.);
#15114 = EDGE_CURVE('',#14612,#15107,#15115,.T.);
#15115 = LINE('',#15116,#15117);
#15116 = CARTESIAN_POINT('',(-1.875E-02,-0.1875,0.2));
#15117 = VECTOR('',#15118,1.);
#15118 = DIRECTION('',(-1.,0.,0.));
#15119 = ORIENTED_EDGE('',*,*,#14619,.T.);
#15120 = ORIENTED_EDGE('',*,*,#14645,.F.);
#15121 = PLANE('',#15122);
#15122 = AXIS2_PLACEMENT_3D('',#15123,#15124,#15125);
#15123 = CARTESIAN_POINT('',(0.4625,-0.1875,0.3));
#15124 = DIRECTION('',(0.,1.,0.));
#15125 = DIRECTION('',(-1.,0.,0.));
#15126 = ADVANCED_FACE('',(#15127),#15154,.T.);
#15127 = FACE_BOUND('',#15128,.T.);
#15128 = EDGE_LOOP('',(#15129,#15137,#15143,#15144,#15150,#15151,#15152,
    #15153));
#15129 = ORIENTED_EDGE('',*,*,#15130,.F.);
#15130 = EDGE_CURVE('',#15131,#15084,#15133,.T.);
#15131 = VERTEX_POINT('',#15132);
#15132 = CARTESIAN_POINT('',(-0.485,0.25,0.2));
#15133 = LINE('',#15134,#15135);
#15134 = CARTESIAN_POINT('',(-0.5,0.25,0.2));
#15135 = VECTOR('',#15136,1.);
#15136 = DIRECTION('',(1.,0.,-0.));
#15137 = ORIENTED_EDGE('',*,*,#15138,.F.);
#15138 = EDGE_CURVE('',#14687,#15131,#15139,.T.);
#15139 = LINE('',#15140,#15141);
#15140 = CARTESIAN_POINT('',(-0.485,-0.25,0.2));
#15141 = VECTOR('',#15142,1.);
#15142 = DIRECTION('',(0.,1.,0.));
#15143 = ORIENTED_EDGE('',*,*,#14695,.T.);
#15144 = ORIENTED_EDGE('',*,*,#15145,.F.);
#15145 = EDGE_CURVE('',#15107,#14696,#15146,.T.);
#15146 = LINE('',#15147,#15148);
#15147 = CARTESIAN_POINT('',(-0.4625,-0.21875,0.2));
#15148 = VECTOR('',#15149,1.);
#15149 = DIRECTION('',(0.,-1.,0.));
#15150 = ORIENTED_EDGE('',*,*,#15114,.F.);
#15151 = ORIENTED_EDGE('',*,*,#14611,.T.);
#15152 = ORIENTED_EDGE('',*,*,#15058,.F.);
#15153 = ORIENTED_EDGE('',*,*,#15083,.F.);
#15154 = PLANE('',#15155);
#15155 = AXIS2_PLACEMENT_3D('',#15156,#15157,#15158);
#15156 = CARTESIAN_POINT('',(-0.5,-0.25,0.2));
#15157 = DIRECTION('',(0.,0.,1.));
#15158 = DIRECTION('',(1.,0.,-0.));
#15159 = ADVANCED_FACE('',(#15160),#15166,.F.);
#15160 = FACE_BOUND('',#15161,.F.);
#15161 = EDGE_LOOP('',(#15162,#15163,#15164,#15165));
#15162 = ORIENTED_EDGE('',*,*,#15145,.F.);
#15163 = ORIENTED_EDGE('',*,*,#15106,.T.);
#15164 = ORIENTED_EDGE('',*,*,#14635,.F.);
#15165 = ORIENTED_EDGE('',*,*,#14703,.T.);
#15166 = PLANE('',#15167);
#15167 = AXIS2_PLACEMENT_3D('',#15168,#15169,#15170);
#15168 = CARTESIAN_POINT('',(-0.4625,-0.1875,0.3));
#15169 = DIRECTION('',(-1.,0.,0.));
#15170 = DIRECTION('',(0.,-1.,0.));
#15171 = ADVANCED_FACE('',(#15172),#15229,.F.);
#15172 = FACE_BOUND('',#15173,.F.);
#15173 = EDGE_LOOP('',(#15174,#15184,#15190,#15191,#15199,#15207,#15215,
    #15223));
#15174 = ORIENTED_EDGE('',*,*,#15175,.F.);
#15175 = EDGE_CURVE('',#15176,#15178,#15180,.T.);
#15176 = VERTEX_POINT('',#15177);
#15177 = CARTESIAN_POINT('',(-0.485,0.25,-1.734723475977E-18));
#15178 = VERTEX_POINT('',#15179);
#15179 = CARTESIAN_POINT('',(-0.4625,0.25,0.));
#15180 = LINE('',#15181,#15182);
#15181 = CARTESIAN_POINT('',(-0.5,0.25,0.));
#15182 = VECTOR('',#15183,1.);
#15183 = DIRECTION('',(1.,0.,-0.));
#15184 = ORIENTED_EDGE('',*,*,#15185,.F.);
#15185 = EDGE_CURVE('',#14660,#15176,#15186,.T.);
#15186 = LINE('',#15187,#15188);
#15187 = CARTESIAN_POINT('',(-0.485,-0.25,-1.734723475977E-18));
#15188 = VECTOR('',#15189,1.);
#15189 = DIRECTION('',(0.,1.,0.));
#15190 = ORIENTED_EDGE('',*,*,#14659,.T.);
#15191 = ORIENTED_EDGE('',*,*,#15192,.F.);
#15192 = EDGE_CURVE('',#15193,#14662,#15195,.T.);
#15193 = VERTEX_POINT('',#15194);
#15194 = CARTESIAN_POINT('',(-0.4625,-0.1875,0.));
#15195 = LINE('',#15196,#15197);
#15196 = CARTESIAN_POINT('',(-0.4625,-0.21875,0.));
#15197 = VECTOR('',#15198,1.);
#15198 = DIRECTION('',(0.,-1.,0.));
#15199 = ORIENTED_EDGE('',*,*,#15200,.F.);
#15200 = EDGE_CURVE('',#15201,#15193,#15203,.T.);
#15201 = VERTEX_POINT('',#15202);
#15202 = CARTESIAN_POINT('',(-0.365,-0.1875,-1.734723475977E-18));
#15203 = LINE('',#15204,#15205);
#15204 = CARTESIAN_POINT('',(-1.875E-02,-0.1875,0.));
#15205 = VECTOR('',#15206,1.);
#15206 = DIRECTION('',(-1.,0.,0.));
#15207 = ORIENTED_EDGE('',*,*,#15208,.T.);
#15208 = EDGE_CURVE('',#15201,#15209,#15211,.T.);
#15209 = VERTEX_POINT('',#15210);
#15210 = CARTESIAN_POINT('',(-0.365,0.1875,-1.734723475977E-18));
#15211 = LINE('',#15212,#15213);
#15212 = CARTESIAN_POINT('',(-0.365,-0.25,-1.734723475977E-18));
#15213 = VECTOR('',#15214,1.);
#15214 = DIRECTION('',(0.,1.,0.));
#15215 = ORIENTED_EDGE('',*,*,#15216,.F.);
#15216 = EDGE_CURVE('',#15217,#15209,#15219,.T.);
#15217 = VERTEX_POINT('',#15218);
#15218 = CARTESIAN_POINT('',(-0.4625,0.1875,0.));
#15219 = LINE('',#15220,#15221);
#15220 = CARTESIAN_POINT('',(-0.48125,0.1875,0.));
#15221 = VECTOR('',#15222,1.);
#15222 = DIRECTION('',(1.,0.,-0.));
#15223 = ORIENTED_EDGE('',*,*,#15224,.F.);
#15224 = EDGE_CURVE('',#15178,#15217,#15225,.T.);
#15225 = LINE('',#15226,#15227);
#15226 = CARTESIAN_POINT('',(-0.4625,3.125E-02,0.));
#15227 = VECTOR('',#15228,1.);
#15228 = DIRECTION('',(0.,-1.,0.));
#15229 = PLANE('',#15230);
#15230 = AXIS2_PLACEMENT_3D('',#15231,#15232,#15233);
#15231 = CARTESIAN_POINT('',(-0.5,-0.25,0.));
#15232 = DIRECTION('',(0.,0.,1.));
#15233 = DIRECTION('',(1.,0.,-0.));
#15234 = ADVANCED_FACE('',(#15235),#15254,.T.);
#15235 = FACE_BOUND('',#15236,.T.);
#15236 = EDGE_LOOP('',(#15237,#15245,#15252,#15253));
#15237 = ORIENTED_EDGE('',*,*,#15238,.T.);
#15238 = EDGE_CURVE('',#14670,#15239,#15241,.T.);
#15239 = VERTEX_POINT('',#15240);
#15240 = CARTESIAN_POINT('',(-0.5,0.25,1.5E-02));
#15241 = LINE('',#15242,#15243);
#15242 = CARTESIAN_POINT('',(-0.5,-0.25,1.5E-02));
#15243 = VECTOR('',#15244,1.);
#15244 = DIRECTION('',(0.,1.,0.));
#15245 = ORIENTED_EDGE('',*,*,#15246,.T.);
#15246 = EDGE_CURVE('',#15239,#15176,#15247,.T.);
#15247 = CIRCLE('',#15248,1.5E-02);
#15248 = AXIS2_PLACEMENT_3D('',#15249,#15250,#15251);
#15249 = CARTESIAN_POINT('',(-0.485,0.25,1.5E-02));
#15250 = DIRECTION('',(0.,-1.,0.));
#15251 = DIRECTION('',(0.,0.,1.));
#15252 = ORIENTED_EDGE('',*,*,#15185,.F.);
#15253 = ORIENTED_EDGE('',*,*,#14669,.F.);
#15254 = CYLINDRICAL_SURFACE('',#15255,1.5E-02);
#15255 = AXIS2_PLACEMENT_3D('',#15256,#15257,#15258);
#15256 = CARTESIAN_POINT('',(-0.485,-0.25,1.5E-02));
#15257 = DIRECTION('',(0.,1.,0.));
#15258 = DIRECTION('',(-1.,0.,0.));
#15259 = ADVANCED_FACE('',(#15260),#15271,.F.);
#15260 = FACE_BOUND('',#15261,.F.);
#15261 = EDGE_LOOP('',(#15262,#15263,#15269,#15270));
#15262 = ORIENTED_EDGE('',*,*,#14726,.T.);
#15263 = ORIENTED_EDGE('',*,*,#15264,.T.);
#15264 = EDGE_CURVE('',#14727,#15193,#15265,.T.);
#15265 = LINE('',#15266,#15267);
#15266 = CARTESIAN_POINT('',(-0.4625,-0.1875,0.3));
#15267 = VECTOR('',#15268,1.);
#15268 = DIRECTION('',(0.,0.,-1.));
#15269 = ORIENTED_EDGE('',*,*,#15192,.T.);
#15270 = ORIENTED_EDGE('',*,*,#14712,.T.);
#15271 = PLANE('',#15272);
#15272 = AXIS2_PLACEMENT_3D('',#15273,#15274,#15275);
#15273 = CARTESIAN_POINT('',(-0.4625,-0.1875,0.3));
#15274 = DIRECTION('',(-1.,0.,0.));
#15275 = DIRECTION('',(0.,-1.,0.));
#15276 = ADVANCED_FACE('',(#15277),#15295,.F.);
#15277 = FACE_BOUND('',#15278,.F.);
#15278 = EDGE_LOOP('',(#15279,#15280,#15281,#15289));
#15279 = ORIENTED_EDGE('',*,*,#14678,.F.);
#15280 = ORIENTED_EDGE('',*,*,#15238,.T.);
#15281 = ORIENTED_EDGE('',*,*,#15282,.T.);
#15282 = EDGE_CURVE('',#15239,#15283,#15285,.T.);
#15283 = VERTEX_POINT('',#15284);
#15284 = CARTESIAN_POINT('',(-0.5,0.25,0.185));
#15285 = LINE('',#15286,#15287);
#15286 = CARTESIAN_POINT('',(-0.5,0.25,0.));
#15287 = VECTOR('',#15288,1.);
#15288 = DIRECTION('',(0.,0.,1.));
#15289 = ORIENTED_EDGE('',*,*,#15290,.F.);
#15290 = EDGE_CURVE('',#14679,#15283,#15291,.T.);
#15291 = LINE('',#15292,#15293);
#15292 = CARTESIAN_POINT('',(-0.5,-0.25,0.185));
#15293 = VECTOR('',#15294,1.);
#15294 = DIRECTION('',(0.,1.,0.));
#15295 = PLANE('',#15296);
#15296 = AXIS2_PLACEMENT_3D('',#15297,#15298,#15299);
#15297 = CARTESIAN_POINT('',(-0.5,-0.25,0.));
#15298 = DIRECTION('',(1.,0.,-0.));
#15299 = DIRECTION('',(0.,0.,1.));
#15300 = ADVANCED_FACE('',(#15301),#15313,.T.);
#15301 = FACE_BOUND('',#15302,.T.);
#15302 = EDGE_LOOP('',(#15303,#15304,#15305,#15312));
#15303 = ORIENTED_EDGE('',*,*,#14686,.T.);
#15304 = ORIENTED_EDGE('',*,*,#15138,.T.);
#15305 = ORIENTED_EDGE('',*,*,#15306,.F.);
#15306 = EDGE_CURVE('',#15283,#15131,#15307,.T.);
#15307 = CIRCLE('',#15308,1.5E-02);
#15308 = AXIS2_PLACEMENT_3D('',#15309,#15310,#15311);
#15309 = CARTESIAN_POINT('',(-0.485,0.25,0.185));
#15310 = DIRECTION('',(0.,1.,0.));
#15311 = DIRECTION('',(0.,-0.,1.));
#15312 = ORIENTED_EDGE('',*,*,#15290,.F.);
#15313 = CYLINDRICAL_SURFACE('',#15314,1.5E-02);
#15314 = AXIS2_PLACEMENT_3D('',#15315,#15316,#15317);
#15315 = CARTESIAN_POINT('',(-0.485,-0.25,0.185));
#15316 = DIRECTION('',(0.,1.,0.));
#15317 = DIRECTION('',(-1.,0.,0.));
#15318 = ADVANCED_FACE('',(#15319),#15331,.F.);
#15319 = FACE_BOUND('',#15320,.F.);
#15320 = EDGE_LOOP('',(#15321,#15322,#15323,#15330));
#15321 = ORIENTED_EDGE('',*,*,#15264,.F.);
#15322 = ORIENTED_EDGE('',*,*,#14807,.T.);
#15323 = ORIENTED_EDGE('',*,*,#15324,.T.);
#15324 = EDGE_CURVE('',#14800,#15201,#15325,.T.);
#15325 = CIRCLE('',#15326,1.5E-02);
#15326 = AXIS2_PLACEMENT_3D('',#15327,#15328,#15329);
#15327 = CARTESIAN_POINT('',(-0.365,-0.1875,1.5E-02));
#15328 = DIRECTION('',(0.,1.,0.));
#15329 = DIRECTION('',(1.,0.,-0.));
#15330 = ORIENTED_EDGE('',*,*,#15200,.T.);
#15331 = PLANE('',#15332);
#15332 = AXIS2_PLACEMENT_3D('',#15333,#15334,#15335);
#15333 = CARTESIAN_POINT('',(0.4625,-0.1875,0.3));
#15334 = DIRECTION('',(0.,1.,0.));
#15335 = DIRECTION('',(-1.,0.,0.));
#15336 = ADVANCED_FACE('',(#15337),#15349,.T.);
#15337 = FACE_BOUND('',#15338,.T.);
#15338 = EDGE_LOOP('',(#15339,#15340,#15341,#15342));
#15339 = ORIENTED_EDGE('',*,*,#14799,.F.);
#15340 = ORIENTED_EDGE('',*,*,#15324,.T.);
#15341 = ORIENTED_EDGE('',*,*,#15208,.T.);
#15342 = ORIENTED_EDGE('',*,*,#15343,.F.);
#15343 = EDGE_CURVE('',#14792,#15209,#15344,.T.);
#15344 = CIRCLE('',#15345,1.5E-02);
#15345 = AXIS2_PLACEMENT_3D('',#15346,#15347,#15348);
#15346 = CARTESIAN_POINT('',(-0.365,0.1875,1.5E-02));
#15347 = DIRECTION('',(0.,1.,0.));
#15348 = DIRECTION('',(1.,0.,-0.));
#15349 = CYLINDRICAL_SURFACE('',#15350,1.5E-02);
#15350 = AXIS2_PLACEMENT_3D('',#15351,#15352,#15353);
#15351 = CARTESIAN_POINT('',(-0.365,-0.25,1.5E-02));
#15352 = DIRECTION('',(0.,1.,0.));
#15353 = DIRECTION('',(1.,0.,-0.));
#15354 = ADVANCED_FACE('',(#15355),#15366,.F.);
#15355 = FACE_BOUND('',#15356,.F.);
#15356 = EDGE_LOOP('',(#15357,#15358,#15364,#15365));
#15357 = ORIENTED_EDGE('',*,*,#14791,.T.);
#15358 = ORIENTED_EDGE('',*,*,#15359,.T.);
#15359 = EDGE_CURVE('',#14784,#15217,#15360,.T.);
#15360 = LINE('',#15361,#15362);
#15361 = CARTESIAN_POINT('',(-0.4625,0.1875,0.3));
#15362 = VECTOR('',#15363,1.);
#15363 = DIRECTION('',(0.,0.,-1.));
#15364 = ORIENTED_EDGE('',*,*,#15216,.T.);
#15365 = ORIENTED_EDGE('',*,*,#15343,.F.);
#15366 = PLANE('',#15367);
#15367 = AXIS2_PLACEMENT_3D('',#15368,#15369,#15370);
#15368 = CARTESIAN_POINT('',(-0.4625,0.1875,0.3));
#15369 = DIRECTION('',(0.,-1.,0.));
#15370 = DIRECTION('',(1.,0.,0.));
#15371 = ADVANCED_FACE('',(#15372),#15383,.F.);
#15372 = FACE_BOUND('',#15373,.F.);
#15373 = EDGE_LOOP('',(#15374,#15375,#15376,#15382));
#15374 = ORIENTED_EDGE('',*,*,#15359,.F.);
#15375 = ORIENTED_EDGE('',*,*,#14783,.T.);
#15376 = ORIENTED_EDGE('',*,*,#15377,.F.);
#15377 = EDGE_CURVE('',#15178,#14776,#15378,.T.);
#15378 = LINE('',#15379,#15380);
#15379 = CARTESIAN_POINT('',(-0.4625,0.25,0.15));
#15380 = VECTOR('',#15381,1.);
#15381 = DIRECTION('',(0.,0.,1.));
#15382 = ORIENTED_EDGE('',*,*,#15224,.T.);
#15383 = PLANE('',#15384);
#15384 = AXIS2_PLACEMENT_3D('',#15385,#15386,#15387);
#15385 = CARTESIAN_POINT('',(-0.4625,0.3125,0.3));
#15386 = DIRECTION('',(-1.,0.,0.));
#15387 = DIRECTION('',(0.,-1.,0.));
#15388 = ADVANCED_FACE('',(#15389),#15414,.F.);
#15389 = FACE_BOUND('',#15390,.F.);
#15390 = EDGE_LOOP('',(#15391,#15392,#15400,#15408));
#15391 = ORIENTED_EDGE('',*,*,#14767,.T.);
#15392 = ORIENTED_EDGE('',*,*,#15393,.T.);
#15393 = EDGE_CURVE('',#14760,#15394,#15396,.T.);
#15394 = VERTEX_POINT('',#15395);
#15395 = CARTESIAN_POINT('',(0.4625,0.1875,0.));
#15396 = LINE('',#15397,#15398);
#15397 = CARTESIAN_POINT('',(0.4625,0.1875,0.3));
#15398 = VECTOR('',#15399,1.);
#15399 = DIRECTION('',(0.,0.,-1.));
#15400 = ORIENTED_EDGE('',*,*,#15401,.T.);
#15401 = EDGE_CURVE('',#15394,#15402,#15404,.T.);
#15402 = VERTEX_POINT('',#15403);
#15403 = CARTESIAN_POINT('',(0.4625,0.25,0.));
#15404 = LINE('',#15405,#15406);
#15405 = CARTESIAN_POINT('',(0.4625,-3.125E-02,0.));
#15406 = VECTOR('',#15407,1.);
#15407 = DIRECTION('',(0.,1.,0.));
#15408 = ORIENTED_EDGE('',*,*,#15409,.F.);
#15409 = EDGE_CURVE('',#14768,#15402,#15410,.T.);
#15410 = LINE('',#15411,#15412);
#15411 = CARTESIAN_POINT('',(0.4625,0.25,0.15));
#15412 = VECTOR('',#15413,1.);
#15413 = DIRECTION('',(0.,0.,-1.));
#15414 = PLANE('',#15415);
#15415 = AXIS2_PLACEMENT_3D('',#15416,#15417,#15418);
#15416 = CARTESIAN_POINT('',(0.4625,0.1875,0.3));
#15417 = DIRECTION('',(1.,0.,-0.));
#15418 = DIRECTION('',(0.,1.,0.));
#15419 = ADVANCED_FACE('',(#15420),#15439,.F.);
#15420 = FACE_BOUND('',#15421,.F.);
#15421 = EDGE_LOOP('',(#15422,#15423,#15424,#15433));
#15422 = ORIENTED_EDGE('',*,*,#15393,.F.);
#15423 = ORIENTED_EDGE('',*,*,#14759,.T.);
#15424 = ORIENTED_EDGE('',*,*,#15425,.F.);
#15425 = EDGE_CURVE('',#15426,#14752,#15428,.T.);
#15426 = VERTEX_POINT('',#15427);
#15427 = CARTESIAN_POINT('',(0.365,0.1875,-1.734723475977E-18));
#15428 = CIRCLE('',#15429,1.5E-02);
#15429 = AXIS2_PLACEMENT_3D('',#15430,#15431,#15432);
#15430 = CARTESIAN_POINT('',(0.365,0.1875,1.5E-02));
#15431 = DIRECTION('',(0.,1.,0.));
#15432 = DIRECTION('',(-1.,0.,0.));
#15433 = ORIENTED_EDGE('',*,*,#15434,.T.);
#15434 = EDGE_CURVE('',#15426,#15394,#15435,.T.);
#15435 = LINE('',#15436,#15437);
#15436 = CARTESIAN_POINT('',(-5.625E-02,0.1875,0.));
#15437 = VECTOR('',#15438,1.);
#15438 = DIRECTION('',(1.,0.,-0.));
#15439 = PLANE('',#15440);
#15440 = AXIS2_PLACEMENT_3D('',#15441,#15442,#15443);
#15441 = CARTESIAN_POINT('',(-0.4625,0.1875,0.3));
#15442 = DIRECTION('',(0.,-1.,0.));
#15443 = DIRECTION('',(1.,0.,0.));
#15444 = ADVANCED_FACE('',(#15445),#15464,.T.);
#15445 = FACE_BOUND('',#15446,.T.);
#15446 = EDGE_LOOP('',(#15447,#15448,#15456,#15463));
#15447 = ORIENTED_EDGE('',*,*,#15425,.F.);
#15448 = ORIENTED_EDGE('',*,*,#15449,.F.);
#15449 = EDGE_CURVE('',#15450,#15426,#15452,.T.);
#15450 = VERTEX_POINT('',#15451);
#15451 = CARTESIAN_POINT('',(0.365,-0.1875,-1.734723475977E-18));
#15452 = LINE('',#15453,#15454);
#15453 = CARTESIAN_POINT('',(0.365,-0.25,-1.734723475977E-18));
#15454 = VECTOR('',#15455,1.);
#15455 = DIRECTION('',(0.,1.,0.));
#15456 = ORIENTED_EDGE('',*,*,#15457,.T.);
#15457 = EDGE_CURVE('',#15450,#14744,#15458,.T.);
#15458 = CIRCLE('',#15459,1.5E-02);
#15459 = AXIS2_PLACEMENT_3D('',#15460,#15461,#15462);
#15460 = CARTESIAN_POINT('',(0.365,-0.1875,1.5E-02));
#15461 = DIRECTION('',(0.,1.,0.));
#15462 = DIRECTION('',(-1.,0.,0.));
#15463 = ORIENTED_EDGE('',*,*,#14751,.T.);
#15464 = CYLINDRICAL_SURFACE('',#15465,1.5E-02);
#15465 = AXIS2_PLACEMENT_3D('',#15466,#15467,#15468);
#15466 = CARTESIAN_POINT('',(0.365,-0.25,1.5E-02));
#15467 = DIRECTION('',(0.,1.,0.));
#15468 = DIRECTION('',(-1.,0.,0.));
#15469 = ADVANCED_FACE('',(#15470),#15488,.F.);
#15470 = FACE_BOUND('',#15471,.F.);
#15471 = EDGE_LOOP('',(#15472,#15473,#15481,#15487));
#15472 = ORIENTED_EDGE('',*,*,#14743,.T.);
#15473 = ORIENTED_EDGE('',*,*,#15474,.T.);
#15474 = EDGE_CURVE('',#14736,#15475,#15477,.T.);
#15475 = VERTEX_POINT('',#15476);
#15476 = CARTESIAN_POINT('',(0.4625,-0.1875,0.));
#15477 = LINE('',#15478,#15479);
#15478 = CARTESIAN_POINT('',(0.4625,-0.1875,0.3));
#15479 = VECTOR('',#15480,1.);
#15480 = DIRECTION('',(0.,0.,-1.));
#15481 = ORIENTED_EDGE('',*,*,#15482,.T.);
#15482 = EDGE_CURVE('',#15475,#15450,#15483,.T.);
#15483 = LINE('',#15484,#15485);
#15484 = CARTESIAN_POINT('',(0.40625,-0.1875,0.));
#15485 = VECTOR('',#15486,1.);
#15486 = DIRECTION('',(-1.,0.,0.));
#15487 = ORIENTED_EDGE('',*,*,#15457,.T.);
#15488 = PLANE('',#15489);
#15489 = AXIS2_PLACEMENT_3D('',#15490,#15491,#15492);
#15490 = CARTESIAN_POINT('',(0.4625,-0.1875,0.3));
#15491 = DIRECTION('',(0.,1.,0.));
#15492 = DIRECTION('',(-1.,0.,0.));
#15493 = ADVANCED_FACE('',(#15494),#15505,.F.);
#15494 = FACE_BOUND('',#15495,.F.);
#15495 = EDGE_LOOP('',(#15496,#15497,#15498,#15499));
#15496 = ORIENTED_EDGE('',*,*,#15474,.F.);
#15497 = ORIENTED_EDGE('',*,*,#14735,.T.);
#15498 = ORIENTED_EDGE('',*,*,#14857,.T.);
#15499 = ORIENTED_EDGE('',*,*,#15500,.T.);
#15500 = EDGE_CURVE('',#14848,#15475,#15501,.T.);
#15501 = LINE('',#15502,#15503);
#15502 = CARTESIAN_POINT('',(0.4625,-0.28125,0.));
#15503 = VECTOR('',#15504,1.);
#15504 = DIRECTION('',(0.,1.,0.));
#15505 = PLANE('',#15506);
#15506 = AXIS2_PLACEMENT_3D('',#15507,#15508,#15509);
#15507 = CARTESIAN_POINT('',(0.4625,-0.3125,0.3));
#15508 = DIRECTION('',(1.,0.,-0.));
#15509 = DIRECTION('',(0.,1.,0.));
#15510 = ADVANCED_FACE('',(#15511),#15536,.T.);
#15511 = FACE_BOUND('',#15512,.T.);
#15512 = EDGE_LOOP('',(#15513,#15521,#15522,#15530));
#15513 = ORIENTED_EDGE('',*,*,#15514,.T.);
#15514 = EDGE_CURVE('',#15515,#14816,#15517,.T.);
#15515 = VERTEX_POINT('',#15516);
#15516 = CARTESIAN_POINT('',(0.173205080757,0.2,7.5E-03));
#15517 = LINE('',#15518,#15519);
#15518 = CARTESIAN_POINT('',(0.173205080757,0.2,7.5E-03));
#15519 = VECTOR('',#15520,1.);
#15520 = DIRECTION('',(0.,0.,1.));
#15521 = ORIENTED_EDGE('',*,*,#14815,.T.);
#15522 = ORIENTED_EDGE('',*,*,#15523,.F.);
#15523 = EDGE_CURVE('',#15524,#14818,#15526,.T.);
#15524 = VERTEX_POINT('',#15525);
#15525 = CARTESIAN_POINT('',(0.173205080757,-0.2,7.5E-03));
#15526 = LINE('',#15527,#15528);
#15527 = CARTESIAN_POINT('',(0.173205080757,-0.2,7.5E-03));
#15528 = VECTOR('',#15529,1.);
#15529 = DIRECTION('',(0.,0.,1.));
#15530 = ORIENTED_EDGE('',*,*,#15531,.F.);
#15531 = EDGE_CURVE('',#15515,#15524,#15532,.T.);
#15532 = LINE('',#15533,#15534);
#15533 = CARTESIAN_POINT('',(0.173205080757,0.2,7.5E-03));
#15534 = VECTOR('',#15535,1.);
#15535 = DIRECTION('',(0.,-1.,0.));
#15536 = PLANE('',#15537);
#15537 = AXIS2_PLACEMENT_3D('',#15538,#15539,#15540);
#15538 = CARTESIAN_POINT('',(0.173205080757,0.2,7.5E-03));
#15539 = DIRECTION('',(1.,0.,-0.));
#15540 = DIRECTION('',(0.,-1.,0.));
#15541 = ADVANCED_FACE('',(#15542),#15560,.T.);
#15542 = FACE_BOUND('',#15543,.T.);
#15543 = EDGE_LOOP('',(#15544,#15552,#15553,#15554));
#15544 = ORIENTED_EDGE('',*,*,#15545,.T.);
#15545 = EDGE_CURVE('',#15546,#14826,#15548,.T.);
#15546 = VERTEX_POINT('',#15547);
#15547 = CARTESIAN_POINT('',(-0.173205080757,0.,7.5E-03));
#15548 = LINE('',#15549,#15550);
#15549 = CARTESIAN_POINT('',(-0.173205080757,0.,7.5E-03));
#15550 = VECTOR('',#15551,1.);
#15551 = DIRECTION('',(0.,0.,1.));
#15552 = ORIENTED_EDGE('',*,*,#14833,.T.);
#15553 = ORIENTED_EDGE('',*,*,#15514,.F.);
#15554 = ORIENTED_EDGE('',*,*,#15555,.F.);
#15555 = EDGE_CURVE('',#15546,#15515,#15556,.T.);
#15556 = LINE('',#15557,#15558);
#15557 = CARTESIAN_POINT('',(-0.173205080757,0.,7.5E-03));
#15558 = VECTOR('',#15559,1.);
#15559 = DIRECTION('',(0.866025403784,0.5,0.));
#15560 = PLANE('',#15561);
#15561 = AXIS2_PLACEMENT_3D('',#15562,#15563,#15564);
#15562 = CARTESIAN_POINT('',(-0.173205080757,0.,7.5E-03));
#15563 = DIRECTION('',(-0.5,0.866025403784,0.));
#15564 = DIRECTION('',(0.866025403784,0.5,0.));
#15565 = ADVANCED_FACE('',(#15566),#15577,.T.);
#15566 = FACE_BOUND('',#15567,.T.);
#15567 = EDGE_LOOP('',(#15568,#15569,#15570,#15571));
#15568 = ORIENTED_EDGE('',*,*,#15523,.T.);
#15569 = ORIENTED_EDGE('',*,*,#14825,.T.);
#15570 = ORIENTED_EDGE('',*,*,#15545,.F.);
#15571 = ORIENTED_EDGE('',*,*,#15572,.F.);
#15572 = EDGE_CURVE('',#15524,#15546,#15573,.T.);
#15573 = LINE('',#15574,#15575);
#15574 = CARTESIAN_POINT('',(0.173205080757,-0.2,7.5E-03));
#15575 = VECTOR('',#15576,1.);
#15576 = DIRECTION('',(-0.866025403784,0.5,0.));
#15577 = PLANE('',#15578);
#15578 = AXIS2_PLACEMENT_3D('',#15579,#15580,#15581);
#15579 = CARTESIAN_POINT('',(0.173205080757,-0.2,7.5E-03));
#15580 = DIRECTION('',(-0.5,-0.866025403784,0.));
#15581 = DIRECTION('',(-0.866025403784,0.5,0.));
#15582 = ADVANCED_FACE('',(#15583),#15605,.F.);
#15583 = FACE_BOUND('',#15584,.F.);
#15584 = EDGE_LOOP('',(#15585,#15593,#15594,#15595,#15596,#15597,#15598,
    #15599));
#15585 = ORIENTED_EDGE('',*,*,#15586,.F.);
#15586 = EDGE_CURVE('',#15402,#15587,#15589,.T.);
#15587 = VERTEX_POINT('',#15588);
#15588 = CARTESIAN_POINT('',(0.485,0.25,-1.734723475977E-18));
#15589 = LINE('',#15590,#15591);
#15590 = CARTESIAN_POINT('',(0.35,0.25,0.));
#15591 = VECTOR('',#15592,1.);
#15592 = DIRECTION('',(1.,0.,-0.));
#15593 = ORIENTED_EDGE('',*,*,#15401,.F.);
#15594 = ORIENTED_EDGE('',*,*,#15434,.F.);
#15595 = ORIENTED_EDGE('',*,*,#15449,.F.);
#15596 = ORIENTED_EDGE('',*,*,#15482,.F.);
#15597 = ORIENTED_EDGE('',*,*,#15500,.F.);
#15598 = ORIENTED_EDGE('',*,*,#14847,.T.);
#15599 = ORIENTED_EDGE('',*,*,#15600,.T.);
#15600 = EDGE_CURVE('',#14850,#15587,#15601,.T.);
#15601 = LINE('',#15602,#15603);
#15602 = CARTESIAN_POINT('',(0.485,-0.25,-1.734723475977E-18));
#15603 = VECTOR('',#15604,1.);
#15604 = DIRECTION('',(0.,1.,0.));
#15605 = PLANE('',#15606);
#15606 = AXIS2_PLACEMENT_3D('',#15607,#15608,#15609);
#15607 = CARTESIAN_POINT('',(0.35,-0.25,0.));
#15608 = DIRECTION('',(0.,0.,1.));
#15609 = DIRECTION('',(1.,0.,-0.));
#15610 = ADVANCED_FACE('',(#15611),#15630,.T.);
#15611 = FACE_BOUND('',#15612,.T.);
#15612 = EDGE_LOOP('',(#15613,#15614,#15615,#15624));
#15613 = ORIENTED_EDGE('',*,*,#14899,.T.);
#15614 = ORIENTED_EDGE('',*,*,#15600,.T.);
#15615 = ORIENTED_EDGE('',*,*,#15616,.F.);
#15616 = EDGE_CURVE('',#15617,#15587,#15619,.T.);
#15617 = VERTEX_POINT('',#15618);
#15618 = CARTESIAN_POINT('',(0.5,0.25,1.5E-02));
#15619 = CIRCLE('',#15620,1.5E-02);
#15620 = AXIS2_PLACEMENT_3D('',#15621,#15622,#15623);
#15621 = CARTESIAN_POINT('',(0.485,0.25,1.5E-02));
#15622 = DIRECTION('',(0.,1.,0.));
#15623 = DIRECTION('',(0.,-0.,1.));
#15624 = ORIENTED_EDGE('',*,*,#15625,.F.);
#15625 = EDGE_CURVE('',#14892,#15617,#15626,.T.);
#15626 = LINE('',#15627,#15628);
#15627 = CARTESIAN_POINT('',(0.5,-0.25,1.5E-02));
#15628 = VECTOR('',#15629,1.);
#15629 = DIRECTION('',(0.,1.,0.));
#15630 = CYLINDRICAL_SURFACE('',#15631,1.5E-02);
#15631 = AXIS2_PLACEMENT_3D('',#15632,#15633,#15634);
#15632 = CARTESIAN_POINT('',(0.485,-0.25,1.5E-02));
#15633 = DIRECTION('',(0.,1.,0.));
#15634 = DIRECTION('',(1.,0.,-0.));
#15635 = ADVANCED_FACE('',(#15636),#15654,.T.);
#15636 = FACE_BOUND('',#15637,.T.);
#15637 = EDGE_LOOP('',(#15638,#15639,#15640,#15648));
#15638 = ORIENTED_EDGE('',*,*,#14891,.F.);
#15639 = ORIENTED_EDGE('',*,*,#15625,.T.);
#15640 = ORIENTED_EDGE('',*,*,#15641,.T.);
#15641 = EDGE_CURVE('',#15617,#15642,#15644,.T.);
#15642 = VERTEX_POINT('',#15643);
#15643 = CARTESIAN_POINT('',(0.5,0.25,0.185));
#15644 = LINE('',#15645,#15646);
#15645 = CARTESIAN_POINT('',(0.5,0.25,0.));
#15646 = VECTOR('',#15647,1.);
#15647 = DIRECTION('',(0.,0.,1.));
#15648 = ORIENTED_EDGE('',*,*,#15649,.F.);
#15649 = EDGE_CURVE('',#14883,#15642,#15650,.T.);
#15650 = LINE('',#15651,#15652);
#15651 = CARTESIAN_POINT('',(0.5,-0.25,0.185));
#15652 = VECTOR('',#15653,1.);
#15653 = DIRECTION('',(0.,1.,0.));
#15654 = PLANE('',#15655);
#15655 = AXIS2_PLACEMENT_3D('',#15656,#15657,#15658);
#15656 = CARTESIAN_POINT('',(0.5,-0.25,0.));
#15657 = DIRECTION('',(1.,0.,-0.));
#15658 = DIRECTION('',(0.,0.,1.));
#15659 = ADVANCED_FACE('',(#15660),#15679,.T.);
#15660 = FACE_BOUND('',#15661,.T.);
#15661 = EDGE_LOOP('',(#15662,#15663,#15672,#15678));
#15662 = ORIENTED_EDGE('',*,*,#15649,.T.);
#15663 = ORIENTED_EDGE('',*,*,#15664,.T.);
#15664 = EDGE_CURVE('',#15642,#15665,#15667,.T.);
#15665 = VERTEX_POINT('',#15666);
#15666 = CARTESIAN_POINT('',(0.485,0.25,0.2));
#15667 = CIRCLE('',#15668,1.5E-02);
#15668 = AXIS2_PLACEMENT_3D('',#15669,#15670,#15671);
#15669 = CARTESIAN_POINT('',(0.485,0.25,0.185));
#15670 = DIRECTION('',(0.,-1.,0.));
#15671 = DIRECTION('',(0.,0.,1.));
#15672 = ORIENTED_EDGE('',*,*,#15673,.F.);
#15673 = EDGE_CURVE('',#14875,#15665,#15674,.T.);
#15674 = LINE('',#15675,#15676);
#15675 = CARTESIAN_POINT('',(0.485,-0.25,0.2));
#15676 = VECTOR('',#15677,1.);
#15677 = DIRECTION('',(0.,1.,0.));
#15678 = ORIENTED_EDGE('',*,*,#14882,.F.);
#15679 = CYLINDRICAL_SURFACE('',#15680,1.5E-02);
#15680 = AXIS2_PLACEMENT_3D('',#15681,#15682,#15683);
#15681 = CARTESIAN_POINT('',(0.485,-0.25,0.185));
#15682 = DIRECTION('',(0.,1.,0.));
#15683 = DIRECTION('',(1.,0.,-0.));
#15684 = ADVANCED_FACE('',(#15685),#15726,.T.);
#15685 = FACE_BOUND('',#15686,.T.);
#15686 = EDGE_LOOP('',(#15687,#15695,#15703,#15709,#15710,#15718,#15724,
    #15725));
#15687 = ORIENTED_EDGE('',*,*,#15688,.F.);
#15688 = EDGE_CURVE('',#15689,#15665,#15691,.T.);
#15689 = VERTEX_POINT('',#15690);
#15690 = CARTESIAN_POINT('',(0.4625,0.25,0.2));
#15691 = LINE('',#15692,#15693);
#15692 = CARTESIAN_POINT('',(0.35,0.25,0.2));
#15693 = VECTOR('',#15694,1.);
#15694 = DIRECTION('',(1.,0.,-0.));
#15695 = ORIENTED_EDGE('',*,*,#15696,.F.);
#15696 = EDGE_CURVE('',#15697,#15689,#15699,.T.);
#15697 = VERTEX_POINT('',#15698);
#15698 = CARTESIAN_POINT('',(0.4625,0.1875,0.2));
#15699 = LINE('',#15700,#15701);
#15700 = CARTESIAN_POINT('',(0.4625,-3.125E-02,0.2));
#15701 = VECTOR('',#15702,1.);
#15702 = DIRECTION('',(0.,1.,0.));
#15703 = ORIENTED_EDGE('',*,*,#15704,.F.);
#15704 = EDGE_CURVE('',#14980,#15697,#15705,.T.);
#15705 = LINE('',#15706,#15707);
#15706 = CARTESIAN_POINT('',(-5.625E-02,0.1875,0.2));
#15707 = VECTOR('',#15708,1.);
#15708 = DIRECTION('',(1.,0.,-0.));
#15709 = ORIENTED_EDGE('',*,*,#14979,.F.);
#15710 = ORIENTED_EDGE('',*,*,#15711,.F.);
#15711 = EDGE_CURVE('',#15712,#14971,#15714,.T.);
#15712 = VERTEX_POINT('',#15713);
#15713 = CARTESIAN_POINT('',(0.4625,-0.1875,0.2));
#15714 = LINE('',#15715,#15716);
#15715 = CARTESIAN_POINT('',(0.40625,-0.1875,0.2));
#15716 = VECTOR('',#15717,1.);
#15717 = DIRECTION('',(-1.,0.,0.));
#15718 = ORIENTED_EDGE('',*,*,#15719,.F.);
#15719 = EDGE_CURVE('',#14867,#15712,#15720,.T.);
#15720 = LINE('',#15721,#15722);
#15721 = CARTESIAN_POINT('',(0.4625,-0.28125,0.2));
#15722 = VECTOR('',#15723,1.);
#15723 = DIRECTION('',(0.,1.,0.));
#15724 = ORIENTED_EDGE('',*,*,#14874,.T.);
#15725 = ORIENTED_EDGE('',*,*,#15673,.T.);
#15726 = PLANE('',#15727);
#15727 = AXIS2_PLACEMENT_3D('',#15728,#15729,#15730);
#15728 = CARTESIAN_POINT('',(0.35,-0.25,0.2));
#15729 = DIRECTION('',(0.,0.,1.));
#15730 = DIRECTION('',(1.,0.,-0.));
#15731 = ADVANCED_FACE('',(#15732),#15743,.F.);
#15732 = FACE_BOUND('',#15733,.F.);
#15733 = EDGE_LOOP('',(#15734,#15740,#15741,#15742));
#15734 = ORIENTED_EDGE('',*,*,#15735,.F.);
#15735 = EDGE_CURVE('',#15712,#14915,#15736,.T.);
#15736 = LINE('',#15737,#15738);
#15737 = CARTESIAN_POINT('',(0.4625,-0.1875,0.3));
#15738 = VECTOR('',#15739,1.);
#15739 = DIRECTION('',(0.,0.,-1.));
#15740 = ORIENTED_EDGE('',*,*,#15719,.F.);
#15741 = ORIENTED_EDGE('',*,*,#14866,.T.);
#15742 = ORIENTED_EDGE('',*,*,#14924,.F.);
#15743 = PLANE('',#15744);
#15744 = AXIS2_PLACEMENT_3D('',#15745,#15746,#15747);
#15745 = CARTESIAN_POINT('',(0.4625,-0.3125,0.3));
#15746 = DIRECTION('',(1.,0.,-0.));
#15747 = DIRECTION('',(0.,1.,0.));
#15748 = ADVANCED_FACE('',(#15749),#15755,.F.);
#15749 = FACE_BOUND('',#15750,.F.);
#15750 = EDGE_LOOP('',(#15751,#15752,#15753,#15754));
#15751 = ORIENTED_EDGE('',*,*,#15711,.F.);
#15752 = ORIENTED_EDGE('',*,*,#15735,.T.);
#15753 = ORIENTED_EDGE('',*,*,#14914,.F.);
#15754 = ORIENTED_EDGE('',*,*,#14970,.T.);
#15755 = PLANE('',#15756);
#15756 = AXIS2_PLACEMENT_3D('',#15757,#15758,#15759);
#15757 = CARTESIAN_POINT('',(0.4625,-0.1875,0.3));
#15758 = DIRECTION('',(0.,1.,0.));
#15759 = DIRECTION('',(-1.,0.,0.));
#15760 = ADVANCED_FACE('',(#15761),#15777,.F.);
#15761 = FACE_BOUND('',#15762,.F.);
#15762 = EDGE_LOOP('',(#15763,#15764,#15770,#15771));
#15763 = ORIENTED_EDGE('',*,*,#15696,.F.);
#15764 = ORIENTED_EDGE('',*,*,#15765,.T.);
#15765 = EDGE_CURVE('',#15697,#14948,#15766,.T.);
#15766 = LINE('',#15767,#15768);
#15767 = CARTESIAN_POINT('',(0.4625,0.1875,0.3));
#15768 = VECTOR('',#15769,1.);
#15769 = DIRECTION('',(0.,0.,-1.));
#15770 = ORIENTED_EDGE('',*,*,#14955,.F.);
#15771 = ORIENTED_EDGE('',*,*,#15772,.F.);
#15772 = EDGE_CURVE('',#15689,#14939,#15773,.T.);
#15773 = LINE('',#15774,#15775);
#15774 = CARTESIAN_POINT('',(0.4625,0.25,0.15));
#15775 = VECTOR('',#15776,1.);
#15776 = DIRECTION('',(0.,0.,-1.));
#15777 = PLANE('',#15778);
#15778 = AXIS2_PLACEMENT_3D('',#15779,#15780,#15781);
#15779 = CARTESIAN_POINT('',(0.4625,0.1875,0.3));
#15780 = DIRECTION('',(1.,0.,-0.));
#15781 = DIRECTION('',(0.,1.,0.));
#15782 = ADVANCED_FACE('',(#15783),#15789,.F.);
#15783 = FACE_BOUND('',#15784,.F.);
#15784 = EDGE_LOOP('',(#15785,#15786,#15787,#15788));
#15785 = ORIENTED_EDGE('',*,*,#15765,.F.);
#15786 = ORIENTED_EDGE('',*,*,#15704,.F.);
#15787 = ORIENTED_EDGE('',*,*,#14987,.F.);
#15788 = ORIENTED_EDGE('',*,*,#14947,.F.);
#15789 = PLANE('',#15790);
#15790 = AXIS2_PLACEMENT_3D('',#15791,#15792,#15793);
#15791 = CARTESIAN_POINT('',(-0.4625,0.1875,0.3));
#15792 = DIRECTION('',(0.,-1.,0.));
#15793 = DIRECTION('',(1.,0.,0.));
#15794 = ADVANCED_FACE('',(#15795),#15807,.T.);
#15795 = FACE_BOUND('',#15796,.T.);
#15796 = EDGE_LOOP('',(#15797,#15798,#15799,#15800,#15801,#15802,#15803,
    #15804,#15805,#15806));
#15797 = ORIENTED_EDGE('',*,*,#15175,.F.);
#15798 = ORIENTED_EDGE('',*,*,#15246,.F.);
#15799 = ORIENTED_EDGE('',*,*,#15282,.T.);
#15800 = ORIENTED_EDGE('',*,*,#15306,.T.);
#15801 = ORIENTED_EDGE('',*,*,#15130,.T.);
#15802 = ORIENTED_EDGE('',*,*,#15091,.F.);
#15803 = ORIENTED_EDGE('',*,*,#15018,.F.);
#15804 = ORIENTED_EDGE('',*,*,#15010,.F.);
#15805 = ORIENTED_EDGE('',*,*,#15002,.T.);
#15806 = ORIENTED_EDGE('',*,*,#15377,.F.);
#15807 = PLANE('',#15808);
#15808 = AXIS2_PLACEMENT_3D('',#15809,#15810,#15811);
#15809 = CARTESIAN_POINT('',(-0.5,0.25,0.));
#15810 = DIRECTION('',(0.,1.,0.));
#15811 = DIRECTION('',(0.,-0.,1.));
#15812 = ADVANCED_FACE('',(#15813),#15825,.T.);
#15813 = FACE_BOUND('',#15814,.T.);
#15814 = EDGE_LOOP('',(#15815,#15816,#15817,#15818,#15819,#15820,#15821,
    #15822,#15823,#15824));
#15815 = ORIENTED_EDGE('',*,*,#15586,.F.);
#15816 = ORIENTED_EDGE('',*,*,#15409,.F.);
#15817 = ORIENTED_EDGE('',*,*,#15043,.T.);
#15818 = ORIENTED_EDGE('',*,*,#15035,.T.);
#15819 = ORIENTED_EDGE('',*,*,#15027,.F.);
#15820 = ORIENTED_EDGE('',*,*,#15772,.F.);
#15821 = ORIENTED_EDGE('',*,*,#15688,.T.);
#15822 = ORIENTED_EDGE('',*,*,#15664,.F.);
#15823 = ORIENTED_EDGE('',*,*,#15641,.F.);
#15824 = ORIENTED_EDGE('',*,*,#15616,.T.);
#15825 = PLANE('',#15826);
#15826 = AXIS2_PLACEMENT_3D('',#15827,#15828,#15829);
#15827 = CARTESIAN_POINT('',(0.35,0.25,0.));
#15828 = DIRECTION('',(0.,1.,0.));
#15829 = DIRECTION('',(0.,-0.,1.));
#15830 = ADVANCED_FACE('',(#15831),#15836,.T.);
#15831 = FACE_BOUND('',#15832,.T.);
#15832 = EDGE_LOOP('',(#15833,#15834,#15835));
#15833 = ORIENTED_EDGE('',*,*,#15555,.T.);
#15834 = ORIENTED_EDGE('',*,*,#15531,.T.);
#15835 = ORIENTED_EDGE('',*,*,#15572,.T.);
#15836 = PLANE('',#15837);
#15837 = AXIS2_PLACEMENT_3D('',#15838,#15839,#15840);
#15838 = CARTESIAN_POINT('',(5.773502691896E-02,0.,7.5E-03));
#15839 = DIRECTION('',(0.,0.,-1.));
#15840 = DIRECTION('',(-1.,0.,0.));
#15841 = ( GEOMETRIC_REPRESENTATION_CONTEXT(3) 
GLOBAL_UNCERTAINTY_ASSIGNED_CONTEXT((#15845)) 
GLOBAL_UNIT_ASSIGNED_CONTEXT((#15842,#15843,#15844)) 
REPRESENTATION_CONTEXT('Context #1',
  '3D Context with UNIT and UNCERTAINTY') );
#15842 = ( LENGTH_UNIT() NAMED_UNIT(*) SI_UNIT(.MILLI.,.METRE.) );
#15843 = ( NAMED_UNIT(*) PLANE_ANGLE_UNIT() SI_UNIT($,.RADIAN.) );
#15844 = ( NAMED_UNIT(*) SI_UNIT($,.STERADIAN.) SOLID_ANGLE_UNIT() );
#15845 = UNCERTAINTY_MEASURE_WITH_UNIT(LENGTH_MEASURE(1.E-07),#15842,
  'distance_accuracy_value','confusion accuracy');
#15846 = CONTEXT_DEPENDENT_SHAPE_REPRESENTATION(#15847,#15849);
#15847 = ( REPRESENTATION_RELATIONSHIP('','',#14317,#14294) 
REPRESENTATION_RELATIONSHIP_WITH_TRANSFORMATION(#15848) 
SHAPE_REPRESENTATION_RELATIONSHIP() );
#15848 = ITEM_DEFINED_TRANSFORMATION('','',#11,#14295);
#15849 = PRODUCT_DEFINITION_SHAPE('Placement','Placement of an item',
  #15850);
#15850 = NEXT_ASSEMBLY_USAGE_OCCURRENCE('34','=>[0:1:1:19]','',#14289,
  #14312,$);
#15851 = PRODUCT_RELATED_PRODUCT_CATEGORY('part',$,(#14314));
#15852 = CONTEXT_DEPENDENT_SHAPE_REPRESENTATION(#15853,#15855);
#15853 = ( REPRESENTATION_RELATIONSHIP('','',#6965,#10) 
REPRESENTATION_RELATIONSHIP_WITH_TRANSFORMATION(#15854) 
SHAPE_REPRESENTATION_RELATIONSHIP() );
#15854 = ITEM_DEFINED_TRANSFORMATION('','',#11,#119);
#15855 = PRODUCT_DEFINITION_SHAPE('Placement','Placement of an item',
  #15856);
#15856 = NEXT_ASSEMBLY_USAGE_OCCURRENCE('36','R14','',#5,#6960,$);
#15857 = CONTEXT_DEPENDENT_SHAPE_REPRESENTATION(#15858,#15860);
#15858 = ( REPRESENTATION_RELATIONSHIP('','',#6069,#10) 
REPRESENTATION_RELATIONSHIP_WITH_TRANSFORMATION(#15859) 
SHAPE_REPRESENTATION_RELATIONSHIP() );
#15859 = ITEM_DEFINED_TRANSFORMATION('','',#11,#123);
#15860 = PRODUCT_DEFINITION_SHAPE('Placement','Placement of an item',
  #15861);
#15861 = NEXT_ASSEMBLY_USAGE_OCCURRENCE('37','C5','',#5,#6064,$);
#15862 = CONTEXT_DEPENDENT_SHAPE_REPRESENTATION(#15863,#15865);
#15863 = ( REPRESENTATION_RELATIONSHIP('','',#6965,#10) 
REPRESENTATION_RELATIONSHIP_WITH_TRANSFORMATION(#15864) 
SHAPE_REPRESENTATION_RELATIONSHIP() );
#15864 = ITEM_DEFINED_TRANSFORMATION('','',#11,#127);
#15865 = PRODUCT_DEFINITION_SHAPE('Placement','Placement of an item',
  #15866);
#15866 = NEXT_ASSEMBLY_USAGE_OCCURRENCE('38','R8','',#5,#6960,$);
#15867 = CONTEXT_DEPENDENT_SHAPE_REPRESENTATION(#15868,#15870);
#15868 = ( REPRESENTATION_RELATIONSHIP('','',#6069,#10) 
REPRESENTATION_RELATIONSHIP_WITH_TRANSFORMATION(#15869) 
SHAPE_REPRESENTATION_RELATIONSHIP() );
#15869 = ITEM_DEFINED_TRANSFORMATION('','',#11,#131);
#15870 = PRODUCT_DEFINITION_SHAPE('Placement','Placement of an item',
  #15871);
#15871 = NEXT_ASSEMBLY_USAGE_OCCURRENCE('39','C4','',#5,#6064,$);
#15872 = CONTEXT_DEPENDENT_SHAPE_REPRESENTATION(#15873,#15875);
#15873 = ( REPRESENTATION_RELATIONSHIP('','',#6965,#10) 
REPRESENTATION_RELATIONSHIP_WITH_TRANSFORMATION(#15874) 
SHAPE_REPRESENTATION_RELATIONSHIP() );
#15874 = ITEM_DEFINED_TRANSFORMATION('','',#11,#135);
#15875 = PRODUCT_DEFINITION_SHAPE('Placement','Placement of an item',
  #15876);
#15876 = NEXT_ASSEMBLY_USAGE_OCCURRENCE('40','R3','',#5,#6960,$);
#15877 = CONTEXT_DEPENDENT_SHAPE_REPRESENTATION(#15878,#15880);
#15878 = ( REPRESENTATION_RELATIONSHIP('','',#14294,#10) 
REPRESENTATION_RELATIONSHIP_WITH_TRANSFORMATION(#15879) 
SHAPE_REPRESENTATION_RELATIONSHIP() );
#15879 = ITEM_DEFINED_TRANSFORMATION('','',#11,#139);
#15880 = PRODUCT_DEFINITION_SHAPE('Placement','Placement of an item',
  #15881);
#15881 = NEXT_ASSEMBLY_USAGE_OCCURRENCE('41','D2','',#5,#14289,$);
#15882 = SHAPE_DEFINITION_REPRESENTATION(#15883,#15889);
#15883 = PRODUCT_DEFINITION_SHAPE('','',#15884);
#15884 = PRODUCT_DEFINITION('design','',#15885,#15888);
#15885 = PRODUCT_DEFINITION_FORMATION('','',#15886);
#15886 = PRODUCT('helios-bms-lipo-unsaved-export-QEK3tJ_PCB',
  'helios-bms-lipo-unsaved-export-QEK3tJ_PCB','',(#15887));
#15887 = PRODUCT_CONTEXT('',#2,'mechanical');
#15888 = PRODUCT_DEFINITION_CONTEXT('part definition',#2,'design');
#15889 = ADVANCED_BREP_SHAPE_REPRESENTATION('',(#11,#15890),#16453);
#15890 = MANIFOLD_SOLID_BREP('',#15891);
#15891 = CLOSED_SHELL('',(#15892,#15934,#15965,#15996,#16125,#16254,
    #16271,#16288,#16305,#16322,#16334,#16351,#16368,#16385,#16402,
    #16419,#16436));
#15892 = ADVANCED_FACE('',(#15893),#15929,.T.);
#15893 = FACE_BOUND('',#15894,.T.);
#15894 = EDGE_LOOP('',(#15895,#15905,#15914,#15922));
#15895 = ORIENTED_EDGE('',*,*,#15896,.T.);
#15896 = EDGE_CURVE('',#15897,#15899,#15901,.T.);
#15897 = VERTEX_POINT('',#15898);
#15898 = CARTESIAN_POINT('',(113.25,-70.5,0.));
#15899 = VERTEX_POINT('',#15900);
#15900 = CARTESIAN_POINT('',(113.25,-70.5,1.51));
#15901 = LINE('',#15902,#15903);
#15902 = CARTESIAN_POINT('',(113.25,-70.5,0.));
#15903 = VECTOR('',#15904,1.);
#15904 = DIRECTION('',(0.,0.,1.));
#15905 = ORIENTED_EDGE('',*,*,#15906,.T.);
#15906 = EDGE_CURVE('',#15899,#15907,#15909,.T.);
#15907 = VERTEX_POINT('',#15908);
#15908 = CARTESIAN_POINT('',(114.25,-71.5,1.51));
#15909 = CIRCLE('',#15910,0.999999252925);
#15910 = AXIS2_PLACEMENT_3D('',#15911,#15912,#15913);
#15911 = CARTESIAN_POINT('',(113.25000074707,-71.49999925292,1.51));
#15912 = DIRECTION('',(0.,0.,-1.));
#15913 = DIRECTION('',(-7.47075720743E-07,1.,0.));
#15914 = ORIENTED_EDGE('',*,*,#15915,.F.);
#15915 = EDGE_CURVE('',#15916,#15907,#15918,.T.);
#15916 = VERTEX_POINT('',#15917);
#15917 = CARTESIAN_POINT('',(114.25,-71.5,0.));
#15918 = LINE('',#15919,#15920);
#15919 = CARTESIAN_POINT('',(114.25,-71.5,0.));
#15920 = VECTOR('',#15921,1.);
#15921 = DIRECTION('',(0.,0.,1.));
#15922 = ORIENTED_EDGE('',*,*,#15923,.F.);
#15923 = EDGE_CURVE('',#15897,#15916,#15924,.T.);
#15924 = CIRCLE('',#15925,0.999999252925);
#15925 = AXIS2_PLACEMENT_3D('',#15926,#15927,#15928);
#15926 = CARTESIAN_POINT('',(113.25000074707,-71.49999925292,0.));
#15927 = DIRECTION('',(0.,0.,-1.));
#15928 = DIRECTION('',(-7.47075720743E-07,1.,0.));
#15929 = CYLINDRICAL_SURFACE('',#15930,0.999999252925);
#15930 = AXIS2_PLACEMENT_3D('',#15931,#15932,#15933);
#15931 = CARTESIAN_POINT('',(113.25000074707,-71.49999925292,0.));
#15932 = DIRECTION('',(0.,0.,-1.));
#15933 = DIRECTION('',(-7.47075720743E-07,1.,0.));
#15934 = ADVANCED_FACE('',(#15935),#15960,.T.);
#15935 = FACE_BOUND('',#15936,.T.);
#15936 = EDGE_LOOP('',(#15937,#15947,#15953,#15954));
#15937 = ORIENTED_EDGE('',*,*,#15938,.T.);
#15938 = EDGE_CURVE('',#15939,#15941,#15943,.T.);
#15939 = VERTEX_POINT('',#15940);
#15940 = CARTESIAN_POINT('',(86.675,-70.5,0.));
#15941 = VERTEX_POINT('',#15942);
#15942 = CARTESIAN_POINT('',(86.675,-70.5,1.51));
#15943 = LINE('',#15944,#15945);
#15944 = CARTESIAN_POINT('',(86.675,-70.5,0.));
#15945 = VECTOR('',#15946,1.);
#15946 = DIRECTION('',(0.,0.,1.));
#15947 = ORIENTED_EDGE('',*,*,#15948,.T.);
#15948 = EDGE_CURVE('',#15941,#15899,#15949,.T.);
#15949 = LINE('',#15950,#15951);
#15950 = CARTESIAN_POINT('',(86.675,-70.5,1.51));
#15951 = VECTOR('',#15952,1.);
#15952 = DIRECTION('',(1.,0.,0.));
#15953 = ORIENTED_EDGE('',*,*,#15896,.F.);
#15954 = ORIENTED_EDGE('',*,*,#15955,.F.);
#15955 = EDGE_CURVE('',#15939,#15897,#15956,.T.);
#15956 = LINE('',#15957,#15958);
#15957 = CARTESIAN_POINT('',(86.675,-70.5,0.));
#15958 = VECTOR('',#15959,1.);
#15959 = DIRECTION('',(1.,0.,0.));
#15960 = PLANE('',#15961);
#15961 = AXIS2_PLACEMENT_3D('',#15962,#15963,#15964);
#15962 = CARTESIAN_POINT('',(86.675,-70.5,0.));
#15963 = DIRECTION('',(0.,1.,0.));
#15964 = DIRECTION('',(1.,0.,0.));
#15965 = ADVANCED_FACE('',(#15966),#15991,.T.);
#15966 = FACE_BOUND('',#15967,.T.);
#15967 = EDGE_LOOP('',(#15968,#15969,#15977,#15985));
#15968 = ORIENTED_EDGE('',*,*,#15915,.T.);
#15969 = ORIENTED_EDGE('',*,*,#15970,.T.);
#15970 = EDGE_CURVE('',#15907,#15971,#15973,.T.);
#15971 = VERTEX_POINT('',#15972);
#15972 = CARTESIAN_POINT('',(114.25,-88.5,1.51));
#15973 = LINE('',#15974,#15975);
#15974 = CARTESIAN_POINT('',(114.25,-71.5,1.51));
#15975 = VECTOR('',#15976,1.);
#15976 = DIRECTION('',(0.,-1.,0.));
#15977 = ORIENTED_EDGE('',*,*,#15978,.F.);
#15978 = EDGE_CURVE('',#15979,#15971,#15981,.T.);
#15979 = VERTEX_POINT('',#15980);
#15980 = CARTESIAN_POINT('',(114.25,-88.5,0.));
#15981 = LINE('',#15982,#15983);
#15982 = CARTESIAN_POINT('',(114.25,-88.5,0.));
#15983 = VECTOR('',#15984,1.);
#15984 = DIRECTION('',(0.,0.,1.));
#15985 = ORIENTED_EDGE('',*,*,#15986,.F.);
#15986 = EDGE_CURVE('',#15916,#15979,#15987,.T.);
#15987 = LINE('',#15988,#15989);
#15988 = CARTESIAN_POINT('',(114.25,-71.5,0.));
#15989 = VECTOR('',#15990,1.);
#15990 = DIRECTION('',(0.,-1.,0.));
#15991 = PLANE('',#15992);
#15992 = AXIS2_PLACEMENT_3D('',#15993,#15994,#15995);
#15993 = CARTESIAN_POINT('',(114.25,-71.5,0.));
#15994 = DIRECTION('',(1.,0.,-0.));
#15995 = DIRECTION('',(0.,-1.,0.));
#15996 = ADVANCED_FACE('',(#15997,#16043,#16054,#16065,#16076,#16087,
    #16098,#16109),#16120,.F.);
#15997 = FACE_BOUND('',#15998,.F.);
#15998 = EDGE_LOOP('',(#15999,#16000,#16001,#16010,#16018,#16027,#16035,
    #16042));
#15999 = ORIENTED_EDGE('',*,*,#15923,.F.);
#16000 = ORIENTED_EDGE('',*,*,#15955,.F.);
#16001 = ORIENTED_EDGE('',*,*,#16002,.F.);
#16002 = EDGE_CURVE('',#16003,#15939,#16005,.T.);
#16003 = VERTEX_POINT('',#16004);
#16004 = CARTESIAN_POINT('',(85.675,-71.5,0.));
#16005 = CIRCLE('',#16006,0.999999252925);
#16006 = AXIS2_PLACEMENT_3D('',#16007,#16008,#16009);
#16007 = CARTESIAN_POINT('',(86.674999252925,-71.49999925292,0.));
#16008 = DIRECTION('',(0.,0.,-1.));
#16009 = DIRECTION('',(-1.,-7.47075720743E-07,-0.));
#16010 = ORIENTED_EDGE('',*,*,#16011,.F.);
#16011 = EDGE_CURVE('',#16012,#16003,#16014,.T.);
#16012 = VERTEX_POINT('',#16013);
#16013 = CARTESIAN_POINT('',(85.675,-88.5,0.));
#16014 = LINE('',#16015,#16016);
#16015 = CARTESIAN_POINT('',(85.675,-88.5,0.));
#16016 = VECTOR('',#16017,1.);
#16017 = DIRECTION('',(0.,1.,0.));
#16018 = ORIENTED_EDGE('',*,*,#16019,.F.);
#16019 = EDGE_CURVE('',#16020,#16012,#16022,.T.);
#16020 = VERTEX_POINT('',#16021);
#16021 = CARTESIAN_POINT('',(86.675,-89.5,0.));
#16022 = CIRCLE('',#16023,0.999999252925);
#16023 = AXIS2_PLACEMENT_3D('',#16024,#16025,#16026);
#16024 = CARTESIAN_POINT('',(86.674999252925,-88.50000074707,0.));
#16025 = DIRECTION('',(0.,0.,-1.));
#16026 = DIRECTION('',(7.470757065322E-07,-1.,0.));
#16027 = ORIENTED_EDGE('',*,*,#16028,.F.);
#16028 = EDGE_CURVE('',#16029,#16020,#16031,.T.);
#16029 = VERTEX_POINT('',#16030);
#16030 = CARTESIAN_POINT('',(113.25,-89.5,0.));
#16031 = LINE('',#16032,#16033);
#16032 = CARTESIAN_POINT('',(113.25,-89.5,0.));
#16033 = VECTOR('',#16034,1.);
#16034 = DIRECTION('',(-1.,0.,0.));
#16035 = ORIENTED_EDGE('',*,*,#16036,.F.);
#16036 = EDGE_CURVE('',#15979,#16029,#16037,.T.);
#16037 = CIRCLE('',#16038,0.999999252925);
#16038 = AXIS2_PLACEMENT_3D('',#16039,#16040,#16041);
#16039 = CARTESIAN_POINT('',(113.25000074707,-88.50000074707,0.));
#16040 = DIRECTION('',(0.,0.,-1.));
#16041 = DIRECTION('',(1.,7.47075720743E-07,0.));
#16042 = ORIENTED_EDGE('',*,*,#15986,.F.);
#16043 = FACE_BOUND('',#16044,.F.);
#16044 = EDGE_LOOP('',(#16045));
#16045 = ORIENTED_EDGE('',*,*,#16046,.T.);
#16046 = EDGE_CURVE('',#16047,#16047,#16049,.T.);
#16047 = VERTEX_POINT('',#16048);
#16048 = CARTESIAN_POINT('',(110.9625,-87.6,0.));
#16049 = CIRCLE('',#16050,1.6);
#16050 = AXIS2_PLACEMENT_3D('',#16051,#16052,#16053);
#16051 = CARTESIAN_POINT('',(110.9625,-86.,0.));
#16052 = DIRECTION('',(-0.,0.,-1.));
#16053 = DIRECTION('',(-0.,-1.,0.));
#16054 = FACE_BOUND('',#16055,.F.);
#16055 = EDGE_LOOP('',(#16056));
#16056 = ORIENTED_EDGE('',*,*,#16057,.T.);
#16057 = EDGE_CURVE('',#16058,#16058,#16060,.T.);
#16058 = VERTEX_POINT('',#16059);
#16059 = CARTESIAN_POINT('',(94.515,-77.1553,0.));
#16060 = CIRCLE('',#16061,0.4953);
#16061 = AXIS2_PLACEMENT_3D('',#16062,#16063,#16064);
#16062 = CARTESIAN_POINT('',(94.515,-76.66,0.));
#16063 = DIRECTION('',(-0.,0.,-1.));
#16064 = DIRECTION('',(-0.,-1.,0.));
#16065 = FACE_BOUND('',#16066,.F.);
#16066 = EDGE_LOOP('',(#16067));
#16067 = ORIENTED_EDGE('',*,*,#16068,.T.);
#16068 = EDGE_CURVE('',#16069,#16069,#16071,.T.);
#16069 = VERTEX_POINT('',#16070);
#16070 = CARTESIAN_POINT('',(88.9625,-75.6,0.));
#16071 = CIRCLE('',#16072,1.6);
#16072 = AXIS2_PLACEMENT_3D('',#16073,#16074,#16075);
#16073 = CARTESIAN_POINT('',(88.9625,-74.,0.));
#16074 = DIRECTION('',(-0.,0.,-1.));
#16075 = DIRECTION('',(-0.,-1.,0.));
#16076 = FACE_BOUND('',#16077,.F.);
#16077 = EDGE_LOOP('',(#16078));
#16078 = ORIENTED_EDGE('',*,*,#16079,.T.);
#16079 = EDGE_CURVE('',#16080,#16080,#16082,.T.);
#16080 = VERTEX_POINT('',#16081);
#16081 = CARTESIAN_POINT('',(93.499,-72.0753,0.));
#16082 = CIRCLE('',#16083,0.4953);
#16083 = AXIS2_PLACEMENT_3D('',#16084,#16085,#16086);
#16084 = CARTESIAN_POINT('',(93.499,-71.58,0.));
#16085 = DIRECTION('',(-0.,0.,-1.));
#16086 = DIRECTION('',(-0.,-1.,0.));
#16087 = FACE_BOUND('',#16088,.F.);
#16088 = EDGE_LOOP('',(#16089));
#16089 = ORIENTED_EDGE('',*,*,#16090,.T.);
#16090 = EDGE_CURVE('',#16091,#16091,#16093,.T.);
#16091 = VERTEX_POINT('',#16092);
#16092 = CARTESIAN_POINT('',(95.531,-72.0753,0.));
#16093 = CIRCLE('',#16094,0.4953);
#16094 = AXIS2_PLACEMENT_3D('',#16095,#16096,#16097);
#16095 = CARTESIAN_POINT('',(95.531,-71.58,0.));
#16096 = DIRECTION('',(-0.,0.,-1.));
#16097 = DIRECTION('',(-0.,-1.,0.));
#16098 = FACE_BOUND('',#16099,.F.);
#16099 = EDGE_LOOP('',(#16100));
#16100 = ORIENTED_EDGE('',*,*,#16101,.T.);
#16101 = EDGE_CURVE('',#16102,#16102,#16104,.T.);
#16102 = VERTEX_POINT('',#16103);
#16103 = CARTESIAN_POINT('',(108.85,-75.175,0.));
#16104 = CIRCLE('',#16105,0.125);
#16105 = AXIS2_PLACEMENT_3D('',#16106,#16107,#16108);
#16106 = CARTESIAN_POINT('',(108.85,-75.05,0.));
#16107 = DIRECTION('',(-0.,0.,-1.));
#16108 = DIRECTION('',(-0.,-1.,0.));
#16109 = FACE_BOUND('',#16110,.F.);
#16110 = EDGE_LOOP('',(#16111));
#16111 = ORIENTED_EDGE('',*,*,#16112,.T.);
#16112 = EDGE_CURVE('',#16113,#16113,#16115,.T.);
#16113 = VERTEX_POINT('',#16114);
#16114 = CARTESIAN_POINT('',(109.85,-75.175,0.));
#16115 = CIRCLE('',#16116,0.125);
#16116 = AXIS2_PLACEMENT_3D('',#16117,#16118,#16119);
#16117 = CARTESIAN_POINT('',(109.85,-75.05,0.));
#16118 = DIRECTION('',(-0.,0.,-1.));
#16119 = DIRECTION('',(-0.,-1.,0.));
#16120 = PLANE('',#16121);
#16121 = AXIS2_PLACEMENT_3D('',#16122,#16123,#16124);
#16122 = CARTESIAN_POINT('',(0.,0.,0.));
#16123 = DIRECTION('',(0.,0.,1.));
#16124 = DIRECTION('',(1.,0.,-0.));
#16125 = ADVANCED_FACE('',(#16126,#16172,#16183,#16194,#16205,#16216,
    #16227,#16238),#16249,.T.);
#16126 = FACE_BOUND('',#16127,.T.);
#16127 = EDGE_LOOP('',(#16128,#16129,#16130,#16139,#16147,#16156,#16164,
    #16171));
#16128 = ORIENTED_EDGE('',*,*,#15906,.F.);
#16129 = ORIENTED_EDGE('',*,*,#15948,.F.);
#16130 = ORIENTED_EDGE('',*,*,#16131,.F.);
#16131 = EDGE_CURVE('',#16132,#15941,#16134,.T.);
#16132 = VERTEX_POINT('',#16133);
#16133 = CARTESIAN_POINT('',(85.675,-71.5,1.51));
#16134 = CIRCLE('',#16135,0.999999252925);
#16135 = AXIS2_PLACEMENT_3D('',#16136,#16137,#16138);
#16136 = CARTESIAN_POINT('',(86.674999252925,-71.49999925292,1.51));
#16137 = DIRECTION('',(0.,0.,-1.));
#16138 = DIRECTION('',(-1.,-7.47075720743E-07,-0.));
#16139 = ORIENTED_EDGE('',*,*,#16140,.F.);
#16140 = EDGE_CURVE('',#16141,#16132,#16143,.T.);
#16141 = VERTEX_POINT('',#16142);
#16142 = CARTESIAN_POINT('',(85.675,-88.5,1.51));
#16143 = LINE('',#16144,#16145);
#16144 = CARTESIAN_POINT('',(85.675,-88.5,1.51));
#16145 = VECTOR('',#16146,1.);
#16146 = DIRECTION('',(0.,1.,0.));
#16147 = ORIENTED_EDGE('',*,*,#16148,.F.);
#16148 = EDGE_CURVE('',#16149,#16141,#16151,.T.);
#16149 = VERTEX_POINT('',#16150);
#16150 = CARTESIAN_POINT('',(86.675,-89.5,1.51));
#16151 = CIRCLE('',#16152,0.999999252925);
#16152 = AXIS2_PLACEMENT_3D('',#16153,#16154,#16155);
#16153 = CARTESIAN_POINT('',(86.674999252925,-88.50000074707,1.51));
#16154 = DIRECTION('',(0.,0.,-1.));
#16155 = DIRECTION('',(7.470757065322E-07,-1.,0.));
#16156 = ORIENTED_EDGE('',*,*,#16157,.F.);
#16157 = EDGE_CURVE('',#16158,#16149,#16160,.T.);
#16158 = VERTEX_POINT('',#16159);
#16159 = CARTESIAN_POINT('',(113.25,-89.5,1.51));
#16160 = LINE('',#16161,#16162);
#16161 = CARTESIAN_POINT('',(113.25,-89.5,1.51));
#16162 = VECTOR('',#16163,1.);
#16163 = DIRECTION('',(-1.,0.,0.));
#16164 = ORIENTED_EDGE('',*,*,#16165,.F.);
#16165 = EDGE_CURVE('',#15971,#16158,#16166,.T.);
#16166 = CIRCLE('',#16167,0.999999252925);
#16167 = AXIS2_PLACEMENT_3D('',#16168,#16169,#16170);
#16168 = CARTESIAN_POINT('',(113.25000074707,-88.50000074707,1.51));
#16169 = DIRECTION('',(0.,0.,-1.));
#16170 = DIRECTION('',(1.,7.47075720743E-07,0.));
#16171 = ORIENTED_EDGE('',*,*,#15970,.F.);
#16172 = FACE_BOUND('',#16173,.T.);
#16173 = EDGE_LOOP('',(#16174));
#16174 = ORIENTED_EDGE('',*,*,#16175,.T.);
#16175 = EDGE_CURVE('',#16176,#16176,#16178,.T.);
#16176 = VERTEX_POINT('',#16177);
#16177 = CARTESIAN_POINT('',(110.9625,-87.6,1.51));
#16178 = CIRCLE('',#16179,1.6);
#16179 = AXIS2_PLACEMENT_3D('',#16180,#16181,#16182);
#16180 = CARTESIAN_POINT('',(110.9625,-86.,1.51));
#16181 = DIRECTION('',(-0.,0.,-1.));
#16182 = DIRECTION('',(-0.,-1.,0.));
#16183 = FACE_BOUND('',#16184,.T.);
#16184 = EDGE_LOOP('',(#16185));
#16185 = ORIENTED_EDGE('',*,*,#16186,.T.);
#16186 = EDGE_CURVE('',#16187,#16187,#16189,.T.);
#16187 = VERTEX_POINT('',#16188);
#16188 = CARTESIAN_POINT('',(94.515,-77.1553,1.51));
#16189 = CIRCLE('',#16190,0.4953);
#16190 = AXIS2_PLACEMENT_3D('',#16191,#16192,#16193);
#16191 = CARTESIAN_POINT('',(94.515,-76.66,1.51));
#16192 = DIRECTION('',(-0.,0.,-1.));
#16193 = DIRECTION('',(-0.,-1.,0.));
#16194 = FACE_BOUND('',#16195,.T.);
#16195 = EDGE_LOOP('',(#16196));
#16196 = ORIENTED_EDGE('',*,*,#16197,.T.);
#16197 = EDGE_CURVE('',#16198,#16198,#16200,.T.);
#16198 = VERTEX_POINT('',#16199);
#16199 = CARTESIAN_POINT('',(88.9625,-75.6,1.51));
#16200 = CIRCLE('',#16201,1.6);
#16201 = AXIS2_PLACEMENT_3D('',#16202,#16203,#16204);
#16202 = CARTESIAN_POINT('',(88.9625,-74.,1.51));
#16203 = DIRECTION('',(-0.,0.,-1.));
#16204 = DIRECTION('',(-0.,-1.,0.));
#16205 = FACE_BOUND('',#16206,.T.);
#16206 = EDGE_LOOP('',(#16207));
#16207 = ORIENTED_EDGE('',*,*,#16208,.T.);
#16208 = EDGE_CURVE('',#16209,#16209,#16211,.T.);
#16209 = VERTEX_POINT('',#16210);
#16210 = CARTESIAN_POINT('',(93.499,-72.0753,1.51));
#16211 = CIRCLE('',#16212,0.4953);
#16212 = AXIS2_PLACEMENT_3D('',#16213,#16214,#16215);
#16213 = CARTESIAN_POINT('',(93.499,-71.58,1.51));
#16214 = DIRECTION('',(-0.,0.,-1.));
#16215 = DIRECTION('',(-0.,-1.,0.));
#16216 = FACE_BOUND('',#16217,.T.);
#16217 = EDGE_LOOP('',(#16218));
#16218 = ORIENTED_EDGE('',*,*,#16219,.T.);
#16219 = EDGE_CURVE('',#16220,#16220,#16222,.T.);
#16220 = VERTEX_POINT('',#16221);
#16221 = CARTESIAN_POINT('',(95.531,-72.0753,1.51));
#16222 = CIRCLE('',#16223,0.4953);
#16223 = AXIS2_PLACEMENT_3D('',#16224,#16225,#16226);
#16224 = CARTESIAN_POINT('',(95.531,-71.58,1.51));
#16225 = DIRECTION('',(-0.,0.,-1.));
#16226 = DIRECTION('',(-0.,-1.,0.));
#16227 = FACE_BOUND('',#16228,.T.);
#16228 = EDGE_LOOP('',(#16229));
#16229 = ORIENTED_EDGE('',*,*,#16230,.T.);
#16230 = EDGE_CURVE('',#16231,#16231,#16233,.T.);
#16231 = VERTEX_POINT('',#16232);
#16232 = CARTESIAN_POINT('',(108.85,-75.175,1.51));
#16233 = CIRCLE('',#16234,0.125);
#16234 = AXIS2_PLACEMENT_3D('',#16235,#16236,#16237);
#16235 = CARTESIAN_POINT('',(108.85,-75.05,1.51));
#16236 = DIRECTION('',(-0.,0.,-1.));
#16237 = DIRECTION('',(-0.,-1.,0.));
#16238 = FACE_BOUND('',#16239,.T.);
#16239 = EDGE_LOOP('',(#16240));
#16240 = ORIENTED_EDGE('',*,*,#16241,.T.);
#16241 = EDGE_CURVE('',#16242,#16242,#16244,.T.);
#16242 = VERTEX_POINT('',#16243);
#16243 = CARTESIAN_POINT('',(109.85,-75.175,1.51));
#16244 = CIRCLE('',#16245,0.125);
#16245 = AXIS2_PLACEMENT_3D('',#16246,#16247,#16248);
#16246 = CARTESIAN_POINT('',(109.85,-75.05,1.51));
#16247 = DIRECTION('',(-0.,0.,-1.));
#16248 = DIRECTION('',(-0.,-1.,0.));
#16249 = PLANE('',#16250);
#16250 = AXIS2_PLACEMENT_3D('',#16251,#16252,#16253);
#16251 = CARTESIAN_POINT('',(0.,0.,1.51));
#16252 = DIRECTION('',(0.,0.,1.));
#16253 = DIRECTION('',(1.,0.,-0.));
#16254 = ADVANCED_FACE('',(#16255),#16266,.T.);
#16255 = FACE_BOUND('',#16256,.T.);
#16256 = EDGE_LOOP('',(#16257,#16263,#16264,#16265));
#16257 = ORIENTED_EDGE('',*,*,#16258,.T.);
#16258 = EDGE_CURVE('',#16003,#16132,#16259,.T.);
#16259 = LINE('',#16260,#16261);
#16260 = CARTESIAN_POINT('',(85.675,-71.5,0.));
#16261 = VECTOR('',#16262,1.);
#16262 = DIRECTION('',(0.,0.,1.));
#16263 = ORIENTED_EDGE('',*,*,#16131,.T.);
#16264 = ORIENTED_EDGE('',*,*,#15938,.F.);
#16265 = ORIENTED_EDGE('',*,*,#16002,.F.);
#16266 = CYLINDRICAL_SURFACE('',#16267,0.999999252925);
#16267 = AXIS2_PLACEMENT_3D('',#16268,#16269,#16270);
#16268 = CARTESIAN_POINT('',(86.674999252925,-71.49999925292,0.));
#16269 = DIRECTION('',(0.,0.,-1.));
#16270 = DIRECTION('',(-1.,-7.47075720743E-07,-0.));
#16271 = ADVANCED_FACE('',(#16272),#16283,.T.);
#16272 = FACE_BOUND('',#16273,.T.);
#16273 = EDGE_LOOP('',(#16274,#16275,#16276,#16282));
#16274 = ORIENTED_EDGE('',*,*,#15978,.T.);
#16275 = ORIENTED_EDGE('',*,*,#16165,.T.);
#16276 = ORIENTED_EDGE('',*,*,#16277,.F.);
#16277 = EDGE_CURVE('',#16029,#16158,#16278,.T.);
#16278 = LINE('',#16279,#16280);
#16279 = CARTESIAN_POINT('',(113.25,-89.5,0.));
#16280 = VECTOR('',#16281,1.);
#16281 = DIRECTION('',(0.,0.,1.));
#16282 = ORIENTED_EDGE('',*,*,#16036,.F.);
#16283 = CYLINDRICAL_SURFACE('',#16284,0.999999252925);
#16284 = AXIS2_PLACEMENT_3D('',#16285,#16286,#16287);
#16285 = CARTESIAN_POINT('',(113.25000074707,-88.50000074707,0.));
#16286 = DIRECTION('',(0.,0.,-1.));
#16287 = DIRECTION('',(1.,7.47075720743E-07,0.));
#16288 = ADVANCED_FACE('',(#16289),#16300,.T.);
#16289 = FACE_BOUND('',#16290,.T.);
#16290 = EDGE_LOOP('',(#16291,#16297,#16298,#16299));
#16291 = ORIENTED_EDGE('',*,*,#16292,.T.);
#16292 = EDGE_CURVE('',#16012,#16141,#16293,.T.);
#16293 = LINE('',#16294,#16295);
#16294 = CARTESIAN_POINT('',(85.675,-88.5,0.));
#16295 = VECTOR('',#16296,1.);
#16296 = DIRECTION('',(0.,0.,1.));
#16297 = ORIENTED_EDGE('',*,*,#16140,.T.);
#16298 = ORIENTED_EDGE('',*,*,#16258,.F.);
#16299 = ORIENTED_EDGE('',*,*,#16011,.F.);
#16300 = PLANE('',#16301);
#16301 = AXIS2_PLACEMENT_3D('',#16302,#16303,#16304);
#16302 = CARTESIAN_POINT('',(85.675,-88.5,0.));
#16303 = DIRECTION('',(-1.,0.,0.));
#16304 = DIRECTION('',(0.,1.,0.));
#16305 = ADVANCED_FACE('',(#16306),#16317,.T.);
#16306 = FACE_BOUND('',#16307,.T.);
#16307 = EDGE_LOOP('',(#16308,#16309,#16310,#16316));
#16308 = ORIENTED_EDGE('',*,*,#16277,.T.);
#16309 = ORIENTED_EDGE('',*,*,#16157,.T.);
#16310 = ORIENTED_EDGE('',*,*,#16311,.F.);
#16311 = EDGE_CURVE('',#16020,#16149,#16312,.T.);
#16312 = LINE('',#16313,#16314);
#16313 = CARTESIAN_POINT('',(86.675,-89.5,0.));
#16314 = VECTOR('',#16315,1.);
#16315 = DIRECTION('',(0.,0.,1.));
#16316 = ORIENTED_EDGE('',*,*,#16028,.F.);
#16317 = PLANE('',#16318);
#16318 = AXIS2_PLACEMENT_3D('',#16319,#16320,#16321);
#16319 = CARTESIAN_POINT('',(113.25,-89.5,0.));
#16320 = DIRECTION('',(0.,-1.,0.));
#16321 = DIRECTION('',(-1.,0.,0.));
#16322 = ADVANCED_FACE('',(#16323),#16329,.T.);
#16323 = FACE_BOUND('',#16324,.T.);
#16324 = EDGE_LOOP('',(#16325,#16326,#16327,#16328));
#16325 = ORIENTED_EDGE('',*,*,#16311,.T.);
#16326 = ORIENTED_EDGE('',*,*,#16148,.T.);
#16327 = ORIENTED_EDGE('',*,*,#16292,.F.);
#16328 = ORIENTED_EDGE('',*,*,#16019,.F.);
#16329 = CYLINDRICAL_SURFACE('',#16330,0.999999252925);
#16330 = AXIS2_PLACEMENT_3D('',#16331,#16332,#16333);
#16331 = CARTESIAN_POINT('',(86.674999252925,-88.50000074707,0.));
#16332 = DIRECTION('',(0.,0.,-1.));
#16333 = DIRECTION('',(7.470757065322E-07,-1.,0.));
#16334 = ADVANCED_FACE('',(#16335),#16346,.F.);
#16335 = FACE_BOUND('',#16336,.T.);
#16336 = EDGE_LOOP('',(#16337,#16338,#16344,#16345));
#16337 = ORIENTED_EDGE('',*,*,#16046,.T.);
#16338 = ORIENTED_EDGE('',*,*,#16339,.T.);
#16339 = EDGE_CURVE('',#16047,#16176,#16340,.T.);
#16340 = LINE('',#16341,#16342);
#16341 = CARTESIAN_POINT('',(110.9625,-87.6,-4.6E-02));
#16342 = VECTOR('',#16343,1.);
#16343 = DIRECTION('',(0.,0.,1.));
#16344 = ORIENTED_EDGE('',*,*,#16175,.F.);
#16345 = ORIENTED_EDGE('',*,*,#16339,.F.);
#16346 = CYLINDRICAL_SURFACE('',#16347,1.6);
#16347 = AXIS2_PLACEMENT_3D('',#16348,#16349,#16350);
#16348 = CARTESIAN_POINT('',(110.9625,-86.,-4.6E-02));
#16349 = DIRECTION('',(-0.,-0.,-1.));
#16350 = DIRECTION('',(-0.,-1.,0.));
#16351 = ADVANCED_FACE('',(#16352),#16363,.F.);
#16352 = FACE_BOUND('',#16353,.T.);
#16353 = EDGE_LOOP('',(#16354,#16355,#16361,#16362));
#16354 = ORIENTED_EDGE('',*,*,#16057,.T.);
#16355 = ORIENTED_EDGE('',*,*,#16356,.T.);
#16356 = EDGE_CURVE('',#16058,#16187,#16357,.T.);
#16357 = LINE('',#16358,#16359);
#16358 = CARTESIAN_POINT('',(94.515,-77.1553,-4.6E-02));
#16359 = VECTOR('',#16360,1.);
#16360 = DIRECTION('',(0.,0.,1.));
#16361 = ORIENTED_EDGE('',*,*,#16186,.F.);
#16362 = ORIENTED_EDGE('',*,*,#16356,.F.);
#16363 = CYLINDRICAL_SURFACE('',#16364,0.4953);
#16364 = AXIS2_PLACEMENT_3D('',#16365,#16366,#16367);
#16365 = CARTESIAN_POINT('',(94.515,-76.66,-4.6E-02));
#16366 = DIRECTION('',(-0.,-0.,-1.));
#16367 = DIRECTION('',(-0.,-1.,0.));
#16368 = ADVANCED_FACE('',(#16369),#16380,.F.);
#16369 = FACE_BOUND('',#16370,.T.);
#16370 = EDGE_LOOP('',(#16371,#16372,#16378,#16379));
#16371 = ORIENTED_EDGE('',*,*,#16068,.T.);
#16372 = ORIENTED_EDGE('',*,*,#16373,.T.);
#16373 = EDGE_CURVE('',#16069,#16198,#16374,.T.);
#16374 = LINE('',#16375,#16376);
#16375 = CARTESIAN_POINT('',(88.9625,-75.6,-4.6E-02));
#16376 = VECTOR('',#16377,1.);
#16377 = DIRECTION('',(0.,0.,1.));
#16378 = ORIENTED_EDGE('',*,*,#16197,.F.);
#16379 = ORIENTED_EDGE('',*,*,#16373,.F.);
#16380 = CYLINDRICAL_SURFACE('',#16381,1.6);
#16381 = AXIS2_PLACEMENT_3D('',#16382,#16383,#16384);
#16382 = CARTESIAN_POINT('',(88.9625,-74.,-4.6E-02));
#16383 = DIRECTION('',(-0.,-0.,-1.));
#16384 = DIRECTION('',(-0.,-1.,0.));
#16385 = ADVANCED_FACE('',(#16386),#16397,.F.);
#16386 = FACE_BOUND('',#16387,.T.);
#16387 = EDGE_LOOP('',(#16388,#16389,#16395,#16396));
#16388 = ORIENTED_EDGE('',*,*,#16079,.T.);
#16389 = ORIENTED_EDGE('',*,*,#16390,.T.);
#16390 = EDGE_CURVE('',#16080,#16209,#16391,.T.);
#16391 = LINE('',#16392,#16393);
#16392 = CARTESIAN_POINT('',(93.499,-72.0753,-4.6E-02));
#16393 = VECTOR('',#16394,1.);
#16394 = DIRECTION('',(0.,0.,1.));
#16395 = ORIENTED_EDGE('',*,*,#16208,.F.);
#16396 = ORIENTED_EDGE('',*,*,#16390,.F.);
#16397 = CYLINDRICAL_SURFACE('',#16398,0.4953);
#16398 = AXIS2_PLACEMENT_3D('',#16399,#16400,#16401);
#16399 = CARTESIAN_POINT('',(93.499,-71.58,-4.6E-02));
#16400 = DIRECTION('',(-0.,-0.,-1.));
#16401 = DIRECTION('',(-0.,-1.,0.));
#16402 = ADVANCED_FACE('',(#16403),#16414,.F.);
#16403 = FACE_BOUND('',#16404,.T.);
#16404 = EDGE_LOOP('',(#16405,#16406,#16412,#16413));
#16405 = ORIENTED_EDGE('',*,*,#16090,.T.);
#16406 = ORIENTED_EDGE('',*,*,#16407,.T.);
#16407 = EDGE_CURVE('',#16091,#16220,#16408,.T.);
#16408 = LINE('',#16409,#16410);
#16409 = CARTESIAN_POINT('',(95.531,-72.0753,-4.6E-02));
#16410 = VECTOR('',#16411,1.);
#16411 = DIRECTION('',(0.,0.,1.));
#16412 = ORIENTED_EDGE('',*,*,#16219,.F.);
#16413 = ORIENTED_EDGE('',*,*,#16407,.F.);
#16414 = CYLINDRICAL_SURFACE('',#16415,0.4953);
#16415 = AXIS2_PLACEMENT_3D('',#16416,#16417,#16418);
#16416 = CARTESIAN_POINT('',(95.531,-71.58,-4.6E-02));
#16417 = DIRECTION('',(-0.,-0.,-1.));
#16418 = DIRECTION('',(-0.,-1.,0.));
#16419 = ADVANCED_FACE('',(#16420),#16431,.F.);
#16420 = FACE_BOUND('',#16421,.T.);
#16421 = EDGE_LOOP('',(#16422,#16423,#16429,#16430));
#16422 = ORIENTED_EDGE('',*,*,#16101,.T.);
#16423 = ORIENTED_EDGE('',*,*,#16424,.T.);
#16424 = EDGE_CURVE('',#16102,#16231,#16425,.T.);
#16425 = LINE('',#16426,#16427);
#16426 = CARTESIAN_POINT('',(108.85,-75.175,-4.6E-02));
#16427 = VECTOR('',#16428,1.);
#16428 = DIRECTION('',(0.,0.,1.));
#16429 = ORIENTED_EDGE('',*,*,#16230,.F.);
#16430 = ORIENTED_EDGE('',*,*,#16424,.F.);
#16431 = CYLINDRICAL_SURFACE('',#16432,0.125);
#16432 = AXIS2_PLACEMENT_3D('',#16433,#16434,#16435);
#16433 = CARTESIAN_POINT('',(108.85,-75.05,-4.6E-02));
#16434 = DIRECTION('',(-0.,-0.,-1.));
#16435 = DIRECTION('',(-0.,-1.,0.));
#16436 = ADVANCED_FACE('',(#16437),#16448,.F.);
#16437 = FACE_BOUND('',#16438,.T.);
#16438 = EDGE_LOOP('',(#16439,#16440,#16446,#16447));
#16439 = ORIENTED_EDGE('',*,*,#16112,.T.);
#16440 = ORIENTED_EDGE('',*,*,#16441,.T.);
#16441 = EDGE_CURVE('',#16113,#16242,#16442,.T.);
#16442 = LINE('',#16443,#16444);
#16443 = CARTESIAN_POINT('',(109.85,-75.175,-4.6E-02));
#16444 = VECTOR('',#16445,1.);
#16445 = DIRECTION('',(0.,0.,1.));
#16446 = ORIENTED_EDGE('',*,*,#16241,.F.);
#16447 = ORIENTED_EDGE('',*,*,#16441,.F.);
#16448 = CYLINDRICAL_SURFACE('',#16449,0.125);
#16449 = AXIS2_PLACEMENT_3D('',#16450,#16451,#16452);
#16450 = CARTESIAN_POINT('',(109.85,-75.05,-4.6E-02));
#16451 = DIRECTION('',(-0.,-0.,-1.));
#16452 = DIRECTION('',(-0.,-1.,0.));
#16453 = ( GEOMETRIC_REPRESENTATION_CONTEXT(3) 
GLOBAL_UNCERTAINTY_ASSIGNED_CONTEXT((#16457)) 
GLOBAL_UNIT_ASSIGNED_CONTEXT((#16454,#16455,#16456)) 
REPRESENTATION_CONTEXT('Context #1',
  '3D Context with UNIT and UNCERTAINTY') );
#16454 = ( LENGTH_UNIT() NAMED_UNIT(*) SI_UNIT(.MILLI.,.METRE.) );
#16455 = ( NAMED_UNIT(*) PLANE_ANGLE_UNIT() SI_UNIT($,.RADIAN.) );
#16456 = ( NAMED_UNIT(*) SI_UNIT($,.STERADIAN.) SOLID_ANGLE_UNIT() );
#16457 = UNCERTAINTY_MEASURE_WITH_UNIT(LENGTH_MEASURE(1.E-07),#16454,
  'distance_accuracy_value','confusion accuracy');
#16458 = CONTEXT_DEPENDENT_SHAPE_REPRESENTATION(#16459,#16461);
#16459 = ( REPRESENTATION_RELATIONSHIP('','',#15889,#10) 
REPRESENTATION_RELATIONSHIP_WITH_TRANSFORMATION(#16460) 
SHAPE_REPRESENTATION_RELATIONSHIP() );
#16460 = ITEM_DEFINED_TRANSFORMATION('','',#11,#143);
#16461 = PRODUCT_DEFINITION_SHAPE('Placement','Placement of an item',
  #16462);
#16462 = NEXT_ASSEMBLY_USAGE_OCCURRENCE('42','=>[0:1:1:20]','',#5,#15884
  ,$);
#16463 = PRODUCT_RELATED_PRODUCT_CATEGORY('part',$,(#15886));
#16464 = MECHANICAL_DESIGN_GEOMETRIC_PRESENTATION_REPRESENTATION('',(
    #16465,#16473,#16481,#16488,#16495,#16502,#16509,#16516,#16523,
    #16530,#16537,#16544,#16551,#16558,#16565,#16572,#16579,#16586,
    #16593,#16600,#16607,#16614,#16621,#16628,#16635,#16642,#16649,
    #16656,#16663,#16670,#16677,#16684,#16691,#16698,#16705,#16712,
    #16719,#16726,#16733,#16740,#16747,#16754,#16761,#16768,#16775),
  #6046);
#16465 = STYLED_ITEM('color',(#16466),#3084);
#16466 = PRESENTATION_STYLE_ASSIGNMENT((#16467));
#16467 = SURFACE_STYLE_USAGE(.BOTH.,#16468);
#16468 = SURFACE_SIDE_STYLE('',(#16469));
#16469 = SURFACE_STYLE_FILL_AREA(#16470);
#16470 = FILL_AREA_STYLE('',(#16471));
#16471 = FILL_AREA_STYLE_COLOUR('',#16472);
#16472 = COLOUR_RGB('',0.,0.,0.627450987486);
#16473 = OVER_RIDING_STYLED_ITEM('overriding color',(#16474),#5042,
  #16465);
#16474 = PRESENTATION_STYLE_ASSIGNMENT((#16475));
#16475 = SURFACE_STYLE_USAGE(.BOTH.,#16476);
#16476 = SURFACE_SIDE_STYLE('',(#16477));
#16477 = SURFACE_STYLE_FILL_AREA(#16478);
#16478 = FILL_AREA_STYLE('',(#16479));
#16479 = FILL_AREA_STYLE_COLOUR('',#16480);
#16480 = COLOUR_RGB('',0.752941164258,0.752941164258,0.752941164258);
#16481 = OVER_RIDING_STYLED_ITEM('overriding color',(#16482),#5073,
  #16465);
#16482 = PRESENTATION_STYLE_ASSIGNMENT((#16483));
#16483 = SURFACE_STYLE_USAGE(.BOTH.,#16484);
#16484 = SURFACE_SIDE_STYLE('',(#16485));
#16485 = SURFACE_STYLE_FILL_AREA(#16486);
#16486 = FILL_AREA_STYLE('',(#16487));
#16487 = FILL_AREA_STYLE_COLOUR('',#16480);
#16488 = OVER_RIDING_STYLED_ITEM('overriding color',(#16489),#5104,
  #16465);
#16489 = PRESENTATION_STYLE_ASSIGNMENT((#16490));
#16490 = SURFACE_STYLE_USAGE(.BOTH.,#16491);
#16491 = SURFACE_SIDE_STYLE('',(#16492));
#16492 = SURFACE_STYLE_FILL_AREA(#16493);
#16493 = FILL_AREA_STYLE('',(#16494));
#16494 = FILL_AREA_STYLE_COLOUR('',#16480);
#16495 = OVER_RIDING_STYLED_ITEM('overriding color',(#16496),#5135,
  #16465);
#16496 = PRESENTATION_STYLE_ASSIGNMENT((#16497));
#16497 = SURFACE_STYLE_USAGE(.BOTH.,#16498);
#16498 = SURFACE_SIDE_STYLE('',(#16499));
#16499 = SURFACE_STYLE_FILL_AREA(#16500);
#16500 = FILL_AREA_STYLE('',(#16501));
#16501 = FILL_AREA_STYLE_COLOUR('',#16480);
#16502 = OVER_RIDING_STYLED_ITEM('overriding color',(#16503),#5157,
  #16465);
#16503 = PRESENTATION_STYLE_ASSIGNMENT((#16504));
#16504 = SURFACE_STYLE_USAGE(.BOTH.,#16505);
#16505 = SURFACE_SIDE_STYLE('',(#16506));
#16506 = SURFACE_STYLE_FILL_AREA(#16507);
#16507 = FILL_AREA_STYLE('',(#16508));
#16508 = FILL_AREA_STYLE_COLOUR('',#16480);
#16509 = OVER_RIDING_STYLED_ITEM('overriding color',(#16510),#5171,
  #16465);
#16510 = PRESENTATION_STYLE_ASSIGNMENT((#16511));
#16511 = SURFACE_STYLE_USAGE(.BOTH.,#16512);
#16512 = SURFACE_SIDE_STYLE('',(#16513));
#16513 = SURFACE_STYLE_FILL_AREA(#16514);
#16514 = FILL_AREA_STYLE('',(#16515));
#16515 = FILL_AREA_STYLE_COLOUR('',#16480);
#16516 = OVER_RIDING_STYLED_ITEM('overriding color',(#16517),#5185,
  #16465);
#16517 = PRESENTATION_STYLE_ASSIGNMENT((#16518));
#16518 = SURFACE_STYLE_USAGE(.BOTH.,#16519);
#16519 = SURFACE_SIDE_STYLE('',(#16520));
#16520 = SURFACE_STYLE_FILL_AREA(#16521);
#16521 = FILL_AREA_STYLE('',(#16522));
#16522 = FILL_AREA_STYLE_COLOUR('',#16480);
#16523 = OVER_RIDING_STYLED_ITEM('overriding color',(#16524),#5216,
  #16465);
#16524 = PRESENTATION_STYLE_ASSIGNMENT((#16525));
#16525 = SURFACE_STYLE_USAGE(.BOTH.,#16526);
#16526 = SURFACE_SIDE_STYLE('',(#16527));
#16527 = SURFACE_STYLE_FILL_AREA(#16528);
#16528 = FILL_AREA_STYLE('',(#16529));
#16529 = FILL_AREA_STYLE_COLOUR('',#16480);
#16530 = OVER_RIDING_STYLED_ITEM('overriding color',(#16531),#5247,
  #16465);
#16531 = PRESENTATION_STYLE_ASSIGNMENT((#16532));
#16532 = SURFACE_STYLE_USAGE(.BOTH.,#16533);
#16533 = SURFACE_SIDE_STYLE('',(#16534));
#16534 = SURFACE_STYLE_FILL_AREA(#16535);
#16535 = FILL_AREA_STYLE('',(#16536));
#16536 = FILL_AREA_STYLE_COLOUR('',#16480);
#16537 = OVER_RIDING_STYLED_ITEM('overriding color',(#16538),#5278,
  #16465);
#16538 = PRESENTATION_STYLE_ASSIGNMENT((#16539));
#16539 = SURFACE_STYLE_USAGE(.BOTH.,#16540);
#16540 = SURFACE_SIDE_STYLE('',(#16541));
#16541 = SURFACE_STYLE_FILL_AREA(#16542);
#16542 = FILL_AREA_STYLE('',(#16543));
#16543 = FILL_AREA_STYLE_COLOUR('',#16480);
#16544 = OVER_RIDING_STYLED_ITEM('overriding color',(#16545),#5300,
  #16465);
#16545 = PRESENTATION_STYLE_ASSIGNMENT((#16546));
#16546 = SURFACE_STYLE_USAGE(.BOTH.,#16547);
#16547 = SURFACE_SIDE_STYLE('',(#16548));
#16548 = SURFACE_STYLE_FILL_AREA(#16549);
#16549 = FILL_AREA_STYLE('',(#16550));
#16550 = FILL_AREA_STYLE_COLOUR('',#16480);
#16551 = OVER_RIDING_STYLED_ITEM('overriding color',(#16552),#5314,
  #16465);
#16552 = PRESENTATION_STYLE_ASSIGNMENT((#16553));
#16553 = SURFACE_STYLE_USAGE(.BOTH.,#16554);
#16554 = SURFACE_SIDE_STYLE('',(#16555));
#16555 = SURFACE_STYLE_FILL_AREA(#16556);
#16556 = FILL_AREA_STYLE('',(#16557));
#16557 = FILL_AREA_STYLE_COLOUR('',#16480);
#16558 = OVER_RIDING_STYLED_ITEM('overriding color',(#16559),#5328,
  #16465);
#16559 = PRESENTATION_STYLE_ASSIGNMENT((#16560));
#16560 = SURFACE_STYLE_USAGE(.BOTH.,#16561);
#16561 = SURFACE_SIDE_STYLE('',(#16562));
#16562 = SURFACE_STYLE_FILL_AREA(#16563);
#16563 = FILL_AREA_STYLE('',(#16564));
#16564 = FILL_AREA_STYLE_COLOUR('',#16480);
#16565 = OVER_RIDING_STYLED_ITEM('overriding color',(#16566),#5359,
  #16465);
#16566 = PRESENTATION_STYLE_ASSIGNMENT((#16567));
#16567 = SURFACE_STYLE_USAGE(.BOTH.,#16568);
#16568 = SURFACE_SIDE_STYLE('',(#16569));
#16569 = SURFACE_STYLE_FILL_AREA(#16570);
#16570 = FILL_AREA_STYLE('',(#16571));
#16571 = FILL_AREA_STYLE_COLOUR('',#16480);
#16572 = OVER_RIDING_STYLED_ITEM('overriding color',(#16573),#5390,
  #16465);
#16573 = PRESENTATION_STYLE_ASSIGNMENT((#16574));
#16574 = SURFACE_STYLE_USAGE(.BOTH.,#16575);
#16575 = SURFACE_SIDE_STYLE('',(#16576));
#16576 = SURFACE_STYLE_FILL_AREA(#16577);
#16577 = FILL_AREA_STYLE('',(#16578));
#16578 = FILL_AREA_STYLE_COLOUR('',#16480);
#16579 = OVER_RIDING_STYLED_ITEM('overriding color',(#16580),#5421,
  #16465);
#16580 = PRESENTATION_STYLE_ASSIGNMENT((#16581));
#16581 = SURFACE_STYLE_USAGE(.BOTH.,#16582);
#16582 = SURFACE_SIDE_STYLE('',(#16583));
#16583 = SURFACE_STYLE_FILL_AREA(#16584);
#16584 = FILL_AREA_STYLE('',(#16585));
#16585 = FILL_AREA_STYLE_COLOUR('',#16480);
#16586 = OVER_RIDING_STYLED_ITEM('overriding color',(#16587),#5443,
  #16465);
#16587 = PRESENTATION_STYLE_ASSIGNMENT((#16588));
#16588 = SURFACE_STYLE_USAGE(.BOTH.,#16589);
#16589 = SURFACE_SIDE_STYLE('',(#16590));
#16590 = SURFACE_STYLE_FILL_AREA(#16591);
#16591 = FILL_AREA_STYLE('',(#16592));
#16592 = FILL_AREA_STYLE_COLOUR('',#16480);
#16593 = OVER_RIDING_STYLED_ITEM('overriding color',(#16594),#5457,
  #16465);
#16594 = PRESENTATION_STYLE_ASSIGNMENT((#16595));
#16595 = SURFACE_STYLE_USAGE(.BOTH.,#16596);
#16596 = SURFACE_SIDE_STYLE('',(#16597));
#16597 = SURFACE_STYLE_FILL_AREA(#16598);
#16598 = FILL_AREA_STYLE('',(#16599));
#16599 = FILL_AREA_STYLE_COLOUR('',#16480);
#16600 = OVER_RIDING_STYLED_ITEM('overriding color',(#16601),#5471,
  #16465);
#16601 = PRESENTATION_STYLE_ASSIGNMENT((#16602));
#16602 = SURFACE_STYLE_USAGE(.BOTH.,#16603);
#16603 = SURFACE_SIDE_STYLE('',(#16604));
#16604 = SURFACE_STYLE_FILL_AREA(#16605);
#16605 = FILL_AREA_STYLE('',(#16606));
#16606 = FILL_AREA_STYLE_COLOUR('',#16480);
#16607 = OVER_RIDING_STYLED_ITEM('overriding color',(#16608),#5502,
  #16465);
#16608 = PRESENTATION_STYLE_ASSIGNMENT((#16609));
#16609 = SURFACE_STYLE_USAGE(.BOTH.,#16610);
#16610 = SURFACE_SIDE_STYLE('',(#16611));
#16611 = SURFACE_STYLE_FILL_AREA(#16612);
#16612 = FILL_AREA_STYLE('',(#16613));
#16613 = FILL_AREA_STYLE_COLOUR('',#16480);
#16614 = OVER_RIDING_STYLED_ITEM('overriding color',(#16615),#5533,
  #16465);
#16615 = PRESENTATION_STYLE_ASSIGNMENT((#16616));
#16616 = SURFACE_STYLE_USAGE(.BOTH.,#16617);
#16617 = SURFACE_SIDE_STYLE('',(#16618));
#16618 = SURFACE_STYLE_FILL_AREA(#16619);
#16619 = FILL_AREA_STYLE('',(#16620));
#16620 = FILL_AREA_STYLE_COLOUR('',#16480);
#16621 = OVER_RIDING_STYLED_ITEM('overriding color',(#16622),#5564,
  #16465);
#16622 = PRESENTATION_STYLE_ASSIGNMENT((#16623));
#16623 = SURFACE_STYLE_USAGE(.BOTH.,#16624);
#16624 = SURFACE_SIDE_STYLE('',(#16625));
#16625 = SURFACE_STYLE_FILL_AREA(#16626);
#16626 = FILL_AREA_STYLE('',(#16627));
#16627 = FILL_AREA_STYLE_COLOUR('',#16480);
#16628 = OVER_RIDING_STYLED_ITEM('overriding color',(#16629),#5586,
  #16465);
#16629 = PRESENTATION_STYLE_ASSIGNMENT((#16630));
#16630 = SURFACE_STYLE_USAGE(.BOTH.,#16631);
#16631 = SURFACE_SIDE_STYLE('',(#16632));
#16632 = SURFACE_STYLE_FILL_AREA(#16633);
#16633 = FILL_AREA_STYLE('',(#16634));
#16634 = FILL_AREA_STYLE_COLOUR('',#16480);
#16635 = OVER_RIDING_STYLED_ITEM('overriding color',(#16636),#5600,
  #16465);
#16636 = PRESENTATION_STYLE_ASSIGNMENT((#16637));
#16637 = SURFACE_STYLE_USAGE(.BOTH.,#16638);
#16638 = SURFACE_SIDE_STYLE('',(#16639));
#16639 = SURFACE_STYLE_FILL_AREA(#16640);
#16640 = FILL_AREA_STYLE('',(#16641));
#16641 = FILL_AREA_STYLE_COLOUR('',#16480);
#16642 = OVER_RIDING_STYLED_ITEM('overriding color',(#16643),#5614,
  #16465);
#16643 = PRESENTATION_STYLE_ASSIGNMENT((#16644));
#16644 = SURFACE_STYLE_USAGE(.BOTH.,#16645);
#16645 = SURFACE_SIDE_STYLE('',(#16646));
#16646 = SURFACE_STYLE_FILL_AREA(#16647);
#16647 = FILL_AREA_STYLE('',(#16648));
#16648 = FILL_AREA_STYLE_COLOUR('',#16480);
#16649 = OVER_RIDING_STYLED_ITEM('overriding color',(#16650),#5654,
  #16465);
#16650 = PRESENTATION_STYLE_ASSIGNMENT((#16651));
#16651 = SURFACE_STYLE_USAGE(.BOTH.,#16652);
#16652 = SURFACE_SIDE_STYLE('',(#16653));
#16653 = SURFACE_STYLE_FILL_AREA(#16654);
#16654 = FILL_AREA_STYLE('',(#16655));
#16655 = FILL_AREA_STYLE_COLOUR('',#16480);
#16656 = OVER_RIDING_STYLED_ITEM('overriding color',(#16657),#5676,
  #16465);
#16657 = PRESENTATION_STYLE_ASSIGNMENT((#16658));
#16658 = SURFACE_STYLE_USAGE(.BOTH.,#16659);
#16659 = SURFACE_SIDE_STYLE('',(#16660));
#16660 = SURFACE_STYLE_FILL_AREA(#16661);
#16661 = FILL_AREA_STYLE('',(#16662));
#16662 = FILL_AREA_STYLE_COLOUR('',#16480);
#16663 = OVER_RIDING_STYLED_ITEM('overriding color',(#16664),#5698,
  #16465);
#16664 = PRESENTATION_STYLE_ASSIGNMENT((#16665));
#16665 = SURFACE_STYLE_USAGE(.BOTH.,#16666);
#16666 = SURFACE_SIDE_STYLE('',(#16667));
#16667 = SURFACE_STYLE_FILL_AREA(#16668);
#16668 = FILL_AREA_STYLE('',(#16669));
#16669 = FILL_AREA_STYLE_COLOUR('',#16480);
#16670 = OVER_RIDING_STYLED_ITEM('overriding color',(#16671),#5710,
  #16465);
#16671 = PRESENTATION_STYLE_ASSIGNMENT((#16672));
#16672 = SURFACE_STYLE_USAGE(.BOTH.,#16673);
#16673 = SURFACE_SIDE_STYLE('',(#16674));
#16674 = SURFACE_STYLE_FILL_AREA(#16675);
#16675 = FILL_AREA_STYLE('',(#16676));
#16676 = FILL_AREA_STYLE_COLOUR('',#16480);
#16677 = OVER_RIDING_STYLED_ITEM('overriding color',(#16678),#5722,
  #16465);
#16678 = PRESENTATION_STYLE_ASSIGNMENT((#16679));
#16679 = SURFACE_STYLE_USAGE(.BOTH.,#16680);
#16680 = SURFACE_SIDE_STYLE('',(#16681));
#16681 = SURFACE_STYLE_FILL_AREA(#16682);
#16682 = FILL_AREA_STYLE('',(#16683));
#16683 = FILL_AREA_STYLE_COLOUR('',#16480);
#16684 = OVER_RIDING_STYLED_ITEM('overriding color',(#16685),#5753,
  #16465);
#16685 = PRESENTATION_STYLE_ASSIGNMENT((#16686));
#16686 = SURFACE_STYLE_USAGE(.BOTH.,#16687);
#16687 = SURFACE_SIDE_STYLE('',(#16688));
#16688 = SURFACE_STYLE_FILL_AREA(#16689);
#16689 = FILL_AREA_STYLE('',(#16690));
#16690 = FILL_AREA_STYLE_COLOUR('',#16480);
#16691 = OVER_RIDING_STYLED_ITEM('overriding color',(#16692),#5784,
  #16465);
#16692 = PRESENTATION_STYLE_ASSIGNMENT((#16693));
#16693 = SURFACE_STYLE_USAGE(.BOTH.,#16694);
#16694 = SURFACE_SIDE_STYLE('',(#16695));
#16695 = SURFACE_STYLE_FILL_AREA(#16696);
#16696 = FILL_AREA_STYLE('',(#16697));
#16697 = FILL_AREA_STYLE_COLOUR('',#16480);
#16698 = OVER_RIDING_STYLED_ITEM('overriding color',(#16699),#5801,
  #16465);
#16699 = PRESENTATION_STYLE_ASSIGNMENT((#16700));
#16700 = SURFACE_STYLE_USAGE(.BOTH.,#16701);
#16701 = SURFACE_SIDE_STYLE('',(#16702));
#16702 = SURFACE_STYLE_FILL_AREA(#16703);
#16703 = FILL_AREA_STYLE('',(#16704));
#16704 = FILL_AREA_STYLE_COLOUR('',#16480);
#16705 = OVER_RIDING_STYLED_ITEM('overriding color',(#16706),#5818,
  #16465);
#16706 = PRESENTATION_STYLE_ASSIGNMENT((#16707));
#16707 = SURFACE_STYLE_USAGE(.BOTH.,#16708);
#16708 = SURFACE_SIDE_STYLE('',(#16709));
#16709 = SURFACE_STYLE_FILL_AREA(#16710);
#16710 = FILL_AREA_STYLE('',(#16711));
#16711 = FILL_AREA_STYLE_COLOUR('',#16480);
#16712 = OVER_RIDING_STYLED_ITEM('overriding color',(#16713),#5830,
  #16465);
#16713 = PRESENTATION_STYLE_ASSIGNMENT((#16714));
#16714 = SURFACE_STYLE_USAGE(.BOTH.,#16715);
#16715 = SURFACE_SIDE_STYLE('',(#16716));
#16716 = SURFACE_STYLE_FILL_AREA(#16717);
#16717 = FILL_AREA_STYLE('',(#16718));
#16718 = FILL_AREA_STYLE_COLOUR('',#16480);
#16719 = OVER_RIDING_STYLED_ITEM('overriding color',(#16720),#5870,
  #16465);
#16720 = PRESENTATION_STYLE_ASSIGNMENT((#16721));
#16721 = SURFACE_STYLE_USAGE(.BOTH.,#16722);
#16722 = SURFACE_SIDE_STYLE('',(#16723));
#16723 = SURFACE_STYLE_FILL_AREA(#16724);
#16724 = FILL_AREA_STYLE('',(#16725));
#16725 = FILL_AREA_STYLE_COLOUR('',#16480);
#16726 = OVER_RIDING_STYLED_ITEM('overriding color',(#16727),#5892,
  #16465);
#16727 = PRESENTATION_STYLE_ASSIGNMENT((#16728));
#16728 = SURFACE_STYLE_USAGE(.BOTH.,#16729);
#16729 = SURFACE_SIDE_STYLE('',(#16730));
#16730 = SURFACE_STYLE_FILL_AREA(#16731);
#16731 = FILL_AREA_STYLE('',(#16732));
#16732 = FILL_AREA_STYLE_COLOUR('',#16480);
#16733 = OVER_RIDING_STYLED_ITEM('overriding color',(#16734),#5914,
  #16465);
#16734 = PRESENTATION_STYLE_ASSIGNMENT((#16735));
#16735 = SURFACE_STYLE_USAGE(.BOTH.,#16736);
#16736 = SURFACE_SIDE_STYLE('',(#16737));
#16737 = SURFACE_STYLE_FILL_AREA(#16738);
#16738 = FILL_AREA_STYLE('',(#16739));
#16739 = FILL_AREA_STYLE_COLOUR('',#16480);
#16740 = OVER_RIDING_STYLED_ITEM('overriding color',(#16741),#5926,
  #16465);
#16741 = PRESENTATION_STYLE_ASSIGNMENT((#16742));
#16742 = SURFACE_STYLE_USAGE(.BOTH.,#16743);
#16743 = SURFACE_SIDE_STYLE('',(#16744));
#16744 = SURFACE_STYLE_FILL_AREA(#16745);
#16745 = FILL_AREA_STYLE('',(#16746));
#16746 = FILL_AREA_STYLE_COLOUR('',#16480);
#16747 = OVER_RIDING_STYLED_ITEM('overriding color',(#16748),#5938,
  #16465);
#16748 = PRESENTATION_STYLE_ASSIGNMENT((#16749));
#16749 = SURFACE_STYLE_USAGE(.BOTH.,#16750);
#16750 = SURFACE_SIDE_STYLE('',(#16751));
#16751 = SURFACE_STYLE_FILL_AREA(#16752);
#16752 = FILL_AREA_STYLE('',(#16753));
#16753 = FILL_AREA_STYLE_COLOUR('',#16480);
#16754 = OVER_RIDING_STYLED_ITEM('overriding color',(#16755),#5969,
  #16465);
#16755 = PRESENTATION_STYLE_ASSIGNMENT((#16756));
#16756 = SURFACE_STYLE_USAGE(.BOTH.,#16757);
#16757 = SURFACE_SIDE_STYLE('',(#16758));
#16758 = SURFACE_STYLE_FILL_AREA(#16759);
#16759 = FILL_AREA_STYLE('',(#16760));
#16760 = FILL_AREA_STYLE_COLOUR('',#16480);
#16761 = OVER_RIDING_STYLED_ITEM('overriding color',(#16762),#6000,
  #16465);
#16762 = PRESENTATION_STYLE_ASSIGNMENT((#16763));
#16763 = SURFACE_STYLE_USAGE(.BOTH.,#16764);
#16764 = SURFACE_SIDE_STYLE('',(#16765));
#16765 = SURFACE_STYLE_FILL_AREA(#16766);
#16766 = FILL_AREA_STYLE('',(#16767));
#16767 = FILL_AREA_STYLE_COLOUR('',#16480);
#16768 = OVER_RIDING_STYLED_ITEM('overriding color',(#16769),#6017,
  #16465);
#16769 = PRESENTATION_STYLE_ASSIGNMENT((#16770));
#16770 = SURFACE_STYLE_USAGE(.BOTH.,#16771);
#16771 = SURFACE_SIDE_STYLE('',(#16772));
#16772 = SURFACE_STYLE_FILL_AREA(#16773);
#16773 = FILL_AREA_STYLE('',(#16774));
#16774 = FILL_AREA_STYLE_COLOUR('',#16480);
#16775 = OVER_RIDING_STYLED_ITEM('overriding color',(#16776),#6034,
  #16465);
#16776 = PRESENTATION_STYLE_ASSIGNMENT((#16777));
#16777 = SURFACE_STYLE_USAGE(.BOTH.,#16778);
#16778 = SURFACE_SIDE_STYLE('',(#16779));
#16779 = SURFACE_STYLE_FILL_AREA(#16780);
#16780 = FILL_AREA_STYLE('',(#16781));
#16781 = FILL_AREA_STYLE_COLOUR('',#16480);
#16782 = MECHANICAL_DESIGN_GEOMETRIC_PRESENTATION_REPRESENTATION('',(
    #16783,#16791,#16798,#16805,#16812,#16819,#16826,#16833,#16840,
    #16847,#16854,#16862,#16869,#16876,#16883,#16890,#16897,#16904,
    #16911,#16918,#16925,#16932,#16939,#16946,#16953,#16960,#16967,
    #16974),#12230);
#16783 = STYLED_ITEM('color',(#16784),#11378);
#16784 = PRESENTATION_STYLE_ASSIGNMENT((#16785));
#16785 = SURFACE_STYLE_USAGE(.BOTH.,#16786);
#16786 = SURFACE_SIDE_STYLE('',(#16787));
#16787 = SURFACE_STYLE_FILL_AREA(#16788);
#16788 = FILL_AREA_STYLE('',(#16789));
#16789 = FILL_AREA_STYLE_COLOUR('',#16790);
#16790 = COLOUR_RGB('',0.823999987314,0.819999987296,0.781000009244);
#16791 = STYLED_ITEM('color',(#16792),#11454);
#16792 = PRESENTATION_STYLE_ASSIGNMENT((#16793));
#16793 = SURFACE_STYLE_USAGE(.BOTH.,#16794);
#16794 = SURFACE_SIDE_STYLE('',(#16795));
#16795 = SURFACE_STYLE_FILL_AREA(#16796);
#16796 = FILL_AREA_STYLE('',(#16797));
#16797 = FILL_AREA_STYLE_COLOUR('',#16790);
#16798 = STYLED_ITEM('color',(#16799),#11485);
#16799 = PRESENTATION_STYLE_ASSIGNMENT((#16800));
#16800 = SURFACE_STYLE_USAGE(.BOTH.,#16801);
#16801 = SURFACE_SIDE_STYLE('',(#16802));
#16802 = SURFACE_STYLE_FILL_AREA(#16803);
#16803 = FILL_AREA_STYLE('',(#16804));
#16804 = FILL_AREA_STYLE_COLOUR('',#16790);
#16805 = STYLED_ITEM('color',(#16806),#11510);
#16806 = PRESENTATION_STYLE_ASSIGNMENT((#16807));
#16807 = SURFACE_STYLE_USAGE(.BOTH.,#16808);
#16808 = SURFACE_SIDE_STYLE('',(#16809));
#16809 = SURFACE_STYLE_FILL_AREA(#16810);
#16810 = FILL_AREA_STYLE('',(#16811));
#16811 = FILL_AREA_STYLE_COLOUR('',#16790);
#16812 = STYLED_ITEM('color',(#16813),#11535);
#16813 = PRESENTATION_STYLE_ASSIGNMENT((#16814));
#16814 = SURFACE_STYLE_USAGE(.BOTH.,#16815);
#16815 = SURFACE_SIDE_STYLE('',(#16816));
#16816 = SURFACE_STYLE_FILL_AREA(#16817);
#16817 = FILL_AREA_STYLE('',(#16818));
#16818 = FILL_AREA_STYLE_COLOUR('',#16790);
#16819 = STYLED_ITEM('color',(#16820),#11559);
#16820 = PRESENTATION_STYLE_ASSIGNMENT((#16821));
#16821 = SURFACE_STYLE_USAGE(.BOTH.,#16822);
#16822 = SURFACE_SIDE_STYLE('',(#16823));
#16823 = SURFACE_STYLE_FILL_AREA(#16824);
#16824 = FILL_AREA_STYLE('',(#16825));
#16825 = FILL_AREA_STYLE_COLOUR('',#16790);
#16826 = STYLED_ITEM('color',(#16827),#11583);
#16827 = PRESENTATION_STYLE_ASSIGNMENT((#16828));
#16828 = SURFACE_STYLE_USAGE(.BOTH.,#16829);
#16829 = SURFACE_SIDE_STYLE('',(#16830));
#16830 = SURFACE_STYLE_FILL_AREA(#16831);
#16831 = FILL_AREA_STYLE('',(#16832));
#16832 = FILL_AREA_STYLE_COLOUR('',#16790);
#16833 = STYLED_ITEM('color',(#16834),#11608);
#16834 = PRESENTATION_STYLE_ASSIGNMENT((#16835));
#16835 = SURFACE_STYLE_USAGE(.BOTH.,#16836);
#16836 = SURFACE_SIDE_STYLE('',(#16837));
#16837 = SURFACE_STYLE_FILL_AREA(#16838);
#16838 = FILL_AREA_STYLE('',(#16839));
#16839 = FILL_AREA_STYLE_COLOUR('',#16790);
#16840 = STYLED_ITEM('color',(#16841),#11633);
#16841 = PRESENTATION_STYLE_ASSIGNMENT((#16842));
#16842 = SURFACE_STYLE_USAGE(.BOTH.,#16843);
#16843 = SURFACE_SIDE_STYLE('',(#16844));
#16844 = SURFACE_STYLE_FILL_AREA(#16845);
#16845 = FILL_AREA_STYLE('',(#16846));
#16846 = FILL_AREA_STYLE_COLOUR('',#16790);
#16847 = STYLED_ITEM('color',(#16848),#11650);
#16848 = PRESENTATION_STYLE_ASSIGNMENT((#16849));
#16849 = SURFACE_STYLE_USAGE(.BOTH.,#16850);
#16850 = SURFACE_SIDE_STYLE('',(#16851));
#16851 = SURFACE_STYLE_FILL_AREA(#16852);
#16852 = FILL_AREA_STYLE('',(#16853));
#16853 = FILL_AREA_STYLE_COLOUR('',#16790);
#16854 = STYLED_ITEM('color',(#16855),#11736);
#16855 = PRESENTATION_STYLE_ASSIGNMENT((#16856));
#16856 = SURFACE_STYLE_USAGE(.BOTH.,#16857);
#16857 = SURFACE_SIDE_STYLE('',(#16858));
#16858 = SURFACE_STYLE_FILL_AREA(#16859);
#16859 = FILL_AREA_STYLE('',(#16860));
#16860 = FILL_AREA_STYLE_COLOUR('',#16861);
#16861 = COLOUR_RGB('',0.379000005575,0.270000008848,0.214999999939);
#16862 = STYLED_ITEM('color',(#16863),#11768);
#16863 = PRESENTATION_STYLE_ASSIGNMENT((#16864));
#16864 = SURFACE_STYLE_USAGE(.BOTH.,#16865);
#16865 = SURFACE_SIDE_STYLE('',(#16866));
#16866 = SURFACE_STYLE_FILL_AREA(#16867);
#16867 = FILL_AREA_STYLE('',(#16868));
#16868 = FILL_AREA_STYLE_COLOUR('',#16861);
#16869 = STYLED_ITEM('color',(#16870),#11792);
#16870 = PRESENTATION_STYLE_ASSIGNMENT((#16871));
#16871 = SURFACE_STYLE_USAGE(.BOTH.,#16872);
#16872 = SURFACE_SIDE_STYLE('',(#16873));
#16873 = SURFACE_STYLE_FILL_AREA(#16874);
#16874 = FILL_AREA_STYLE('',(#16875));
#16875 = FILL_AREA_STYLE_COLOUR('',#16861);
#16876 = STYLED_ITEM('color',(#16877),#11817);
#16877 = PRESENTATION_STYLE_ASSIGNMENT((#16878));
#16878 = SURFACE_STYLE_USAGE(.BOTH.,#16879);
#16879 = SURFACE_SIDE_STYLE('',(#16880));
#16880 = SURFACE_STYLE_FILL_AREA(#16881);
#16881 = FILL_AREA_STYLE('',(#16882));
#16882 = FILL_AREA_STYLE_COLOUR('',#16861);
#16883 = STYLED_ITEM('color',(#16884),#11841);
#16884 = PRESENTATION_STYLE_ASSIGNMENT((#16885));
#16885 = SURFACE_STYLE_USAGE(.BOTH.,#16886);
#16886 = SURFACE_SIDE_STYLE('',(#16887));
#16887 = SURFACE_STYLE_FILL_AREA(#16888);
#16888 = FILL_AREA_STYLE('',(#16889));
#16889 = FILL_AREA_STYLE_COLOUR('',#16861);
#16890 = STYLED_ITEM('color',(#16891),#11866);
#16891 = PRESENTATION_STYLE_ASSIGNMENT((#16892));
#16892 = SURFACE_STYLE_USAGE(.BOTH.,#16893);
#16893 = SURFACE_SIDE_STYLE('',(#16894));
#16894 = SURFACE_STYLE_FILL_AREA(#16895);
#16895 = FILL_AREA_STYLE('',(#16896));
#16896 = FILL_AREA_STYLE_COLOUR('',#16861);
#16897 = STYLED_ITEM('color',(#16898),#11890);
#16898 = PRESENTATION_STYLE_ASSIGNMENT((#16899));
#16899 = SURFACE_STYLE_USAGE(.BOTH.,#16900);
#16900 = SURFACE_SIDE_STYLE('',(#16901));
#16901 = SURFACE_STYLE_FILL_AREA(#16902);
#16902 = FILL_AREA_STYLE('',(#16903));
#16903 = FILL_AREA_STYLE_COLOUR('',#16861);
#16904 = STYLED_ITEM('color',(#16905),#11915);
#16905 = PRESENTATION_STYLE_ASSIGNMENT((#16906));
#16906 = SURFACE_STYLE_USAGE(.BOTH.,#16907);
#16907 = SURFACE_SIDE_STYLE('',(#16908));
#16908 = SURFACE_STYLE_FILL_AREA(#16909);
#16909 = FILL_AREA_STYLE('',(#16910));
#16910 = FILL_AREA_STYLE_COLOUR('',#16861);
#16911 = STYLED_ITEM('color',(#16912),#11932);
#16912 = PRESENTATION_STYLE_ASSIGNMENT((#16913));
#16913 = SURFACE_STYLE_USAGE(.BOTH.,#16914);
#16914 = SURFACE_SIDE_STYLE('',(#16915));
#16915 = SURFACE_STYLE_FILL_AREA(#16916);
#16916 = FILL_AREA_STYLE('',(#16917));
#16917 = FILL_AREA_STYLE_COLOUR('',#16790);
#16918 = STYLED_ITEM('color',(#16919),#12018);
#16919 = PRESENTATION_STYLE_ASSIGNMENT((#16920));
#16920 = SURFACE_STYLE_USAGE(.BOTH.,#16921);
#16921 = SURFACE_SIDE_STYLE('',(#16922));
#16922 = SURFACE_STYLE_FILL_AREA(#16923);
#16923 = FILL_AREA_STYLE('',(#16924));
#16924 = FILL_AREA_STYLE_COLOUR('',#16790);
#16925 = STYLED_ITEM('color',(#16926),#12049);
#16926 = PRESENTATION_STYLE_ASSIGNMENT((#16927));
#16927 = SURFACE_STYLE_USAGE(.BOTH.,#16928);
#16928 = SURFACE_SIDE_STYLE('',(#16929));
#16929 = SURFACE_STYLE_FILL_AREA(#16930);
#16930 = FILL_AREA_STYLE('',(#16931));
#16931 = FILL_AREA_STYLE_COLOUR('',#16790);
#16932 = STYLED_ITEM('color',(#16933),#12074);
#16933 = PRESENTATION_STYLE_ASSIGNMENT((#16934));
#16934 = SURFACE_STYLE_USAGE(.BOTH.,#16935);
#16935 = SURFACE_SIDE_STYLE('',(#16936));
#16936 = SURFACE_STYLE_FILL_AREA(#16937);
#16937 = FILL_AREA_STYLE('',(#16938));
#16938 = FILL_AREA_STYLE_COLOUR('',#16790);
#16939 = STYLED_ITEM('color',(#16940),#12099);
#16940 = PRESENTATION_STYLE_ASSIGNMENT((#16941));
#16941 = SURFACE_STYLE_USAGE(.BOTH.,#16942);
#16942 = SURFACE_SIDE_STYLE('',(#16943));
#16943 = SURFACE_STYLE_FILL_AREA(#16944);
#16944 = FILL_AREA_STYLE('',(#16945));
#16945 = FILL_AREA_STYLE_COLOUR('',#16790);
#16946 = STYLED_ITEM('color',(#16947),#12123);
#16947 = PRESENTATION_STYLE_ASSIGNMENT((#16948));
#16948 = SURFACE_STYLE_USAGE(.BOTH.,#16949);
#16949 = SURFACE_SIDE_STYLE('',(#16950));
#16950 = SURFACE_STYLE_FILL_AREA(#16951);
#16951 = FILL_AREA_STYLE('',(#16952));
#16952 = FILL_AREA_STYLE_COLOUR('',#16790);
#16953 = STYLED_ITEM('color',(#16954),#12147);
#16954 = PRESENTATION_STYLE_ASSIGNMENT((#16955));
#16955 = SURFACE_STYLE_USAGE(.BOTH.,#16956);
#16956 = SURFACE_SIDE_STYLE('',(#16957));
#16957 = SURFACE_STYLE_FILL_AREA(#16958);
#16958 = FILL_AREA_STYLE('',(#16959));
#16959 = FILL_AREA_STYLE_COLOUR('',#16790);
#16960 = STYLED_ITEM('color',(#16961),#12172);
#16961 = PRESENTATION_STYLE_ASSIGNMENT((#16962));
#16962 = SURFACE_STYLE_USAGE(.BOTH.,#16963);
#16963 = SURFACE_SIDE_STYLE('',(#16964));
#16964 = SURFACE_STYLE_FILL_AREA(#16965);
#16965 = FILL_AREA_STYLE('',(#16966));
#16966 = FILL_AREA_STYLE_COLOUR('',#16790);
#16967 = STYLED_ITEM('color',(#16968),#12197);
#16968 = PRESENTATION_STYLE_ASSIGNMENT((#16969));
#16969 = SURFACE_STYLE_USAGE(.BOTH.,#16970);
#16970 = SURFACE_SIDE_STYLE('',(#16971));
#16971 = SURFACE_STYLE_FILL_AREA(#16972);
#16972 = FILL_AREA_STYLE('',(#16973));
#16973 = FILL_AREA_STYLE_COLOUR('',#16790);
#16974 = STYLED_ITEM('color',(#16975),#12214);
#16975 = PRESENTATION_STYLE_ASSIGNMENT((#16976));
#16976 = SURFACE_STYLE_USAGE(.BOTH.,#16977);
#16977 = SURFACE_SIDE_STYLE('',(#16978));
#16978 = SURFACE_STYLE_FILL_AREA(#16979);
#16979 = FILL_AREA_STYLE('',(#16980));
#16980 = FILL_AREA_STYLE_COLOUR('',#16790);
#16981 = MECHANICAL_DESIGN_GEOMETRIC_PRESENTATION_REPRESENTATION('',(
    #16982),#16453);
#16982 = STYLED_ITEM('color',(#16983),#15890);
#16983 = PRESENTATION_STYLE_ASSIGNMENT((#16984));
#16984 = SURFACE_STYLE_USAGE(.BOTH.,#16985);
#16985 = SURFACE_SIDE_STYLE('',(#16986));
#16986 = SURFACE_STYLE_FILL_AREA(#16987);
#16987 = FILL_AREA_STYLE('',(#16988));
#16988 = FILL_AREA_STYLE_COLOUR('',#16989);
#16989 = COLOUR_RGB('',0.313304153717,0.484529207832,0.410020903123);
#16990 = MECHANICAL_DESIGN_GEOMETRIC_PRESENTATION_REPRESENTATION('',(
    #16991,#16999,#17006,#17013,#17020,#17027,#17034,#17041,#17049,
    #17056,#17063,#17070,#17077,#17084,#17091,#17098,#17105,#17112,
    #17119,#17126,#17133,#17140,#17147,#17154,#17161,#17168,#17175,
    #17182,#17189,#17196,#17203,#17210,#17217,#17224,#17231,#17238,
    #17246,#17253,#17260,#17267,#17274,#17281,#17288,#17295,#17302,
    #17309,#17316,#17323,#17330,#17337),#15841);
#16991 = STYLED_ITEM('color',(#16992),#14320);
#16992 = PRESENTATION_STYLE_ASSIGNMENT((#16993));
#16993 = SURFACE_STYLE_USAGE(.BOTH.,#16994);
#16994 = SURFACE_SIDE_STYLE('',(#16995));
#16995 = SURFACE_STYLE_FILL_AREA(#16996);
#16996 = FILL_AREA_STYLE('',(#16997));
#16997 = FILL_AREA_STYLE_COLOUR('',#16998);
#16998 = COLOUR_RGB('',0.894999966383,0.890999961016,0.813000030345);
#16999 = STYLED_ITEM('color',(#17000),#14360);
#17000 = PRESENTATION_STYLE_ASSIGNMENT((#17001));
#17001 = SURFACE_STYLE_USAGE(.BOTH.,#17002);
#17002 = SURFACE_SIDE_STYLE('',(#17003));
#17003 = SURFACE_STYLE_FILL_AREA(#17004);
#17004 = FILL_AREA_STYLE('',(#17005));
#17005 = FILL_AREA_STYLE_COLOUR('',#16998);
#17006 = STYLED_ITEM('color',(#17007),#14407);
#17007 = PRESENTATION_STYLE_ASSIGNMENT((#17008));
#17008 = SURFACE_STYLE_USAGE(.BOTH.,#17009);
#17009 = SURFACE_SIDE_STYLE('',(#17010));
#17010 = SURFACE_STYLE_FILL_AREA(#17011);
#17011 = FILL_AREA_STYLE('',(#17012));
#17012 = FILL_AREA_STYLE_COLOUR('',#16998);
#17013 = STYLED_ITEM('color',(#17014),#14486);
#17014 = PRESENTATION_STYLE_ASSIGNMENT((#17015));
#17015 = SURFACE_STYLE_USAGE(.BOTH.,#17016);
#17016 = SURFACE_SIDE_STYLE('',(#17017));
#17017 = SURFACE_STYLE_FILL_AREA(#17018);
#17018 = FILL_AREA_STYLE('',(#17019));
#17019 = FILL_AREA_STYLE_COLOUR('',#16998);
#17020 = STYLED_ITEM('color',(#17021),#14510);
#17021 = PRESENTATION_STYLE_ASSIGNMENT((#17022));
#17022 = SURFACE_STYLE_USAGE(.BOTH.,#17023);
#17023 = SURFACE_SIDE_STYLE('',(#17024));
#17024 = SURFACE_STYLE_FILL_AREA(#17025);
#17025 = FILL_AREA_STYLE('',(#17026));
#17026 = FILL_AREA_STYLE_COLOUR('',#16998);
#17027 = STYLED_ITEM('color',(#17028),#14550);
#17028 = PRESENTATION_STYLE_ASSIGNMENT((#17029));
#17029 = SURFACE_STYLE_USAGE(.BOTH.,#17030);
#17030 = SURFACE_SIDE_STYLE('',(#17031));
#17031 = SURFACE_STYLE_FILL_AREA(#17032);
#17032 = FILL_AREA_STYLE('',(#17033));
#17033 = FILL_AREA_STYLE_COLOUR('',#16998);
#17034 = STYLED_ITEM('color',(#17035),#14581);
#17035 = PRESENTATION_STYLE_ASSIGNMENT((#17036));
#17036 = SURFACE_STYLE_USAGE(.BOTH.,#17037);
#17037 = SURFACE_SIDE_STYLE('',(#17038));
#17038 = SURFACE_STYLE_FILL_AREA(#17039);
#17039 = FILL_AREA_STYLE('',(#17040));
#17040 = FILL_AREA_STYLE_COLOUR('',#16998);
#17041 = STYLED_ITEM('color',(#17042),#14598);
#17042 = PRESENTATION_STYLE_ASSIGNMENT((#17043));
#17043 = SURFACE_STYLE_USAGE(.BOTH.,#17044);
#17044 = SURFACE_SIDE_STYLE('',(#17045));
#17045 = SURFACE_STYLE_FILL_AREA(#17046);
#17046 = FILL_AREA_STYLE('',(#17047));
#17047 = FILL_AREA_STYLE_COLOUR('',#17048);
#17048 = COLOUR_RGB('',0.859000020776,0.737999965183,0.495999988746);
#17049 = STYLED_ITEM('color',(#17050),#14631);
#17050 = PRESENTATION_STYLE_ASSIGNMENT((#17051));
#17051 = SURFACE_STYLE_USAGE(.BOTH.,#17052);
#17052 = SURFACE_SIDE_STYLE('',(#17053));
#17053 = SURFACE_STYLE_FILL_AREA(#17054);
#17054 = FILL_AREA_STYLE('',(#17055));
#17055 = FILL_AREA_STYLE_COLOUR('',#16998);
#17056 = STYLED_ITEM('color',(#17057),#14655);
#17057 = PRESENTATION_STYLE_ASSIGNMENT((#17058));
#17058 = SURFACE_STYLE_USAGE(.BOTH.,#17059);
#17059 = SURFACE_SIDE_STYLE('',(#17060));
#17060 = SURFACE_STYLE_FILL_AREA(#17061);
#17061 = FILL_AREA_STYLE('',(#17062));
#17062 = FILL_AREA_STYLE_COLOUR('',#17048);
#17063 = STYLED_ITEM('color',(#17064),#14722);
#17064 = PRESENTATION_STYLE_ASSIGNMENT((#17065));
#17065 = SURFACE_STYLE_USAGE(.BOTH.,#17066);
#17066 = SURFACE_SIDE_STYLE('',(#17067));
#17067 = SURFACE_STYLE_FILL_AREA(#17068);
#17068 = FILL_AREA_STYLE('',(#17069));
#17069 = FILL_AREA_STYLE_COLOUR('',#16998);
#17070 = STYLED_ITEM('color',(#17071),#14843);
#17071 = PRESENTATION_STYLE_ASSIGNMENT((#17072));
#17072 = SURFACE_STYLE_USAGE(.BOTH.,#17073);
#17073 = SURFACE_SIDE_STYLE('',(#17074));
#17074 = SURFACE_STYLE_FILL_AREA(#17075);
#17075 = FILL_AREA_STYLE('',(#17076));
#17076 = FILL_AREA_STYLE_COLOUR('',#17048);
#17077 = STYLED_ITEM('color',(#17078),#14910);
#17078 = PRESENTATION_STYLE_ASSIGNMENT((#17079));
#17079 = SURFACE_STYLE_USAGE(.BOTH.,#17080);
#17080 = SURFACE_SIDE_STYLE('',(#17081));
#17081 = SURFACE_STYLE_FILL_AREA(#17082);
#17082 = FILL_AREA_STYLE('',(#17083));
#17083 = FILL_AREA_STYLE_COLOUR('',#16998);
#17084 = STYLED_ITEM('color',(#17085),#14934);
#17085 = PRESENTATION_STYLE_ASSIGNMENT((#17086));
#17086 = SURFACE_STYLE_USAGE(.BOTH.,#17087);
#17087 = SURFACE_SIDE_STYLE('',(#17088));
#17088 = SURFACE_STYLE_FILL_AREA(#17089);
#17089 = FILL_AREA_STYLE('',(#17090));
#17090 = FILL_AREA_STYLE_COLOUR('',#16998);
#17091 = STYLED_ITEM('color',(#17092),#14965);
#17092 = PRESENTATION_STYLE_ASSIGNMENT((#17093));
#17093 = SURFACE_STYLE_USAGE(.BOTH.,#17094);
#17094 = SURFACE_SIDE_STYLE('',(#17095));
#17095 = SURFACE_STYLE_FILL_AREA(#17096);
#17096 = FILL_AREA_STYLE('',(#17097));
#17097 = FILL_AREA_STYLE_COLOUR('',#17048);
#17098 = STYLED_ITEM('color',(#17099),#14998);
#17099 = PRESENTATION_STYLE_ASSIGNMENT((#17100));
#17100 = SURFACE_STYLE_USAGE(.BOTH.,#17101);
#17101 = SURFACE_SIDE_STYLE('',(#17102));
#17102 = SURFACE_STYLE_FILL_AREA(#17103);
#17103 = FILL_AREA_STYLE('',(#17104));
#17104 = FILL_AREA_STYLE_COLOUR('',#16998);
#17105 = STYLED_ITEM('color',(#17106),#15054);
#17106 = PRESENTATION_STYLE_ASSIGNMENT((#17107));
#17107 = SURFACE_STYLE_USAGE(.BOTH.,#17108);
#17108 = SURFACE_SIDE_STYLE('',(#17109));
#17109 = SURFACE_STYLE_FILL_AREA(#17110);
#17110 = FILL_AREA_STYLE('',(#17111));
#17111 = FILL_AREA_STYLE_COLOUR('',#17048);
#17112 = STYLED_ITEM('color',(#17113),#15078);
#17113 = PRESENTATION_STYLE_ASSIGNMENT((#17114));
#17114 = SURFACE_STYLE_USAGE(.BOTH.,#17115);
#17115 = SURFACE_SIDE_STYLE('',(#17116));
#17116 = SURFACE_STYLE_FILL_AREA(#17117);
#17117 = FILL_AREA_STYLE('',(#17118));
#17118 = FILL_AREA_STYLE_COLOUR('',#17048);
#17119 = STYLED_ITEM('color',(#17120),#15102);
#17120 = PRESENTATION_STYLE_ASSIGNMENT((#17121));
#17121 = SURFACE_STYLE_USAGE(.BOTH.,#17122);
#17122 = SURFACE_SIDE_STYLE('',(#17123));
#17123 = SURFACE_STYLE_FILL_AREA(#17124);
#17124 = FILL_AREA_STYLE('',(#17125));
#17125 = FILL_AREA_STYLE_COLOUR('',#17048);
#17126 = STYLED_ITEM('color',(#17127),#15126);
#17127 = PRESENTATION_STYLE_ASSIGNMENT((#17128));
#17128 = SURFACE_STYLE_USAGE(.BOTH.,#17129);
#17129 = SURFACE_SIDE_STYLE('',(#17130));
#17130 = SURFACE_STYLE_FILL_AREA(#17131);
#17131 = FILL_AREA_STYLE('',(#17132));
#17132 = FILL_AREA_STYLE_COLOUR('',#17048);
#17133 = STYLED_ITEM('color',(#17134),#15159);
#17134 = PRESENTATION_STYLE_ASSIGNMENT((#17135));
#17135 = SURFACE_STYLE_USAGE(.BOTH.,#17136);
#17136 = SURFACE_SIDE_STYLE('',(#17137));
#17137 = SURFACE_STYLE_FILL_AREA(#17138);
#17138 = FILL_AREA_STYLE('',(#17139));
#17139 = FILL_AREA_STYLE_COLOUR('',#17048);
#17140 = STYLED_ITEM('color',(#17141),#15171);
#17141 = PRESENTATION_STYLE_ASSIGNMENT((#17142));
#17142 = SURFACE_STYLE_USAGE(.BOTH.,#17143);
#17143 = SURFACE_SIDE_STYLE('',(#17144));
#17144 = SURFACE_STYLE_FILL_AREA(#17145);
#17145 = FILL_AREA_STYLE('',(#17146));
#17146 = FILL_AREA_STYLE_COLOUR('',#17048);
#17147 = STYLED_ITEM('color',(#17148),#15234);
#17148 = PRESENTATION_STYLE_ASSIGNMENT((#17149));
#17149 = SURFACE_STYLE_USAGE(.BOTH.,#17150);
#17150 = SURFACE_SIDE_STYLE('',(#17151));
#17151 = SURFACE_STYLE_FILL_AREA(#17152);
#17152 = FILL_AREA_STYLE('',(#17153));
#17153 = FILL_AREA_STYLE_COLOUR('',#17048);
#17154 = STYLED_ITEM('color',(#17155),#15259);
#17155 = PRESENTATION_STYLE_ASSIGNMENT((#17156));
#17156 = SURFACE_STYLE_USAGE(.BOTH.,#17157);
#17157 = SURFACE_SIDE_STYLE('',(#17158));
#17158 = SURFACE_STYLE_FILL_AREA(#17159);
#17159 = FILL_AREA_STYLE('',(#17160));
#17160 = FILL_AREA_STYLE_COLOUR('',#17048);
#17161 = STYLED_ITEM('color',(#17162),#15276);
#17162 = PRESENTATION_STYLE_ASSIGNMENT((#17163));
#17163 = SURFACE_STYLE_USAGE(.BOTH.,#17164);
#17164 = SURFACE_SIDE_STYLE('',(#17165));
#17165 = SURFACE_STYLE_FILL_AREA(#17166);
#17166 = FILL_AREA_STYLE('',(#17167));
#17167 = FILL_AREA_STYLE_COLOUR('',#17048);
#17168 = STYLED_ITEM('color',(#17169),#15300);
#17169 = PRESENTATION_STYLE_ASSIGNMENT((#17170));
#17170 = SURFACE_STYLE_USAGE(.BOTH.,#17171);
#17171 = SURFACE_SIDE_STYLE('',(#17172));
#17172 = SURFACE_STYLE_FILL_AREA(#17173);
#17173 = FILL_AREA_STYLE('',(#17174));
#17174 = FILL_AREA_STYLE_COLOUR('',#17048);
#17175 = STYLED_ITEM('color',(#17176),#15318);
#17176 = PRESENTATION_STYLE_ASSIGNMENT((#17177));
#17177 = SURFACE_STYLE_USAGE(.BOTH.,#17178);
#17178 = SURFACE_SIDE_STYLE('',(#17179));
#17179 = SURFACE_STYLE_FILL_AREA(#17180);
#17180 = FILL_AREA_STYLE('',(#17181));
#17181 = FILL_AREA_STYLE_COLOUR('',#17048);
#17182 = STYLED_ITEM('color',(#17183),#15336);
#17183 = PRESENTATION_STYLE_ASSIGNMENT((#17184));
#17184 = SURFACE_STYLE_USAGE(.BOTH.,#17185);
#17185 = SURFACE_SIDE_STYLE('',(#17186));
#17186 = SURFACE_STYLE_FILL_AREA(#17187);
#17187 = FILL_AREA_STYLE('',(#17188));
#17188 = FILL_AREA_STYLE_COLOUR('',#17048);
#17189 = STYLED_ITEM('color',(#17190),#15354);
#17190 = PRESENTATION_STYLE_ASSIGNMENT((#17191));
#17191 = SURFACE_STYLE_USAGE(.BOTH.,#17192);
#17192 = SURFACE_SIDE_STYLE('',(#17193));
#17193 = SURFACE_STYLE_FILL_AREA(#17194);
#17194 = FILL_AREA_STYLE('',(#17195));
#17195 = FILL_AREA_STYLE_COLOUR('',#17048);
#17196 = STYLED_ITEM('color',(#17197),#15371);
#17197 = PRESENTATION_STYLE_ASSIGNMENT((#17198));
#17198 = SURFACE_STYLE_USAGE(.BOTH.,#17199);
#17199 = SURFACE_SIDE_STYLE('',(#17200));
#17200 = SURFACE_STYLE_FILL_AREA(#17201);
#17201 = FILL_AREA_STYLE('',(#17202));
#17202 = FILL_AREA_STYLE_COLOUR('',#17048);
#17203 = STYLED_ITEM('color',(#17204),#15388);
#17204 = PRESENTATION_STYLE_ASSIGNMENT((#17205));
#17205 = SURFACE_STYLE_USAGE(.BOTH.,#17206);
#17206 = SURFACE_SIDE_STYLE('',(#17207));
#17207 = SURFACE_STYLE_FILL_AREA(#17208);
#17208 = FILL_AREA_STYLE('',(#17209));
#17209 = FILL_AREA_STYLE_COLOUR('',#17048);
#17210 = STYLED_ITEM('color',(#17211),#15419);
#17211 = PRESENTATION_STYLE_ASSIGNMENT((#17212));
#17212 = SURFACE_STYLE_USAGE(.BOTH.,#17213);
#17213 = SURFACE_SIDE_STYLE('',(#17214));
#17214 = SURFACE_STYLE_FILL_AREA(#17215);
#17215 = FILL_AREA_STYLE('',(#17216));
#17216 = FILL_AREA_STYLE_COLOUR('',#17048);
#17217 = STYLED_ITEM('color',(#17218),#15444);
#17218 = PRESENTATION_STYLE_ASSIGNMENT((#17219));
#17219 = SURFACE_STYLE_USAGE(.BOTH.,#17220);
#17220 = SURFACE_SIDE_STYLE('',(#17221));
#17221 = SURFACE_STYLE_FILL_AREA(#17222);
#17222 = FILL_AREA_STYLE('',(#17223));
#17223 = FILL_AREA_STYLE_COLOUR('',#17048);
#17224 = STYLED_ITEM('color',(#17225),#15469);
#17225 = PRESENTATION_STYLE_ASSIGNMENT((#17226));
#17226 = SURFACE_STYLE_USAGE(.BOTH.,#17227);
#17227 = SURFACE_SIDE_STYLE('',(#17228));
#17228 = SURFACE_STYLE_FILL_AREA(#17229);
#17229 = FILL_AREA_STYLE('',(#17230));
#17230 = FILL_AREA_STYLE_COLOUR('',#17048);
#17231 = STYLED_ITEM('color',(#17232),#15493);
#17232 = PRESENTATION_STYLE_ASSIGNMENT((#17233));
#17233 = SURFACE_STYLE_USAGE(.BOTH.,#17234);
#17234 = SURFACE_SIDE_STYLE('',(#17235));
#17235 = SURFACE_STYLE_FILL_AREA(#17236);
#17236 = FILL_AREA_STYLE('',(#17237));
#17237 = FILL_AREA_STYLE_COLOUR('',#17048);
#17238 = STYLED_ITEM('color',(#17239),#15510);
#17239 = PRESENTATION_STYLE_ASSIGNMENT((#17240));
#17240 = SURFACE_STYLE_USAGE(.BOTH.,#17241);
#17241 = SURFACE_SIDE_STYLE('',(#17242));
#17242 = SURFACE_STYLE_FILL_AREA(#17243);
#17243 = FILL_AREA_STYLE('',(#17244));
#17244 = FILL_AREA_STYLE_COLOUR('',#17245);
#17245 = COLOUR_RGB('',0.340000006699,0.68000001254,0.444999988852);
#17246 = STYLED_ITEM('color',(#17247),#15541);
#17247 = PRESENTATION_STYLE_ASSIGNMENT((#17248));
#17248 = SURFACE_STYLE_USAGE(.BOTH.,#17249);
#17249 = SURFACE_SIDE_STYLE('',(#17250));
#17250 = SURFACE_STYLE_FILL_AREA(#17251);
#17251 = FILL_AREA_STYLE('',(#17252));
#17252 = FILL_AREA_STYLE_COLOUR('',#17245);
#17253 = STYLED_ITEM('color',(#17254),#15565);
#17254 = PRESENTATION_STYLE_ASSIGNMENT((#17255));
#17255 = SURFACE_STYLE_USAGE(.BOTH.,#17256);
#17256 = SURFACE_SIDE_STYLE('',(#17257));
#17257 = SURFACE_STYLE_FILL_AREA(#17258);
#17258 = FILL_AREA_STYLE('',(#17259));
#17259 = FILL_AREA_STYLE_COLOUR('',#17245);
#17260 = STYLED_ITEM('color',(#17261),#15582);
#17261 = PRESENTATION_STYLE_ASSIGNMENT((#17262));
#17262 = SURFACE_STYLE_USAGE(.BOTH.,#17263);
#17263 = SURFACE_SIDE_STYLE('',(#17264));
#17264 = SURFACE_STYLE_FILL_AREA(#17265);
#17265 = FILL_AREA_STYLE('',(#17266));
#17266 = FILL_AREA_STYLE_COLOUR('',#17048);
#17267 = STYLED_ITEM('color',(#17268),#15610);
#17268 = PRESENTATION_STYLE_ASSIGNMENT((#17269));
#17269 = SURFACE_STYLE_USAGE(.BOTH.,#17270);
#17270 = SURFACE_SIDE_STYLE('',(#17271));
#17271 = SURFACE_STYLE_FILL_AREA(#17272);
#17272 = FILL_AREA_STYLE('',(#17273));
#17273 = FILL_AREA_STYLE_COLOUR('',#17048);
#17274 = STYLED_ITEM('color',(#17275),#15635);
#17275 = PRESENTATION_STYLE_ASSIGNMENT((#17276));
#17276 = SURFACE_STYLE_USAGE(.BOTH.,#17277);
#17277 = SURFACE_SIDE_STYLE('',(#17278));
#17278 = SURFACE_STYLE_FILL_AREA(#17279);
#17279 = FILL_AREA_STYLE('',(#17280));
#17280 = FILL_AREA_STYLE_COLOUR('',#17048);
#17281 = STYLED_ITEM('color',(#17282),#15659);
#17282 = PRESENTATION_STYLE_ASSIGNMENT((#17283));
#17283 = SURFACE_STYLE_USAGE(.BOTH.,#17284);
#17284 = SURFACE_SIDE_STYLE('',(#17285));
#17285 = SURFACE_STYLE_FILL_AREA(#17286);
#17286 = FILL_AREA_STYLE('',(#17287));
#17287 = FILL_AREA_STYLE_COLOUR('',#17048);
#17288 = STYLED_ITEM('color',(#17289),#15684);
#17289 = PRESENTATION_STYLE_ASSIGNMENT((#17290));
#17290 = SURFACE_STYLE_USAGE(.BOTH.,#17291);
#17291 = SURFACE_SIDE_STYLE('',(#17292));
#17292 = SURFACE_STYLE_FILL_AREA(#17293);
#17293 = FILL_AREA_STYLE('',(#17294));
#17294 = FILL_AREA_STYLE_COLOUR('',#17048);
#17295 = STYLED_ITEM('color',(#17296),#15731);
#17296 = PRESENTATION_STYLE_ASSIGNMENT((#17297));
#17297 = SURFACE_STYLE_USAGE(.BOTH.,#17298);
#17298 = SURFACE_SIDE_STYLE('',(#17299));
#17299 = SURFACE_STYLE_FILL_AREA(#17300);
#17300 = FILL_AREA_STYLE('',(#17301));
#17301 = FILL_AREA_STYLE_COLOUR('',#17048);
#17302 = STYLED_ITEM('color',(#17303),#15748);
#17303 = PRESENTATION_STYLE_ASSIGNMENT((#17304));
#17304 = SURFACE_STYLE_USAGE(.BOTH.,#17305);
#17305 = SURFACE_SIDE_STYLE('',(#17306));
#17306 = SURFACE_STYLE_FILL_AREA(#17307);
#17307 = FILL_AREA_STYLE('',(#17308));
#17308 = FILL_AREA_STYLE_COLOUR('',#17048);
#17309 = STYLED_ITEM('color',(#17310),#15760);
#17310 = PRESENTATION_STYLE_ASSIGNMENT((#17311));
#17311 = SURFACE_STYLE_USAGE(.BOTH.,#17312);
#17312 = SURFACE_SIDE_STYLE('',(#17313));
#17313 = SURFACE_STYLE_FILL_AREA(#17314);
#17314 = FILL_AREA_STYLE('',(#17315));
#17315 = FILL_AREA_STYLE_COLOUR('',#17048);
#17316 = STYLED_ITEM('color',(#17317),#15782);
#17317 = PRESENTATION_STYLE_ASSIGNMENT((#17318));
#17318 = SURFACE_STYLE_USAGE(.BOTH.,#17319);
#17319 = SURFACE_SIDE_STYLE('',(#17320));
#17320 = SURFACE_STYLE_FILL_AREA(#17321);
#17321 = FILL_AREA_STYLE('',(#17322));
#17322 = FILL_AREA_STYLE_COLOUR('',#17048);
#17323 = STYLED_ITEM('color',(#17324),#15794);
#17324 = PRESENTATION_STYLE_ASSIGNMENT((#17325));
#17325 = SURFACE_STYLE_USAGE(.BOTH.,#17326);
#17326 = SURFACE_SIDE_STYLE('',(#17327));
#17327 = SURFACE_STYLE_FILL_AREA(#17328);
#17328 = FILL_AREA_STYLE('',(#17329));
#17329 = FILL_AREA_STYLE_COLOUR('',#17048);
#17330 = STYLED_ITEM('color',(#17331),#15812);
#17331 = PRESENTATION_STYLE_ASSIGNMENT((#17332));
#17332 = SURFACE_STYLE_USAGE(.BOTH.,#17333);
#17333 = SURFACE_SIDE_STYLE('',(#17334));
#17334 = SURFACE_STYLE_FILL_AREA(#17335);
#17335 = FILL_AREA_STYLE('',(#17336));
#17336 = FILL_AREA_STYLE_COLOUR('',#17048);
#17337 = STYLED_ITEM('color',(#17338),#15830);
#17338 = PRESENTATION_STYLE_ASSIGNMENT((#17339));
#17339 = SURFACE_STYLE_USAGE(.BOTH.,#17340);
#17340 = SURFACE_SIDE_STYLE('',(#17341));
#17341 = SURFACE_STYLE_FILL_AREA(#17342);
#17342 = FILL_AREA_STYLE('',(#17343));
#17343 = FILL_AREA_STYLE_COLOUR('',#17245);
#17344 = MECHANICAL_DESIGN_GEOMETRIC_PRESENTATION_REPRESENTATION('',(
    #17345,#17352,#17359,#17366,#17373,#17380,#17387,#17394,#17401,
    #17408,#17415,#17422,#17429,#17436,#17443,#17450,#17457,#17464,
    #17471,#17478,#17485,#17492,#17499,#17506,#17513,#17520,#17527,
    #17534),#6947);
#17345 = STYLED_ITEM('color',(#17346),#6095);
#17346 = PRESENTATION_STYLE_ASSIGNMENT((#17347));
#17347 = SURFACE_STYLE_USAGE(.BOTH.,#17348);
#17348 = SURFACE_SIDE_STYLE('',(#17349));
#17349 = SURFACE_STYLE_FILL_AREA(#17350);
#17350 = FILL_AREA_STYLE('',(#17351));
#17351 = FILL_AREA_STYLE_COLOUR('',#16790);
#17352 = STYLED_ITEM('color',(#17353),#6171);
#17353 = PRESENTATION_STYLE_ASSIGNMENT((#17354));
#17354 = SURFACE_STYLE_USAGE(.BOTH.,#17355);
#17355 = SURFACE_SIDE_STYLE('',(#17356));
#17356 = SURFACE_STYLE_FILL_AREA(#17357);
#17357 = FILL_AREA_STYLE('',(#17358));
#17358 = FILL_AREA_STYLE_COLOUR('',#16790);
#17359 = STYLED_ITEM('color',(#17360),#6202);
#17360 = PRESENTATION_STYLE_ASSIGNMENT((#17361));
#17361 = SURFACE_STYLE_USAGE(.BOTH.,#17362);
#17362 = SURFACE_SIDE_STYLE('',(#17363));
#17363 = SURFACE_STYLE_FILL_AREA(#17364);
#17364 = FILL_AREA_STYLE('',(#17365));
#17365 = FILL_AREA_STYLE_COLOUR('',#16790);
#17366 = STYLED_ITEM('color',(#17367),#6227);
#17367 = PRESENTATION_STYLE_ASSIGNMENT((#17368));
#17368 = SURFACE_STYLE_USAGE(.BOTH.,#17369);
#17369 = SURFACE_SIDE_STYLE('',(#17370));
#17370 = SURFACE_STYLE_FILL_AREA(#17371);
#17371 = FILL_AREA_STYLE('',(#17372));
#17372 = FILL_AREA_STYLE_COLOUR('',#16790);
#17373 = STYLED_ITEM('color',(#17374),#6252);
#17374 = PRESENTATION_STYLE_ASSIGNMENT((#17375));
#17375 = SURFACE_STYLE_USAGE(.BOTH.,#17376);
#17376 = SURFACE_SIDE_STYLE('',(#17377));
#17377 = SURFACE_STYLE_FILL_AREA(#17378);
#17378 = FILL_AREA_STYLE('',(#17379));
#17379 = FILL_AREA_STYLE_COLOUR('',#16790);
#17380 = STYLED_ITEM('color',(#17381),#6276);
#17381 = PRESENTATION_STYLE_ASSIGNMENT((#17382));
#17382 = SURFACE_STYLE_USAGE(.BOTH.,#17383);
#17383 = SURFACE_SIDE_STYLE('',(#17384));
#17384 = SURFACE_STYLE_FILL_AREA(#17385);
#17385 = FILL_AREA_STYLE('',(#17386));
#17386 = FILL_AREA_STYLE_COLOUR('',#16790);
#17387 = STYLED_ITEM('color',(#17388),#6300);
#17388 = PRESENTATION_STYLE_ASSIGNMENT((#17389));
#17389 = SURFACE_STYLE_USAGE(.BOTH.,#17390);
#17390 = SURFACE_SIDE_STYLE('',(#17391));
#17391 = SURFACE_STYLE_FILL_AREA(#17392);
#17392 = FILL_AREA_STYLE('',(#17393));
#17393 = FILL_AREA_STYLE_COLOUR('',#16790);
#17394 = STYLED_ITEM('color',(#17395),#6325);
#17395 = PRESENTATION_STYLE_ASSIGNMENT((#17396));
#17396 = SURFACE_STYLE_USAGE(.BOTH.,#17397);
#17397 = SURFACE_SIDE_STYLE('',(#17398));
#17398 = SURFACE_STYLE_FILL_AREA(#17399);
#17399 = FILL_AREA_STYLE('',(#17400));
#17400 = FILL_AREA_STYLE_COLOUR('',#16790);
#17401 = STYLED_ITEM('color',(#17402),#6350);
#17402 = PRESENTATION_STYLE_ASSIGNMENT((#17403));
#17403 = SURFACE_STYLE_USAGE(.BOTH.,#17404);
#17404 = SURFACE_SIDE_STYLE('',(#17405));
#17405 = SURFACE_STYLE_FILL_AREA(#17406);
#17406 = FILL_AREA_STYLE('',(#17407));
#17407 = FILL_AREA_STYLE_COLOUR('',#16790);
#17408 = STYLED_ITEM('color',(#17409),#6367);
#17409 = PRESENTATION_STYLE_ASSIGNMENT((#17410));
#17410 = SURFACE_STYLE_USAGE(.BOTH.,#17411);
#17411 = SURFACE_SIDE_STYLE('',(#17412));
#17412 = SURFACE_STYLE_FILL_AREA(#17413);
#17413 = FILL_AREA_STYLE('',(#17414));
#17414 = FILL_AREA_STYLE_COLOUR('',#16790);
#17415 = STYLED_ITEM('color',(#17416),#6453);
#17416 = PRESENTATION_STYLE_ASSIGNMENT((#17417));
#17417 = SURFACE_STYLE_USAGE(.BOTH.,#17418);
#17418 = SURFACE_SIDE_STYLE('',(#17419));
#17419 = SURFACE_STYLE_FILL_AREA(#17420);
#17420 = FILL_AREA_STYLE('',(#17421));
#17421 = FILL_AREA_STYLE_COLOUR('',#16861);
#17422 = STYLED_ITEM('color',(#17423),#6485);
#17423 = PRESENTATION_STYLE_ASSIGNMENT((#17424));
#17424 = SURFACE_STYLE_USAGE(.BOTH.,#17425);
#17425 = SURFACE_SIDE_STYLE('',(#17426));
#17426 = SURFACE_STYLE_FILL_AREA(#17427);
#17427 = FILL_AREA_STYLE('',(#17428));
#17428 = FILL_AREA_STYLE_COLOUR('',#16861);
#17429 = STYLED_ITEM('color',(#17430),#6509);
#17430 = PRESENTATION_STYLE_ASSIGNMENT((#17431));
#17431 = SURFACE_STYLE_USAGE(.BOTH.,#17432);
#17432 = SURFACE_SIDE_STYLE('',(#17433));
#17433 = SURFACE_STYLE_FILL_AREA(#17434);
#17434 = FILL_AREA_STYLE('',(#17435));
#17435 = FILL_AREA_STYLE_COLOUR('',#16861);
#17436 = STYLED_ITEM('color',(#17437),#6534);
#17437 = PRESENTATION_STYLE_ASSIGNMENT((#17438));
#17438 = SURFACE_STYLE_USAGE(.BOTH.,#17439);
#17439 = SURFACE_SIDE_STYLE('',(#17440));
#17440 = SURFACE_STYLE_FILL_AREA(#17441);
#17441 = FILL_AREA_STYLE('',(#17442));
#17442 = FILL_AREA_STYLE_COLOUR('',#16861);
#17443 = STYLED_ITEM('color',(#17444),#6558);
#17444 = PRESENTATION_STYLE_ASSIGNMENT((#17445));
#17445 = SURFACE_STYLE_USAGE(.BOTH.,#17446);
#17446 = SURFACE_SIDE_STYLE('',(#17447));
#17447 = SURFACE_STYLE_FILL_AREA(#17448);
#17448 = FILL_AREA_STYLE('',(#17449));
#17449 = FILL_AREA_STYLE_COLOUR('',#16861);
#17450 = STYLED_ITEM('color',(#17451),#6583);
#17451 = PRESENTATION_STYLE_ASSIGNMENT((#17452));
#17452 = SURFACE_STYLE_USAGE(.BOTH.,#17453);
#17453 = SURFACE_SIDE_STYLE('',(#17454));
#17454 = SURFACE_STYLE_FILL_AREA(#17455);
#17455 = FILL_AREA_STYLE('',(#17456));
#17456 = FILL_AREA_STYLE_COLOUR('',#16861);
#17457 = STYLED_ITEM('color',(#17458),#6607);
#17458 = PRESENTATION_STYLE_ASSIGNMENT((#17459));
#17459 = SURFACE_STYLE_USAGE(.BOTH.,#17460);
#17460 = SURFACE_SIDE_STYLE('',(#17461));
#17461 = SURFACE_STYLE_FILL_AREA(#17462);
#17462 = FILL_AREA_STYLE('',(#17463));
#17463 = FILL_AREA_STYLE_COLOUR('',#16861);
#17464 = STYLED_ITEM('color',(#17465),#6632);
#17465 = PRESENTATION_STYLE_ASSIGNMENT((#17466));
#17466 = SURFACE_STYLE_USAGE(.BOTH.,#17467);
#17467 = SURFACE_SIDE_STYLE('',(#17468));
#17468 = SURFACE_STYLE_FILL_AREA(#17469);
#17469 = FILL_AREA_STYLE('',(#17470));
#17470 = FILL_AREA_STYLE_COLOUR('',#16861);
#17471 = STYLED_ITEM('color',(#17472),#6649);
#17472 = PRESENTATION_STYLE_ASSIGNMENT((#17473));
#17473 = SURFACE_STYLE_USAGE(.BOTH.,#17474);
#17474 = SURFACE_SIDE_STYLE('',(#17475));
#17475 = SURFACE_STYLE_FILL_AREA(#17476);
#17476 = FILL_AREA_STYLE('',(#17477));
#17477 = FILL_AREA_STYLE_COLOUR('',#16790);
#17478 = STYLED_ITEM('color',(#17479),#6735);
#17479 = PRESENTATION_STYLE_ASSIGNMENT((#17480));
#17480 = SURFACE_STYLE_USAGE(.BOTH.,#17481);
#17481 = SURFACE_SIDE_STYLE('',(#17482));
#17482 = SURFACE_STYLE_FILL_AREA(#17483);
#17483 = FILL_AREA_STYLE('',(#17484));
#17484 = FILL_AREA_STYLE_COLOUR('',#16790);
#17485 = STYLED_ITEM('color',(#17486),#6766);
#17486 = PRESENTATION_STYLE_ASSIGNMENT((#17487));
#17487 = SURFACE_STYLE_USAGE(.BOTH.,#17488);
#17488 = SURFACE_SIDE_STYLE('',(#17489));
#17489 = SURFACE_STYLE_FILL_AREA(#17490);
#17490 = FILL_AREA_STYLE('',(#17491));
#17491 = FILL_AREA_STYLE_COLOUR('',#16790);
#17492 = STYLED_ITEM('color',(#17493),#6791);
#17493 = PRESENTATION_STYLE_ASSIGNMENT((#17494));
#17494 = SURFACE_STYLE_USAGE(.BOTH.,#17495);
#17495 = SURFACE_SIDE_STYLE('',(#17496));
#17496 = SURFACE_STYLE_FILL_AREA(#17497);
#17497 = FILL_AREA_STYLE('',(#17498));
#17498 = FILL_AREA_STYLE_COLOUR('',#16790);
#17499 = STYLED_ITEM('color',(#17500),#6816);
#17500 = PRESENTATION_STYLE_ASSIGNMENT((#17501));
#17501 = SURFACE_STYLE_USAGE(.BOTH.,#17502);
#17502 = SURFACE_SIDE_STYLE('',(#17503));
#17503 = SURFACE_STYLE_FILL_AREA(#17504);
#17504 = FILL_AREA_STYLE('',(#17505));
#17505 = FILL_AREA_STYLE_COLOUR('',#16790);
#17506 = STYLED_ITEM('color',(#17507),#6840);
#17507 = PRESENTATION_STYLE_ASSIGNMENT((#17508));
#17508 = SURFACE_STYLE_USAGE(.BOTH.,#17509);
#17509 = SURFACE_SIDE_STYLE('',(#17510));
#17510 = SURFACE_STYLE_FILL_AREA(#17511);
#17511 = FILL_AREA_STYLE('',(#17512));
#17512 = FILL_AREA_STYLE_COLOUR('',#16790);
#17513 = STYLED_ITEM('color',(#17514),#6864);
#17514 = PRESENTATION_STYLE_ASSIGNMENT((#17515));
#17515 = SURFACE_STYLE_USAGE(.BOTH.,#17516);
#17516 = SURFACE_SIDE_STYLE('',(#17517));
#17517 = SURFACE_STYLE_FILL_AREA(#17518);
#17518 = FILL_AREA_STYLE('',(#17519));
#17519 = FILL_AREA_STYLE_COLOUR('',#16790);
#17520 = STYLED_ITEM('color',(#17521),#6889);
#17521 = PRESENTATION_STYLE_ASSIGNMENT((#17522));
#17522 = SURFACE_STYLE_USAGE(.BOTH.,#17523);
#17523 = SURFACE_SIDE_STYLE('',(#17524));
#17524 = SURFACE_STYLE_FILL_AREA(#17525);
#17525 = FILL_AREA_STYLE('',(#17526));
#17526 = FILL_AREA_STYLE_COLOUR('',#16790);
#17527 = STYLED_ITEM('color',(#17528),#6914);
#17528 = PRESENTATION_STYLE_ASSIGNMENT((#17529));
#17529 = SURFACE_STYLE_USAGE(.BOTH.,#17530);
#17530 = SURFACE_SIDE_STYLE('',(#17531));
#17531 = SURFACE_STYLE_FILL_AREA(#17532);
#17532 = FILL_AREA_STYLE('',(#17533));
#17533 = FILL_AREA_STYLE_COLOUR('',#16790);
#17534 = STYLED_ITEM('color',(#17535),#6931);
#17535 = PRESENTATION_STYLE_ASSIGNMENT((#17536));
#17536 = SURFACE_STYLE_USAGE(.BOTH.,#17537);
#17537 = SURFACE_SIDE_STYLE('',(#17538));
#17538 = SURFACE_STYLE_FILL_AREA(#17539);
#17539 = FILL_AREA_STYLE('',(#17540));
#17540 = FILL_AREA_STYLE_COLOUR('',#16790);
#17541 = MECHANICAL_DESIGN_GEOMETRIC_PRESENTATION_REPRESENTATION('',(
    #17542,#17549,#17556,#17563,#17570,#17577,#17585,#17592,#17599,
    #17606,#17613,#17620,#17627,#17634,#17641,#17648,#17655,#17662,
    #17669,#17676,#17683,#17690,#17697,#17704,#17711,#17718,#17725,
    #17732,#17739,#17746,#17753,#17760,#17767,#17774,#17781,#17788,
    #17795,#17802,#17809,#17816,#17823,#17830,#17837,#17844,#17851,
    #17858,#17865,#17872,#17879,#17886,#17893,#17900,#17907,#17914,
    #17921,#17928,#17935,#17942,#17949,#17956,#17963,#17971),#14266);
#17542 = STYLED_ITEM('color',(#17543),#12314);
#17543 = PRESENTATION_STYLE_ASSIGNMENT((#17544));
#17544 = SURFACE_STYLE_USAGE(.BOTH.,#17545);
#17545 = SURFACE_SIDE_STYLE('',(#17546));
#17546 = SURFACE_STYLE_FILL_AREA(#17547);
#17547 = FILL_AREA_STYLE('',(#17548));
#17548 = FILL_AREA_STYLE_COLOUR('',#16790);
#17549 = STYLED_ITEM('color',(#17550),#12354);
#17550 = PRESENTATION_STYLE_ASSIGNMENT((#17551));
#17551 = SURFACE_STYLE_USAGE(.BOTH.,#17552);
#17552 = SURFACE_SIDE_STYLE('',(#17553));
#17553 = SURFACE_STYLE_FILL_AREA(#17554);
#17554 = FILL_AREA_STYLE('',(#17555));
#17555 = FILL_AREA_STYLE_COLOUR('',#16790);
#17556 = STYLED_ITEM('color',(#17557),#12401);
#17557 = PRESENTATION_STYLE_ASSIGNMENT((#17558));
#17558 = SURFACE_STYLE_USAGE(.BOTH.,#17559);
#17559 = SURFACE_SIDE_STYLE('',(#17560));
#17560 = SURFACE_STYLE_FILL_AREA(#17561);
#17561 = FILL_AREA_STYLE('',(#17562));
#17562 = FILL_AREA_STYLE_COLOUR('',#16790);
#17563 = STYLED_ITEM('color',(#17564),#12425);
#17564 = PRESENTATION_STYLE_ASSIGNMENT((#17565));
#17565 = SURFACE_STYLE_USAGE(.BOTH.,#17566);
#17566 = SURFACE_SIDE_STYLE('',(#17567));
#17567 = SURFACE_STYLE_FILL_AREA(#17568);
#17568 = FILL_AREA_STYLE('',(#17569));
#17569 = FILL_AREA_STYLE_COLOUR('',#16790);
#17570 = STYLED_ITEM('color',(#17571),#12465);
#17571 = PRESENTATION_STYLE_ASSIGNMENT((#17572));
#17572 = SURFACE_STYLE_USAGE(.BOTH.,#17573);
#17573 = SURFACE_SIDE_STYLE('',(#17574));
#17574 = SURFACE_STYLE_FILL_AREA(#17575);
#17575 = FILL_AREA_STYLE('',(#17576));
#17576 = FILL_AREA_STYLE_COLOUR('',#16790);
#17577 = STYLED_ITEM('color',(#17578),#12482);
#17578 = PRESENTATION_STYLE_ASSIGNMENT((#17579));
#17579 = SURFACE_STYLE_USAGE(.BOTH.,#17580);
#17580 = SURFACE_SIDE_STYLE('',(#17581));
#17581 = SURFACE_STYLE_FILL_AREA(#17582);
#17582 = FILL_AREA_STYLE('',(#17583));
#17583 = FILL_AREA_STYLE_COLOUR('',#17584);
#17584 = COLOUR_RGB('',0.147999998088,0.144999993226,0.144999993226);
#17585 = STYLED_ITEM('color',(#17586),#12797);
#17586 = PRESENTATION_STYLE_ASSIGNMENT((#17587));
#17587 = SURFACE_STYLE_USAGE(.BOTH.,#17588);
#17588 = SURFACE_SIDE_STYLE('',(#17589));
#17589 = SURFACE_STYLE_FILL_AREA(#17590);
#17590 = FILL_AREA_STYLE('',(#17591));
#17591 = FILL_AREA_STYLE_COLOUR('',#17584);
#17592 = STYLED_ITEM('color',(#17593),#12906);
#17593 = PRESENTATION_STYLE_ASSIGNMENT((#17594));
#17594 = SURFACE_STYLE_USAGE(.BOTH.,#17595);
#17595 = SURFACE_SIDE_STYLE('',(#17596));
#17596 = SURFACE_STYLE_FILL_AREA(#17597);
#17597 = FILL_AREA_STYLE('',(#17598));
#17598 = FILL_AREA_STYLE_COLOUR('',#16790);
#17599 = STYLED_ITEM('color',(#17600),#12918);
#17600 = PRESENTATION_STYLE_ASSIGNMENT((#17601));
#17601 = SURFACE_STYLE_USAGE(.BOTH.,#17602);
#17602 = SURFACE_SIDE_STYLE('',(#17603));
#17603 = SURFACE_STYLE_FILL_AREA(#17604);
#17604 = FILL_AREA_STYLE('',(#17605));
#17605 = FILL_AREA_STYLE_COLOUR('',#17584);
#17606 = STYLED_ITEM('color',(#17607),#13041);
#17607 = PRESENTATION_STYLE_ASSIGNMENT((#17608));
#17608 = SURFACE_STYLE_USAGE(.BOTH.,#17609);
#17609 = SURFACE_SIDE_STYLE('',(#17610));
#17610 = SURFACE_STYLE_FILL_AREA(#17611);
#17611 = FILL_AREA_STYLE('',(#17612));
#17612 = FILL_AREA_STYLE_COLOUR('',#17584);
#17613 = STYLED_ITEM('color',(#17614),#13058);
#17614 = PRESENTATION_STYLE_ASSIGNMENT((#17615));
#17615 = SURFACE_STYLE_USAGE(.BOTH.,#17616);
#17616 = SURFACE_SIDE_STYLE('',(#17617));
#17617 = SURFACE_STYLE_FILL_AREA(#17618);
#17618 = FILL_AREA_STYLE('',(#17619));
#17619 = FILL_AREA_STYLE_COLOUR('',#16790);
#17620 = STYLED_ITEM('color',(#17621),#13098);
#17621 = PRESENTATION_STYLE_ASSIGNMENT((#17622));
#17622 = SURFACE_STYLE_USAGE(.BOTH.,#17623);
#17623 = SURFACE_SIDE_STYLE('',(#17624));
#17624 = SURFACE_STYLE_FILL_AREA(#17625);
#17625 = FILL_AREA_STYLE('',(#17626));
#17626 = FILL_AREA_STYLE_COLOUR('',#16790);
#17627 = STYLED_ITEM('color',(#17628),#13122);
#17628 = PRESENTATION_STYLE_ASSIGNMENT((#17629));
#17629 = SURFACE_STYLE_USAGE(.BOTH.,#17630);
#17630 = SURFACE_SIDE_STYLE('',(#17631));
#17631 = SURFACE_STYLE_FILL_AREA(#17632);
#17632 = FILL_AREA_STYLE('',(#17633));
#17633 = FILL_AREA_STYLE_COLOUR('',#16790);
#17634 = STYLED_ITEM('color',(#17635),#13162);
#17635 = PRESENTATION_STYLE_ASSIGNMENT((#17636));
#17636 = SURFACE_STYLE_USAGE(.BOTH.,#17637);
#17637 = SURFACE_SIDE_STYLE('',(#17638));
#17638 = SURFACE_STYLE_FILL_AREA(#17639);
#17639 = FILL_AREA_STYLE('',(#17640));
#17640 = FILL_AREA_STYLE_COLOUR('',#16790);
#17641 = STYLED_ITEM('color',(#17642),#13195);
#17642 = PRESENTATION_STYLE_ASSIGNMENT((#17643));
#17643 = SURFACE_STYLE_USAGE(.BOTH.,#17644);
#17644 = SURFACE_SIDE_STYLE('',(#17645));
#17645 = SURFACE_STYLE_FILL_AREA(#17646);
#17646 = FILL_AREA_STYLE('',(#17647));
#17647 = FILL_AREA_STYLE_COLOUR('',#16790);
#17648 = STYLED_ITEM('color',(#17649),#13219);
#17649 = PRESENTATION_STYLE_ASSIGNMENT((#17650));
#17650 = SURFACE_STYLE_USAGE(.BOTH.,#17651);
#17651 = SURFACE_SIDE_STYLE('',(#17652));
#17652 = SURFACE_STYLE_FILL_AREA(#17653);
#17653 = FILL_AREA_STYLE('',(#17654));
#17654 = FILL_AREA_STYLE_COLOUR('',#16790);
#17655 = STYLED_ITEM('color',(#17656),#13252);
#17656 = PRESENTATION_STYLE_ASSIGNMENT((#17657));
#17657 = SURFACE_STYLE_USAGE(.BOTH.,#17658);
#17658 = SURFACE_SIDE_STYLE('',(#17659));
#17659 = SURFACE_STYLE_FILL_AREA(#17660);
#17660 = FILL_AREA_STYLE('',(#17661));
#17661 = FILL_AREA_STYLE_COLOUR('',#16790);
#17662 = STYLED_ITEM('color',(#17663),#13292);
#17663 = PRESENTATION_STYLE_ASSIGNMENT((#17664));
#17664 = SURFACE_STYLE_USAGE(.BOTH.,#17665);
#17665 = SURFACE_SIDE_STYLE('',(#17666));
#17666 = SURFACE_STYLE_FILL_AREA(#17667);
#17667 = FILL_AREA_STYLE('',(#17668));
#17668 = FILL_AREA_STYLE_COLOUR('',#16790);
#17669 = STYLED_ITEM('color',(#17670),#13316);
#17670 = PRESENTATION_STYLE_ASSIGNMENT((#17671));
#17671 = SURFACE_STYLE_USAGE(.BOTH.,#17672);
#17672 = SURFACE_SIDE_STYLE('',(#17673));
#17673 = SURFACE_STYLE_FILL_AREA(#17674);
#17674 = FILL_AREA_STYLE('',(#17675));
#17675 = FILL_AREA_STYLE_COLOUR('',#16790);
#17676 = STYLED_ITEM('color',(#17677),#13356);
#17677 = PRESENTATION_STYLE_ASSIGNMENT((#17678));
#17678 = SURFACE_STYLE_USAGE(.BOTH.,#17679);
#17679 = SURFACE_SIDE_STYLE('',(#17680));
#17680 = SURFACE_STYLE_FILL_AREA(#17681);
#17681 = FILL_AREA_STYLE('',(#17682));
#17682 = FILL_AREA_STYLE_COLOUR('',#16790);
#17683 = STYLED_ITEM('color',(#17684),#13389);
#17684 = PRESENTATION_STYLE_ASSIGNMENT((#17685));
#17685 = SURFACE_STYLE_USAGE(.BOTH.,#17686);
#17686 = SURFACE_SIDE_STYLE('',(#17687));
#17687 = SURFACE_STYLE_FILL_AREA(#17688);
#17688 = FILL_AREA_STYLE('',(#17689));
#17689 = FILL_AREA_STYLE_COLOUR('',#16790);
#17690 = STYLED_ITEM('color',(#17691),#13413);
#17691 = PRESENTATION_STYLE_ASSIGNMENT((#17692));
#17692 = SURFACE_STYLE_USAGE(.BOTH.,#17693);
#17693 = SURFACE_SIDE_STYLE('',(#17694));
#17694 = SURFACE_STYLE_FILL_AREA(#17695);
#17695 = FILL_AREA_STYLE('',(#17696));
#17696 = FILL_AREA_STYLE_COLOUR('',#16790);
#17697 = STYLED_ITEM('color',(#17698),#13446);
#17698 = PRESENTATION_STYLE_ASSIGNMENT((#17699));
#17699 = SURFACE_STYLE_USAGE(.BOTH.,#17700);
#17700 = SURFACE_SIDE_STYLE('',(#17701));
#17701 = SURFACE_STYLE_FILL_AREA(#17702);
#17702 = FILL_AREA_STYLE('',(#17703));
#17703 = FILL_AREA_STYLE_COLOUR('',#16790);
#17704 = STYLED_ITEM('color',(#17705),#13486);
#17705 = PRESENTATION_STYLE_ASSIGNMENT((#17706));
#17706 = SURFACE_STYLE_USAGE(.BOTH.,#17707);
#17707 = SURFACE_SIDE_STYLE('',(#17708));
#17708 = SURFACE_STYLE_FILL_AREA(#17709);
#17709 = FILL_AREA_STYLE('',(#17710));
#17710 = FILL_AREA_STYLE_COLOUR('',#16790);
#17711 = STYLED_ITEM('color',(#17712),#13510);
#17712 = PRESENTATION_STYLE_ASSIGNMENT((#17713));
#17713 = SURFACE_STYLE_USAGE(.BOTH.,#17714);
#17714 = SURFACE_SIDE_STYLE('',(#17715));
#17715 = SURFACE_STYLE_FILL_AREA(#17716);
#17716 = FILL_AREA_STYLE('',(#17717));
#17717 = FILL_AREA_STYLE_COLOUR('',#16790);
#17718 = STYLED_ITEM('color',(#17719),#13550);
#17719 = PRESENTATION_STYLE_ASSIGNMENT((#17720));
#17720 = SURFACE_STYLE_USAGE(.BOTH.,#17721);
#17721 = SURFACE_SIDE_STYLE('',(#17722));
#17722 = SURFACE_STYLE_FILL_AREA(#17723);
#17723 = FILL_AREA_STYLE('',(#17724));
#17724 = FILL_AREA_STYLE_COLOUR('',#16790);
#17725 = STYLED_ITEM('color',(#17726),#13583);
#17726 = PRESENTATION_STYLE_ASSIGNMENT((#17727));
#17727 = SURFACE_STYLE_USAGE(.BOTH.,#17728);
#17728 = SURFACE_SIDE_STYLE('',(#17729));
#17729 = SURFACE_STYLE_FILL_AREA(#17730);
#17730 = FILL_AREA_STYLE('',(#17731));
#17731 = FILL_AREA_STYLE_COLOUR('',#16790);
#17732 = STYLED_ITEM('color',(#17733),#13607);
#17733 = PRESENTATION_STYLE_ASSIGNMENT((#17734));
#17734 = SURFACE_STYLE_USAGE(.BOTH.,#17735);
#17735 = SURFACE_SIDE_STYLE('',(#17736));
#17736 = SURFACE_STYLE_FILL_AREA(#17737);
#17737 = FILL_AREA_STYLE('',(#17738));
#17738 = FILL_AREA_STYLE_COLOUR('',#16790);
#17739 = STYLED_ITEM('color',(#17740),#13640);
#17740 = PRESENTATION_STYLE_ASSIGNMENT((#17741));
#17741 = SURFACE_STYLE_USAGE(.BOTH.,#17742);
#17742 = SURFACE_SIDE_STYLE('',(#17743));
#17743 = SURFACE_STYLE_FILL_AREA(#17744);
#17744 = FILL_AREA_STYLE('',(#17745));
#17745 = FILL_AREA_STYLE_COLOUR('',#16790);
#17746 = STYLED_ITEM('color',(#17747),#13680);
#17747 = PRESENTATION_STYLE_ASSIGNMENT((#17748));
#17748 = SURFACE_STYLE_USAGE(.BOTH.,#17749);
#17749 = SURFACE_SIDE_STYLE('',(#17750));
#17750 = SURFACE_STYLE_FILL_AREA(#17751);
#17751 = FILL_AREA_STYLE('',(#17752));
#17752 = FILL_AREA_STYLE_COLOUR('',#16790);
#17753 = STYLED_ITEM('color',(#17754),#13704);
#17754 = PRESENTATION_STYLE_ASSIGNMENT((#17755));
#17755 = SURFACE_STYLE_USAGE(.BOTH.,#17756);
#17756 = SURFACE_SIDE_STYLE('',(#17757));
#17757 = SURFACE_STYLE_FILL_AREA(#17758);
#17758 = FILL_AREA_STYLE('',(#17759));
#17759 = FILL_AREA_STYLE_COLOUR('',#16790);
#17760 = STYLED_ITEM('color',(#17761),#13737);
#17761 = PRESENTATION_STYLE_ASSIGNMENT((#17762));
#17762 = SURFACE_STYLE_USAGE(.BOTH.,#17763);
#17763 = SURFACE_SIDE_STYLE('',(#17764));
#17764 = SURFACE_STYLE_FILL_AREA(#17765);
#17765 = FILL_AREA_STYLE('',(#17766));
#17766 = FILL_AREA_STYLE_COLOUR('',#17584);
#17767 = STYLED_ITEM('color',(#17768),#13754);
#17768 = PRESENTATION_STYLE_ASSIGNMENT((#17769));
#17769 = SURFACE_STYLE_USAGE(.BOTH.,#17770);
#17770 = SURFACE_SIDE_STYLE('',(#17771));
#17771 = SURFACE_STYLE_FILL_AREA(#17772);
#17772 = FILL_AREA_STYLE('',(#17773));
#17773 = FILL_AREA_STYLE_COLOUR('',#16790);
#17774 = STYLED_ITEM('color',(#17775),#13785);
#17775 = PRESENTATION_STYLE_ASSIGNMENT((#17776));
#17776 = SURFACE_STYLE_USAGE(.BOTH.,#17777);
#17777 = SURFACE_SIDE_STYLE('',(#17778));
#17778 = SURFACE_STYLE_FILL_AREA(#17779);
#17779 = FILL_AREA_STYLE('',(#17780));
#17780 = FILL_AREA_STYLE_COLOUR('',#16790);
#17781 = STYLED_ITEM('color',(#17782),#13809);
#17782 = PRESENTATION_STYLE_ASSIGNMENT((#17783));
#17783 = SURFACE_STYLE_USAGE(.BOTH.,#17784);
#17784 = SURFACE_SIDE_STYLE('',(#17785));
#17785 = SURFACE_STYLE_FILL_AREA(#17786);
#17786 = FILL_AREA_STYLE('',(#17787));
#17787 = FILL_AREA_STYLE_COLOUR('',#16790);
#17788 = STYLED_ITEM('color',(#17789),#13833);
#17789 = PRESENTATION_STYLE_ASSIGNMENT((#17790));
#17790 = SURFACE_STYLE_USAGE(.BOTH.,#17791);
#17791 = SURFACE_SIDE_STYLE('',(#17792));
#17792 = SURFACE_STYLE_FILL_AREA(#17793);
#17793 = FILL_AREA_STYLE('',(#17794));
#17794 = FILL_AREA_STYLE_COLOUR('',#16790);
#17795 = STYLED_ITEM('color',(#17796),#13857);
#17796 = PRESENTATION_STYLE_ASSIGNMENT((#17797));
#17797 = SURFACE_STYLE_USAGE(.BOTH.,#17798);
#17798 = SURFACE_SIDE_STYLE('',(#17799));
#17799 = SURFACE_STYLE_FILL_AREA(#17800);
#17800 = FILL_AREA_STYLE('',(#17801));
#17801 = FILL_AREA_STYLE_COLOUR('',#16790);
#17802 = STYLED_ITEM('color',(#17803),#13874);
#17803 = PRESENTATION_STYLE_ASSIGNMENT((#17804));
#17804 = SURFACE_STYLE_USAGE(.BOTH.,#17805);
#17805 = SURFACE_SIDE_STYLE('',(#17806));
#17806 = SURFACE_STYLE_FILL_AREA(#17807);
#17807 = FILL_AREA_STYLE('',(#17808));
#17808 = FILL_AREA_STYLE_COLOUR('',#17584);
#17809 = STYLED_ITEM('color',(#17810),#13897);
#17810 = PRESENTATION_STYLE_ASSIGNMENT((#17811));
#17811 = SURFACE_STYLE_USAGE(.BOTH.,#17812);
#17812 = SURFACE_SIDE_STYLE('',(#17813));
#17813 = SURFACE_STYLE_FILL_AREA(#17814);
#17814 = FILL_AREA_STYLE('',(#17815));
#17815 = FILL_AREA_STYLE_COLOUR('',#16790);
#17816 = STYLED_ITEM('color',(#17817),#13914);
#17817 = PRESENTATION_STYLE_ASSIGNMENT((#17818));
#17818 = SURFACE_STYLE_USAGE(.BOTH.,#17819);
#17819 = SURFACE_SIDE_STYLE('',(#17820));
#17820 = SURFACE_STYLE_FILL_AREA(#17821);
#17821 = FILL_AREA_STYLE('',(#17822));
#17822 = FILL_AREA_STYLE_COLOUR('',#16790);
#17823 = STYLED_ITEM('color',(#17824),#13931);
#17824 = PRESENTATION_STYLE_ASSIGNMENT((#17825));
#17825 = SURFACE_STYLE_USAGE(.BOTH.,#17826);
#17826 = SURFACE_SIDE_STYLE('',(#17827));
#17827 = SURFACE_STYLE_FILL_AREA(#17828);
#17828 = FILL_AREA_STYLE('',(#17829));
#17829 = FILL_AREA_STYLE_COLOUR('',#16790);
#17830 = STYLED_ITEM('color',(#17831),#13948);
#17831 = PRESENTATION_STYLE_ASSIGNMENT((#17832));
#17832 = SURFACE_STYLE_USAGE(.BOTH.,#17833);
#17833 = SURFACE_SIDE_STYLE('',(#17834));
#17834 = SURFACE_STYLE_FILL_AREA(#17835);
#17835 = FILL_AREA_STYLE('',(#17836));
#17836 = FILL_AREA_STYLE_COLOUR('',#16790);
#17837 = STYLED_ITEM('color',(#17838),#13965);
#17838 = PRESENTATION_STYLE_ASSIGNMENT((#17839));
#17839 = SURFACE_STYLE_USAGE(.BOTH.,#17840);
#17840 = SURFACE_SIDE_STYLE('',(#17841));
#17841 = SURFACE_STYLE_FILL_AREA(#17842);
#17842 = FILL_AREA_STYLE('',(#17843));
#17843 = FILL_AREA_STYLE_COLOUR('',#16790);
#17844 = STYLED_ITEM('color',(#17845),#13982);
#17845 = PRESENTATION_STYLE_ASSIGNMENT((#17846));
#17846 = SURFACE_STYLE_USAGE(.BOTH.,#17847);
#17847 = SURFACE_SIDE_STYLE('',(#17848));
#17848 = SURFACE_STYLE_FILL_AREA(#17849);
#17849 = FILL_AREA_STYLE('',(#17850));
#17850 = FILL_AREA_STYLE_COLOUR('',#16790);
#17851 = STYLED_ITEM('color',(#17852),#13999);
#17852 = PRESENTATION_STYLE_ASSIGNMENT((#17853));
#17853 = SURFACE_STYLE_USAGE(.BOTH.,#17854);
#17854 = SURFACE_SIDE_STYLE('',(#17855));
#17855 = SURFACE_STYLE_FILL_AREA(#17856);
#17856 = FILL_AREA_STYLE('',(#17857));
#17857 = FILL_AREA_STYLE_COLOUR('',#16790);
#17858 = STYLED_ITEM('color',(#17859),#14016);
#17859 = PRESENTATION_STYLE_ASSIGNMENT((#17860));
#17860 = SURFACE_STYLE_USAGE(.BOTH.,#17861);
#17861 = SURFACE_SIDE_STYLE('',(#17862));
#17862 = SURFACE_STYLE_FILL_AREA(#17863);
#17863 = FILL_AREA_STYLE('',(#17864));
#17864 = FILL_AREA_STYLE_COLOUR('',#16790);
#17865 = STYLED_ITEM('color',(#17866),#14033);
#17866 = PRESENTATION_STYLE_ASSIGNMENT((#17867));
#17867 = SURFACE_STYLE_USAGE(.BOTH.,#17868);
#17868 = SURFACE_SIDE_STYLE('',(#17869));
#17869 = SURFACE_STYLE_FILL_AREA(#17870);
#17870 = FILL_AREA_STYLE('',(#17871));
#17871 = FILL_AREA_STYLE_COLOUR('',#16790);
#17872 = STYLED_ITEM('color',(#17873),#14045);
#17873 = PRESENTATION_STYLE_ASSIGNMENT((#17874));
#17874 = SURFACE_STYLE_USAGE(.BOTH.,#17875);
#17875 = SURFACE_SIDE_STYLE('',(#17876));
#17876 = SURFACE_STYLE_FILL_AREA(#17877);
#17877 = FILL_AREA_STYLE('',(#17878));
#17878 = FILL_AREA_STYLE_COLOUR('',#16790);
#17879 = STYLED_ITEM('color',(#17880),#14062);
#17880 = PRESENTATION_STYLE_ASSIGNMENT((#17881));
#17881 = SURFACE_STYLE_USAGE(.BOTH.,#17882);
#17882 = SURFACE_SIDE_STYLE('',(#17883));
#17883 = SURFACE_STYLE_FILL_AREA(#17884);
#17884 = FILL_AREA_STYLE('',(#17885));
#17885 = FILL_AREA_STYLE_COLOUR('',#16790);
#17886 = STYLED_ITEM('color',(#17887),#14074);
#17887 = PRESENTATION_STYLE_ASSIGNMENT((#17888));
#17888 = SURFACE_STYLE_USAGE(.BOTH.,#17889);
#17889 = SURFACE_SIDE_STYLE('',(#17890));
#17890 = SURFACE_STYLE_FILL_AREA(#17891);
#17891 = FILL_AREA_STYLE('',(#17892));
#17892 = FILL_AREA_STYLE_COLOUR('',#16790);
#17893 = STYLED_ITEM('color',(#17894),#14091);
#17894 = PRESENTATION_STYLE_ASSIGNMENT((#17895));
#17895 = SURFACE_STYLE_USAGE(.BOTH.,#17896);
#17896 = SURFACE_SIDE_STYLE('',(#17897));
#17897 = SURFACE_STYLE_FILL_AREA(#17898);
#17898 = FILL_AREA_STYLE('',(#17899));
#17899 = FILL_AREA_STYLE_COLOUR('',#16790);
#17900 = STYLED_ITEM('color',(#17901),#14103);
#17901 = PRESENTATION_STYLE_ASSIGNMENT((#17902));
#17902 = SURFACE_STYLE_USAGE(.BOTH.,#17903);
#17903 = SURFACE_SIDE_STYLE('',(#17904));
#17904 = SURFACE_STYLE_FILL_AREA(#17905);
#17905 = FILL_AREA_STYLE('',(#17906));
#17906 = FILL_AREA_STYLE_COLOUR('',#16790);
#17907 = STYLED_ITEM('color',(#17908),#14120);
#17908 = PRESENTATION_STYLE_ASSIGNMENT((#17909));
#17909 = SURFACE_STYLE_USAGE(.BOTH.,#17910);
#17910 = SURFACE_SIDE_STYLE('',(#17911));
#17911 = SURFACE_STYLE_FILL_AREA(#17912);
#17912 = FILL_AREA_STYLE('',(#17913));
#17913 = FILL_AREA_STYLE_COLOUR('',#16790);
#17914 = STYLED_ITEM('color',(#17915),#14132);
#17915 = PRESENTATION_STYLE_ASSIGNMENT((#17916));
#17916 = SURFACE_STYLE_USAGE(.BOTH.,#17917);
#17917 = SURFACE_SIDE_STYLE('',(#17918));
#17918 = SURFACE_STYLE_FILL_AREA(#17919);
#17919 = FILL_AREA_STYLE('',(#17920));
#17920 = FILL_AREA_STYLE_COLOUR('',#16790);
#17921 = STYLED_ITEM('color',(#17922),#14149);
#17922 = PRESENTATION_STYLE_ASSIGNMENT((#17923));
#17923 = SURFACE_STYLE_USAGE(.BOTH.,#17924);
#17924 = SURFACE_SIDE_STYLE('',(#17925));
#17925 = SURFACE_STYLE_FILL_AREA(#17926);
#17926 = FILL_AREA_STYLE('',(#17927));
#17927 = FILL_AREA_STYLE_COLOUR('',#16790);
#17928 = STYLED_ITEM('color',(#17929),#14161);
#17929 = PRESENTATION_STYLE_ASSIGNMENT((#17930));
#17930 = SURFACE_STYLE_USAGE(.BOTH.,#17931);
#17931 = SURFACE_SIDE_STYLE('',(#17932));
#17932 = SURFACE_STYLE_FILL_AREA(#17933);
#17933 = FILL_AREA_STYLE('',(#17934));
#17934 = FILL_AREA_STYLE_COLOUR('',#16790);
#17935 = STYLED_ITEM('color',(#17936),#14178);
#17936 = PRESENTATION_STYLE_ASSIGNMENT((#17937));
#17937 = SURFACE_STYLE_USAGE(.BOTH.,#17938);
#17938 = SURFACE_SIDE_STYLE('',(#17939));
#17939 = SURFACE_STYLE_FILL_AREA(#17940);
#17940 = FILL_AREA_STYLE('',(#17941));
#17941 = FILL_AREA_STYLE_COLOUR('',#16790);
#17942 = STYLED_ITEM('color',(#17943),#14190);
#17943 = PRESENTATION_STYLE_ASSIGNMENT((#17944));
#17944 = SURFACE_STYLE_USAGE(.BOTH.,#17945);
#17945 = SURFACE_SIDE_STYLE('',(#17946));
#17946 = SURFACE_STYLE_FILL_AREA(#17947);
#17947 = FILL_AREA_STYLE('',(#17948));
#17948 = FILL_AREA_STYLE_COLOUR('',#16790);
#17949 = STYLED_ITEM('color',(#17950),#14207);
#17950 = PRESENTATION_STYLE_ASSIGNMENT((#17951));
#17951 = SURFACE_STYLE_USAGE(.BOTH.,#17952);
#17952 = SURFACE_SIDE_STYLE('',(#17953));
#17953 = SURFACE_STYLE_FILL_AREA(#17954);
#17954 = FILL_AREA_STYLE('',(#17955));
#17955 = FILL_AREA_STYLE_COLOUR('',#16790);
#17956 = STYLED_ITEM('color',(#17957),#14219);
#17957 = PRESENTATION_STYLE_ASSIGNMENT((#17958));
#17958 = SURFACE_STYLE_USAGE(.BOTH.,#17959);
#17959 = SURFACE_SIDE_STYLE('',(#17960));
#17960 = SURFACE_STYLE_FILL_AREA(#17961);
#17961 = FILL_AREA_STYLE('',(#17962));
#17962 = FILL_AREA_STYLE_COLOUR('',#16790);
#17963 = STYLED_ITEM('color',(#17964),#14232);
#17964 = PRESENTATION_STYLE_ASSIGNMENT((#17965));
#17965 = SURFACE_STYLE_USAGE(.BOTH.,#17966);
#17966 = SURFACE_SIDE_STYLE('',(#17967));
#17967 = SURFACE_STYLE_FILL_AREA(#17968);
#17968 = FILL_AREA_STYLE('',(#17969));
#17969 = FILL_AREA_STYLE_COLOUR('',#17970);
#17970 = COLOUR_RGB('',0.690999977303,0.663999984767,0.597999987832);
#17971 = STYLED_ITEM('color',(#17972),#14257);
#17972 = PRESENTATION_STYLE_ASSIGNMENT((#17973));
#17973 = SURFACE_STYLE_USAGE(.BOTH.,#17974);
#17974 = SURFACE_SIDE_STYLE('',(#17975));
#17975 = SURFACE_STYLE_FILL_AREA(#17976);
#17976 = FILL_AREA_STYLE('',(#17977));
#17977 = FILL_AREA_STYLE_COLOUR('',#17970);
#17978 = MECHANICAL_DESIGN_GEOMETRIC_PRESENTATION_REPRESENTATION('',(
    #17979,#17987,#17994,#18001,#18008,#18015,#18022,#18029,#18036,
    #18043,#18050,#18057,#18064,#18071,#18078,#18085,#18092,#18099,
    #18106,#18113,#18120,#18127,#18134,#18141,#18148,#18155,#18162,
    #18169,#18176,#18183,#18190,#18197,#18204,#18211,#18218,#18225,
    #18232,#18239,#18246,#18253,#18260,#18267,#18274,#18281,#18288,
    #18295,#18302,#18309,#18316,#18323,#18330,#18337,#18344,#18351,
    #18358,#18365,#18372,#18379,#18386,#18393,#18400,#18407,#18414,
    #18421,#18428,#18435,#18442,#18449,#18456,#18463,#18470,#18477,
    #18484,#18491,#18498,#18505,#18512,#18519,#18526,#18533,#18540,
    #18547,#18554,#18561,#18568,#18575,#18582,#18589,#18596),#3042);
#17979 = STYLED_ITEM('color',(#17980),#184);
#17980 = PRESENTATION_STYLE_ASSIGNMENT((#17981));
#17981 = SURFACE_STYLE_USAGE(.BOTH.,#17982);
#17982 = SURFACE_SIDE_STYLE('',(#17983));
#17983 = SURFACE_STYLE_FILL_AREA(#17984);
#17984 = FILL_AREA_STYLE('',(#17985));
#17985 = FILL_AREA_STYLE_COLOUR('',#17986);
#17986 = COLOUR_RGB('',1.,1.,0.501960785193);
#17987 = OVER_RIDING_STYLED_ITEM('overriding color',(#17988),#186,#17979
  );
#17988 = PRESENTATION_STYLE_ASSIGNMENT((#17989));
#17989 = SURFACE_STYLE_USAGE(.BOTH.,#17990);
#17990 = SURFACE_SIDE_STYLE('',(#17991));
#17991 = SURFACE_STYLE_FILL_AREA(#17992);
#17992 = FILL_AREA_STYLE('',(#17993));
#17993 = FILL_AREA_STYLE_COLOUR('',#16480);
#17994 = OVER_RIDING_STYLED_ITEM('overriding color',(#17995),#226,#17979
  );
#17995 = PRESENTATION_STYLE_ASSIGNMENT((#17996));
#17996 = SURFACE_STYLE_USAGE(.BOTH.,#17997);
#17997 = SURFACE_SIDE_STYLE('',(#17998));
#17998 = SURFACE_STYLE_FILL_AREA(#17999);
#17999 = FILL_AREA_STYLE('',(#18000));
#18000 = FILL_AREA_STYLE_COLOUR('',#16480);
#18001 = OVER_RIDING_STYLED_ITEM('overriding color',(#18002),#292,#17979
  );
#18002 = PRESENTATION_STYLE_ASSIGNMENT((#18003));
#18003 = SURFACE_STYLE_USAGE(.BOTH.,#18004);
#18004 = SURFACE_SIDE_STYLE('',(#18005));
#18005 = SURFACE_STYLE_FILL_AREA(#18006);
#18006 = FILL_AREA_STYLE('',(#18007));
#18007 = FILL_AREA_STYLE_COLOUR('',#16480);
#18008 = OVER_RIDING_STYLED_ITEM('overriding color',(#18009),#317,#17979
  );
#18009 = PRESENTATION_STYLE_ASSIGNMENT((#18010));
#18010 = SURFACE_STYLE_USAGE(.BOTH.,#18011);
#18011 = SURFACE_SIDE_STYLE('',(#18012));
#18012 = SURFACE_STYLE_FILL_AREA(#18013);
#18013 = FILL_AREA_STYLE('',(#18014));
#18014 = FILL_AREA_STYLE_COLOUR('',#16480);
#18015 = OVER_RIDING_STYLED_ITEM('overriding color',(#18016),#342,#17979
  );
#18016 = PRESENTATION_STYLE_ASSIGNMENT((#18017));
#18017 = SURFACE_STYLE_USAGE(.BOTH.,#18018);
#18018 = SURFACE_SIDE_STYLE('',(#18019));
#18019 = SURFACE_STYLE_FILL_AREA(#18020);
#18020 = FILL_AREA_STYLE('',(#18021));
#18021 = FILL_AREA_STYLE_COLOUR('',#16480);
#18022 = OVER_RIDING_STYLED_ITEM('overriding color',(#18023),#392,#17979
  );
#18023 = PRESENTATION_STYLE_ASSIGNMENT((#18024));
#18024 = SURFACE_STYLE_USAGE(.BOTH.,#18025);
#18025 = SURFACE_SIDE_STYLE('',(#18026));
#18026 = SURFACE_STYLE_FILL_AREA(#18027);
#18027 = FILL_AREA_STYLE('',(#18028));
#18028 = FILL_AREA_STYLE_COLOUR('',#16472);
#18029 = OVER_RIDING_STYLED_ITEM('overriding color',(#18030),#573,#17979
  );
#18030 = PRESENTATION_STYLE_ASSIGNMENT((#18031));
#18031 = SURFACE_STYLE_USAGE(.BOTH.,#18032);
#18032 = SURFACE_SIDE_STYLE('',(#18033));
#18033 = SURFACE_STYLE_FILL_AREA(#18034);
#18034 = FILL_AREA_STYLE('',(#18035));
#18035 = FILL_AREA_STYLE_COLOUR('',#16480);
#18036 = OVER_RIDING_STYLED_ITEM('overriding color',(#18037),#590,#17979
  );
#18037 = PRESENTATION_STYLE_ASSIGNMENT((#18038));
#18038 = SURFACE_STYLE_USAGE(.BOTH.,#18039);
#18039 = SURFACE_SIDE_STYLE('',(#18040));
#18040 = SURFACE_STYLE_FILL_AREA(#18041);
#18041 = FILL_AREA_STYLE('',(#18042));
#18042 = FILL_AREA_STYLE_COLOUR('',#16480);
#18043 = OVER_RIDING_STYLED_ITEM('overriding color',(#18044),#612,#17979
  );
#18044 = PRESENTATION_STYLE_ASSIGNMENT((#18045));
#18045 = SURFACE_STYLE_USAGE(.BOTH.,#18046);
#18046 = SURFACE_SIDE_STYLE('',(#18047));
#18047 = SURFACE_STYLE_FILL_AREA(#18048);
#18048 = FILL_AREA_STYLE('',(#18049));
#18049 = FILL_AREA_STYLE_COLOUR('',#16480);
#18050 = OVER_RIDING_STYLED_ITEM('overriding color',(#18051),#624,#17979
  );
#18051 = PRESENTATION_STYLE_ASSIGNMENT((#18052));
#18052 = SURFACE_STYLE_USAGE(.BOTH.,#18053);
#18053 = SURFACE_SIDE_STYLE('',(#18054));
#18054 = SURFACE_STYLE_FILL_AREA(#18055);
#18055 = FILL_AREA_STYLE('',(#18056));
#18056 = FILL_AREA_STYLE_COLOUR('',#16480);
#18057 = OVER_RIDING_STYLED_ITEM('overriding color',(#18058),#636,#17979
  );
#18058 = PRESENTATION_STYLE_ASSIGNMENT((#18059));
#18059 = SURFACE_STYLE_USAGE(.BOTH.,#18060);
#18060 = SURFACE_SIDE_STYLE('',(#18061));
#18061 = SURFACE_STYLE_FILL_AREA(#18062);
#18062 = FILL_AREA_STYLE('',(#18063));
#18063 = FILL_AREA_STYLE_COLOUR('',#16480);
#18064 = OVER_RIDING_STYLED_ITEM('overriding color',(#18065),#702,#17979
  );
#18065 = PRESENTATION_STYLE_ASSIGNMENT((#18066));
#18066 = SURFACE_STYLE_USAGE(.BOTH.,#18067);
#18067 = SURFACE_SIDE_STYLE('',(#18068));
#18068 = SURFACE_STYLE_FILL_AREA(#18069);
#18069 = FILL_AREA_STYLE('',(#18070));
#18070 = FILL_AREA_STYLE_COLOUR('',#16472);
#18071 = OVER_RIDING_STYLED_ITEM('overriding color',(#18072),#797,#17979
  );
#18072 = PRESENTATION_STYLE_ASSIGNMENT((#18073));
#18073 = SURFACE_STYLE_USAGE(.BOTH.,#18074);
#18074 = SURFACE_SIDE_STYLE('',(#18075));
#18075 = SURFACE_STYLE_FILL_AREA(#18076);
#18076 = FILL_AREA_STYLE('',(#18077));
#18077 = FILL_AREA_STYLE_COLOUR('',#16472);
#18078 = OVER_RIDING_STYLED_ITEM('overriding color',(#18079),#828,#17979
  );
#18079 = PRESENTATION_STYLE_ASSIGNMENT((#18080));
#18080 = SURFACE_STYLE_USAGE(.BOTH.,#18081);
#18081 = SURFACE_SIDE_STYLE('',(#18082));
#18082 = SURFACE_STYLE_FILL_AREA(#18083);
#18083 = FILL_AREA_STYLE('',(#18084));
#18084 = FILL_AREA_STYLE_COLOUR('',#16472);
#18085 = OVER_RIDING_STYLED_ITEM('overriding color',(#18086),#939,#17979
  );
#18086 = PRESENTATION_STYLE_ASSIGNMENT((#18087));
#18087 = SURFACE_STYLE_USAGE(.BOTH.,#18088);
#18088 = SURFACE_SIDE_STYLE('',(#18089));
#18089 = SURFACE_STYLE_FILL_AREA(#18090);
#18090 = FILL_AREA_STYLE('',(#18091));
#18091 = FILL_AREA_STYLE_COLOUR('',#16472);
#18092 = OVER_RIDING_STYLED_ITEM('overriding color',(#18093),#956,#17979
  );
#18093 = PRESENTATION_STYLE_ASSIGNMENT((#18094));
#18094 = SURFACE_STYLE_USAGE(.BOTH.,#18095);
#18095 = SURFACE_SIDE_STYLE('',(#18096));
#18096 = SURFACE_STYLE_FILL_AREA(#18097);
#18097 = FILL_AREA_STYLE('',(#18098));
#18098 = FILL_AREA_STYLE_COLOUR('',#16472);
#18099 = OVER_RIDING_STYLED_ITEM('overriding color',(#18100),#1035,
  #17979);
#18100 = PRESENTATION_STYLE_ASSIGNMENT((#18101));
#18101 = SURFACE_STYLE_USAGE(.BOTH.,#18102);
#18102 = SURFACE_SIDE_STYLE('',(#18103));
#18103 = SURFACE_STYLE_FILL_AREA(#18104);
#18104 = FILL_AREA_STYLE('',(#18105));
#18105 = FILL_AREA_STYLE_COLOUR('',#16472);
#18106 = OVER_RIDING_STYLED_ITEM('overriding color',(#18107),#1066,
  #17979);
#18107 = PRESENTATION_STYLE_ASSIGNMENT((#18108));
#18108 = SURFACE_STYLE_USAGE(.BOTH.,#18109);
#18109 = SURFACE_SIDE_STYLE('',(#18110));
#18110 = SURFACE_STYLE_FILL_AREA(#18111);
#18111 = FILL_AREA_STYLE('',(#18112));
#18112 = FILL_AREA_STYLE_COLOUR('',#16480);
#18113 = OVER_RIDING_STYLED_ITEM('overriding color',(#18114),#1091,
  #17979);
#18114 = PRESENTATION_STYLE_ASSIGNMENT((#18115));
#18115 = SURFACE_STYLE_USAGE(.BOTH.,#18116);
#18116 = SURFACE_SIDE_STYLE('',(#18117));
#18117 = SURFACE_STYLE_FILL_AREA(#18118);
#18118 = FILL_AREA_STYLE('',(#18119));
#18119 = FILL_AREA_STYLE_COLOUR('',#16472);
#18120 = OVER_RIDING_STYLED_ITEM('overriding color',(#18121),#1108,
  #17979);
#18121 = PRESENTATION_STYLE_ASSIGNMENT((#18122));
#18122 = SURFACE_STYLE_USAGE(.BOTH.,#18123);
#18123 = SURFACE_SIDE_STYLE('',(#18124));
#18124 = SURFACE_STYLE_FILL_AREA(#18125);
#18125 = FILL_AREA_STYLE('',(#18126));
#18126 = FILL_AREA_STYLE_COLOUR('',#16480);
#18127 = OVER_RIDING_STYLED_ITEM('overriding color',(#18128),#1166,
  #17979);
#18128 = PRESENTATION_STYLE_ASSIGNMENT((#18129));
#18129 = SURFACE_STYLE_USAGE(.BOTH.,#18130);
#18130 = SURFACE_SIDE_STYLE('',(#18131));
#18131 = SURFACE_STYLE_FILL_AREA(#18132);
#18132 = FILL_AREA_STYLE('',(#18133));
#18133 = FILL_AREA_STYLE_COLOUR('',#16472);
#18134 = OVER_RIDING_STYLED_ITEM('overriding color',(#18135),#1245,
  #17979);
#18135 = PRESENTATION_STYLE_ASSIGNMENT((#18136));
#18136 = SURFACE_STYLE_USAGE(.BOTH.,#18137);
#18137 = SURFACE_SIDE_STYLE('',(#18138));
#18138 = SURFACE_STYLE_FILL_AREA(#18139);
#18139 = FILL_AREA_STYLE('',(#18140));
#18140 = FILL_AREA_STYLE_COLOUR('',#16472);
#18141 = OVER_RIDING_STYLED_ITEM('overriding color',(#18142),#1276,
  #17979);
#18142 = PRESENTATION_STYLE_ASSIGNMENT((#18143));
#18143 = SURFACE_STYLE_USAGE(.BOTH.,#18144);
#18144 = SURFACE_SIDE_STYLE('',(#18145));
#18145 = SURFACE_STYLE_FILL_AREA(#18146);
#18146 = FILL_AREA_STYLE('',(#18147));
#18147 = FILL_AREA_STYLE_COLOUR('',#16472);
#18148 = OVER_RIDING_STYLED_ITEM('overriding color',(#18149),#1300,
  #17979);
#18149 = PRESENTATION_STYLE_ASSIGNMENT((#18150));
#18150 = SURFACE_STYLE_USAGE(.BOTH.,#18151);
#18151 = SURFACE_SIDE_STYLE('',(#18152));
#18152 = SURFACE_STYLE_FILL_AREA(#18153);
#18153 = FILL_AREA_STYLE('',(#18154));
#18154 = FILL_AREA_STYLE_COLOUR('',#16472);
#18155 = OVER_RIDING_STYLED_ITEM('overriding color',(#18156),#1404,
  #17979);
#18156 = PRESENTATION_STYLE_ASSIGNMENT((#18157));
#18157 = SURFACE_STYLE_USAGE(.BOTH.,#18158);
#18158 = SURFACE_SIDE_STYLE('',(#18159));
#18159 = SURFACE_STYLE_FILL_AREA(#18160);
#18160 = FILL_AREA_STYLE('',(#18161));
#18161 = FILL_AREA_STYLE_COLOUR('',#16472);
#18162 = OVER_RIDING_STYLED_ITEM('overriding color',(#18163),#1436,
  #17979);
#18163 = PRESENTATION_STYLE_ASSIGNMENT((#18164));
#18164 = SURFACE_STYLE_USAGE(.BOTH.,#18165);
#18165 = SURFACE_SIDE_STYLE('',(#18166));
#18166 = SURFACE_STYLE_FILL_AREA(#18167);
#18167 = FILL_AREA_STYLE('',(#18168));
#18168 = FILL_AREA_STYLE_COLOUR('',#16480);
#18169 = OVER_RIDING_STYLED_ITEM('overriding color',(#18170),#1453,
  #17979);
#18170 = PRESENTATION_STYLE_ASSIGNMENT((#18171));
#18171 = SURFACE_STYLE_USAGE(.BOTH.,#18172);
#18172 = SURFACE_SIDE_STYLE('',(#18173));
#18173 = SURFACE_STYLE_FILL_AREA(#18174);
#18174 = FILL_AREA_STYLE('',(#18175));
#18175 = FILL_AREA_STYLE_COLOUR('',#16472);
#18176 = OVER_RIDING_STYLED_ITEM('overriding color',(#18177),#1485,
  #17979);
#18177 = PRESENTATION_STYLE_ASSIGNMENT((#18178));
#18178 = SURFACE_STYLE_USAGE(.BOTH.,#18179);
#18179 = SURFACE_SIDE_STYLE('',(#18180));
#18180 = SURFACE_STYLE_FILL_AREA(#18181);
#18181 = FILL_AREA_STYLE('',(#18182));
#18182 = FILL_AREA_STYLE_COLOUR('',#16472);
#18183 = OVER_RIDING_STYLED_ITEM('overriding color',(#18184),#1552,
  #17979);
#18184 = PRESENTATION_STYLE_ASSIGNMENT((#18185));
#18185 = SURFACE_STYLE_USAGE(.BOTH.,#18186);
#18186 = SURFACE_SIDE_STYLE('',(#18187));
#18187 = SURFACE_STYLE_FILL_AREA(#18188);
#18188 = FILL_AREA_STYLE('',(#18189));
#18189 = FILL_AREA_STYLE_COLOUR('',#16480);
#18190 = OVER_RIDING_STYLED_ITEM('overriding color',(#18191),#1574,
  #17979);
#18191 = PRESENTATION_STYLE_ASSIGNMENT((#18192));
#18192 = SURFACE_STYLE_USAGE(.BOTH.,#18193);
#18193 = SURFACE_SIDE_STYLE('',(#18194));
#18194 = SURFACE_STYLE_FILL_AREA(#18195);
#18195 = FILL_AREA_STYLE('',(#18196));
#18196 = FILL_AREA_STYLE_COLOUR('',#16480);
#18197 = OVER_RIDING_STYLED_ITEM('overriding color',(#18198),#1591,
  #17979);
#18198 = PRESENTATION_STYLE_ASSIGNMENT((#18199));
#18199 = SURFACE_STYLE_USAGE(.BOTH.,#18200);
#18200 = SURFACE_SIDE_STYLE('',(#18201));
#18201 = SURFACE_STYLE_FILL_AREA(#18202);
#18202 = FILL_AREA_STYLE('',(#18203));
#18203 = FILL_AREA_STYLE_COLOUR('',#16480);
#18204 = OVER_RIDING_STYLED_ITEM('overriding color',(#18205),#1608,
  #17979);
#18205 = PRESENTATION_STYLE_ASSIGNMENT((#18206));
#18206 = SURFACE_STYLE_USAGE(.BOTH.,#18207);
#18207 = SURFACE_SIDE_STYLE('',(#18208));
#18208 = SURFACE_STYLE_FILL_AREA(#18209);
#18209 = FILL_AREA_STYLE('',(#18210));
#18210 = FILL_AREA_STYLE_COLOUR('',#16480);
#18211 = OVER_RIDING_STYLED_ITEM('overriding color',(#18212),#1620,
  #17979);
#18212 = PRESENTATION_STYLE_ASSIGNMENT((#18213));
#18213 = SURFACE_STYLE_USAGE(.BOTH.,#18214);
#18214 = SURFACE_SIDE_STYLE('',(#18215));
#18215 = SURFACE_STYLE_FILL_AREA(#18216);
#18216 = FILL_AREA_STYLE('',(#18217));
#18217 = FILL_AREA_STYLE_COLOUR('',#16480);
#18218 = OVER_RIDING_STYLED_ITEM('overriding color',(#18219),#1632,
  #17979);
#18219 = PRESENTATION_STYLE_ASSIGNMENT((#18220));
#18220 = SURFACE_STYLE_USAGE(.BOTH.,#18221);
#18221 = SURFACE_SIDE_STYLE('',(#18222));
#18222 = SURFACE_STYLE_FILL_AREA(#18223);
#18223 = FILL_AREA_STYLE('',(#18224));
#18224 = FILL_AREA_STYLE_COLOUR('',#16472);
#18225 = OVER_RIDING_STYLED_ITEM('overriding color',(#18226),#1773,
  #17979);
#18226 = PRESENTATION_STYLE_ASSIGNMENT((#18227));
#18227 = SURFACE_STYLE_USAGE(.BOTH.,#18228);
#18228 = SURFACE_SIDE_STYLE('',(#18229));
#18229 = SURFACE_STYLE_FILL_AREA(#18230);
#18230 = FILL_AREA_STYLE('',(#18231));
#18231 = FILL_AREA_STYLE_COLOUR('',#16472);
#18232 = OVER_RIDING_STYLED_ITEM('overriding color',(#18233),#1785,
  #17979);
#18233 = PRESENTATION_STYLE_ASSIGNMENT((#18234));
#18234 = SURFACE_STYLE_USAGE(.BOTH.,#18235);
#18235 = SURFACE_SIDE_STYLE('',(#18236));
#18236 = SURFACE_STYLE_FILL_AREA(#18237);
#18237 = FILL_AREA_STYLE('',(#18238));
#18238 = FILL_AREA_STYLE_COLOUR('',#16472);
#18239 = OVER_RIDING_STYLED_ITEM('overriding color',(#18240),#1809,
  #17979);
#18240 = PRESENTATION_STYLE_ASSIGNMENT((#18241));
#18241 = SURFACE_STYLE_USAGE(.BOTH.,#18242);
#18242 = SURFACE_SIDE_STYLE('',(#18243));
#18243 = SURFACE_STYLE_FILL_AREA(#18244);
#18244 = FILL_AREA_STYLE('',(#18245));
#18245 = FILL_AREA_STYLE_COLOUR('',#16472);
#18246 = OVER_RIDING_STYLED_ITEM('overriding color',(#18247),#1821,
  #17979);
#18247 = PRESENTATION_STYLE_ASSIGNMENT((#18248));
#18248 = SURFACE_STYLE_USAGE(.BOTH.,#18249);
#18249 = SURFACE_SIDE_STYLE('',(#18250));
#18250 = SURFACE_STYLE_FILL_AREA(#18251);
#18251 = FILL_AREA_STYLE('',(#18252));
#18252 = FILL_AREA_STYLE_COLOUR('',#16472);
#18253 = OVER_RIDING_STYLED_ITEM('overriding color',(#18254),#1838,
  #17979);
#18254 = PRESENTATION_STYLE_ASSIGNMENT((#18255));
#18255 = SURFACE_STYLE_USAGE(.BOTH.,#18256);
#18256 = SURFACE_SIDE_STYLE('',(#18257));
#18257 = SURFACE_STYLE_FILL_AREA(#18258);
#18258 = FILL_AREA_STYLE('',(#18259));
#18259 = FILL_AREA_STYLE_COLOUR('',#16472);
#18260 = OVER_RIDING_STYLED_ITEM('overriding color',(#18261),#1862,
  #17979);
#18261 = PRESENTATION_STYLE_ASSIGNMENT((#18262));
#18262 = SURFACE_STYLE_USAGE(.BOTH.,#18263);
#18263 = SURFACE_SIDE_STYLE('',(#18264));
#18264 = SURFACE_STYLE_FILL_AREA(#18265);
#18265 = FILL_AREA_STYLE('',(#18266));
#18266 = FILL_AREA_STYLE_COLOUR('',#16472);
#18267 = OVER_RIDING_STYLED_ITEM('overriding color',(#18268),#1879,
  #17979);
#18268 = PRESENTATION_STYLE_ASSIGNMENT((#18269));
#18269 = SURFACE_STYLE_USAGE(.BOTH.,#18270);
#18270 = SURFACE_SIDE_STYLE('',(#18271));
#18271 = SURFACE_STYLE_FILL_AREA(#18272);
#18272 = FILL_AREA_STYLE('',(#18273));
#18273 = FILL_AREA_STYLE_COLOUR('',#16472);
#18274 = OVER_RIDING_STYLED_ITEM('overriding color',(#18275),#1901,
  #17979);
#18275 = PRESENTATION_STYLE_ASSIGNMENT((#18276));
#18276 = SURFACE_STYLE_USAGE(.BOTH.,#18277);
#18277 = SURFACE_SIDE_STYLE('',(#18278));
#18278 = SURFACE_STYLE_FILL_AREA(#18279);
#18279 = FILL_AREA_STYLE('',(#18280));
#18280 = FILL_AREA_STYLE_COLOUR('',#16472);
#18281 = OVER_RIDING_STYLED_ITEM('overriding color',(#18282),#1918,
  #17979);
#18282 = PRESENTATION_STYLE_ASSIGNMENT((#18283));
#18283 = SURFACE_STYLE_USAGE(.BOTH.,#18284);
#18284 = SURFACE_SIDE_STYLE('',(#18285));
#18285 = SURFACE_STYLE_FILL_AREA(#18286);
#18286 = FILL_AREA_STYLE('',(#18287));
#18287 = FILL_AREA_STYLE_COLOUR('',#16472);
#18288 = OVER_RIDING_STYLED_ITEM('overriding color',(#18289),#1930,
  #17979);
#18289 = PRESENTATION_STYLE_ASSIGNMENT((#18290));
#18290 = SURFACE_STYLE_USAGE(.BOTH.,#18291);
#18291 = SURFACE_SIDE_STYLE('',(#18292));
#18292 = SURFACE_STYLE_FILL_AREA(#18293);
#18293 = FILL_AREA_STYLE('',(#18294));
#18294 = FILL_AREA_STYLE_COLOUR('',#16472);
#18295 = OVER_RIDING_STYLED_ITEM('overriding color',(#18296),#2054,
  #17979);
#18296 = PRESENTATION_STYLE_ASSIGNMENT((#18297));
#18297 = SURFACE_STYLE_USAGE(.BOTH.,#18298);
#18298 = SURFACE_SIDE_STYLE('',(#18299));
#18299 = SURFACE_STYLE_FILL_AREA(#18300);
#18300 = FILL_AREA_STYLE('',(#18301));
#18301 = FILL_AREA_STYLE_COLOUR('',#16472);
#18302 = OVER_RIDING_STYLED_ITEM('overriding color',(#18303),#2092,
  #17979);
#18303 = PRESENTATION_STYLE_ASSIGNMENT((#18304));
#18304 = SURFACE_STYLE_USAGE(.BOTH.,#18305);
#18305 = SURFACE_SIDE_STYLE('',(#18306));
#18306 = SURFACE_STYLE_FILL_AREA(#18307);
#18307 = FILL_AREA_STYLE('',(#18308));
#18308 = FILL_AREA_STYLE_COLOUR('',#16472);
#18309 = OVER_RIDING_STYLED_ITEM('overriding color',(#18310),#2118,
  #17979);
#18310 = PRESENTATION_STYLE_ASSIGNMENT((#18311));
#18311 = SURFACE_STYLE_USAGE(.BOTH.,#18312);
#18312 = SURFACE_SIDE_STYLE('',(#18313));
#18313 = SURFACE_STYLE_FILL_AREA(#18314);
#18314 = FILL_AREA_STYLE('',(#18315));
#18315 = FILL_AREA_STYLE_COLOUR('',#16472);
#18316 = OVER_RIDING_STYLED_ITEM('overriding color',(#18317),#2149,
  #17979);
#18317 = PRESENTATION_STYLE_ASSIGNMENT((#18318));
#18318 = SURFACE_STYLE_USAGE(.BOTH.,#18319);
#18319 = SURFACE_SIDE_STYLE('',(#18320));
#18320 = SURFACE_STYLE_FILL_AREA(#18321);
#18321 = FILL_AREA_STYLE('',(#18322));
#18322 = FILL_AREA_STYLE_COLOUR('',#16472);
#18323 = OVER_RIDING_STYLED_ITEM('overriding color',(#18324),#2161,
  #17979);
#18324 = PRESENTATION_STYLE_ASSIGNMENT((#18325));
#18325 = SURFACE_STYLE_USAGE(.BOTH.,#18326);
#18326 = SURFACE_SIDE_STYLE('',(#18327));
#18327 = SURFACE_STYLE_FILL_AREA(#18328);
#18328 = FILL_AREA_STYLE('',(#18329));
#18329 = FILL_AREA_STYLE_COLOUR('',#16472);
#18330 = OVER_RIDING_STYLED_ITEM('overriding color',(#18331),#2224,
  #17979);
#18331 = PRESENTATION_STYLE_ASSIGNMENT((#18332));
#18332 = SURFACE_STYLE_USAGE(.BOTH.,#18333);
#18333 = SURFACE_SIDE_STYLE('',(#18334));
#18334 = SURFACE_STYLE_FILL_AREA(#18335);
#18335 = FILL_AREA_STYLE('',(#18336));
#18336 = FILL_AREA_STYLE_COLOUR('',#16472);
#18337 = OVER_RIDING_STYLED_ITEM('overriding color',(#18338),#2236,
  #17979);
#18338 = PRESENTATION_STYLE_ASSIGNMENT((#18339));
#18339 = SURFACE_STYLE_USAGE(.BOTH.,#18340);
#18340 = SURFACE_SIDE_STYLE('',(#18341));
#18341 = SURFACE_STYLE_FILL_AREA(#18342);
#18342 = FILL_AREA_STYLE('',(#18343));
#18343 = FILL_AREA_STYLE_COLOUR('',#16472);
#18344 = OVER_RIDING_STYLED_ITEM('overriding color',(#18345),#2267,
  #17979);
#18345 = PRESENTATION_STYLE_ASSIGNMENT((#18346));
#18346 = SURFACE_STYLE_USAGE(.BOTH.,#18347);
#18347 = SURFACE_SIDE_STYLE('',(#18348));
#18348 = SURFACE_STYLE_FILL_AREA(#18349);
#18349 = FILL_AREA_STYLE('',(#18350));
#18350 = FILL_AREA_STYLE_COLOUR('',#16472);
#18351 = OVER_RIDING_STYLED_ITEM('overriding color',(#18352),#2298,
  #17979);
#18352 = PRESENTATION_STYLE_ASSIGNMENT((#18353));
#18353 = SURFACE_STYLE_USAGE(.BOTH.,#18354);
#18354 = SURFACE_SIDE_STYLE('',(#18355));
#18355 = SURFACE_STYLE_FILL_AREA(#18356);
#18356 = FILL_AREA_STYLE('',(#18357));
#18357 = FILL_AREA_STYLE_COLOUR('',#16472);
#18358 = OVER_RIDING_STYLED_ITEM('overriding color',(#18359),#2310,
  #17979);
#18359 = PRESENTATION_STYLE_ASSIGNMENT((#18360));
#18360 = SURFACE_STYLE_USAGE(.BOTH.,#18361);
#18361 = SURFACE_SIDE_STYLE('',(#18362));
#18362 = SURFACE_STYLE_FILL_AREA(#18363);
#18363 = FILL_AREA_STYLE('',(#18364));
#18364 = FILL_AREA_STYLE_COLOUR('',#16472);
#18365 = OVER_RIDING_STYLED_ITEM('overriding color',(#18366),#2350,
  #17979);
#18366 = PRESENTATION_STYLE_ASSIGNMENT((#18367));
#18367 = SURFACE_STYLE_USAGE(.BOTH.,#18368);
#18368 = SURFACE_SIDE_STYLE('',(#18369));
#18369 = SURFACE_STYLE_FILL_AREA(#18370);
#18370 = FILL_AREA_STYLE('',(#18371));
#18371 = FILL_AREA_STYLE_COLOUR('',#16472);
#18372 = OVER_RIDING_STYLED_ITEM('overriding color',(#18373),#2367,
  #17979);
#18373 = PRESENTATION_STYLE_ASSIGNMENT((#18374));
#18374 = SURFACE_STYLE_USAGE(.BOTH.,#18375);
#18375 = SURFACE_SIDE_STYLE('',(#18376));
#18376 = SURFACE_STYLE_FILL_AREA(#18377);
#18377 = FILL_AREA_STYLE('',(#18378));
#18378 = FILL_AREA_STYLE_COLOUR('',#16472);
#18379 = OVER_RIDING_STYLED_ITEM('overriding color',(#18380),#2402,
  #17979);
#18380 = PRESENTATION_STYLE_ASSIGNMENT((#18381));
#18381 = SURFACE_STYLE_USAGE(.BOTH.,#18382);
#18382 = SURFACE_SIDE_STYLE('',(#18383));
#18383 = SURFACE_STYLE_FILL_AREA(#18384);
#18384 = FILL_AREA_STYLE('',(#18385));
#18385 = FILL_AREA_STYLE_COLOUR('',#16472);
#18386 = OVER_RIDING_STYLED_ITEM('overriding color',(#18387),#2444,
  #17979);
#18387 = PRESENTATION_STYLE_ASSIGNMENT((#18388));
#18388 = SURFACE_STYLE_USAGE(.BOTH.,#18389);
#18389 = SURFACE_SIDE_STYLE('',(#18390));
#18390 = SURFACE_STYLE_FILL_AREA(#18391);
#18391 = FILL_AREA_STYLE('',(#18392));
#18392 = FILL_AREA_STYLE_COLOUR('',#16472);
#18393 = OVER_RIDING_STYLED_ITEM('overriding color',(#18394),#2461,
  #17979);
#18394 = PRESENTATION_STYLE_ASSIGNMENT((#18395));
#18395 = SURFACE_STYLE_USAGE(.BOTH.,#18396);
#18396 = SURFACE_SIDE_STYLE('',(#18397));
#18397 = SURFACE_STYLE_FILL_AREA(#18398);
#18398 = FILL_AREA_STYLE('',(#18399));
#18399 = FILL_AREA_STYLE_COLOUR('',#16472);
#18400 = OVER_RIDING_STYLED_ITEM('overriding color',(#18401),#2494,
  #17979);
#18401 = PRESENTATION_STYLE_ASSIGNMENT((#18402));
#18402 = SURFACE_STYLE_USAGE(.BOTH.,#18403);
#18403 = SURFACE_SIDE_STYLE('',(#18404));
#18404 = SURFACE_STYLE_FILL_AREA(#18405);
#18405 = FILL_AREA_STYLE('',(#18406));
#18406 = FILL_AREA_STYLE_COLOUR('',#16472);
#18407 = OVER_RIDING_STYLED_ITEM('overriding color',(#18408),#2518,
  #17979);
#18408 = PRESENTATION_STYLE_ASSIGNMENT((#18409));
#18409 = SURFACE_STYLE_USAGE(.BOTH.,#18410);
#18410 = SURFACE_SIDE_STYLE('',(#18411));
#18411 = SURFACE_STYLE_FILL_AREA(#18412);
#18412 = FILL_AREA_STYLE('',(#18413));
#18413 = FILL_AREA_STYLE_COLOUR('',#16472);
#18414 = OVER_RIDING_STYLED_ITEM('overriding color',(#18415),#2530,
  #17979);
#18415 = PRESENTATION_STYLE_ASSIGNMENT((#18416));
#18416 = SURFACE_STYLE_USAGE(.BOTH.,#18417);
#18417 = SURFACE_SIDE_STYLE('',(#18418));
#18418 = SURFACE_STYLE_FILL_AREA(#18419);
#18419 = FILL_AREA_STYLE('',(#18420));
#18420 = FILL_AREA_STYLE_COLOUR('',#16472);
#18421 = OVER_RIDING_STYLED_ITEM('overriding color',(#18422),#2542,
  #17979);
#18422 = PRESENTATION_STYLE_ASSIGNMENT((#18423));
#18423 = SURFACE_STYLE_USAGE(.BOTH.,#18424);
#18424 = SURFACE_SIDE_STYLE('',(#18425));
#18425 = SURFACE_STYLE_FILL_AREA(#18426);
#18426 = FILL_AREA_STYLE('',(#18427));
#18427 = FILL_AREA_STYLE_COLOUR('',#16472);
#18428 = OVER_RIDING_STYLED_ITEM('overriding color',(#18429),#2554,
  #17979);
#18429 = PRESENTATION_STYLE_ASSIGNMENT((#18430));
#18430 = SURFACE_STYLE_USAGE(.BOTH.,#18431);
#18431 = SURFACE_SIDE_STYLE('',(#18432));
#18432 = SURFACE_STYLE_FILL_AREA(#18433);
#18433 = FILL_AREA_STYLE('',(#18434));
#18434 = FILL_AREA_STYLE_COLOUR('',#16480);
#18435 = OVER_RIDING_STYLED_ITEM('overriding color',(#18436),#2578,
  #17979);
#18436 = PRESENTATION_STYLE_ASSIGNMENT((#18437));
#18437 = SURFACE_STYLE_USAGE(.BOTH.,#18438);
#18438 = SURFACE_SIDE_STYLE('',(#18439));
#18439 = SURFACE_STYLE_FILL_AREA(#18440);
#18440 = FILL_AREA_STYLE('',(#18441));
#18441 = FILL_AREA_STYLE_COLOUR('',#16480);
#18442 = OVER_RIDING_STYLED_ITEM('overriding color',(#18443),#2609,
  #17979);
#18443 = PRESENTATION_STYLE_ASSIGNMENT((#18444));
#18444 = SURFACE_STYLE_USAGE(.BOTH.,#18445);
#18445 = SURFACE_SIDE_STYLE('',(#18446));
#18446 = SURFACE_STYLE_FILL_AREA(#18447);
#18447 = FILL_AREA_STYLE('',(#18448));
#18448 = FILL_AREA_STYLE_COLOUR('',#16472);
#18449 = OVER_RIDING_STYLED_ITEM('overriding color',(#18450),#2626,
  #17979);
#18450 = PRESENTATION_STYLE_ASSIGNMENT((#18451));
#18451 = SURFACE_STYLE_USAGE(.BOTH.,#18452);
#18452 = SURFACE_SIDE_STYLE('',(#18453));
#18453 = SURFACE_STYLE_FILL_AREA(#18454);
#18454 = FILL_AREA_STYLE('',(#18455));
#18455 = FILL_AREA_STYLE_COLOUR('',#16480);
#18456 = OVER_RIDING_STYLED_ITEM('overriding color',(#18457),#2650,
  #17979);
#18457 = PRESENTATION_STYLE_ASSIGNMENT((#18458));
#18458 = SURFACE_STYLE_USAGE(.BOTH.,#18459);
#18459 = SURFACE_SIDE_STYLE('',(#18460));
#18460 = SURFACE_STYLE_FILL_AREA(#18461);
#18461 = FILL_AREA_STYLE('',(#18462));
#18462 = FILL_AREA_STYLE_COLOUR('',#16480);
#18463 = OVER_RIDING_STYLED_ITEM('overriding color',(#18464),#2674,
  #17979);
#18464 = PRESENTATION_STYLE_ASSIGNMENT((#18465));
#18465 = SURFACE_STYLE_USAGE(.BOTH.,#18466);
#18466 = SURFACE_SIDE_STYLE('',(#18467));
#18467 = SURFACE_STYLE_FILL_AREA(#18468);
#18468 = FILL_AREA_STYLE('',(#18469));
#18469 = FILL_AREA_STYLE_COLOUR('',#16480);
#18470 = OVER_RIDING_STYLED_ITEM('overriding color',(#18471),#2691,
  #17979);
#18471 = PRESENTATION_STYLE_ASSIGNMENT((#18472));
#18472 = SURFACE_STYLE_USAGE(.BOTH.,#18473);
#18473 = SURFACE_SIDE_STYLE('',(#18474));
#18474 = SURFACE_STYLE_FILL_AREA(#18475);
#18475 = FILL_AREA_STYLE('',(#18476));
#18476 = FILL_AREA_STYLE_COLOUR('',#16480);
#18477 = OVER_RIDING_STYLED_ITEM('overriding color',(#18478),#2715,
  #17979);
#18478 = PRESENTATION_STYLE_ASSIGNMENT((#18479));
#18479 = SURFACE_STYLE_USAGE(.BOTH.,#18480);
#18480 = SURFACE_SIDE_STYLE('',(#18481));
#18481 = SURFACE_STYLE_FILL_AREA(#18482);
#18482 = FILL_AREA_STYLE('',(#18483));
#18483 = FILL_AREA_STYLE_COLOUR('',#16480);
#18484 = OVER_RIDING_STYLED_ITEM('overriding color',(#18485),#2732,
  #17979);
#18485 = PRESENTATION_STYLE_ASSIGNMENT((#18486));
#18486 = SURFACE_STYLE_USAGE(.BOTH.,#18487);
#18487 = SURFACE_SIDE_STYLE('',(#18488));
#18488 = SURFACE_STYLE_FILL_AREA(#18489);
#18489 = FILL_AREA_STYLE('',(#18490));
#18490 = FILL_AREA_STYLE_COLOUR('',#16472);
#18491 = OVER_RIDING_STYLED_ITEM('overriding color',(#18492),#2744,
  #17979);
#18492 = PRESENTATION_STYLE_ASSIGNMENT((#18493));
#18493 = SURFACE_STYLE_USAGE(.BOTH.,#18494);
#18494 = SURFACE_SIDE_STYLE('',(#18495));
#18495 = SURFACE_STYLE_FILL_AREA(#18496);
#18496 = FILL_AREA_STYLE('',(#18497));
#18497 = FILL_AREA_STYLE_COLOUR('',#16480);
#18498 = OVER_RIDING_STYLED_ITEM('overriding color',(#18499),#2756,
  #17979);
#18499 = PRESENTATION_STYLE_ASSIGNMENT((#18500));
#18500 = SURFACE_STYLE_USAGE(.BOTH.,#18501);
#18501 = SURFACE_SIDE_STYLE('',(#18502));
#18502 = SURFACE_STYLE_FILL_AREA(#18503);
#18503 = FILL_AREA_STYLE('',(#18504));
#18504 = FILL_AREA_STYLE_COLOUR('',#16472);
#18505 = OVER_RIDING_STYLED_ITEM('overriding color',(#18506),#2773,
  #17979);
#18506 = PRESENTATION_STYLE_ASSIGNMENT((#18507));
#18507 = SURFACE_STYLE_USAGE(.BOTH.,#18508);
#18508 = SURFACE_SIDE_STYLE('',(#18509));
#18509 = SURFACE_STYLE_FILL_AREA(#18510);
#18510 = FILL_AREA_STYLE('',(#18511));
#18511 = FILL_AREA_STYLE_COLOUR('',#16480);
#18512 = OVER_RIDING_STYLED_ITEM('overriding color',(#18513),#2804,
  #17979);
#18513 = PRESENTATION_STYLE_ASSIGNMENT((#18514));
#18514 = SURFACE_STYLE_USAGE(.BOTH.,#18515);
#18515 = SURFACE_SIDE_STYLE('',(#18516));
#18516 = SURFACE_STYLE_FILL_AREA(#18517);
#18517 = FILL_AREA_STYLE('',(#18518));
#18518 = FILL_AREA_STYLE_COLOUR('',#16480);
#18519 = OVER_RIDING_STYLED_ITEM('overriding color',(#18520),#2835,
  #17979);
#18520 = PRESENTATION_STYLE_ASSIGNMENT((#18521));
#18521 = SURFACE_STYLE_USAGE(.BOTH.,#18522);
#18522 = SURFACE_SIDE_STYLE('',(#18523));
#18523 = SURFACE_STYLE_FILL_AREA(#18524);
#18524 = FILL_AREA_STYLE('',(#18525));
#18525 = FILL_AREA_STYLE_COLOUR('',#16480);
#18526 = OVER_RIDING_STYLED_ITEM('overriding color',(#18527),#2866,
  #17979);
#18527 = PRESENTATION_STYLE_ASSIGNMENT((#18528));
#18528 = SURFACE_STYLE_USAGE(.BOTH.,#18529);
#18529 = SURFACE_SIDE_STYLE('',(#18530));
#18530 = SURFACE_STYLE_FILL_AREA(#18531);
#18531 = FILL_AREA_STYLE('',(#18532));
#18532 = FILL_AREA_STYLE_COLOUR('',#16480);
#18533 = OVER_RIDING_STYLED_ITEM('overriding color',(#18534),#2890,
  #17979);
#18534 = PRESENTATION_STYLE_ASSIGNMENT((#18535));
#18535 = SURFACE_STYLE_USAGE(.BOTH.,#18536);
#18536 = SURFACE_SIDE_STYLE('',(#18537));
#18537 = SURFACE_STYLE_FILL_AREA(#18538);
#18538 = FILL_AREA_STYLE('',(#18539));
#18539 = FILL_AREA_STYLE_COLOUR('',#16472);
#18540 = OVER_RIDING_STYLED_ITEM('overriding color',(#18541),#2907,
  #17979);
#18541 = PRESENTATION_STYLE_ASSIGNMENT((#18542));
#18542 = SURFACE_STYLE_USAGE(.BOTH.,#18543);
#18543 = SURFACE_SIDE_STYLE('',(#18544));
#18544 = SURFACE_STYLE_FILL_AREA(#18545);
#18545 = FILL_AREA_STYLE('',(#18546));
#18546 = FILL_AREA_STYLE_COLOUR('',#16480);
#18547 = OVER_RIDING_STYLED_ITEM('overriding color',(#18548),#2924,
  #17979);
#18548 = PRESENTATION_STYLE_ASSIGNMENT((#18549));
#18549 = SURFACE_STYLE_USAGE(.BOTH.,#18550);
#18550 = SURFACE_SIDE_STYLE('',(#18551));
#18551 = SURFACE_STYLE_FILL_AREA(#18552);
#18552 = FILL_AREA_STYLE('',(#18553));
#18553 = FILL_AREA_STYLE_COLOUR('',#16480);
#18554 = OVER_RIDING_STYLED_ITEM('overriding color',(#18555),#2941,
  #17979);
#18555 = PRESENTATION_STYLE_ASSIGNMENT((#18556));
#18556 = SURFACE_STYLE_USAGE(.BOTH.,#18557);
#18557 = SURFACE_SIDE_STYLE('',(#18558));
#18558 = SURFACE_STYLE_FILL_AREA(#18559);
#18559 = FILL_AREA_STYLE('',(#18560));
#18560 = FILL_AREA_STYLE_COLOUR('',#16472);
#18561 = OVER_RIDING_STYLED_ITEM('overriding color',(#18562),#2953,
  #17979);
#18562 = PRESENTATION_STYLE_ASSIGNMENT((#18563));
#18563 = SURFACE_STYLE_USAGE(.BOTH.,#18564);
#18564 = SURFACE_SIDE_STYLE('',(#18565));
#18565 = SURFACE_STYLE_FILL_AREA(#18566);
#18566 = FILL_AREA_STYLE('',(#18567));
#18567 = FILL_AREA_STYLE_COLOUR('',#16480);
#18568 = OVER_RIDING_STYLED_ITEM('overriding color',(#18569),#2977,
  #17979);
#18569 = PRESENTATION_STYLE_ASSIGNMENT((#18570));
#18570 = SURFACE_STYLE_USAGE(.BOTH.,#18571);
#18571 = SURFACE_SIDE_STYLE('',(#18572));
#18572 = SURFACE_STYLE_FILL_AREA(#18573);
#18573 = FILL_AREA_STYLE('',(#18574));
#18574 = FILL_AREA_STYLE_COLOUR('',#16480);
#18575 = OVER_RIDING_STYLED_ITEM('overriding color',(#18576),#2994,
  #17979);
#18576 = PRESENTATION_STYLE_ASSIGNMENT((#18577));
#18577 = SURFACE_STYLE_USAGE(.BOTH.,#18578);
#18578 = SURFACE_SIDE_STYLE('',(#18579));
#18579 = SURFACE_STYLE_FILL_AREA(#18580);
#18580 = FILL_AREA_STYLE('',(#18581));
#18581 = FILL_AREA_STYLE_COLOUR('',#16480);
#18582 = OVER_RIDING_STYLED_ITEM('overriding color',(#18583),#3006,
  #17979);
#18583 = PRESENTATION_STYLE_ASSIGNMENT((#18584));
#18584 = SURFACE_STYLE_USAGE(.BOTH.,#18585);
#18585 = SURFACE_SIDE_STYLE('',(#18586));
#18586 = SURFACE_STYLE_FILL_AREA(#18587);
#18587 = FILL_AREA_STYLE('',(#18588));
#18588 = FILL_AREA_STYLE_COLOUR('',#16480);
#18589 = OVER_RIDING_STYLED_ITEM('overriding color',(#18590),#3018,
  #17979);
#18590 = PRESENTATION_STYLE_ASSIGNMENT((#18591));
#18591 = SURFACE_STYLE_USAGE(.BOTH.,#18592);
#18592 = SURFACE_SIDE_STYLE('',(#18593));
#18593 = SURFACE_STYLE_FILL_AREA(#18594);
#18594 = FILL_AREA_STYLE('',(#18595));
#18595 = FILL_AREA_STYLE_COLOUR('',#16480);
#18596 = OVER_RIDING_STYLED_ITEM('overriding color',(#18597),#3030,
  #17979);
#18597 = PRESENTATION_STYLE_ASSIGNMENT((#18598));
#18598 = SURFACE_STYLE_USAGE(.BOTH.,#18599);
#18599 = SURFACE_SIDE_STYLE('',(#18600));
#18600 = SURFACE_STYLE_FILL_AREA(#18601);
#18601 = FILL_AREA_STYLE('',(#18602));
#18602 = FILL_AREA_STYLE_COLOUR('',#16480);
#18603 = MECHANICAL_DESIGN_GEOMETRIC_PRESENTATION_REPRESENTATION('',(
    #18604,#18613,#18622,#18631,#18640,#18649,#18658,#18667,#18676,
    #18685,#18694,#18703,#18712,#18721,#18730,#18739,#18748,#18757,
    #18766,#18775,#18784,#18793,#18802,#18811,#18820,#18829,#18838,
    #18847,#18856,#18865,#18874,#18883,#18892,#18901,#18910,#18919,
    #18928,#18937,#18946,#18955,#18964,#18973,#18982,#18991,#19000,
    #19009,#19018,#19027,#19036,#19045,#19054,#19063,#19072,#19081,
    #19090,#19099,#19108,#19117,#19126,#19135,#19144,#19153,#19162,
    #19171,#19180,#19189,#19198,#19207),#11334);
#18604 = STYLED_ITEM('color',(#18605),#9453);
#18605 = PRESENTATION_STYLE_ASSIGNMENT((#18606,#18611));
#18606 = SURFACE_STYLE_USAGE(.BOTH.,#18607);
#18607 = SURFACE_SIDE_STYLE('',(#18608));
#18608 = SURFACE_STYLE_FILL_AREA(#18609);
#18609 = FILL_AREA_STYLE('',(#18610));
#18610 = FILL_AREA_STYLE_COLOUR('',#17584);
#18611 = CURVE_STYLE('',#18612,POSITIVE_LENGTH_MEASURE(0.1),#17584);
#18612 = DRAUGHTING_PRE_DEFINED_CURVE_FONT('continuous');
#18613 = STYLED_ITEM('color',(#18614),#9494);
#18614 = PRESENTATION_STYLE_ASSIGNMENT((#18615,#18620));
#18615 = SURFACE_STYLE_USAGE(.BOTH.,#18616);
#18616 = SURFACE_SIDE_STYLE('',(#18617));
#18617 = SURFACE_STYLE_FILL_AREA(#18618);
#18618 = FILL_AREA_STYLE('',(#18619));
#18619 = FILL_AREA_STYLE_COLOUR('',#17584);
#18620 = CURVE_STYLE('',#18621,POSITIVE_LENGTH_MEASURE(0.1),#17584);
#18621 = DRAUGHTING_PRE_DEFINED_CURVE_FONT('continuous');
#18622 = STYLED_ITEM('color',(#18623),#9524);
#18623 = PRESENTATION_STYLE_ASSIGNMENT((#18624,#18629));
#18624 = SURFACE_STYLE_USAGE(.BOTH.,#18625);
#18625 = SURFACE_SIDE_STYLE('',(#18626));
#18626 = SURFACE_STYLE_FILL_AREA(#18627);
#18627 = FILL_AREA_STYLE('',(#18628));
#18628 = FILL_AREA_STYLE_COLOUR('',#17584);
#18629 = CURVE_STYLE('',#18630,POSITIVE_LENGTH_MEASURE(0.1),#17584);
#18630 = DRAUGHTING_PRE_DEFINED_CURVE_FONT('continuous');
#18631 = STYLED_ITEM('color',(#18632),#9617);
#18632 = PRESENTATION_STYLE_ASSIGNMENT((#18633,#18638));
#18633 = SURFACE_STYLE_USAGE(.BOTH.,#18634);
#18634 = SURFACE_SIDE_STYLE('',(#18635));
#18635 = SURFACE_STYLE_FILL_AREA(#18636);
#18636 = FILL_AREA_STYLE('',(#18637));
#18637 = FILL_AREA_STYLE_COLOUR('',#16790);
#18638 = CURVE_STYLE('',#18639,POSITIVE_LENGTH_MEASURE(0.1),#16790);
#18639 = DRAUGHTING_PRE_DEFINED_CURVE_FONT('continuous');
#18640 = STYLED_ITEM('color',(#18641),#9656);
#18641 = PRESENTATION_STYLE_ASSIGNMENT((#18642,#18647));
#18642 = SURFACE_STYLE_USAGE(.BOTH.,#18643);
#18643 = SURFACE_SIDE_STYLE('',(#18644));
#18644 = SURFACE_STYLE_FILL_AREA(#18645);
#18645 = FILL_AREA_STYLE('',(#18646));
#18646 = FILL_AREA_STYLE_COLOUR('',#17584);
#18647 = CURVE_STYLE('',#18648,POSITIVE_LENGTH_MEASURE(0.1),#17584);
#18648 = DRAUGHTING_PRE_DEFINED_CURVE_FONT('continuous');
#18649 = STYLED_ITEM('color',(#18650),#9808);
#18650 = PRESENTATION_STYLE_ASSIGNMENT((#18651,#18656));
#18651 = SURFACE_STYLE_USAGE(.BOTH.,#18652);
#18652 = SURFACE_SIDE_STYLE('',(#18653));
#18653 = SURFACE_STYLE_FILL_AREA(#18654);
#18654 = FILL_AREA_STYLE('',(#18655));
#18655 = FILL_AREA_STYLE_COLOUR('',#17584);
#18656 = CURVE_STYLE('',#18657,POSITIVE_LENGTH_MEASURE(0.1),#17584);
#18657 = DRAUGHTING_PRE_DEFINED_CURVE_FONT('continuous');
#18658 = STYLED_ITEM('color',(#18659),#9831);
#18659 = PRESENTATION_STYLE_ASSIGNMENT((#18660,#18665));
#18660 = SURFACE_STYLE_USAGE(.BOTH.,#18661);
#18661 = SURFACE_SIDE_STYLE('',(#18662));
#18662 = SURFACE_STYLE_FILL_AREA(#18663);
#18663 = FILL_AREA_STYLE('',(#18664));
#18664 = FILL_AREA_STYLE_COLOUR('',#17584);
#18665 = CURVE_STYLE('',#18666,POSITIVE_LENGTH_MEASURE(0.1),#17584);
#18666 = DRAUGHTING_PRE_DEFINED_CURVE_FONT('continuous');
#18667 = STYLED_ITEM('color',(#18668),#9857);
#18668 = PRESENTATION_STYLE_ASSIGNMENT((#18669,#18674));
#18669 = SURFACE_STYLE_USAGE(.BOTH.,#18670);
#18670 = SURFACE_SIDE_STYLE('',(#18671));
#18671 = SURFACE_STYLE_FILL_AREA(#18672);
#18672 = FILL_AREA_STYLE('',(#18673));
#18673 = FILL_AREA_STYLE_COLOUR('',#16790);
#18674 = CURVE_STYLE('',#18675,POSITIVE_LENGTH_MEASURE(0.1),#16790);
#18675 = DRAUGHTING_PRE_DEFINED_CURVE_FONT('continuous');
#18676 = STYLED_ITEM('color',(#18677),#9881);
#18677 = PRESENTATION_STYLE_ASSIGNMENT((#18678,#18683));
#18678 = SURFACE_STYLE_USAGE(.BOTH.,#18679);
#18679 = SURFACE_SIDE_STYLE('',(#18680));
#18680 = SURFACE_STYLE_FILL_AREA(#18681);
#18681 = FILL_AREA_STYLE('',(#18682));
#18682 = FILL_AREA_STYLE_COLOUR('',#17584);
#18683 = CURVE_STYLE('',#18684,POSITIVE_LENGTH_MEASURE(0.1),#17584);
#18684 = DRAUGHTING_PRE_DEFINED_CURVE_FONT('continuous');
#18685 = STYLED_ITEM('color',(#18686),#9907);
#18686 = PRESENTATION_STYLE_ASSIGNMENT((#18687,#18692));
#18687 = SURFACE_STYLE_USAGE(.BOTH.,#18688);
#18688 = SURFACE_SIDE_STYLE('',(#18689));
#18689 = SURFACE_STYLE_FILL_AREA(#18690);
#18690 = FILL_AREA_STYLE('',(#18691));
#18691 = FILL_AREA_STYLE_COLOUR('',#16790);
#18692 = CURVE_STYLE('',#18693,POSITIVE_LENGTH_MEASURE(0.1),#16790);
#18693 = DRAUGHTING_PRE_DEFINED_CURVE_FONT('continuous');
#18694 = STYLED_ITEM('color',(#18695),#9938);
#18695 = PRESENTATION_STYLE_ASSIGNMENT((#18696,#18701));
#18696 = SURFACE_STYLE_USAGE(.BOTH.,#18697);
#18697 = SURFACE_SIDE_STYLE('',(#18698));
#18698 = SURFACE_STYLE_FILL_AREA(#18699);
#18699 = FILL_AREA_STYLE('',(#18700));
#18700 = FILL_AREA_STYLE_COLOUR('',#17584);
#18701 = CURVE_STYLE('',#18702,POSITIVE_LENGTH_MEASURE(0.1),#17584);
#18702 = DRAUGHTING_PRE_DEFINED_CURVE_FONT('continuous');
#18703 = STYLED_ITEM('color',(#18704),#9968);
#18704 = PRESENTATION_STYLE_ASSIGNMENT((#18705,#18710));
#18705 = SURFACE_STYLE_USAGE(.BOTH.,#18706);
#18706 = SURFACE_SIDE_STYLE('',(#18707));
#18707 = SURFACE_STYLE_FILL_AREA(#18708);
#18708 = FILL_AREA_STYLE('',(#18709));
#18709 = FILL_AREA_STYLE_COLOUR('',#16790);
#18710 = CURVE_STYLE('',#18711,POSITIVE_LENGTH_MEASURE(0.1),#16790);
#18711 = DRAUGHTING_PRE_DEFINED_CURVE_FONT('continuous');
#18712 = STYLED_ITEM('color',(#18713),#9999);
#18713 = PRESENTATION_STYLE_ASSIGNMENT((#18714,#18719));
#18714 = SURFACE_STYLE_USAGE(.BOTH.,#18715);
#18715 = SURFACE_SIDE_STYLE('',(#18716));
#18716 = SURFACE_STYLE_FILL_AREA(#18717);
#18717 = FILL_AREA_STYLE('',(#18718));
#18718 = FILL_AREA_STYLE_COLOUR('',#17584);
#18719 = CURVE_STYLE('',#18720,POSITIVE_LENGTH_MEASURE(0.1),#17584);
#18720 = DRAUGHTING_PRE_DEFINED_CURVE_FONT('continuous');
#18721 = STYLED_ITEM('color',(#18722),#10025);
#18722 = PRESENTATION_STYLE_ASSIGNMENT((#18723,#18728));
#18723 = SURFACE_STYLE_USAGE(.BOTH.,#18724);
#18724 = SURFACE_SIDE_STYLE('',(#18725));
#18725 = SURFACE_STYLE_FILL_AREA(#18726);
#18726 = FILL_AREA_STYLE('',(#18727));
#18727 = FILL_AREA_STYLE_COLOUR('',#16790);
#18728 = CURVE_STYLE('',#18729,POSITIVE_LENGTH_MEASURE(0.1),#16790);
#18729 = DRAUGHTING_PRE_DEFINED_CURVE_FONT('continuous');
#18730 = STYLED_ITEM('color',(#18731),#10056);
#18731 = PRESENTATION_STYLE_ASSIGNMENT((#18732,#18737));
#18732 = SURFACE_STYLE_USAGE(.BOTH.,#18733);
#18733 = SURFACE_SIDE_STYLE('',(#18734));
#18734 = SURFACE_STYLE_FILL_AREA(#18735);
#18735 = FILL_AREA_STYLE('',(#18736));
#18736 = FILL_AREA_STYLE_COLOUR('',#17584);
#18737 = CURVE_STYLE('',#18738,POSITIVE_LENGTH_MEASURE(0.1),#17584);
#18738 = DRAUGHTING_PRE_DEFINED_CURVE_FONT('continuous');
#18739 = STYLED_ITEM('color',(#18740),#10079);
#18740 = PRESENTATION_STYLE_ASSIGNMENT((#18741,#18746));
#18741 = SURFACE_STYLE_USAGE(.BOTH.,#18742);
#18742 = SURFACE_SIDE_STYLE('',(#18743));
#18743 = SURFACE_STYLE_FILL_AREA(#18744);
#18744 = FILL_AREA_STYLE('',(#18745));
#18745 = FILL_AREA_STYLE_COLOUR('',#17584);
#18746 = CURVE_STYLE('',#18747,POSITIVE_LENGTH_MEASURE(0.1),#17584);
#18747 = DRAUGHTING_PRE_DEFINED_CURVE_FONT('continuous');
#18748 = STYLED_ITEM('color',(#18749),#10109);
#18749 = PRESENTATION_STYLE_ASSIGNMENT((#18750,#18755));
#18750 = SURFACE_STYLE_USAGE(.BOTH.,#18751);
#18751 = SURFACE_SIDE_STYLE('',(#18752));
#18752 = SURFACE_STYLE_FILL_AREA(#18753);
#18753 = FILL_AREA_STYLE('',(#18754));
#18754 = FILL_AREA_STYLE_COLOUR('',#17584);
#18755 = CURVE_STYLE('',#18756,POSITIVE_LENGTH_MEASURE(0.1),#17584);
#18756 = DRAUGHTING_PRE_DEFINED_CURVE_FONT('continuous');
#18757 = STYLED_ITEM('color',(#18758),#10137);
#18758 = PRESENTATION_STYLE_ASSIGNMENT((#18759,#18764));
#18759 = SURFACE_STYLE_USAGE(.BOTH.,#18760);
#18760 = SURFACE_SIDE_STYLE('',(#18761));
#18761 = SURFACE_STYLE_FILL_AREA(#18762);
#18762 = FILL_AREA_STYLE('',(#18763));
#18763 = FILL_AREA_STYLE_COLOUR('',#16790);
#18764 = CURVE_STYLE('',#18765,POSITIVE_LENGTH_MEASURE(0.1),#16790);
#18765 = DRAUGHTING_PRE_DEFINED_CURVE_FONT('continuous');
#18766 = STYLED_ITEM('color',(#18767),#10161);
#18767 = PRESENTATION_STYLE_ASSIGNMENT((#18768,#18773));
#18768 = SURFACE_STYLE_USAGE(.BOTH.,#18769);
#18769 = SURFACE_SIDE_STYLE('',(#18770));
#18770 = SURFACE_STYLE_FILL_AREA(#18771);
#18771 = FILL_AREA_STYLE('',(#18772));
#18772 = FILL_AREA_STYLE_COLOUR('',#16790);
#18773 = CURVE_STYLE('',#18774,POSITIVE_LENGTH_MEASURE(0.1),#16790);
#18774 = DRAUGHTING_PRE_DEFINED_CURVE_FONT('continuous');
#18775 = STYLED_ITEM('color',(#18776),#10185);
#18776 = PRESENTATION_STYLE_ASSIGNMENT((#18777,#18782));
#18777 = SURFACE_STYLE_USAGE(.BOTH.,#18778);
#18778 = SURFACE_SIDE_STYLE('',(#18779));
#18779 = SURFACE_STYLE_FILL_AREA(#18780);
#18780 = FILL_AREA_STYLE('',(#18781));
#18781 = FILL_AREA_STYLE_COLOUR('',#16790);
#18782 = CURVE_STYLE('',#18783,POSITIVE_LENGTH_MEASURE(0.1),#16790);
#18783 = DRAUGHTING_PRE_DEFINED_CURVE_FONT('continuous');
#18784 = STYLED_ITEM('color',(#18785),#10202);
#18785 = PRESENTATION_STYLE_ASSIGNMENT((#18786,#18791));
#18786 = SURFACE_STYLE_USAGE(.BOTH.,#18787);
#18787 = SURFACE_SIDE_STYLE('',(#18788));
#18788 = SURFACE_STYLE_FILL_AREA(#18789);
#18789 = FILL_AREA_STYLE('',(#18790));
#18790 = FILL_AREA_STYLE_COLOUR('',#16790);
#18791 = CURVE_STYLE('',#18792,POSITIVE_LENGTH_MEASURE(0.1),#16790);
#18792 = DRAUGHTING_PRE_DEFINED_CURVE_FONT('continuous');
#18793 = STYLED_ITEM('color',(#18794),#10233);
#18794 = PRESENTATION_STYLE_ASSIGNMENT((#18795,#18800));
#18795 = SURFACE_STYLE_USAGE(.BOTH.,#18796);
#18796 = SURFACE_SIDE_STYLE('',(#18797));
#18797 = SURFACE_STYLE_FILL_AREA(#18798);
#18798 = FILL_AREA_STYLE('',(#18799));
#18799 = FILL_AREA_STYLE_COLOUR('',#16790);
#18800 = CURVE_STYLE('',#18801,POSITIVE_LENGTH_MEASURE(0.1),#16790);
#18801 = DRAUGHTING_PRE_DEFINED_CURVE_FONT('continuous');
#18802 = STYLED_ITEM('color',(#18803),#10264);
#18803 = PRESENTATION_STYLE_ASSIGNMENT((#18804,#18809));
#18804 = SURFACE_STYLE_USAGE(.BOTH.,#18805);
#18805 = SURFACE_SIDE_STYLE('',(#18806));
#18806 = SURFACE_STYLE_FILL_AREA(#18807);
#18807 = FILL_AREA_STYLE('',(#18808));
#18808 = FILL_AREA_STYLE_COLOUR('',#16790);
#18809 = CURVE_STYLE('',#18810,POSITIVE_LENGTH_MEASURE(0.1),#16790);
#18810 = DRAUGHTING_PRE_DEFINED_CURVE_FONT('continuous');
#18811 = STYLED_ITEM('color',(#18812),#10295);
#18812 = PRESENTATION_STYLE_ASSIGNMENT((#18813,#18818));
#18813 = SURFACE_STYLE_USAGE(.BOTH.,#18814);
#18814 = SURFACE_SIDE_STYLE('',(#18815));
#18815 = SURFACE_STYLE_FILL_AREA(#18816);
#18816 = FILL_AREA_STYLE('',(#18817));
#18817 = FILL_AREA_STYLE_COLOUR('',#17584);
#18818 = CURVE_STYLE('',#18819,POSITIVE_LENGTH_MEASURE(0.1),#17584);
#18819 = DRAUGHTING_PRE_DEFINED_CURVE_FONT('continuous');
#18820 = STYLED_ITEM('color',(#18821),#10311);
#18821 = PRESENTATION_STYLE_ASSIGNMENT((#18822,#18827));
#18822 = SURFACE_STYLE_USAGE(.BOTH.,#18823);
#18823 = SURFACE_SIDE_STYLE('',(#18824));
#18824 = SURFACE_STYLE_FILL_AREA(#18825);
#18825 = FILL_AREA_STYLE('',(#18826));
#18826 = FILL_AREA_STYLE_COLOUR('',#17584);
#18827 = CURVE_STYLE('',#18828,POSITIVE_LENGTH_MEASURE(0.1),#17584);
#18828 = DRAUGHTING_PRE_DEFINED_CURVE_FONT('continuous');
#18829 = STYLED_ITEM('color',(#18830),#10337);
#18830 = PRESENTATION_STYLE_ASSIGNMENT((#18831,#18836));
#18831 = SURFACE_STYLE_USAGE(.BOTH.,#18832);
#18832 = SURFACE_SIDE_STYLE('',(#18833));
#18833 = SURFACE_STYLE_FILL_AREA(#18834);
#18834 = FILL_AREA_STYLE('',(#18835));
#18835 = FILL_AREA_STYLE_COLOUR('',#16790);
#18836 = CURVE_STYLE('',#18837,POSITIVE_LENGTH_MEASURE(0.1),#16790);
#18837 = DRAUGHTING_PRE_DEFINED_CURVE_FONT('continuous');
#18838 = STYLED_ITEM('color',(#18839),#10368);
#18839 = PRESENTATION_STYLE_ASSIGNMENT((#18840,#18845));
#18840 = SURFACE_STYLE_USAGE(.BOTH.,#18841);
#18841 = SURFACE_SIDE_STYLE('',(#18842));
#18842 = SURFACE_STYLE_FILL_AREA(#18843);
#18843 = FILL_AREA_STYLE('',(#18844));
#18844 = FILL_AREA_STYLE_COLOUR('',#17584);
#18845 = CURVE_STYLE('',#18846,POSITIVE_LENGTH_MEASURE(0.1),#17584);
#18846 = DRAUGHTING_PRE_DEFINED_CURVE_FONT('continuous');
#18847 = STYLED_ITEM('color',(#18848),#10403);
#18848 = PRESENTATION_STYLE_ASSIGNMENT((#18849,#18854));
#18849 = SURFACE_STYLE_USAGE(.BOTH.,#18850);
#18850 = SURFACE_SIDE_STYLE('',(#18851));
#18851 = SURFACE_STYLE_FILL_AREA(#18852);
#18852 = FILL_AREA_STYLE('',(#18853));
#18853 = FILL_AREA_STYLE_COLOUR('',#16790);
#18854 = CURVE_STYLE('',#18855,POSITIVE_LENGTH_MEASURE(0.1),#16790);
#18855 = DRAUGHTING_PRE_DEFINED_CURVE_FONT('continuous');
#18856 = STYLED_ITEM('color',(#18857),#10434);
#18857 = PRESENTATION_STYLE_ASSIGNMENT((#18858,#18863));
#18858 = SURFACE_STYLE_USAGE(.BOTH.,#18859);
#18859 = SURFACE_SIDE_STYLE('',(#18860));
#18860 = SURFACE_STYLE_FILL_AREA(#18861);
#18861 = FILL_AREA_STYLE('',(#18862));
#18862 = FILL_AREA_STYLE_COLOUR('',#17584);
#18863 = CURVE_STYLE('',#18864,POSITIVE_LENGTH_MEASURE(0.1),#17584);
#18864 = DRAUGHTING_PRE_DEFINED_CURVE_FONT('continuous');
#18865 = STYLED_ITEM('color',(#18866),#10473);
#18866 = PRESENTATION_STYLE_ASSIGNMENT((#18867,#18872));
#18867 = SURFACE_STYLE_USAGE(.BOTH.,#18868);
#18868 = SURFACE_SIDE_STYLE('',(#18869));
#18869 = SURFACE_STYLE_FILL_AREA(#18870);
#18870 = FILL_AREA_STYLE('',(#18871));
#18871 = FILL_AREA_STYLE_COLOUR('',#16790);
#18872 = CURVE_STYLE('',#18873,POSITIVE_LENGTH_MEASURE(0.1),#16790);
#18873 = DRAUGHTING_PRE_DEFINED_CURVE_FONT('continuous');
#18874 = STYLED_ITEM('color',(#18875),#10504);
#18875 = PRESENTATION_STYLE_ASSIGNMENT((#18876,#18881));
#18876 = SURFACE_STYLE_USAGE(.BOTH.,#18877);
#18877 = SURFACE_SIDE_STYLE('',(#18878));
#18878 = SURFACE_STYLE_FILL_AREA(#18879);
#18879 = FILL_AREA_STYLE('',(#18880));
#18880 = FILL_AREA_STYLE_COLOUR('',#17584);
#18881 = CURVE_STYLE('',#18882,POSITIVE_LENGTH_MEASURE(0.1),#17584);
#18882 = DRAUGHTING_PRE_DEFINED_CURVE_FONT('continuous');
#18883 = STYLED_ITEM('color',(#18884),#10539);
#18884 = PRESENTATION_STYLE_ASSIGNMENT((#18885,#18890));
#18885 = SURFACE_STYLE_USAGE(.BOTH.,#18886);
#18886 = SURFACE_SIDE_STYLE('',(#18887));
#18887 = SURFACE_STYLE_FILL_AREA(#18888);
#18888 = FILL_AREA_STYLE('',(#18889));
#18889 = FILL_AREA_STYLE_COLOUR('',#16790);
#18890 = CURVE_STYLE('',#18891,POSITIVE_LENGTH_MEASURE(0.1),#16790);
#18891 = DRAUGHTING_PRE_DEFINED_CURVE_FONT('continuous');
#18892 = STYLED_ITEM('color',(#18893),#10570);
#18893 = PRESENTATION_STYLE_ASSIGNMENT((#18894,#18899));
#18894 = SURFACE_STYLE_USAGE(.BOTH.,#18895);
#18895 = SURFACE_SIDE_STYLE('',(#18896));
#18896 = SURFACE_STYLE_FILL_AREA(#18897);
#18897 = FILL_AREA_STYLE('',(#18898));
#18898 = FILL_AREA_STYLE_COLOUR('',#17584);
#18899 = CURVE_STYLE('',#18900,POSITIVE_LENGTH_MEASURE(0.1),#17584);
#18900 = DRAUGHTING_PRE_DEFINED_CURVE_FONT('continuous');
#18901 = STYLED_ITEM('color',(#18902),#10610);
#18902 = PRESENTATION_STYLE_ASSIGNMENT((#18903,#18908));
#18903 = SURFACE_STYLE_USAGE(.BOTH.,#18904);
#18904 = SURFACE_SIDE_STYLE('',(#18905));
#18905 = SURFACE_STYLE_FILL_AREA(#18906);
#18906 = FILL_AREA_STYLE('',(#18907));
#18907 = FILL_AREA_STYLE_COLOUR('',#16790);
#18908 = CURVE_STYLE('',#18909,POSITIVE_LENGTH_MEASURE(0.1),#16790);
#18909 = DRAUGHTING_PRE_DEFINED_CURVE_FONT('continuous');
#18910 = STYLED_ITEM('color',(#18911),#10642);
#18911 = PRESENTATION_STYLE_ASSIGNMENT((#18912,#18917));
#18912 = SURFACE_STYLE_USAGE(.BOTH.,#18913);
#18913 = SURFACE_SIDE_STYLE('',(#18914));
#18914 = SURFACE_STYLE_FILL_AREA(#18915);
#18915 = FILL_AREA_STYLE('',(#18916));
#18916 = FILL_AREA_STYLE_COLOUR('',#16790);
#18917 = CURVE_STYLE('',#18918,POSITIVE_LENGTH_MEASURE(0.1),#16790);
#18918 = DRAUGHTING_PRE_DEFINED_CURVE_FONT('continuous');
#18919 = STYLED_ITEM('color',(#18920),#10655);
#18920 = PRESENTATION_STYLE_ASSIGNMENT((#18921,#18926));
#18921 = SURFACE_STYLE_USAGE(.BOTH.,#18922);
#18922 = SURFACE_SIDE_STYLE('',(#18923));
#18923 = SURFACE_STYLE_FILL_AREA(#18924);
#18924 = FILL_AREA_STYLE('',(#18925));
#18925 = FILL_AREA_STYLE_COLOUR('',#16790);
#18926 = CURVE_STYLE('',#18927,POSITIVE_LENGTH_MEASURE(0.1),#16790);
#18927 = DRAUGHTING_PRE_DEFINED_CURVE_FONT('continuous');
#18928 = STYLED_ITEM('color',(#18929),#10680);
#18929 = PRESENTATION_STYLE_ASSIGNMENT((#18930,#18935));
#18930 = SURFACE_STYLE_USAGE(.BOTH.,#18931);
#18931 = SURFACE_SIDE_STYLE('',(#18932));
#18932 = SURFACE_STYLE_FILL_AREA(#18933);
#18933 = FILL_AREA_STYLE('',(#18934));
#18934 = FILL_AREA_STYLE_COLOUR('',#16790);
#18935 = CURVE_STYLE('',#18936,POSITIVE_LENGTH_MEASURE(0.1),#16790);
#18936 = DRAUGHTING_PRE_DEFINED_CURVE_FONT('continuous');
#18937 = STYLED_ITEM('color',(#18938),#10705);
#18938 = PRESENTATION_STYLE_ASSIGNMENT((#18939,#18944));
#18939 = SURFACE_STYLE_USAGE(.BOTH.,#18940);
#18940 = SURFACE_SIDE_STYLE('',(#18941));
#18941 = SURFACE_STYLE_FILL_AREA(#18942);
#18942 = FILL_AREA_STYLE('',(#18943));
#18943 = FILL_AREA_STYLE_COLOUR('',#16790);
#18944 = CURVE_STYLE('',#18945,POSITIVE_LENGTH_MEASURE(0.1),#16790);
#18945 = DRAUGHTING_PRE_DEFINED_CURVE_FONT('continuous');
#18946 = STYLED_ITEM('color',(#18947),#10722);
#18947 = PRESENTATION_STYLE_ASSIGNMENT((#18948,#18953));
#18948 = SURFACE_STYLE_USAGE(.BOTH.,#18949);
#18949 = SURFACE_SIDE_STYLE('',(#18950));
#18950 = SURFACE_STYLE_FILL_AREA(#18951);
#18951 = FILL_AREA_STYLE('',(#18952));
#18952 = FILL_AREA_STYLE_COLOUR('',#16790);
#18953 = CURVE_STYLE('',#18954,POSITIVE_LENGTH_MEASURE(0.1),#16790);
#18954 = DRAUGHTING_PRE_DEFINED_CURVE_FONT('continuous');
#18955 = STYLED_ITEM('color',(#18956),#10747);
#18956 = PRESENTATION_STYLE_ASSIGNMENT((#18957,#18962));
#18957 = SURFACE_STYLE_USAGE(.BOTH.,#18958);
#18958 = SURFACE_SIDE_STYLE('',(#18959));
#18959 = SURFACE_STYLE_FILL_AREA(#18960);
#18960 = FILL_AREA_STYLE('',(#18961));
#18961 = FILL_AREA_STYLE_COLOUR('',#16790);
#18962 = CURVE_STYLE('',#18963,POSITIVE_LENGTH_MEASURE(0.1),#16790);
#18963 = DRAUGHTING_PRE_DEFINED_CURVE_FONT('continuous');
#18964 = STYLED_ITEM('color',(#18965),#10772);
#18965 = PRESENTATION_STYLE_ASSIGNMENT((#18966,#18971));
#18966 = SURFACE_STYLE_USAGE(.BOTH.,#18967);
#18967 = SURFACE_SIDE_STYLE('',(#18968));
#18968 = SURFACE_STYLE_FILL_AREA(#18969);
#18969 = FILL_AREA_STYLE('',(#18970));
#18970 = FILL_AREA_STYLE_COLOUR('',#16790);
#18971 = CURVE_STYLE('',#18972,POSITIVE_LENGTH_MEASURE(0.1),#16790);
#18972 = DRAUGHTING_PRE_DEFINED_CURVE_FONT('continuous');
#18973 = STYLED_ITEM('color',(#18974),#10789);
#18974 = PRESENTATION_STYLE_ASSIGNMENT((#18975,#18980));
#18975 = SURFACE_STYLE_USAGE(.BOTH.,#18976);
#18976 = SURFACE_SIDE_STYLE('',(#18977));
#18977 = SURFACE_STYLE_FILL_AREA(#18978);
#18978 = FILL_AREA_STYLE('',(#18979));
#18979 = FILL_AREA_STYLE_COLOUR('',#16790);
#18980 = CURVE_STYLE('',#18981,POSITIVE_LENGTH_MEASURE(0.1),#16790);
#18981 = DRAUGHTING_PRE_DEFINED_CURVE_FONT('continuous');
#18982 = STYLED_ITEM('color',(#18983),#10814);
#18983 = PRESENTATION_STYLE_ASSIGNMENT((#18984,#18989));
#18984 = SURFACE_STYLE_USAGE(.BOTH.,#18985);
#18985 = SURFACE_SIDE_STYLE('',(#18986));
#18986 = SURFACE_STYLE_FILL_AREA(#18987);
#18987 = FILL_AREA_STYLE('',(#18988));
#18988 = FILL_AREA_STYLE_COLOUR('',#16790);
#18989 = CURVE_STYLE('',#18990,POSITIVE_LENGTH_MEASURE(0.1),#16790);
#18990 = DRAUGHTING_PRE_DEFINED_CURVE_FONT('continuous');
#18991 = STYLED_ITEM('color',(#18992),#10839);
#18992 = PRESENTATION_STYLE_ASSIGNMENT((#18993,#18998));
#18993 = SURFACE_STYLE_USAGE(.BOTH.,#18994);
#18994 = SURFACE_SIDE_STYLE('',(#18995));
#18995 = SURFACE_STYLE_FILL_AREA(#18996);
#18996 = FILL_AREA_STYLE('',(#18997));
#18997 = FILL_AREA_STYLE_COLOUR('',#16790);
#18998 = CURVE_STYLE('',#18999,POSITIVE_LENGTH_MEASURE(0.1),#16790);
#18999 = DRAUGHTING_PRE_DEFINED_CURVE_FONT('continuous');
#19000 = STYLED_ITEM('color',(#19001),#10856);
#19001 = PRESENTATION_STYLE_ASSIGNMENT((#19002,#19007));
#19002 = SURFACE_STYLE_USAGE(.BOTH.,#19003);
#19003 = SURFACE_SIDE_STYLE('',(#19004));
#19004 = SURFACE_STYLE_FILL_AREA(#19005);
#19005 = FILL_AREA_STYLE('',(#19006));
#19006 = FILL_AREA_STYLE_COLOUR('',#17970);
#19007 = CURVE_STYLE('',#19008,POSITIVE_LENGTH_MEASURE(0.1),#17970);
#19008 = DRAUGHTING_PRE_DEFINED_CURVE_FONT('continuous');
#19009 = STYLED_ITEM('color',(#19010),#10881);
#19010 = PRESENTATION_STYLE_ASSIGNMENT((#19011,#19016));
#19011 = SURFACE_STYLE_USAGE(.BOTH.,#19012);
#19012 = SURFACE_SIDE_STYLE('',(#19013));
#19013 = SURFACE_STYLE_FILL_AREA(#19014);
#19014 = FILL_AREA_STYLE('',(#19015));
#19015 = FILL_AREA_STYLE_COLOUR('',#16790);
#19016 = CURVE_STYLE('',#19017,POSITIVE_LENGTH_MEASURE(0.1),#16790);
#19017 = DRAUGHTING_PRE_DEFINED_CURVE_FONT('continuous');
#19018 = STYLED_ITEM('color',(#19019),#10893);
#19019 = PRESENTATION_STYLE_ASSIGNMENT((#19020,#19025));
#19020 = SURFACE_STYLE_USAGE(.BOTH.,#19021);
#19021 = SURFACE_SIDE_STYLE('',(#19022));
#19022 = SURFACE_STYLE_FILL_AREA(#19023);
#19023 = FILL_AREA_STYLE('',(#19024));
#19024 = FILL_AREA_STYLE_COLOUR('',#16790);
#19025 = CURVE_STYLE('',#19026,POSITIVE_LENGTH_MEASURE(0.1),#16790);
#19026 = DRAUGHTING_PRE_DEFINED_CURVE_FONT('continuous');
#19027 = STYLED_ITEM('color',(#19028),#10905);
#19028 = PRESENTATION_STYLE_ASSIGNMENT((#19029,#19034));
#19029 = SURFACE_STYLE_USAGE(.BOTH.,#19030);
#19030 = SURFACE_SIDE_STYLE('',(#19031));
#19031 = SURFACE_STYLE_FILL_AREA(#19032);
#19032 = FILL_AREA_STYLE('',(#19033));
#19033 = FILL_AREA_STYLE_COLOUR('',#16790);
#19034 = CURVE_STYLE('',#19035,POSITIVE_LENGTH_MEASURE(0.1),#16790);
#19035 = DRAUGHTING_PRE_DEFINED_CURVE_FONT('continuous');
#19036 = STYLED_ITEM('color',(#19037),#10917);
#19037 = PRESENTATION_STYLE_ASSIGNMENT((#19038,#19043));
#19038 = SURFACE_STYLE_USAGE(.BOTH.,#19039);
#19039 = SURFACE_SIDE_STYLE('',(#19040));
#19040 = SURFACE_STYLE_FILL_AREA(#19041);
#19041 = FILL_AREA_STYLE('',(#19042));
#19042 = FILL_AREA_STYLE_COLOUR('',#16790);
#19043 = CURVE_STYLE('',#19044,POSITIVE_LENGTH_MEASURE(0.1),#16790);
#19044 = DRAUGHTING_PRE_DEFINED_CURVE_FONT('continuous');
#19045 = STYLED_ITEM('color',(#19046),#10949);
#19046 = PRESENTATION_STYLE_ASSIGNMENT((#19047,#19052));
#19047 = SURFACE_STYLE_USAGE(.BOTH.,#19048);
#19048 = SURFACE_SIDE_STYLE('',(#19049));
#19049 = SURFACE_STYLE_FILL_AREA(#19050);
#19050 = FILL_AREA_STYLE('',(#19051));
#19051 = FILL_AREA_STYLE_COLOUR('',#16790);
#19052 = CURVE_STYLE('',#19053,POSITIVE_LENGTH_MEASURE(0.1),#16790);
#19053 = DRAUGHTING_PRE_DEFINED_CURVE_FONT('continuous');
#19054 = STYLED_ITEM('color',(#19055),#10981);
#19055 = PRESENTATION_STYLE_ASSIGNMENT((#19056,#19061));
#19056 = SURFACE_STYLE_USAGE(.BOTH.,#19057);
#19057 = SURFACE_SIDE_STYLE('',(#19058));
#19058 = SURFACE_STYLE_FILL_AREA(#19059);
#19059 = FILL_AREA_STYLE('',(#19060));
#19060 = FILL_AREA_STYLE_COLOUR('',#16790);
#19061 = CURVE_STYLE('',#19062,POSITIVE_LENGTH_MEASURE(0.1),#16790);
#19062 = DRAUGHTING_PRE_DEFINED_CURVE_FONT('continuous');
#19063 = STYLED_ITEM('color',(#19064),#10998);
#19064 = PRESENTATION_STYLE_ASSIGNMENT((#19065,#19070));
#19065 = SURFACE_STYLE_USAGE(.BOTH.,#19066);
#19066 = SURFACE_SIDE_STYLE('',(#19067));
#19067 = SURFACE_STYLE_FILL_AREA(#19068);
#19068 = FILL_AREA_STYLE('',(#19069));
#19069 = FILL_AREA_STYLE_COLOUR('',#16790);
#19070 = CURVE_STYLE('',#19071,POSITIVE_LENGTH_MEASURE(0.1),#16790);
#19071 = DRAUGHTING_PRE_DEFINED_CURVE_FONT('continuous');
#19072 = STYLED_ITEM('color',(#19073),#11030);
#19073 = PRESENTATION_STYLE_ASSIGNMENT((#19074,#19079));
#19074 = SURFACE_STYLE_USAGE(.BOTH.,#19075);
#19075 = SURFACE_SIDE_STYLE('',(#19076));
#19076 = SURFACE_STYLE_FILL_AREA(#19077);
#19077 = FILL_AREA_STYLE('',(#19078));
#19078 = FILL_AREA_STYLE_COLOUR('',#16790);
#19079 = CURVE_STYLE('',#19080,POSITIVE_LENGTH_MEASURE(0.1),#16790);
#19080 = DRAUGHTING_PRE_DEFINED_CURVE_FONT('continuous');
#19081 = STYLED_ITEM('color',(#19082),#11062);
#19082 = PRESENTATION_STYLE_ASSIGNMENT((#19083,#19088));
#19083 = SURFACE_STYLE_USAGE(.BOTH.,#19084);
#19084 = SURFACE_SIDE_STYLE('',(#19085));
#19085 = SURFACE_STYLE_FILL_AREA(#19086);
#19086 = FILL_AREA_STYLE('',(#19087));
#19087 = FILL_AREA_STYLE_COLOUR('',#16790);
#19088 = CURVE_STYLE('',#19089,POSITIVE_LENGTH_MEASURE(0.1),#16790);
#19089 = DRAUGHTING_PRE_DEFINED_CURVE_FONT('continuous');
#19090 = STYLED_ITEM('color',(#19091),#11079);
#19091 = PRESENTATION_STYLE_ASSIGNMENT((#19092,#19097));
#19092 = SURFACE_STYLE_USAGE(.BOTH.,#19093);
#19093 = SURFACE_SIDE_STYLE('',(#19094));
#19094 = SURFACE_STYLE_FILL_AREA(#19095);
#19095 = FILL_AREA_STYLE('',(#19096));
#19096 = FILL_AREA_STYLE_COLOUR('',#16790);
#19097 = CURVE_STYLE('',#19098,POSITIVE_LENGTH_MEASURE(0.1),#16790);
#19098 = DRAUGHTING_PRE_DEFINED_CURVE_FONT('continuous');
#19099 = STYLED_ITEM('color',(#19100),#11111);
#19100 = PRESENTATION_STYLE_ASSIGNMENT((#19101,#19106));
#19101 = SURFACE_STYLE_USAGE(.BOTH.,#19102);
#19102 = SURFACE_SIDE_STYLE('',(#19103));
#19103 = SURFACE_STYLE_FILL_AREA(#19104);
#19104 = FILL_AREA_STYLE('',(#19105));
#19105 = FILL_AREA_STYLE_COLOUR('',#16790);
#19106 = CURVE_STYLE('',#19107,POSITIVE_LENGTH_MEASURE(0.1),#16790);
#19107 = DRAUGHTING_PRE_DEFINED_CURVE_FONT('continuous');
#19108 = STYLED_ITEM('color',(#19109),#11143);
#19109 = PRESENTATION_STYLE_ASSIGNMENT((#19110,#19115));
#19110 = SURFACE_STYLE_USAGE(.BOTH.,#19111);
#19111 = SURFACE_SIDE_STYLE('',(#19112));
#19112 = SURFACE_STYLE_FILL_AREA(#19113);
#19113 = FILL_AREA_STYLE('',(#19114));
#19114 = FILL_AREA_STYLE_COLOUR('',#16790);
#19115 = CURVE_STYLE('',#19116,POSITIVE_LENGTH_MEASURE(0.1),#16790);
#19116 = DRAUGHTING_PRE_DEFINED_CURVE_FONT('continuous');
#19117 = STYLED_ITEM('color',(#19118),#11160);
#19118 = PRESENTATION_STYLE_ASSIGNMENT((#19119,#19124));
#19119 = SURFACE_STYLE_USAGE(.BOTH.,#19120);
#19120 = SURFACE_SIDE_STYLE('',(#19121));
#19121 = SURFACE_STYLE_FILL_AREA(#19122);
#19122 = FILL_AREA_STYLE('',(#19123));
#19123 = FILL_AREA_STYLE_COLOUR('',#16790);
#19124 = CURVE_STYLE('',#19125,POSITIVE_LENGTH_MEASURE(0.1),#16790);
#19125 = DRAUGHTING_PRE_DEFINED_CURVE_FONT('continuous');
#19126 = STYLED_ITEM('color',(#19127),#11192);
#19127 = PRESENTATION_STYLE_ASSIGNMENT((#19128,#19133));
#19128 = SURFACE_STYLE_USAGE(.BOTH.,#19129);
#19129 = SURFACE_SIDE_STYLE('',(#19130));
#19130 = SURFACE_STYLE_FILL_AREA(#19131);
#19131 = FILL_AREA_STYLE('',(#19132));
#19132 = FILL_AREA_STYLE_COLOUR('',#16790);
#19133 = CURVE_STYLE('',#19134,POSITIVE_LENGTH_MEASURE(0.1),#16790);
#19134 = DRAUGHTING_PRE_DEFINED_CURVE_FONT('continuous');
#19135 = STYLED_ITEM('color',(#19136),#11209);
#19136 = PRESENTATION_STYLE_ASSIGNMENT((#19137,#19142));
#19137 = SURFACE_STYLE_USAGE(.BOTH.,#19138);
#19138 = SURFACE_SIDE_STYLE('',(#19139));
#19139 = SURFACE_STYLE_FILL_AREA(#19140);
#19140 = FILL_AREA_STYLE('',(#19141));
#19141 = FILL_AREA_STYLE_COLOUR('',#16790);
#19142 = CURVE_STYLE('',#19143,POSITIVE_LENGTH_MEASURE(0.1),#16790);
#19143 = DRAUGHTING_PRE_DEFINED_CURVE_FONT('continuous');
#19144 = STYLED_ITEM('color',(#19145),#11226);
#19145 = PRESENTATION_STYLE_ASSIGNMENT((#19146,#19151));
#19146 = SURFACE_STYLE_USAGE(.BOTH.,#19147);
#19147 = SURFACE_SIDE_STYLE('',(#19148));
#19148 = SURFACE_STYLE_FILL_AREA(#19149);
#19149 = FILL_AREA_STYLE('',(#19150));
#19150 = FILL_AREA_STYLE_COLOUR('',#16790);
#19151 = CURVE_STYLE('',#19152,POSITIVE_LENGTH_MEASURE(0.1),#16790);
#19152 = DRAUGHTING_PRE_DEFINED_CURVE_FONT('continuous');
#19153 = STYLED_ITEM('color',(#19154),#11243);
#19154 = PRESENTATION_STYLE_ASSIGNMENT((#19155,#19160));
#19155 = SURFACE_STYLE_USAGE(.BOTH.,#19156);
#19156 = SURFACE_SIDE_STYLE('',(#19157));
#19157 = SURFACE_STYLE_FILL_AREA(#19158);
#19158 = FILL_AREA_STYLE('',(#19159));
#19159 = FILL_AREA_STYLE_COLOUR('',#16790);
#19160 = CURVE_STYLE('',#19161,POSITIVE_LENGTH_MEASURE(0.1),#16790);
#19161 = DRAUGHTING_PRE_DEFINED_CURVE_FONT('continuous');
#19162 = STYLED_ITEM('color',(#19163),#11260);
#19163 = PRESENTATION_STYLE_ASSIGNMENT((#19164,#19169));
#19164 = SURFACE_STYLE_USAGE(.BOTH.,#19165);
#19165 = SURFACE_SIDE_STYLE('',(#19166));
#19166 = SURFACE_STYLE_FILL_AREA(#19167);
#19167 = FILL_AREA_STYLE('',(#19168));
#19168 = FILL_AREA_STYLE_COLOUR('',#16790);
#19169 = CURVE_STYLE('',#19170,POSITIVE_LENGTH_MEASURE(0.1),#16790);
#19170 = DRAUGHTING_PRE_DEFINED_CURVE_FONT('continuous');
#19171 = STYLED_ITEM('color',(#19172),#11277);
#19172 = PRESENTATION_STYLE_ASSIGNMENT((#19173,#19178));
#19173 = SURFACE_STYLE_USAGE(.BOTH.,#19174);
#19174 = SURFACE_SIDE_STYLE('',(#19175));
#19175 = SURFACE_STYLE_FILL_AREA(#19176);
#19176 = FILL_AREA_STYLE('',(#19177));
#19177 = FILL_AREA_STYLE_COLOUR('',#16790);
#19178 = CURVE_STYLE('',#19179,POSITIVE_LENGTH_MEASURE(0.1),#16790);
#19179 = DRAUGHTING_PRE_DEFINED_CURVE_FONT('continuous');
#19180 = STYLED_ITEM('color',(#19181),#11289);
#19181 = PRESENTATION_STYLE_ASSIGNMENT((#19182,#19187));
#19182 = SURFACE_STYLE_USAGE(.BOTH.,#19183);
#19183 = SURFACE_SIDE_STYLE('',(#19184));
#19184 = SURFACE_STYLE_FILL_AREA(#19185);
#19185 = FILL_AREA_STYLE('',(#19186));
#19186 = FILL_AREA_STYLE_COLOUR('',#17970);
#19187 = CURVE_STYLE('',#19188,POSITIVE_LENGTH_MEASURE(0.1),#17970);
#19188 = DRAUGHTING_PRE_DEFINED_CURVE_FONT('continuous');
#19189 = STYLED_ITEM('color',(#19190),#11298);
#19190 = PRESENTATION_STYLE_ASSIGNMENT((#19191,#19196));
#19191 = SURFACE_STYLE_USAGE(.BOTH.,#19192);
#19192 = SURFACE_SIDE_STYLE('',(#19193));
#19193 = SURFACE_STYLE_FILL_AREA(#19194);
#19194 = FILL_AREA_STYLE('',(#19195));
#19195 = FILL_AREA_STYLE_COLOUR('',#16790);
#19196 = CURVE_STYLE('',#19197,POSITIVE_LENGTH_MEASURE(0.1),#16790);
#19197 = DRAUGHTING_PRE_DEFINED_CURVE_FONT('continuous');
#19198 = STYLED_ITEM('color',(#19199),#11310);
#19199 = PRESENTATION_STYLE_ASSIGNMENT((#19200,#19205));
#19200 = SURFACE_STYLE_USAGE(.BOTH.,#19201);
#19201 = SURFACE_SIDE_STYLE('',(#19202));
#19202 = SURFACE_STYLE_FILL_AREA(#19203);
#19203 = FILL_AREA_STYLE('',(#19204));
#19204 = FILL_AREA_STYLE_COLOUR('',#16790);
#19205 = CURVE_STYLE('',#19206,POSITIVE_LENGTH_MEASURE(0.1),#16790);
#19206 = DRAUGHTING_PRE_DEFINED_CURVE_FONT('continuous');
#19207 = STYLED_ITEM('color',(#19208),#11322);
#19208 = PRESENTATION_STYLE_ASSIGNMENT((#19209,#19214));
#19209 = SURFACE_STYLE_USAGE(.BOTH.,#19210);
#19210 = SURFACE_SIDE_STYLE('',(#19211));
#19211 = SURFACE_STYLE_FILL_AREA(#19212);
#19212 = FILL_AREA_STYLE('',(#19213));
#19213 = FILL_AREA_STYLE_COLOUR('',#16790);
#19214 = CURVE_STYLE('',#19215,POSITIVE_LENGTH_MEASURE(0.1),#16790);
#19215 = DRAUGHTING_PRE_DEFINED_CURVE_FONT('continuous');
#19216 = MECHANICAL_DESIGN_GEOMETRIC_PRESENTATION_REPRESENTATION('',(
    #19217,#19224,#19231,#19238,#19245,#19252,#19259,#19266,#19273,
    #19280,#19287,#19294,#19301,#19308,#19316,#19323,#19330,#19337,
    #19344,#19351,#19358,#19365,#19372,#19379,#19386,#19393),#7779);
#19217 = STYLED_ITEM('color',(#19218),#6991);
#19218 = PRESENTATION_STYLE_ASSIGNMENT((#19219));
#19219 = SURFACE_STYLE_USAGE(.BOTH.,#19220);
#19220 = SURFACE_SIDE_STYLE('',(#19221));
#19221 = SURFACE_STYLE_FILL_AREA(#19222);
#19222 = FILL_AREA_STYLE('',(#19223));
#19223 = FILL_AREA_STYLE_COLOUR('',#16790);
#19224 = STYLED_ITEM('color',(#19225),#7031);
#19225 = PRESENTATION_STYLE_ASSIGNMENT((#19226));
#19226 = SURFACE_STYLE_USAGE(.BOTH.,#19227);
#19227 = SURFACE_SIDE_STYLE('',(#19228));
#19228 = SURFACE_STYLE_FILL_AREA(#19229);
#19229 = FILL_AREA_STYLE('',(#19230));
#19230 = FILL_AREA_STYLE_COLOUR('',#16790);
#19231 = STYLED_ITEM('color',(#19232),#7114);
#19232 = PRESENTATION_STYLE_ASSIGNMENT((#19233));
#19233 = SURFACE_STYLE_USAGE(.BOTH.,#19234);
#19234 = SURFACE_SIDE_STYLE('',(#19235));
#19235 = SURFACE_STYLE_FILL_AREA(#19236);
#19236 = FILL_AREA_STYLE('',(#19237));
#19237 = FILL_AREA_STYLE_COLOUR('',#16790);
#19238 = STYLED_ITEM('color',(#19239),#7139);
#19239 = PRESENTATION_STYLE_ASSIGNMENT((#19240));
#19240 = SURFACE_STYLE_USAGE(.BOTH.,#19241);
#19241 = SURFACE_SIDE_STYLE('',(#19242));
#19242 = SURFACE_STYLE_FILL_AREA(#19243);
#19243 = FILL_AREA_STYLE('',(#19244));
#19244 = FILL_AREA_STYLE_COLOUR('',#16790);
#19245 = STYLED_ITEM('color',(#19246),#7164);
#19246 = PRESENTATION_STYLE_ASSIGNMENT((#19247));
#19247 = SURFACE_STYLE_USAGE(.BOTH.,#19248);
#19248 = SURFACE_SIDE_STYLE('',(#19249));
#19249 = SURFACE_STYLE_FILL_AREA(#19250);
#19250 = FILL_AREA_STYLE('',(#19251));
#19251 = FILL_AREA_STYLE_COLOUR('',#16790);
#19252 = STYLED_ITEM('color',(#19253),#7231);
#19253 = PRESENTATION_STYLE_ASSIGNMENT((#19254));
#19254 = SURFACE_STYLE_USAGE(.BOTH.,#19255);
#19255 = SURFACE_SIDE_STYLE('',(#19256));
#19256 = SURFACE_STYLE_FILL_AREA(#19257);
#19257 = FILL_AREA_STYLE('',(#19258));
#19258 = FILL_AREA_STYLE_COLOUR('',#16790);
#19259 = STYLED_ITEM('color',(#19260),#7248);
#19260 = PRESENTATION_STYLE_ASSIGNMENT((#19261));
#19261 = SURFACE_STYLE_USAGE(.BOTH.,#19262);
#19262 = SURFACE_SIDE_STYLE('',(#19263));
#19263 = SURFACE_STYLE_FILL_AREA(#19264);
#19264 = FILL_AREA_STYLE('',(#19265));
#19265 = FILL_AREA_STYLE_COLOUR('',#16790);
#19266 = STYLED_ITEM('color',(#19267),#7265);
#19267 = PRESENTATION_STYLE_ASSIGNMENT((#19268));
#19268 = SURFACE_STYLE_USAGE(.BOTH.,#19269);
#19269 = SURFACE_SIDE_STYLE('',(#19270));
#19270 = SURFACE_STYLE_FILL_AREA(#19271);
#19271 = FILL_AREA_STYLE('',(#19272));
#19272 = FILL_AREA_STYLE_COLOUR('',#16998);
#19273 = STYLED_ITEM('color',(#19274),#7314);
#19274 = PRESENTATION_STYLE_ASSIGNMENT((#19275));
#19275 = SURFACE_STYLE_USAGE(.BOTH.,#19276);
#19276 = SURFACE_SIDE_STYLE('',(#19277));
#19277 = SURFACE_STYLE_FILL_AREA(#19278);
#19278 = FILL_AREA_STYLE('',(#19279));
#19279 = FILL_AREA_STYLE_COLOUR('',#16790);
#19280 = STYLED_ITEM('color',(#19281),#7331);
#19281 = PRESENTATION_STYLE_ASSIGNMENT((#19282));
#19282 = SURFACE_STYLE_USAGE(.BOTH.,#19283);
#19283 = SURFACE_SIDE_STYLE('',(#19284));
#19284 = SURFACE_STYLE_FILL_AREA(#19285);
#19285 = FILL_AREA_STYLE('',(#19286));
#19286 = FILL_AREA_STYLE_COLOUR('',#16790);
#19287 = STYLED_ITEM('color',(#19288),#7348);
#19288 = PRESENTATION_STYLE_ASSIGNMENT((#19289));
#19289 = SURFACE_STYLE_USAGE(.BOTH.,#19290);
#19290 = SURFACE_SIDE_STYLE('',(#19291));
#19291 = SURFACE_STYLE_FILL_AREA(#19292);
#19292 = FILL_AREA_STYLE('',(#19293));
#19293 = FILL_AREA_STYLE_COLOUR('',#16998);
#19294 = STYLED_ITEM('color',(#19295),#7397);
#19295 = PRESENTATION_STYLE_ASSIGNMENT((#19296));
#19296 = SURFACE_STYLE_USAGE(.BOTH.,#19297);
#19297 = SURFACE_SIDE_STYLE('',(#19298));
#19298 = SURFACE_STYLE_FILL_AREA(#19299);
#19299 = FILL_AREA_STYLE('',(#19300));
#19300 = FILL_AREA_STYLE_COLOUR('',#16998);
#19301 = STYLED_ITEM('color',(#19302),#7414);
#19302 = PRESENTATION_STYLE_ASSIGNMENT((#19303));
#19303 = SURFACE_STYLE_USAGE(.BOTH.,#19304);
#19304 = SURFACE_SIDE_STYLE('',(#19305));
#19305 = SURFACE_STYLE_FILL_AREA(#19306);
#19306 = FILL_AREA_STYLE('',(#19307));
#19307 = FILL_AREA_STYLE_COLOUR('',#16790);
#19308 = STYLED_ITEM('color',(#19309),#7483);
#19309 = PRESENTATION_STYLE_ASSIGNMENT((#19310));
#19310 = SURFACE_STYLE_USAGE(.BOTH.,#19311);
#19311 = SURFACE_SIDE_STYLE('',(#19312));
#19312 = SURFACE_STYLE_FILL_AREA(#19313);
#19313 = FILL_AREA_STYLE('',(#19314));
#19314 = FILL_AREA_STYLE_COLOUR('',#19315);
#19315 = COLOUR_RGB('',8.200000279077E-02,8.600000121357E-02,
  9.399999706163E-02);
#19316 = STYLED_ITEM('color',(#19317),#7514);
#19317 = PRESENTATION_STYLE_ASSIGNMENT((#19318));
#19318 = SURFACE_STYLE_USAGE(.BOTH.,#19319);
#19319 = SURFACE_SIDE_STYLE('',(#19320));
#19320 = SURFACE_STYLE_FILL_AREA(#19321);
#19321 = FILL_AREA_STYLE('',(#19322));
#19322 = FILL_AREA_STYLE_COLOUR('',#19315);
#19323 = STYLED_ITEM('color',(#19324),#7538);
#19324 = PRESENTATION_STYLE_ASSIGNMENT((#19325));
#19325 = SURFACE_STYLE_USAGE(.BOTH.,#19326);
#19326 = SURFACE_SIDE_STYLE('',(#19327));
#19327 = SURFACE_STYLE_FILL_AREA(#19328);
#19328 = FILL_AREA_STYLE('',(#19329));
#19329 = FILL_AREA_STYLE_COLOUR('',#16790);
#19330 = STYLED_ITEM('color',(#19331),#7607);
#19331 = PRESENTATION_STYLE_ASSIGNMENT((#19332));
#19332 = SURFACE_STYLE_USAGE(.BOTH.,#19333);
#19333 = SURFACE_SIDE_STYLE('',(#19334));
#19334 = SURFACE_STYLE_FILL_AREA(#19335);
#19335 = FILL_AREA_STYLE('',(#19336));
#19336 = FILL_AREA_STYLE_COLOUR('',#19315);
#19337 = STYLED_ITEM('color',(#19338),#7631);
#19338 = PRESENTATION_STYLE_ASSIGNMENT((#19339));
#19339 = SURFACE_STYLE_USAGE(.BOTH.,#19340);
#19340 = SURFACE_SIDE_STYLE('',(#19341));
#19341 = SURFACE_STYLE_FILL_AREA(#19342);
#19342 = FILL_AREA_STYLE('',(#19343));
#19343 = FILL_AREA_STYLE_COLOUR('',#16790);
#19344 = STYLED_ITEM('color',(#19345),#7648);
#19345 = PRESENTATION_STYLE_ASSIGNMENT((#19346));
#19346 = SURFACE_STYLE_USAGE(.BOTH.,#19347);
#19347 = SURFACE_SIDE_STYLE('',(#19348));
#19348 = SURFACE_STYLE_FILL_AREA(#19349);
#19349 = FILL_AREA_STYLE('',(#19350));
#19350 = FILL_AREA_STYLE_COLOUR('',#16790);
#19351 = STYLED_ITEM('color',(#19352),#7665);
#19352 = PRESENTATION_STYLE_ASSIGNMENT((#19353));
#19353 = SURFACE_STYLE_USAGE(.BOTH.,#19354);
#19354 = SURFACE_SIDE_STYLE('',(#19355));
#19355 = SURFACE_STYLE_FILL_AREA(#19356);
#19356 = FILL_AREA_STYLE('',(#19357));
#19357 = FILL_AREA_STYLE_COLOUR('',#16790);
#19358 = STYLED_ITEM('color',(#19359),#7682);
#19359 = PRESENTATION_STYLE_ASSIGNMENT((#19360));
#19360 = SURFACE_STYLE_USAGE(.BOTH.,#19361);
#19361 = SURFACE_SIDE_STYLE('',(#19362));
#19362 = SURFACE_STYLE_FILL_AREA(#19363);
#19363 = FILL_AREA_STYLE('',(#19364));
#19364 = FILL_AREA_STYLE_COLOUR('',#16790);
#19365 = STYLED_ITEM('color',(#19366),#7699);
#19366 = PRESENTATION_STYLE_ASSIGNMENT((#19367));
#19367 = SURFACE_STYLE_USAGE(.BOTH.,#19368);
#19368 = SURFACE_SIDE_STYLE('',(#19369));
#19369 = SURFACE_STYLE_FILL_AREA(#19370);
#19370 = FILL_AREA_STYLE('',(#19371));
#19371 = FILL_AREA_STYLE_COLOUR('',#16790);
#19372 = STYLED_ITEM('color',(#19373),#7716);
#19373 = PRESENTATION_STYLE_ASSIGNMENT((#19374));
#19374 = SURFACE_STYLE_USAGE(.BOTH.,#19375);
#19375 = SURFACE_SIDE_STYLE('',(#19376));
#19376 = SURFACE_STYLE_FILL_AREA(#19377);
#19377 = FILL_AREA_STYLE('',(#19378));
#19378 = FILL_AREA_STYLE_COLOUR('',#16790);
#19379 = STYLED_ITEM('color',(#19380),#7733);
#19380 = PRESENTATION_STYLE_ASSIGNMENT((#19381));
#19381 = SURFACE_STYLE_USAGE(.BOTH.,#19382);
#19382 = SURFACE_SIDE_STYLE('',(#19383));
#19383 = SURFACE_STYLE_FILL_AREA(#19384);
#19384 = FILL_AREA_STYLE('',(#19385));
#19385 = FILL_AREA_STYLE_COLOUR('',#16790);
#19386 = STYLED_ITEM('color',(#19387),#7750);
#19387 = PRESENTATION_STYLE_ASSIGNMENT((#19388));
#19388 = SURFACE_STYLE_USAGE(.BOTH.,#19389);
#19389 = SURFACE_SIDE_STYLE('',(#19390));
#19390 = SURFACE_STYLE_FILL_AREA(#19391);
#19391 = FILL_AREA_STYLE('',(#19392));
#19392 = FILL_AREA_STYLE_COLOUR('',#19315);
#19393 = STYLED_ITEM('color',(#19394),#7767);
#19394 = PRESENTATION_STYLE_ASSIGNMENT((#19395));
#19395 = SURFACE_STYLE_USAGE(.BOTH.,#19396);
#19396 = SURFACE_SIDE_STYLE('',(#19397));
#19397 = SURFACE_STYLE_FILL_AREA(#19398);
#19398 = FILL_AREA_STYLE('',(#19399));
#19399 = FILL_AREA_STYLE_COLOUR('',#19315);
#19400 = MECHANICAL_DESIGN_GEOMETRIC_PRESENTATION_REPRESENTATION('',(
    #19401,#19408,#19415,#19422,#19429,#19436,#19443,#19450,#19457,
    #19464,#19471,#19478,#19485,#19492,#19499,#19506,#19513,#19520,
    #19527,#19534,#19541,#19548,#19555,#19562,#19569,#19576,#19583,
    #19590,#19597,#19604,#19611,#19618,#19625,#19632,#19639,#19646,
    #19653,#19660,#19667,#19674,#19681,#19688,#19695,#19702,#19709,
    #19716,#19723,#19730,#19737,#19744),#9389);
#19401 = STYLED_ITEM('color',(#19402),#7833);
#19402 = PRESENTATION_STYLE_ASSIGNMENT((#19403));
#19403 = SURFACE_STYLE_USAGE(.BOTH.,#19404);
#19404 = SURFACE_SIDE_STYLE('',(#19405));
#19405 = SURFACE_STYLE_FILL_AREA(#19406);
#19406 = FILL_AREA_STYLE('',(#19407));
#19407 = FILL_AREA_STYLE_COLOUR('',#16790);
#19408 = STYLED_ITEM('color',(#19409),#7873);
#19409 = PRESENTATION_STYLE_ASSIGNMENT((#19410));
#19410 = SURFACE_STYLE_USAGE(.BOTH.,#19411);
#19411 = SURFACE_SIDE_STYLE('',(#19412));
#19412 = SURFACE_STYLE_FILL_AREA(#19413);
#19413 = FILL_AREA_STYLE('',(#19414));
#19414 = FILL_AREA_STYLE_COLOUR('',#16790);
#19415 = STYLED_ITEM('color',(#19416),#7912);
#19416 = PRESENTATION_STYLE_ASSIGNMENT((#19417));
#19417 = SURFACE_STYLE_USAGE(.BOTH.,#19418);
#19418 = SURFACE_SIDE_STYLE('',(#19419));
#19419 = SURFACE_STYLE_FILL_AREA(#19420);
#19420 = FILL_AREA_STYLE('',(#19421));
#19421 = FILL_AREA_STYLE_COLOUR('',#16790);
#19422 = STYLED_ITEM('color',(#19423),#7936);
#19423 = PRESENTATION_STYLE_ASSIGNMENT((#19424));
#19424 = SURFACE_STYLE_USAGE(.BOTH.,#19425);
#19425 = SURFACE_SIDE_STYLE('',(#19426));
#19426 = SURFACE_STYLE_FILL_AREA(#19427);
#19427 = FILL_AREA_STYLE('',(#19428));
#19428 = FILL_AREA_STYLE_COLOUR('',#17584);
#19429 = STYLED_ITEM('color',(#19430),#8194);
#19430 = PRESENTATION_STYLE_ASSIGNMENT((#19431));
#19431 = SURFACE_STYLE_USAGE(.BOTH.,#19432);
#19432 = SURFACE_SIDE_STYLE('',(#19433));
#19433 = SURFACE_STYLE_FILL_AREA(#19434);
#19434 = FILL_AREA_STYLE('',(#19435));
#19435 = FILL_AREA_STYLE_COLOUR('',#16790);
#19436 = STYLED_ITEM('color',(#19437),#8211);
#19437 = PRESENTATION_STYLE_ASSIGNMENT((#19438));
#19438 = SURFACE_STYLE_USAGE(.BOTH.,#19439);
#19439 = SURFACE_SIDE_STYLE('',(#19440));
#19440 = SURFACE_STYLE_FILL_AREA(#19441);
#19441 = FILL_AREA_STYLE('',(#19442));
#19442 = FILL_AREA_STYLE_COLOUR('',#16790);
#19443 = STYLED_ITEM('color',(#19444),#8228);
#19444 = PRESENTATION_STYLE_ASSIGNMENT((#19445));
#19445 = SURFACE_STYLE_USAGE(.BOTH.,#19446);
#19446 = SURFACE_SIDE_STYLE('',(#19447));
#19447 = SURFACE_STYLE_FILL_AREA(#19448);
#19448 = FILL_AREA_STYLE('',(#19449));
#19449 = FILL_AREA_STYLE_COLOUR('',#16790);
#19450 = STYLED_ITEM('color',(#19451),#8240);
#19451 = PRESENTATION_STYLE_ASSIGNMENT((#19452));
#19452 = SURFACE_STYLE_USAGE(.BOTH.,#19453);
#19453 = SURFACE_SIDE_STYLE('',(#19454));
#19454 = SURFACE_STYLE_FILL_AREA(#19455);
#19455 = FILL_AREA_STYLE('',(#19456));
#19456 = FILL_AREA_STYLE_COLOUR('',#17584);
#19457 = STYLED_ITEM('color',(#19458),#8340);
#19458 = PRESENTATION_STYLE_ASSIGNMENT((#19459));
#19459 = SURFACE_STYLE_USAGE(.BOTH.,#19460);
#19460 = SURFACE_SIDE_STYLE('',(#19461));
#19461 = SURFACE_STYLE_FILL_AREA(#19462);
#19462 = FILL_AREA_STYLE('',(#19463));
#19463 = FILL_AREA_STYLE_COLOUR('',#16790);
#19464 = STYLED_ITEM('color',(#19465),#8380);
#19465 = PRESENTATION_STYLE_ASSIGNMENT((#19466));
#19466 = SURFACE_STYLE_USAGE(.BOTH.,#19467);
#19467 = SURFACE_SIDE_STYLE('',(#19468));
#19468 = SURFACE_STYLE_FILL_AREA(#19469);
#19469 = FILL_AREA_STYLE('',(#19470));
#19470 = FILL_AREA_STYLE_COLOUR('',#16790);
#19471 = STYLED_ITEM('color',(#19472),#8404);
#19472 = PRESENTATION_STYLE_ASSIGNMENT((#19473));
#19473 = SURFACE_STYLE_USAGE(.BOTH.,#19474);
#19474 = SURFACE_SIDE_STYLE('',(#19475));
#19475 = SURFACE_STYLE_FILL_AREA(#19476);
#19476 = FILL_AREA_STYLE('',(#19477));
#19477 = FILL_AREA_STYLE_COLOUR('',#16790);
#19478 = STYLED_ITEM('color',(#19479),#8437);
#19479 = PRESENTATION_STYLE_ASSIGNMENT((#19480));
#19480 = SURFACE_STYLE_USAGE(.BOTH.,#19481);
#19481 = SURFACE_SIDE_STYLE('',(#19482));
#19482 = SURFACE_STYLE_FILL_AREA(#19483);
#19483 = FILL_AREA_STYLE('',(#19484));
#19484 = FILL_AREA_STYLE_COLOUR('',#16790);
#19485 = STYLED_ITEM('color',(#19486),#8477);
#19486 = PRESENTATION_STYLE_ASSIGNMENT((#19487));
#19487 = SURFACE_STYLE_USAGE(.BOTH.,#19488);
#19488 = SURFACE_SIDE_STYLE('',(#19489));
#19489 = SURFACE_STYLE_FILL_AREA(#19490);
#19490 = FILL_AREA_STYLE('',(#19491));
#19491 = FILL_AREA_STYLE_COLOUR('',#16790);
#19492 = STYLED_ITEM('color',(#19493),#8501);
#19493 = PRESENTATION_STYLE_ASSIGNMENT((#19494));
#19494 = SURFACE_STYLE_USAGE(.BOTH.,#19495);
#19495 = SURFACE_SIDE_STYLE('',(#19496));
#19496 = SURFACE_STYLE_FILL_AREA(#19497);
#19497 = FILL_AREA_STYLE('',(#19498));
#19498 = FILL_AREA_STYLE_COLOUR('',#16790);
#19499 = STYLED_ITEM('color',(#19500),#8534);
#19500 = PRESENTATION_STYLE_ASSIGNMENT((#19501));
#19501 = SURFACE_STYLE_USAGE(.BOTH.,#19502);
#19502 = SURFACE_SIDE_STYLE('',(#19503));
#19503 = SURFACE_STYLE_FILL_AREA(#19504);
#19504 = FILL_AREA_STYLE('',(#19505));
#19505 = FILL_AREA_STYLE_COLOUR('',#16790);
#19506 = STYLED_ITEM('color',(#19507),#8574);
#19507 = PRESENTATION_STYLE_ASSIGNMENT((#19508));
#19508 = SURFACE_STYLE_USAGE(.BOTH.,#19509);
#19509 = SURFACE_SIDE_STYLE('',(#19510));
#19510 = SURFACE_STYLE_FILL_AREA(#19511);
#19511 = FILL_AREA_STYLE('',(#19512));
#19512 = FILL_AREA_STYLE_COLOUR('',#16790);
#19513 = STYLED_ITEM('color',(#19514),#8598);
#19514 = PRESENTATION_STYLE_ASSIGNMENT((#19515));
#19515 = SURFACE_STYLE_USAGE(.BOTH.,#19516);
#19516 = SURFACE_SIDE_STYLE('',(#19517));
#19517 = SURFACE_STYLE_FILL_AREA(#19518);
#19518 = FILL_AREA_STYLE('',(#19519));
#19519 = FILL_AREA_STYLE_COLOUR('',#16790);
#19520 = STYLED_ITEM('color',(#19521),#8631);
#19521 = PRESENTATION_STYLE_ASSIGNMENT((#19522));
#19522 = SURFACE_STYLE_USAGE(.BOTH.,#19523);
#19523 = SURFACE_SIDE_STYLE('',(#19524));
#19524 = SURFACE_STYLE_FILL_AREA(#19525);
#19525 = FILL_AREA_STYLE('',(#19526));
#19526 = FILL_AREA_STYLE_COLOUR('',#17584);
#19527 = STYLED_ITEM('color',(#19528),#8655);
#19528 = PRESENTATION_STYLE_ASSIGNMENT((#19529));
#19529 = SURFACE_STYLE_USAGE(.BOTH.,#19530);
#19530 = SURFACE_SIDE_STYLE('',(#19531));
#19531 = SURFACE_STYLE_FILL_AREA(#19532);
#19532 = FILL_AREA_STYLE('',(#19533));
#19533 = FILL_AREA_STYLE_COLOUR('',#17584);
#19534 = STYLED_ITEM('color',(#19535),#8748);
#19535 = PRESENTATION_STYLE_ASSIGNMENT((#19536));
#19536 = SURFACE_STYLE_USAGE(.BOTH.,#19537);
#19537 = SURFACE_SIDE_STYLE('',(#19538));
#19538 = SURFACE_STYLE_FILL_AREA(#19539);
#19539 = FILL_AREA_STYLE('',(#19540));
#19540 = FILL_AREA_STYLE_COLOUR('',#16790);
#19541 = STYLED_ITEM('color',(#19542),#8788);
#19542 = PRESENTATION_STYLE_ASSIGNMENT((#19543));
#19543 = SURFACE_STYLE_USAGE(.BOTH.,#19544);
#19544 = SURFACE_SIDE_STYLE('',(#19545));
#19545 = SURFACE_STYLE_FILL_AREA(#19546);
#19546 = FILL_AREA_STYLE('',(#19547));
#19547 = FILL_AREA_STYLE_COLOUR('',#16790);
#19548 = STYLED_ITEM('color',(#19549),#8812);
#19549 = PRESENTATION_STYLE_ASSIGNMENT((#19550));
#19550 = SURFACE_STYLE_USAGE(.BOTH.,#19551);
#19551 = SURFACE_SIDE_STYLE('',(#19552));
#19552 = SURFACE_STYLE_FILL_AREA(#19553);
#19553 = FILL_AREA_STYLE('',(#19554));
#19554 = FILL_AREA_STYLE_COLOUR('',#16790);
#19555 = STYLED_ITEM('color',(#19556),#8845);
#19556 = PRESENTATION_STYLE_ASSIGNMENT((#19557));
#19557 = SURFACE_STYLE_USAGE(.BOTH.,#19558);
#19558 = SURFACE_SIDE_STYLE('',(#19559));
#19559 = SURFACE_STYLE_FILL_AREA(#19560);
#19560 = FILL_AREA_STYLE('',(#19561));
#19561 = FILL_AREA_STYLE_COLOUR('',#16790);
#19562 = STYLED_ITEM('color',(#19563),#8885);
#19563 = PRESENTATION_STYLE_ASSIGNMENT((#19564));
#19564 = SURFACE_STYLE_USAGE(.BOTH.,#19565);
#19565 = SURFACE_SIDE_STYLE('',(#19566));
#19566 = SURFACE_STYLE_FILL_AREA(#19567);
#19567 = FILL_AREA_STYLE('',(#19568));
#19568 = FILL_AREA_STYLE_COLOUR('',#16790);
#19569 = STYLED_ITEM('color',(#19570),#8909);
#19570 = PRESENTATION_STYLE_ASSIGNMENT((#19571));
#19571 = SURFACE_STYLE_USAGE(.BOTH.,#19572);
#19572 = SURFACE_SIDE_STYLE('',(#19573));
#19573 = SURFACE_STYLE_FILL_AREA(#19574);
#19574 = FILL_AREA_STYLE('',(#19575));
#19575 = FILL_AREA_STYLE_COLOUR('',#16790);
#19576 = STYLED_ITEM('color',(#19577),#8942);
#19577 = PRESENTATION_STYLE_ASSIGNMENT((#19578));
#19578 = SURFACE_STYLE_USAGE(.BOTH.,#19579);
#19579 = SURFACE_SIDE_STYLE('',(#19580));
#19580 = SURFACE_STYLE_FILL_AREA(#19581);
#19581 = FILL_AREA_STYLE('',(#19582));
#19582 = FILL_AREA_STYLE_COLOUR('',#16790);
#19583 = STYLED_ITEM('color',(#19584),#8982);
#19584 = PRESENTATION_STYLE_ASSIGNMENT((#19585));
#19585 = SURFACE_STYLE_USAGE(.BOTH.,#19586);
#19586 = SURFACE_SIDE_STYLE('',(#19587));
#19587 = SURFACE_STYLE_FILL_AREA(#19588);
#19588 = FILL_AREA_STYLE('',(#19589));
#19589 = FILL_AREA_STYLE_COLOUR('',#16790);
#19590 = STYLED_ITEM('color',(#19591),#9006);
#19591 = PRESENTATION_STYLE_ASSIGNMENT((#19592));
#19592 = SURFACE_STYLE_USAGE(.BOTH.,#19593);
#19593 = SURFACE_SIDE_STYLE('',(#19594));
#19594 = SURFACE_STYLE_FILL_AREA(#19595);
#19595 = FILL_AREA_STYLE('',(#19596));
#19596 = FILL_AREA_STYLE_COLOUR('',#16790);
#19597 = STYLED_ITEM('color',(#19598),#9039);
#19598 = PRESENTATION_STYLE_ASSIGNMENT((#19599));
#19599 = SURFACE_STYLE_USAGE(.BOTH.,#19600);
#19600 = SURFACE_SIDE_STYLE('',(#19601));
#19601 = SURFACE_STYLE_FILL_AREA(#19602);
#19602 = FILL_AREA_STYLE('',(#19603));
#19603 = FILL_AREA_STYLE_COLOUR('',#17584);
#19604 = STYLED_ITEM('color',(#19605),#9056);
#19605 = PRESENTATION_STYLE_ASSIGNMENT((#19606));
#19606 = SURFACE_STYLE_USAGE(.BOTH.,#19607);
#19607 = SURFACE_SIDE_STYLE('',(#19608));
#19608 = SURFACE_STYLE_FILL_AREA(#19609);
#19609 = FILL_AREA_STYLE('',(#19610));
#19610 = FILL_AREA_STYLE_COLOUR('',#16790);
#19611 = STYLED_ITEM('color',(#19612),#9073);
#19612 = PRESENTATION_STYLE_ASSIGNMENT((#19613));
#19613 = SURFACE_STYLE_USAGE(.BOTH.,#19614);
#19614 = SURFACE_SIDE_STYLE('',(#19615));
#19615 = SURFACE_STYLE_FILL_AREA(#19616);
#19616 = FILL_AREA_STYLE('',(#19617));
#19617 = FILL_AREA_STYLE_COLOUR('',#16790);
#19618 = STYLED_ITEM('color',(#19619),#9090);
#19619 = PRESENTATION_STYLE_ASSIGNMENT((#19620));
#19620 = SURFACE_STYLE_USAGE(.BOTH.,#19621);
#19621 = SURFACE_SIDE_STYLE('',(#19622));
#19622 = SURFACE_STYLE_FILL_AREA(#19623);
#19623 = FILL_AREA_STYLE('',(#19624));
#19624 = FILL_AREA_STYLE_COLOUR('',#16790);
#19625 = STYLED_ITEM('color',(#19626),#9107);
#19626 = PRESENTATION_STYLE_ASSIGNMENT((#19627));
#19627 = SURFACE_STYLE_USAGE(.BOTH.,#19628);
#19628 = SURFACE_SIDE_STYLE('',(#19629));
#19629 = SURFACE_STYLE_FILL_AREA(#19630);
#19630 = FILL_AREA_STYLE('',(#19631));
#19631 = FILL_AREA_STYLE_COLOUR('',#17584);
#19632 = STYLED_ITEM('color',(#19633),#9130);
#19633 = PRESENTATION_STYLE_ASSIGNMENT((#19634));
#19634 = SURFACE_STYLE_USAGE(.BOTH.,#19635);
#19635 = SURFACE_SIDE_STYLE('',(#19636));
#19636 = SURFACE_STYLE_FILL_AREA(#19637);
#19637 = FILL_AREA_STYLE('',(#19638));
#19638 = FILL_AREA_STYLE_COLOUR('',#16790);
#19639 = STYLED_ITEM('color',(#19640),#9147);
#19640 = PRESENTATION_STYLE_ASSIGNMENT((#19641));
#19641 = SURFACE_STYLE_USAGE(.BOTH.,#19642);
#19642 = SURFACE_SIDE_STYLE('',(#19643));
#19643 = SURFACE_STYLE_FILL_AREA(#19644);
#19644 = FILL_AREA_STYLE('',(#19645));
#19645 = FILL_AREA_STYLE_COLOUR('',#16790);
#19646 = STYLED_ITEM('color',(#19647),#9159);
#19647 = PRESENTATION_STYLE_ASSIGNMENT((#19648));
#19648 = SURFACE_STYLE_USAGE(.BOTH.,#19649);
#19649 = SURFACE_SIDE_STYLE('',(#19650));
#19650 = SURFACE_STYLE_FILL_AREA(#19651);
#19651 = FILL_AREA_STYLE('',(#19652));
#19652 = FILL_AREA_STYLE_COLOUR('',#16790);
#19653 = STYLED_ITEM('color',(#19654),#9176);
#19654 = PRESENTATION_STYLE_ASSIGNMENT((#19655));
#19655 = SURFACE_STYLE_USAGE(.BOTH.,#19656);
#19656 = SURFACE_SIDE_STYLE('',(#19657));
#19657 = SURFACE_STYLE_FILL_AREA(#19658);
#19658 = FILL_AREA_STYLE('',(#19659));
#19659 = FILL_AREA_STYLE_COLOUR('',#16790);
#19660 = STYLED_ITEM('color',(#19661),#9188);
#19661 = PRESENTATION_STYLE_ASSIGNMENT((#19662));
#19662 = SURFACE_STYLE_USAGE(.BOTH.,#19663);
#19663 = SURFACE_SIDE_STYLE('',(#19664));
#19664 = SURFACE_STYLE_FILL_AREA(#19665);
#19665 = FILL_AREA_STYLE('',(#19666));
#19666 = FILL_AREA_STYLE_COLOUR('',#16790);
#19667 = STYLED_ITEM('color',(#19668),#9205);
#19668 = PRESENTATION_STYLE_ASSIGNMENT((#19669));
#19669 = SURFACE_STYLE_USAGE(.BOTH.,#19670);
#19670 = SURFACE_SIDE_STYLE('',(#19671));
#19671 = SURFACE_STYLE_FILL_AREA(#19672);
#19672 = FILL_AREA_STYLE('',(#19673));
#19673 = FILL_AREA_STYLE_COLOUR('',#16790);
#19674 = STYLED_ITEM('color',(#19675),#9217);
#19675 = PRESENTATION_STYLE_ASSIGNMENT((#19676));
#19676 = SURFACE_STYLE_USAGE(.BOTH.,#19677);
#19677 = SURFACE_SIDE_STYLE('',(#19678));
#19678 = SURFACE_STYLE_FILL_AREA(#19679);
#19679 = FILL_AREA_STYLE('',(#19680));
#19680 = FILL_AREA_STYLE_COLOUR('',#16790);
#19681 = STYLED_ITEM('color',(#19682),#9234);
#19682 = PRESENTATION_STYLE_ASSIGNMENT((#19683));
#19683 = SURFACE_STYLE_USAGE(.BOTH.,#19684);
#19684 = SURFACE_SIDE_STYLE('',(#19685));
#19685 = SURFACE_STYLE_FILL_AREA(#19686);
#19686 = FILL_AREA_STYLE('',(#19687));
#19687 = FILL_AREA_STYLE_COLOUR('',#16790);
#19688 = STYLED_ITEM('color',(#19689),#9251);
#19689 = PRESENTATION_STYLE_ASSIGNMENT((#19690));
#19690 = SURFACE_STYLE_USAGE(.BOTH.,#19691);
#19691 = SURFACE_SIDE_STYLE('',(#19692));
#19692 = SURFACE_STYLE_FILL_AREA(#19693);
#19693 = FILL_AREA_STYLE('',(#19694));
#19694 = FILL_AREA_STYLE_COLOUR('',#16790);
#19695 = STYLED_ITEM('color',(#19696),#9268);
#19696 = PRESENTATION_STYLE_ASSIGNMENT((#19697));
#19697 = SURFACE_STYLE_USAGE(.BOTH.,#19698);
#19698 = SURFACE_SIDE_STYLE('',(#19699));
#19699 = SURFACE_STYLE_FILL_AREA(#19700);
#19700 = FILL_AREA_STYLE('',(#19701));
#19701 = FILL_AREA_STYLE_COLOUR('',#16790);
#19702 = STYLED_ITEM('color',(#19703),#9285);
#19703 = PRESENTATION_STYLE_ASSIGNMENT((#19704));
#19704 = SURFACE_STYLE_USAGE(.BOTH.,#19705);
#19705 = SURFACE_SIDE_STYLE('',(#19706));
#19706 = SURFACE_STYLE_FILL_AREA(#19707);
#19707 = FILL_AREA_STYLE('',(#19708));
#19708 = FILL_AREA_STYLE_COLOUR('',#16790);
#19709 = STYLED_ITEM('color',(#19710),#9297);
#19710 = PRESENTATION_STYLE_ASSIGNMENT((#19711));
#19711 = SURFACE_STYLE_USAGE(.BOTH.,#19712);
#19712 = SURFACE_SIDE_STYLE('',(#19713));
#19713 = SURFACE_STYLE_FILL_AREA(#19714);
#19714 = FILL_AREA_STYLE('',(#19715));
#19715 = FILL_AREA_STYLE_COLOUR('',#16790);
#19716 = STYLED_ITEM('color',(#19717),#9314);
#19717 = PRESENTATION_STYLE_ASSIGNMENT((#19718));
#19718 = SURFACE_STYLE_USAGE(.BOTH.,#19719);
#19719 = SURFACE_SIDE_STYLE('',(#19720));
#19720 = SURFACE_STYLE_FILL_AREA(#19721);
#19721 = FILL_AREA_STYLE('',(#19722));
#19722 = FILL_AREA_STYLE_COLOUR('',#16790);
#19723 = STYLED_ITEM('color',(#19724),#9326);
#19724 = PRESENTATION_STYLE_ASSIGNMENT((#19725));
#19725 = SURFACE_STYLE_USAGE(.BOTH.,#19726);
#19726 = SURFACE_SIDE_STYLE('',(#19727));
#19727 = SURFACE_STYLE_FILL_AREA(#19728);
#19728 = FILL_AREA_STYLE('',(#19729));
#19729 = FILL_AREA_STYLE_COLOUR('',#16790);
#19730 = STYLED_ITEM('color',(#19731),#9343);
#19731 = PRESENTATION_STYLE_ASSIGNMENT((#19732));
#19732 = SURFACE_STYLE_USAGE(.BOTH.,#19733);
#19733 = SURFACE_SIDE_STYLE('',(#19734));
#19734 = SURFACE_STYLE_FILL_AREA(#19735);
#19735 = FILL_AREA_STYLE('',(#19736));
#19736 = FILL_AREA_STYLE_COLOUR('',#16790);
#19737 = STYLED_ITEM('color',(#19738),#9355);
#19738 = PRESENTATION_STYLE_ASSIGNMENT((#19739));
#19739 = SURFACE_STYLE_USAGE(.BOTH.,#19740);
#19740 = SURFACE_SIDE_STYLE('',(#19741));
#19741 = SURFACE_STYLE_FILL_AREA(#19742);
#19742 = FILL_AREA_STYLE('',(#19743));
#19743 = FILL_AREA_STYLE_COLOUR('',#17970);
#19744 = STYLED_ITEM('color',(#19745),#9380);
#19745 = PRESENTATION_STYLE_ASSIGNMENT((#19746));
#19746 = SURFACE_STYLE_USAGE(.BOTH.,#19747);
#19747 = SURFACE_SIDE_STYLE('',(#19748));
#19748 = SURFACE_STYLE_FILL_AREA(#19749);
#19749 = FILL_AREA_STYLE('',(#19750));
#19750 = FILL_AREA_STYLE_COLOUR('',#17970);
ENDSEC;
END-ISO-10303-21;
